datetime,unit_id,value_type,value,client_id,installation_id,msg
2026-06-17 00:09:46,8c1f64619000228d,error_code,0.0,1637,1634,
2026-06-17 00:09:46,8c1f64619000228d,gateway_snr,9.0,1637,1634,24e124fffef94d5c
2026-06-17 00:09:46,8c1f64619000228d,gateway_rssi,-97.0,1637,1634,24e124fffef94d5c
2026-06-17 00:09:46,8c1f64619000228d,battery,3584.0,1637,1634,
2026-06-17 00:09:46,8c1f64619000228d,frame_counter,6422.0,1637,1634,
2026-06-17 00:09:47,8c1f6461900014f5,payload,1.0,1637,1634,43470d030000755600000000000055390d03f6fd250a02e5e9535455
2026-06-17 00:09:47,8c1f6461900014f5,battery,3632.0,1637,1634,
2026-06-17 00:09:47,8c1f6461900014f5,spreading_factor,7.0,1637,1634,
2026-06-17 00:09:47,8c1f6461900014f5,ambient_temp,22.5,1637,1634,
2026-06-17 00:09:47,8c1f6461900014f5,gateway_snr,6.5,1637,1634,24e124fffef949f8
2026-06-17 00:09:47,8c1f6461900014f5,error_code,0.0,1637,1634,
2026-06-17 00:09:47,8c1f6461900014f5,bandwidth,125000.0,1637,1634,
2026-06-17 00:09:47,8c1f6461900014f5,gateway_rssi,-104.0,1637,1634,24e124fffef949f8
2026-06-17 00:09:47,8c1f6461900014f5,frame_counter,3571.0,1637,1634,
2026-06-17 00:09:47,8c1f6461900014f5,battery_recovered,3664.0,1637,1634,
2026-06-17 00:09:47,8c1f6461900014f5,total_volume,22133.0,1637,1634,
2026-06-17 00:09:47,8c1f6461900014f5,water_temp_max,22.0,1637,1634,
2026-06-17 00:09:47,8c1f6461900014f5,leak_status,2.0,1637,1634,
2026-06-17 00:09:47,8c1f6461900014f5,water_temp_min,21.5,1637,1634,
2026-06-17 00:11:21,8c1f646190002222,error_code,0.0,1637,1634,
2026-06-17 00:11:21,8c1f646190002222,payload,1.0,1637,1634,f135090300005d780000080000001e2809031201a20002e9ec555554
2026-06-17 00:11:21,8c1f646190002222,ambient_temp,22.0,1637,1634,
2026-06-17 00:11:21,8c1f646190002222,total_volume,30813.0,1637,1634,
2026-06-17 00:11:21,8c1f646190002222,water_temp_min,22.5,1637,1634,
2026-06-17 00:11:21,8c1f646190002222,battery_recovered,3688.0,1637,1634,
2026-06-17 00:11:21,8c1f646190002222,bandwidth,125000.0,1637,1634,
2026-06-17 00:11:21,8c1f646190002222,leak_status,2.0,1637,1634,
2026-06-17 00:11:21,8c1f646190002222,gateway_rssi,-109.0,1637,1634,24e124fffef949f8
2026-06-17 00:11:21,8c1f646190002222,spreading_factor,7.0,1637,1634,
2026-06-17 00:11:21,8c1f646190002222,battery,3664.0,1637,1634,
2026-06-17 00:11:21,8c1f646190002222,frame_counter,3631.0,1637,1634,
2026-06-17 00:11:21,8c1f646190002222,gateway_snr,1.2000000476837158,1637,1634,24e124fffef949f8
2026-06-17 00:11:21,8c1f646190002222,water_temp_max,22.5,1637,1634,
2026-06-17 00:11:40,8c1f646190001b91,bandwidth,125000.0,1637,1634,
2026-06-17 00:11:40,8c1f646190001b91,total_volume,46881.0,1637,1634,
2026-06-17 00:11:40,8c1f646190001b91,spreading_factor,7.0,1637,1634,
2026-06-17 00:11:40,8c1f646190001b91,battery,3568.0,1637,1634,
2026-06-17 00:11:40,8c1f646190001b91,leak_status,2.0,1637,1634,
2026-06-17 00:11:40,8c1f646190001b91,error_code,0.0,1637,1634,
2026-06-17 00:11:40,8c1f646190001b91,water_temp_max,52.0,1637,1634,
2026-06-17 00:11:40,8c1f646190001b91,ambient_temp,22.0,1637,1634,
2026-06-17 00:11:40,8c1f646190001b91,payload,1.0,1637,1634,e2640903000021b70000a0cb0e00005709034000740302dde9549054
2026-06-17 00:11:40,8c1f646190001b91,frame_counter,6532.0,1637,1634,
2026-06-17 00:11:40,8c1f646190001b91,gateway_rssi,-106.0,1637,1634,24e124fffef94d5c
2026-06-17 00:11:40,8c1f646190001b91,gateway_snr,2.5,1637,1634,24e124fffef94d5c
2026-06-17 00:11:40,8c1f646190001b91,battery_recovered,3664.0,1637,1634,
2026-06-17 00:11:40,8c1f646190001b91,water_temp_min,22.0,1637,1634,
2026-06-17 00:12:15,8c1f6461900019cf,gateway_snr,9.5,1637,1634,24e124fffef949f8
2026-06-17 00:12:15,8c1f6461900019cf,gateway_rssi,-102.0,1637,1634,24e124fffef949f8
2026-06-17 00:12:15,8c1f6461900019cf,leak_status,0.0,1637,1634,
2026-06-17 00:12:15,8c1f6461900019cf,bandwidth,125000.0,1637,1634,
2026-06-17 00:12:15,8c1f6461900019cf,battery_recovered,3656.0,1637,1634,
2026-06-17 00:12:15,8c1f6461900019cf,water_temp_min,22.0,1637,1634,
2026-06-17 00:12:15,8c1f6461900019cf,ambient_temp,22.0,1637,1634,
2026-06-17 00:12:15,8c1f6461900019cf,error_code,0.0,1637,1634,
2026-06-17 00:12:15,8c1f6461900019cf,spreading_factor,7.0,1637,1634,
2026-06-17 00:12:15,8c1f6461900019cf,total_volume,68315.0,1637,1634,
2026-06-17 00:12:15,8c1f6461900019cf,frame_counter,3544.0,1637,1634,
2026-06-17 00:12:15,8c1f6461900019cf,battery,3632.0,1637,1634,
2026-06-17 00:12:15,8c1f6461900019cf,water_temp_max,22.0,1637,1634,
2026-06-17 00:12:15,8c1f6461900019cf,payload,1.0,1637,1634,716f09030000db0a010000000000000000000000000000e5e8545454
2026-06-17 00:12:39,8c1f646190002206,water_temp_max,22.0,1637,1634,
2026-06-17 00:12:39,8c1f646190002206,total_volume,201550.0,1637,1634,
2026-06-17 00:12:39,8c1f646190002206,leak_status,0.0,1637,1634,
2026-06-17 00:12:39,8c1f646190002206,frame_counter,7003.0,1637,1634,
2026-06-17 00:12:39,8c1f646190002206,bandwidth,125000.0,1637,1634,
2026-06-17 00:12:39,8c1f646190002206,gateway_rssi,-101.0,1637,1634,24e124fffef94d5c
2026-06-17 00:12:39,8c1f646190002206,ambient_temp,22.0,1637,1634,
2026-06-17 00:12:39,8c1f646190002206,battery_recovered,3672.0,1637,1634,
2026-06-17 00:12:39,8c1f646190002206,water_temp_min,22.0,1637,1634,
2026-06-17 00:12:39,8c1f646190002206,payload,1.0,1637,1634,f971090300004e130300c74f0f00000000000000000000e1ea545454
2026-06-17 00:12:39,8c1f646190002206,battery,3600.0,1637,1634,
2026-06-17 00:12:39,8c1f646190002206,error_code,0.0,1637,1634,
2026-06-17 00:12:39,8c1f646190002206,gateway_snr,7.5,1637,1634,24e124fffef94d5c
2026-06-17 00:12:39,8c1f646190002206,spreading_factor,7.0,1637,1634,
2026-06-17 00:13:12,24e124725d489523,battery,39.0,1637,1634,
2026-06-17 00:13:12,24e124725d489523,temperature,20.5,1637,1634,
2026-06-17 00:13:12,24e124725d489523,gateway_rssi,-107.0,1637,1634,24e124fffef949f8
2026-06-17 00:13:12,24e124725d489523,frame_counter,7467.0,1637,1634,
2026-06-17 00:13:12,24e124725d489523,spreading_factor,7.0,1637,1634,
2026-06-17 00:13:12,24e124725d489523,humidity,52.0,1637,1634,
2026-06-17 00:13:12,24e124725d489523,payload,85.0,1637,1634,0175270367cd00046868
2026-06-17 00:13:12,24e124725d489523,gateway_snr,5.5,1637,1634,24e124fffef949f8
2026-06-17 00:13:12,24e124725d489523,bandwidth,125000.0,1637,1634,
2026-06-17 00:14:15,8c1f646190001bf1,water_temp_max,22.0,1637,1634,
2026-06-17 00:14:15,8c1f646190001bf1,battery_recovered,3672.0,1637,1634,
2026-06-17 00:14:15,8c1f646190001bf1,leak_status,2.0,1637,1634,
2026-06-17 00:14:15,8c1f646190001bf1,water_temp_min,22.0,1637,1634,
2026-06-17 00:14:15,8c1f646190001bf1,gateway_rssi,-103.0,1637,1634,24e124fffef94d5c
2026-06-17 00:14:15,8c1f646190001bf1,spreading_factor,7.0,1637,1634,
2026-06-17 00:14:15,8c1f646190001bf1,frame_counter,6319.0,1637,1634,
2026-06-17 00:14:15,8c1f646190001bf1,battery,3608.0,1637,1634,
2026-06-17 00:14:15,8c1f646190001bf1,error_code,0.0,1637,1634,
2026-06-17 00:14:15,8c1f646190001bf1,total_volume,33446.0,1637,1634,
2026-06-17 00:14:15,8c1f646190001bf1,payload,1.0,1637,1634,d17a09030000a6820000c88c0b00f56c0903d902310102e2ea545453
2026-06-17 00:14:15,8c1f646190001bf1,ambient_temp,21.5,1637,1634,
2026-06-17 00:14:15,8c1f646190001bf1,bandwidth,125000.0,1637,1634,
2026-06-17 00:14:15,8c1f646190001bf1,gateway_snr,4.800000190734863,1637,1634,24e124fffef94d5c
2026-06-17 00:14:22,8c1f646190001dd8,frame_counter,3733.0,1637,1634,
2026-06-17 00:14:22,8c1f646190001dd8,payload,1.0,1637,1634,4b6109030000afda000008e0110079530903e802920202e4e9545454
2026-06-17 00:14:22,8c1f646190001dd8,battery_recovered,3664.0,1637,1634,
2026-06-17 00:14:22,8c1f646190001dd8,bandwidth,125000.0,1637,1634,
2026-06-17 00:14:22,8c1f646190001dd8,water_temp_min,22.0,1637,1634,
2026-06-17 00:14:22,8c1f646190001dd8,ambient_temp,22.0,1637,1634,
2026-06-17 00:14:22,8c1f646190001dd8,error_code,0.0,1637,1634,
2026-06-17 00:14:22,8c1f646190001dd8,battery,3624.0,1637,1634,
2026-06-17 00:14:22,8c1f646190001dd8,gateway_rssi,-111.0,1637,1634,24e124fffef949f8
2026-06-17 00:14:22,8c1f646190001dd8,water_temp_max,22.0,1637,1634,
2026-06-17 00:14:22,8c1f646190001dd8,leak_status,2.0,1637,1634,
2026-06-17 00:14:22,8c1f646190001dd8,total_volume,55983.0,1637,1634,
2026-06-17 00:14:22,8c1f646190001dd8,gateway_snr,2.200000047683716,1637,1634,24e124fffef949f8
2026-06-17 00:14:22,8c1f646190001dd8,spreading_factor,7.0,1637,1634,
2026-06-17 00:14:32,8c1f6461900021e0,error_code,0.0,1637,1634,
2026-06-17 00:14:32,8c1f6461900021e0,water_temp_max,22.0,1637,1634,
2026-06-17 00:14:32,8c1f6461900021e0,payload,1.0,1637,1634,9a4109030000542d010000000000000000000000000000e9ec545454
2026-06-17 00:14:32,8c1f6461900021e0,gateway_rssi,-104.0,1637,1634,24e124fffef949f8
2026-06-17 00:14:32,8c1f6461900021e0,battery_recovered,3688.0,1637,1634,
2026-06-17 00:14:32,8c1f6461900021e0,water_temp_min,22.0,1637,1634,
2026-06-17 00:14:32,8c1f6461900021e0,frame_counter,2238.0,1637,1634,
2026-06-17 00:14:32,8c1f6461900021e0,leak_status,0.0,1637,1634,
2026-06-17 00:14:32,8c1f6461900021e0,gateway_snr,7.800000190734863,1637,1634,24e124fffef949f8
2026-06-17 00:14:32,8c1f6461900021e0,battery,3664.0,1637,1634,
2026-06-17 00:14:32,8c1f6461900021e0,total_volume,77140.0,1637,1634,
2026-06-17 00:14:32,8c1f6461900021e0,spreading_factor,7.0,1637,1634,
2026-06-17 00:14:32,8c1f6461900021e0,bandwidth,125000.0,1637,1634,
2026-06-17 00:14:32,8c1f6461900021e0,ambient_temp,22.0,1637,1634,
2026-06-17 00:15:45,8c1f646190001968,battery,3656.0,1637,1634,
2026-06-17 00:15:45,8c1f646190001968,ambient_temp,23.5,1637,1634,
2026-06-17 00:15:45,8c1f646190001968,water_temp_max,24.0,1637,1634,
2026-06-17 00:15:45,8c1f646190001968,spreading_factor,7.0,1637,1634,
2026-06-17 00:15:45,8c1f646190001968,payload,1.0,1637,1634,d659090300004d160100af291800ea4b0903c3effc0102e8eb575857
2026-06-17 00:15:45,8c1f646190001968,total_volume,71245.0,1637,1634,
2026-06-17 00:15:45,8c1f646190001968,leak_status,2.0,1637,1634,
2026-06-17 00:15:45,8c1f646190001968,error_code,0.0,1637,1634,
2026-06-17 00:15:45,8c1f646190001968,gateway_rssi,-105.0,1637,1634,24e124fffef949f8
2026-06-17 00:15:45,8c1f646190001968,frame_counter,3616.0,1637,1634,
2026-06-17 00:15:45,8c1f646190001968,battery_recovered,3680.0,1637,1634,
2026-06-17 00:15:45,8c1f646190001968,gateway_snr,5.800000190734863,1637,1634,24e124fffef949f8
2026-06-17 00:15:45,8c1f646190001968,bandwidth,125000.0,1637,1634,
2026-06-17 00:15:45,8c1f646190001968,water_temp_min,23.5,1637,1634,
2026-06-17 00:17:00,8c1f646190002291,total_volume,398683.0,1637,1634,
2026-06-17 00:17:00,8c1f646190002291,water_temp_min,21.0,1637,1634,
2026-06-17 00:17:00,8c1f646190002291,ambient_temp,21.0,1637,1634,
2026-06-17 00:17:00,8c1f646190002291,water_temp_max,21.0,1637,1634,
2026-06-17 00:17:00,8c1f646190002291,payload,1.0,1637,1634,588f090300005b15060000000000861609035a02000003dfe9525252
2026-06-17 00:17:00,8c1f646190002291,battery,3584.0,1637,1634,
2026-06-17 00:17:00,8c1f646190002291,error_code,0.0,1637,1634,
2026-06-17 00:17:00,8c1f646190002291,battery_recovered,3664.0,1637,1634,
2026-06-17 00:17:00,8c1f646190002291,bandwidth,125000.0,1637,1634,
2026-06-17 00:17:00,8c1f646190002291,gateway_rssi,-115.0,1637,1634,24e124fffef949f8
2026-06-17 00:17:00,8c1f646190002291,gateway_snr,-3.799999952316284,1637,1634,24e124fffef949f8
2026-06-17 00:17:00,8c1f646190002291,spreading_factor,7.0,1637,1634,
2026-06-17 00:17:00,8c1f646190002291,frame_counter,6848.0,1637,1634,
2026-06-17 00:17:00,8c1f646190002291,leak_status,3.0,1637,1634,
2026-06-17 00:22:03,8c1f646190001ec9,ambient_temp,20.5,1637,1634,
2026-06-17 00:22:03,8c1f646190001ec9,water_temp_min,21.0,1637,1634,
2026-06-17 00:22:03,8c1f646190001ec9,error_code,0.0,1637,1634,
2026-06-17 00:22:03,8c1f646190001ec9,battery_recovered,3664.0,1637,1634,
2026-06-17 00:22:03,8c1f646190001ec9,water_temp_max,21.5,1637,1634,
2026-06-17 00:22:03,8c1f646190001ec9,payload,1.0,1637,1634,b64109030000fc860000f75a0b00ad330903d101630202e1e9525351
2026-06-17 00:22:03,8c1f646190001ec9,gateway_rssi,-104.0,1637,1634,24e124fffef94d5c
2026-06-17 00:22:03,8c1f646190001ec9,bandwidth,125000.0,1637,1634,
2026-06-17 00:22:03,8c1f646190001ec9,spreading_factor,7.0,1637,1634,
2026-06-17 00:22:03,8c1f646190001ec9,leak_status,2.0,1637,1634,
2026-06-17 00:22:03,8c1f646190001ec9,frame_counter,6551.0,1637,1634,
2026-06-17 00:22:03,8c1f646190001ec9,gateway_snr,5.199999809265137,1637,1634,24e124fffef94d5c
2026-06-17 00:22:03,8c1f646190001ec9,battery,3600.0,1637,1634,
2026-06-17 00:22:03,8c1f646190001ec9,total_volume,34556.0,1637,1634,
2026-06-17 00:22:38,8c1f6461900015ba,ambient_temp,21.0,1637,1634,
2026-06-17 00:22:38,8c1f6461900015ba,water_temp_max,21.5,1637,1634,
2026-06-17 00:22:38,8c1f6461900015ba,total_volume,7057.0,1637,1634,
2026-06-17 00:22:38,8c1f6461900015ba,battery_recovered,3680.0,1637,1634,
2026-06-17 00:22:38,8c1f6461900015ba,spreading_factor,7.0,1637,1634,
2026-06-17 00:22:38,8c1f6461900015ba,bandwidth,125000.0,1637,1634,
2026-06-17 00:22:38,8c1f6461900015ba,leak_status,2.0,1637,1634,
2026-06-17 00:22:38,8c1f6461900015ba,battery,3640.0,1637,1634,
2026-06-17 00:22:38,8c1f6461900015ba,frame_counter,7254.0,1637,1634,
2026-06-17 00:22:38,8c1f6461900015ba,gateway_rssi,-106.0,1637,1634,24e124fffef949f8
2026-06-17 00:22:38,8c1f6461900015ba,error_code,0.0,1637,1634,
2026-06-17 00:22:38,8c1f6461900015ba,payload,1.0,1637,1634,8e7809030000911b000000000000a56a09038600c80302e6eb525352
2026-06-17 00:22:38,8c1f6461900015ba,water_temp_min,21.0,1637,1634,
2026-06-17 00:22:38,8c1f6461900015ba,gateway_snr,6.0,1637,1634,24e124fffef949f8
2026-06-17 00:23:14,24e124725d489523,spreading_factor,7.0,1637,1634,
2026-06-17 00:23:14,24e124725d489523,temperature,20.5,1637,1634,
2026-06-17 00:23:14,24e124725d489523,gateway_snr,4.5,1637,1634,24e124fffef949f8
2026-06-17 00:23:14,24e124725d489523,gateway_rssi,-107.0,1637,1634,24e124fffef949f8
2026-06-17 00:23:14,24e124725d489523,humidity,52.0,1637,1634,
2026-06-17 00:23:14,24e124725d489523,bandwidth,125000.0,1637,1634,
2026-06-17 00:23:14,24e124725d489523,payload,85.0,1637,1634,0175270367cd00046868
2026-06-17 00:23:14,24e124725d489523,frame_counter,7468.0,1637,1634,
2026-06-17 00:23:14,24e124725d489523,battery,39.0,1637,1634,
2026-06-17 00:23:31,8c1f646190001743,error_code,0.0,1637,1634,
2026-06-17 00:23:31,8c1f646190001743,gateway_snr,-9.199999809265137,1637,1634,24e124fffef949f8
2026-06-17 00:23:31,8c1f646190001743,frame_counter,1972.0,1637,1634,
2026-06-17 00:23:31,8c1f646190001743,ambient_temp,23.5,1637,1634,
2026-06-17 00:23:31,8c1f646190001743,bandwidth,125000.0,1637,1634,
2026-06-17 00:23:31,8c1f646190001743,leak_status,2.0,1637,1634,
2026-06-17 00:23:31,8c1f646190001743,water_temp_max,22.5,1637,1634,
2026-06-17 00:23:31,8c1f646190001743,water_temp_min,22.5,1637,1634,
2026-06-17 00:23:31,8c1f646190001743,battery_recovered,3688.0,1637,1634,
2026-06-17 00:23:31,8c1f646190001743,payload,1.0,1637,1634,d96e09030000681f000000000000da600903ad012a0202e9ec555557
2026-06-17 00:23:31,8c1f646190001743,spreading_factor,7.0,1637,1634,
2026-06-17 00:23:31,8c1f646190001743,gateway_rssi,-113.0,1637,1634,24e124fffef949f8
2026-06-17 00:23:31,8c1f646190001743,battery,3664.0,1637,1634,
2026-06-17 00:23:31,8c1f646190001743,total_volume,8040.0,1637,1634,
2026-06-17 00:24:32,8c1f6461900015ed,battery,3616.0,1637,1634,
2026-06-17 00:24:32,8c1f6461900015ed,error_code,0.0,1637,1634,
2026-06-17 00:24:32,8c1f6461900015ed,frame_counter,6136.0,1637,1634,
2026-06-17 00:24:32,8c1f6461900015ed,spreading_factor,7.0,1637,1634,
2026-06-17 00:24:32,8c1f6461900015ed,leak_status,2.0,1637,1634,
2026-06-17 00:24:32,8c1f6461900015ed,payload,1.0,1637,1634,256d09030000eb6400000ea40900465f09038401580202e3eb525252
2026-06-17 00:24:32,8c1f6461900015ed,ambient_temp,21.0,1637,1634,
2026-06-17 00:24:32,8c1f6461900015ed,battery_recovered,3680.0,1637,1634,
2026-06-17 00:24:32,8c1f6461900015ed,water_temp_min,21.0,1637,1634,
2026-06-17 00:24:32,8c1f6461900015ed,bandwidth,125000.0,1637,1634,
2026-06-17 00:24:32,8c1f6461900015ed,gateway_snr,11.5,1637,1634,24e124fffef94d5c
2026-06-17 00:24:32,8c1f6461900015ed,gateway_rssi,-94.0,1637,1634,24e124fffef94d5c
2026-06-17 00:24:32,8c1f6461900015ed,water_temp_max,21.0,1637,1634,
2026-06-17 00:24:32,8c1f6461900015ed,total_volume,25835.0,1637,1634,
2026-06-17 00:25:09,8c1f6461900018f5,water_temp_min,22.0,1637,1634,
2026-06-17 00:25:09,8c1f6461900018f5,total_volume,51583.0,1637,1634,
2026-06-17 00:25:09,8c1f6461900018f5,error_code,0.0,1637,1634,
2026-06-17 00:25:09,8c1f6461900018f5,water_temp_max,22.0,1637,1634,
2026-06-17 00:25:09,8c1f6461900018f5,gateway_snr,7.5,1637,1634,24e124fffef949f8
2026-06-17 00:25:09,8c1f6461900018f5,leak_status,2.0,1637,1634,
2026-06-17 00:25:09,8c1f6461900018f5,payload,1.0,1637,1634,ad56090300007fc90000c5d90400c5480903a0fa8e0d02e2ea545456
2026-06-17 00:25:09,8c1f6461900018f5,ambient_temp,23.0,1637,1634,
2026-06-17 00:25:09,8c1f6461900018f5,frame_counter,7691.0,1637,1634,
2026-06-17 00:25:09,8c1f6461900018f5,battery_recovered,3672.0,1637,1634,
2026-06-17 00:25:09,8c1f6461900018f5,spreading_factor,7.0,1637,1634,
2026-06-17 00:25:09,8c1f6461900018f5,battery,3608.0,1637,1634,
2026-06-17 00:25:09,8c1f6461900018f5,bandwidth,125000.0,1637,1634,
2026-06-17 00:25:09,8c1f6461900018f5,gateway_rssi,-106.0,1637,1634,24e124fffef949f8
2026-06-17 00:26:18,8c1f6461900019c7,spreading_factor,7.0,1637,1634,
2026-06-17 00:26:18,8c1f6461900019c7,gateway_snr,1.2000000476837158,1637,1634,24e124fffef94d5c
2026-06-17 00:26:18,8c1f6461900019c7,battery,3584.0,1637,1634,
2026-06-17 00:26:18,8c1f6461900019c7,water_temp_max,22.5,1637,1634,
2026-06-17 00:26:18,8c1f6461900019c7,ambient_temp,22.0,1637,1634,
2026-06-17 00:26:18,8c1f6461900019c7,water_temp_min,22.0,1637,1634,
2026-06-17 00:26:18,8c1f6461900019c7,bandwidth,125000.0,1637,1634,
2026-06-17 00:26:18,8c1f6461900019c7,payload,1.0,1637,1634,5e40090300008b5700005248080075320903e5fe760202dfe7545554
2026-06-17 00:26:18,8c1f6461900019c7,leak_status,2.0,1637,1634,
2026-06-17 00:26:18,8c1f6461900019c7,frame_counter,5919.0,1637,1634,
2026-06-17 00:26:18,8c1f6461900019c7,total_volume,22411.0,1637,1634,
2026-06-17 00:26:18,8c1f6461900019c7,error_code,0.0,1637,1634,
2026-06-17 00:26:18,8c1f6461900019c7,battery_recovered,3648.0,1637,1634,
2026-06-17 00:26:18,8c1f6461900019c7,gateway_rssi,-106.0,1637,1634,24e124fffef94d5c
2026-06-17 00:26:50,8c1f646190001baf,gateway_rssi,-105.0,1637,1634,24e124fffef94d5c
2026-06-17 00:26:50,8c1f646190001baf,battery_recovered,3656.0,1637,1634,
2026-06-17 00:26:50,8c1f646190001baf,water_temp_max,22.0,1637,1634,
2026-06-17 00:26:50,8c1f646190001baf,water_temp_min,22.0,1637,1634,
2026-06-17 00:26:50,8c1f646190001baf,bandwidth,125000.0,1637,1634,
2026-06-17 00:26:50,8c1f646190001baf,gateway_snr,3.799999952316284,1637,1634,24e124fffef94d5c
2026-06-17 00:26:50,8c1f646190001baf,frame_counter,6725.0,1637,1634,
2026-06-17 00:26:50,8c1f646190001baf,total_volume,53780.0,1637,1634,
2026-06-17 00:26:50,8c1f646190001baf,payload,1.0,1637,1634,a3660903000014d20000bca805009b580903b3feb41102e0e8545454
2026-06-17 00:26:50,8c1f646190001baf,spreading_factor,7.0,1637,1634,
2026-06-17 00:26:50,8c1f646190001baf,battery,3592.0,1637,1634,
2026-06-17 00:26:50,8c1f646190001baf,ambient_temp,22.0,1637,1634,
2026-06-17 00:26:50,8c1f646190001baf,error_code,0.0,1637,1634,
2026-06-17 00:26:50,8c1f646190001baf,leak_status,2.0,1637,1634,
2026-06-17 00:27:11,8c1f646190001790,water_temp_max,21.5,1637,1634,
2026-06-17 00:27:11,8c1f646190001790,error_code,0.0,1637,1634,
2026-06-17 00:27:11,8c1f646190001790,spreading_factor,7.0,1637,1634,
2026-06-17 00:27:11,8c1f646190001790,gateway_rssi,-109.0,1637,1634,24e124fffef949f8
2026-06-17 00:27:11,8c1f646190001790,water_temp_min,21.0,1637,1634,
2026-06-17 00:27:11,8c1f646190001790,gateway_snr,2.5,1637,1634,24e124fffef949f8
2026-06-17 00:27:11,8c1f646190001790,total_volume,9033.0,1637,1634,
2026-06-17 00:27:11,8c1f646190001790,payload,1.0,1637,1634,4e790903000049230000db340300546b090381fe850202eaed525354
2026-06-17 00:27:11,8c1f646190001790,leak_status,2.0,1637,1634,
2026-06-17 00:27:11,8c1f646190001790,battery_recovered,3696.0,1637,1634,
2026-06-17 00:27:11,8c1f646190001790,bandwidth,125000.0,1637,1634,
2026-06-17 00:27:11,8c1f646190001790,ambient_temp,22.0,1637,1634,
2026-06-17 00:27:11,8c1f646190001790,battery,3672.0,1637,1634,
2026-06-17 00:27:11,8c1f646190001790,frame_counter,3627.0,1637,1634,
2026-06-17 00:27:21,8c1f6461900021a9,gateway_rssi,-111.0,1637,1634,24e124fffef949f8
2026-06-17 00:27:21,8c1f6461900021a9,error_code,0.0,1637,1634,
2026-06-17 00:27:21,8c1f6461900021a9,water_temp_min,20.5,1637,1634,
2026-06-17 00:27:21,8c1f6461900021a9,frame_counter,7883.0,1637,1634,
2026-06-17 00:27:21,8c1f6461900021a9,battery,3608.0,1637,1634,
2026-06-17 00:27:21,8c1f6461900021a9,gateway_snr,1.5,1637,1634,24e124fffef949f8
2026-06-17 00:27:21,8c1f6461900021a9,ambient_temp,21.0,1637,1634,
2026-06-17 00:27:21,8c1f6461900021a9,spreading_factor,7.0,1637,1634,
2026-06-17 00:27:21,8c1f6461900021a9,bandwidth,125000.0,1637,1634,
2026-06-17 00:27:21,8c1f6461900021a9,total_volume,51977.0,1637,1634,
2026-06-17 00:27:21,8c1f6461900021a9,water_temp_max,20.5,1637,1634,
2026-06-17 00:27:21,8c1f6461900021a9,battery_recovered,3664.0,1637,1634,
2026-06-17 00:27:21,8c1f6461900021a9,leak_status,2.0,1637,1634,
2026-06-17 00:27:21,8c1f6461900021a9,payload,1.0,1637,1634,2c660903000009cb0000f8f811002b580903dffca10302e2e9515152
2026-06-17 00:28:49,8c1f646190002012,ambient_temp,22.0,1637,1634,
2026-06-17 00:28:49,8c1f646190002012,battery_recovered,3664.0,1637,1634,
2026-06-17 00:28:49,8c1f646190002012,total_volume,21103.0,1637,1634,
2026-06-17 00:28:49,8c1f646190002012,payload,1.0,1637,1634,e144090300006f520000e1cd0700ef36090317fd800302e7e9545554
2026-06-17 00:28:49,8c1f646190002012,leak_status,2.0,1637,1634,
2026-06-17 00:28:49,8c1f646190002012,gateway_snr,6.5,1637,1634,24e124fffef949f8
2026-06-17 00:28:49,8c1f646190002012,error_code,0.0,1637,1634,
2026-06-17 00:28:49,8c1f646190002012,frame_counter,2851.0,1637,1634,
2026-06-17 00:28:49,8c1f646190002012,spreading_factor,7.0,1637,1634,
2026-06-17 00:28:49,8c1f646190002012,gateway_rssi,-105.0,1637,1634,24e124fffef949f8
2026-06-17 00:28:49,8c1f646190002012,water_temp_min,22.0,1637,1634,
2026-06-17 00:28:49,8c1f646190002012,battery,3648.0,1637,1634,
2026-06-17 00:28:49,8c1f646190002012,water_temp_max,22.5,1637,1634,
2026-06-17 00:28:49,8c1f646190002012,bandwidth,125000.0,1637,1634,
2026-06-17 00:32:08,8c1f646190001af8,water_temp_min,20.5,1637,1634,
2026-06-17 00:32:08,8c1f646190001af8,payload,1.0,1637,1634,f146090300007063000026000000093909035601460202dee8515a52
2026-06-17 00:32:08,8c1f646190001af8,battery,3576.0,1637,1634,
2026-06-17 00:32:08,8c1f646190001af8,bandwidth,125000.0,1637,1634,
2026-06-17 00:32:08,8c1f646190001af8,error_code,0.0,1637,1634,
2026-06-17 00:32:08,8c1f646190001af8,water_temp_max,25.0,1637,1634,
2026-06-17 00:32:08,8c1f646190001af8,ambient_temp,21.0,1637,1634,
2026-06-17 00:32:08,8c1f646190001af8,frame_counter,7611.0,1637,1634,
2026-06-17 00:32:08,8c1f646190001af8,gateway_rssi,-104.0,1637,1634,24e124fffef94d5c
2026-06-17 00:32:08,8c1f646190001af8,leak_status,2.0,1637,1634,
2026-06-17 00:32:08,8c1f646190001af8,total_volume,25456.0,1637,1634,
2026-06-17 00:32:08,8c1f646190001af8,battery_recovered,3656.0,1637,1634,
2026-06-17 00:32:08,8c1f646190001af8,gateway_snr,4.0,1637,1634,24e124fffef94d5c
2026-06-17 00:32:08,8c1f646190001af8,spreading_factor,7.0,1637,1634,
2026-06-17 00:32:47,8c1f6461900017e3,error_code,0.0,1637,1634,
2026-06-17 00:32:47,8c1f6461900017e3,battery,3640.0,1637,1634,
2026-06-17 00:32:47,8c1f6461900017e3,leak_status,2.0,1637,1634,
2026-06-17 00:32:47,8c1f6461900017e3,gateway_rssi,-107.0,1637,1634,24e124fffef949f8
2026-06-17 00:32:47,8c1f6461900017e3,payload,1.0,1637,1634,df6d09030000de0c0100e40100007e62090392ff6c1102e6e9565c58
2026-06-17 00:32:47,8c1f6461900017e3,ambient_temp,24.0,1637,1634,
2026-06-17 00:32:47,8c1f6461900017e3,gateway_snr,6.0,1637,1634,24e124fffef949f8
2026-06-17 00:32:47,8c1f6461900017e3,water_temp_max,26.0,1637,1634,
2026-06-17 00:32:47,8c1f6461900017e3,total_volume,68830.0,1637,1634,
2026-06-17 00:32:47,8c1f6461900017e3,frame_counter,3591.0,1637,1634,
2026-06-17 00:32:47,8c1f6461900017e3,spreading_factor,7.0,1637,1634,
2026-06-17 00:32:47,8c1f6461900017e3,bandwidth,125000.0,1637,1634,
2026-06-17 00:32:47,8c1f6461900017e3,battery_recovered,3664.0,1637,1634,
2026-06-17 00:32:47,8c1f6461900017e3,water_temp_min,23.0,1637,1634,
2026-06-17 00:33:16,24e124725d489523,payload,85.0,1637,1634,0175270367cd00046868
2026-06-17 00:33:16,8c1f6461900021c1,gateway_rssi,-107.0,1637,1634,24e124fffef94d5c
2026-06-17 00:33:16,8c1f6461900021c1,spreading_factor,7.0,1637,1634,
2026-06-17 00:33:16,24e124725d489523,battery,39.0,1637,1634,
2026-06-17 00:33:16,24e124725d489523,temperature,20.5,1637,1634,
2026-06-17 00:33:16,24e124725d489523,humidity,52.0,1637,1634,
2026-06-17 00:33:16,8c1f6461900021c1,gateway_snr,-0.800000011920929,1637,1634,24e124fffef94d5c
2026-06-17 00:33:16,8c1f6461900021c1,total_volume,114910.0,1637,1634,
2026-06-17 00:33:16,24e124725d489523,gateway_snr,5.800000190734863,1637,1634,24e124fffef949f8
2026-06-17 00:33:16,8c1f6461900021c1,battery_recovered,3664.0,1637,1634,
2026-06-17 00:33:16,8c1f6461900021c1,water_temp_max,20.0,1637,1634,
2026-06-17 00:33:16,24e124725d489523,gateway_rssi,-107.0,1637,1634,24e124fffef949f8
2026-06-17 00:33:16,24e124725d489523,bandwidth,125000.0,1637,1634,
2026-06-17 00:33:16,8c1f6461900021c1,payload,1.0,1637,1634,627f09030000dec001001af30500000000000000000000e1e9505050
2026-06-17 00:33:16,8c1f6461900021c1,water_temp_min,20.0,1637,1634,
2026-06-17 00:33:16,8c1f6461900021c1,error_code,0.0,1637,1634,
2026-06-17 00:33:16,8c1f6461900021c1,bandwidth,125000.0,1637,1634,
2026-06-17 00:33:16,8c1f6461900021c1,ambient_temp,20.0,1637,1634,
2026-06-17 00:33:16,8c1f6461900021c1,battery,3600.0,1637,1634,
2026-06-17 00:33:16,24e124725d489523,frame_counter,7469.0,1637,1634,
2026-06-17 00:33:16,8c1f6461900021c1,leak_status,0.0,1637,1634,
2026-06-17 00:33:16,24e124725d489523,spreading_factor,7.0,1637,1634,
2026-06-17 00:33:16,8c1f6461900021c1,frame_counter,7655.0,1637,1634,
2026-06-17 00:34:21,8c1f6461900021e2,gateway_snr,6.800000190734863,1637,1634,24e124fffef949f8
2026-06-17 00:34:21,8c1f6461900021e2,leak_status,2.0,1637,1634,
2026-06-17 00:34:21,8c1f6461900021e2,ambient_temp,22.5,1637,1634,
2026-06-17 00:34:21,8c1f6461900021e2,gateway_rssi,-104.0,1637,1634,24e124fffef949f8
2026-06-17 00:34:21,8c1f6461900021e2,battery_recovered,3672.0,1637,1634,
2026-06-17 00:34:21,8c1f6461900021e2,payload,1.0,1637,1634,b77f09030000bedd000032000000c4710903e702070e02e5ea555555
2026-06-17 00:34:21,8c1f6461900021e2,water_temp_min,22.5,1637,1634,
2026-06-17 00:34:21,8c1f6461900021e2,water_temp_max,22.5,1637,1634,
2026-06-17 00:34:21,8c1f6461900021e2,spreading_factor,7.0,1637,1634,
2026-06-17 00:34:21,8c1f6461900021e2,total_volume,56766.0,1637,1634,
2026-06-17 00:34:21,8c1f6461900021e2,frame_counter,3634.0,1637,1634,
2026-06-17 00:34:21,8c1f6461900021e2,battery,3632.0,1637,1634,
2026-06-17 00:34:21,8c1f6461900021e2,error_code,0.0,1637,1634,
2026-06-17 00:34:21,8c1f6461900021e2,bandwidth,125000.0,1637,1634,
2026-06-17 00:35:28,8c1f6461900020a5,total_volume,15394.0,1637,1634,
2026-06-17 00:35:28,8c1f6461900020a5,payload,1.0,1637,1634,a48909030000223c000000000000ca7b09030e00000502dee8525355
2026-06-17 00:35:28,8c1f6461900020a5,water_temp_min,21.0,1637,1634,
2026-06-17 00:35:28,8c1f6461900020a5,frame_counter,7600.0,1637,1634,
2026-06-17 00:35:28,8c1f6461900020a5,water_temp_max,21.5,1637,1634,
2026-06-17 00:35:28,8c1f6461900020a5,ambient_temp,22.5,1637,1634,
2026-06-17 00:35:28,8c1f6461900020a5,spreading_factor,7.0,1637,1634,
2026-06-17 00:35:28,8c1f6461900020a5,battery,3576.0,1637,1634,
2026-06-17 00:35:28,8c1f6461900020a5,gateway_snr,7.199999809265137,1637,1634,24e124fffef94d5c
2026-06-17 00:35:28,8c1f6461900020a5,leak_status,2.0,1637,1634,
2026-06-17 00:35:28,8c1f6461900020a5,battery_recovered,3656.0,1637,1634,
2026-06-17 00:35:28,8c1f6461900020a5,error_code,0.0,1637,1634,
2026-06-17 00:35:28,8c1f6461900020a5,gateway_rssi,-102.0,1637,1634,24e124fffef94d5c
2026-06-17 00:35:28,8c1f6461900020a5,bandwidth,125000.0,1637,1634,
2026-06-17 00:36:31,8c1f646190001ba9,frame_counter,7067.0,1637,1634,
2026-06-17 00:36:31,8c1f646190001ba9,battery,3624.0,1637,1634,
2026-06-17 00:36:31,8c1f646190001ba9,gateway_snr,4.0,1637,1634,24e124fffef949f8
2026-06-17 00:36:31,8c1f646190001ba9,bandwidth,125000.0,1637,1634,
2026-06-17 00:36:31,8c1f646190001ba9,battery_recovered,3672.0,1637,1634,
2026-06-17 00:36:31,8c1f646190001ba9,gateway_rssi,-109.0,1637,1634,24e124fffef949f8
2026-06-17 00:36:31,8c1f646190001ba9,payload,1.0,1637,1634,3671090300001b7c0000a1430b00dc6b0903c701b60102e4ea5e955c
2026-06-17 00:36:31,8c1f646190001ba9,ambient_temp,26.0,1637,1634,
2026-06-17 00:36:31,8c1f646190001ba9,spreading_factor,7.0,1637,1634,
2026-06-17 00:36:31,8c1f646190001ba9,water_temp_max,54.5,1637,1634,
2026-06-17 00:36:31,8c1f646190001ba9,total_volume,31771.0,1637,1634,
2026-06-17 00:36:31,8c1f646190001ba9,error_code,0.0,1637,1634,
2026-06-17 00:36:31,8c1f646190001ba9,water_temp_min,27.0,1637,1634,
2026-06-17 00:36:31,8c1f646190001ba9,leak_status,2.0,1637,1634,
2026-06-17 00:36:52,8c1f6461900018ba,frame_counter,5745.0,1637,1634,
2026-06-17 00:36:52,8c1f6461900018ba,payload,1.0,1637,1634,183909030000ad1d0000000000000c2b0903d0026f0202dfea525252
2026-06-17 00:36:52,8c1f6461900018ba,error_code,0.0,1637,1634,
2026-06-17 00:36:52,8c1f6461900018ba,gateway_rssi,-104.0,1637,1634,24e124fffef94d5c
2026-06-17 00:36:52,8c1f6461900018ba,total_volume,7597.0,1637,1634,
2026-06-17 00:36:52,8c1f6461900018ba,spreading_factor,7.0,1637,1634,
2026-06-17 00:36:52,8c1f6461900018ba,water_temp_max,21.0,1637,1634,
2026-06-17 00:36:52,8c1f6461900018ba,ambient_temp,21.0,1637,1634,
2026-06-17 00:36:52,8c1f6461900018ba,battery_recovered,3672.0,1637,1634,
2026-06-17 00:36:52,8c1f6461900018ba,battery,3584.0,1637,1634,
2026-06-17 00:36:52,8c1f6461900018ba,water_temp_min,21.0,1637,1634,
2026-06-17 00:36:52,8c1f6461900018ba,leak_status,2.0,1637,1634,
2026-06-17 00:36:52,8c1f6461900018ba,bandwidth,125000.0,1637,1634,
2026-06-17 00:36:52,8c1f6461900018ba,gateway_snr,4.5,1637,1634,24e124fffef94d5c
2026-06-17 00:37:57,8c1f646190001fcb,gateway_rssi,-107.0,1637,1634,24e124fffef94d5c
2026-06-17 00:37:57,8c1f646190001fcb,error_code,0.0,1637,1634,
2026-06-17 00:37:57,8c1f646190001fcb,payload,1.0,1637,1634,21260d0300006e5d0000000000001f180d038aff2b0602e4ed555655
2026-06-17 00:37:57,8c1f646190001fcb,leak_status,2.0,1637,1634,
2026-06-17 00:37:57,8c1f646190001fcb,frame_counter,7382.0,1637,1634,
2026-06-17 00:37:57,8c1f646190001fcb,bandwidth,125000.0,1637,1634,
2026-06-17 00:37:57,8c1f646190001fcb,total_volume,23918.0,1637,1634,
2026-06-17 00:37:57,8c1f646190001fcb,gateway_snr,0.5,1637,1634,24e124fffef94d5c
2026-06-17 00:37:57,8c1f646190001fcb,battery,3624.0,1637,1634,
2026-06-17 00:37:57,8c1f646190001fcb,spreading_factor,7.0,1637,1634,
2026-06-17 00:37:57,8c1f646190001fcb,water_temp_max,23.0,1637,1634,
2026-06-17 00:37:57,8c1f646190001fcb,water_temp_min,22.5,1637,1634,
2026-06-17 00:37:57,8c1f646190001fcb,battery_recovered,3696.0,1637,1634,
2026-06-17 00:37:57,8c1f646190001fcb,ambient_temp,22.5,1637,1634,
2026-06-17 00:38:11,8c1f646190002244,ambient_temp,22.5,1637,1634,
2026-06-17 00:38:11,8c1f646190002244,total_volume,112867.0,1637,1634,
2026-06-17 00:38:11,8c1f646190002244,gateway_snr,4.800000190734863,1637,1634,24e124fffef94d5c
2026-06-17 00:38:11,8c1f646190002244,water_temp_max,22.5,1637,1634,
2026-06-17 00:38:11,8c1f646190002244,spreading_factor,7.0,1637,1634,
2026-06-17 00:38:11,8c1f646190002244,leak_status,0.0,1637,1634,
2026-06-17 00:38:11,8c1f646190002244,error_code,0.0,1637,1634,
2026-06-17 00:38:11,8c1f646190002244,payload,1.0,1637,1634,cf4209030000e3b8010003000000000000000000000000e2eb555555
2026-06-17 00:38:11,8c1f646190002244,frame_counter,6470.0,1637,1634,
2026-06-17 00:38:11,8c1f646190002244,water_temp_min,22.5,1637,1634,
2026-06-17 00:38:11,8c1f646190002244,battery_recovered,3680.0,1637,1634,
2026-06-17 00:38:11,8c1f646190002244,bandwidth,125000.0,1637,1634,
2026-06-17 00:38:11,8c1f646190002244,battery,3608.0,1637,1634,
2026-06-17 00:38:11,8c1f646190002244,gateway_rssi,-103.0,1637,1634,24e124fffef94d5c
2026-06-17 00:39:36,8c1f6461900021bd,frame_counter,6627.0,1637,1634,
2026-06-17 00:39:36,8c1f6461900021bd,battery_recovered,3656.0,1637,1634,
2026-06-17 00:39:36,8c1f6461900021bd,total_volume,71771.0,1637,1634,
2026-06-17 00:39:36,8c1f6461900021bd,payload,1.0,1637,1634,5e7a090300005b18010000000000000000000000000000dee8535453
2026-06-17 00:39:36,8c1f6461900021bd,error_code,0.0,1637,1634,
2026-06-17 00:39:36,8c1f6461900021bd,water_temp_max,22.0,1637,1634,
2026-06-17 00:39:36,8c1f6461900021bd,gateway_rssi,-106.0,1637,1634,24e124fffef94d5c
2026-06-17 00:39:36,8c1f6461900021bd,gateway_snr,1.7999999523162842,1637,1634,24e124fffef94d5c
2026-06-17 00:39:36,8c1f6461900021bd,bandwidth,125000.0,1637,1634,
2026-06-17 00:39:36,8c1f6461900021bd,ambient_temp,21.5,1637,1634,
2026-06-17 00:39:36,8c1f6461900021bd,water_temp_min,21.5,1637,1634,
2026-06-17 00:39:36,8c1f6461900021bd,leak_status,0.0,1637,1634,
2026-06-17 00:39:36,8c1f6461900021bd,battery,3576.0,1637,1634,
2026-06-17 00:39:36,8c1f6461900021bd,spreading_factor,7.0,1637,1634,
2026-06-17 00:43:14,24e124725d489523,battery,39.0,1637,1634,
2026-06-17 00:43:14,24e124725d489523,payload,85.0,1637,1634,0175270367cd00046868
2026-06-17 00:43:14,24e124725d489523,gateway_rssi,-106.0,1637,1634,24e124fffef949f8
2026-06-17 00:43:14,24e124725d489523,gateway_snr,6.0,1637,1634,24e124fffef949f8
2026-06-17 00:43:14,24e124725d489523,spreading_factor,7.0,1637,1634,
2026-06-17 00:43:14,24e124725d489523,bandwidth,125000.0,1637,1634,
2026-06-17 00:43:14,24e124725d489523,humidity,52.0,1637,1634,
2026-06-17 00:43:14,24e124725d489523,temperature,20.5,1637,1634,
2026-06-17 00:43:14,24e124725d489523,frame_counter,7470.0,1637,1634,
2026-06-17 00:45:47,8c1f64619000227c,water_temp_min,22.5,1637,1634,
2026-06-17 00:45:47,8c1f64619000227c,total_volume,12937.0,1637,1634,
2026-06-17 00:45:47,8c1f64619000227c,water_temp_max,23.0,1637,1634,
2026-06-17 00:45:47,8c1f64619000227c,battery_recovered,3664.0,1637,1634,
2026-06-17 00:45:47,8c1f64619000227c,gateway_rssi,-111.0,1637,1634,24e124fffef949f8
2026-06-17 00:45:47,8c1f64619000227c,ambient_temp,23.5,1637,1634,
2026-06-17 00:45:47,8c1f64619000227c,error_code,0.0,1637,1634,
2026-06-17 00:45:47,8c1f64619000227c,payload,1.0,1637,1634,30510903000089320000e7ad040030430903bffecb0002dee9555657
2026-06-17 00:45:47,8c1f64619000227c,gateway_snr,0.0,1637,1634,24e124fffef949f8
2026-06-17 00:45:47,8c1f64619000227c,frame_counter,7512.0,1637,1634,
2026-06-17 00:45:47,8c1f64619000227c,battery,3576.0,1637,1634,
2026-06-17 00:45:47,8c1f64619000227c,spreading_factor,7.0,1637,1634,
2026-06-17 00:45:47,8c1f64619000227c,bandwidth,125000.0,1637,1634,
2026-06-17 00:45:47,8c1f64619000227c,leak_status,2.0,1637,1634,
2026-06-17 00:46:17,8c1f646190001c1f,total_volume,44050.0,1637,1634,
2026-06-17 00:46:17,8c1f646190001c1f,gateway_snr,6.0,1637,1634,24e124fffef949f8
2026-06-17 00:46:17,8c1f646190001c1f,bandwidth,125000.0,1637,1634,
2026-06-17 00:46:17,8c1f646190001c1f,spreading_factor,7.0,1637,1634,
2026-06-17 00:46:17,8c1f64619000171c,total_volume,17945.0,1637,1634,
2026-06-17 00:46:17,8c1f64619000171c,ambient_temp,23.5,1637,1634,
2026-06-17 00:46:17,8c1f64619000171c,bandwidth,125000.0,1637,1634,
2026-06-17 00:46:17,8c1f646190001c1f,leak_status,2.0,1637,1634,
2026-06-17 00:46:17,8c1f64619000171c,leak_status,2.0,1637,1634,
2026-06-17 00:46:17,8c1f64619000171c,battery,3648.0,1637,1634,
2026-06-17 00:46:17,8c1f64619000171c,battery_recovered,3672.0,1637,1634,
2026-06-17 00:46:17,8c1f646190001c1f,gateway_rssi,-106.0,1637,1634,24e124fffef949f8
2026-06-17 00:46:17,8c1f64619000171c,water_temp_max,24.0,1637,1634,
2026-06-17 00:46:17,8c1f64619000171c,payload,1.0,1637,1634,192f0d030000194600001200000033210d033201460202e7ea575857
2026-06-17 00:46:17,8c1f64619000171c,water_temp_min,23.5,1637,1634,
2026-06-17 00:46:17,8c1f64619000171c,frame_counter,3598.0,1637,1634,
2026-06-17 00:46:17,8c1f646190001c1f,payload,1.0,1637,1634,2d740903000012ac0000000000007e6b0903ee00501402e4ec575756
2026-06-17 00:46:17,8c1f646190001c1f,frame_counter,1933.0,1637,1634,
2026-06-17 00:46:17,8c1f646190001c1f,error_code,0.0,1637,1634,
2026-06-17 00:46:17,8c1f646190001c1f,water_temp_min,23.5,1637,1634,
2026-06-17 00:46:17,8c1f646190001c1f,battery_recovered,3688.0,1637,1634,
2026-06-17 00:46:17,8c1f646190001c1f,water_temp_max,23.5,1637,1634,
2026-06-17 00:46:17,8c1f64619000171c,error_code,0.0,1637,1634,
2026-06-17 00:46:17,8c1f64619000171c,gateway_snr,5.0,1637,1634,24e124fffef949f8
2026-06-17 00:46:17,8c1f646190001c1f,ambient_temp,23.0,1637,1634,
2026-06-17 00:46:17,8c1f646190001c1f,battery,3624.0,1637,1634,
2026-06-17 00:46:17,8c1f64619000171c,gateway_rssi,-108.0,1637,1634,24e124fffef949f8
2026-06-17 00:46:17,8c1f64619000171c,spreading_factor,7.0,1637,1634,
2026-06-17 00:47:57,8c1f646190001fc1,battery_recovered,3640.0,1637,1634,
2026-06-17 00:47:57,8c1f646190001fc1,water_temp_min,21.5,1637,1634,
2026-06-17 00:47:57,8c1f646190001fc1,gateway_rssi,-95.0,1637,1634,24e124fffef94d5c
2026-06-17 00:47:57,8c1f646190001fc1,battery,3568.0,1637,1634,
2026-06-17 00:47:57,8c1f646190001fc1,ambient_temp,21.5,1637,1634,
2026-06-17 00:47:57,8c1f646190001fc1,water_temp_max,21.5,1637,1634,
2026-06-17 00:47:57,8c1f646190001fc1,frame_counter,6889.0,1637,1634,
2026-06-17 00:47:57,8c1f646190001fc1,leak_status,2.0,1637,1634,
2026-06-17 00:47:57,8c1f646190001fc1,error_code,0.0,1637,1634,
2026-06-17 00:47:57,8c1f646190001fc1,gateway_snr,11.199999809265137,1637,1634,24e124fffef94d5c
2026-06-17 00:47:57,8c1f646190001fc1,total_volume,50535.0,1637,1634,
2026-06-17 00:47:57,8c1f646190001fc1,bandwidth,125000.0,1637,1634,
2026-06-17 00:47:57,8c1f646190001fc1,spreading_factor,7.0,1637,1634,
2026-06-17 00:47:57,8c1f646190001fc1,payload,1.0,1637,1634,037a0903000067c50000291a0a00046c09031707180d02dde6535353
2026-06-17 00:49:25,8c1f646190001501,battery_recovered,3696.0,1637,1634,
2026-06-17 00:49:25,8c1f646190001501,ambient_temp,22.0,1637,1634,
2026-06-17 00:49:25,8c1f646190001501,error_code,0.0,1637,1634,
2026-06-17 00:49:25,8c1f646190001501,frame_counter,3286.0,1637,1634,
2026-06-17 00:49:25,8c1f646190001501,gateway_rssi,-101.0,1637,1634,24e124fffef949f8
2026-06-17 00:49:25,8c1f646190001501,water_temp_max,22.0,1637,1634,
2026-06-17 00:49:25,8c1f646190001501,total_volume,21709.0,1637,1634,
2026-06-17 00:49:25,8c1f646190001501,leak_status,2.0,1637,1634,
2026-06-17 00:49:25,8c1f646190001501,payload,1.0,1637,1634,72780e030000cd540000028e06006b6a0e035603430402eaed545454
2026-06-17 00:49:25,8c1f646190001501,spreading_factor,7.0,1637,1634,
2026-06-17 00:49:25,8c1f646190001501,gateway_snr,10.0,1637,1634,24e124fffef949f8
2026-06-17 00:49:25,8c1f646190001501,battery,3672.0,1637,1634,
2026-06-17 00:49:25,8c1f646190001501,bandwidth,125000.0,1637,1634,
2026-06-17 00:49:25,8c1f646190001501,water_temp_min,22.0,1637,1634,
2026-06-17 00:49:31,8c1f646190001bea,leak_status,2.0,1637,1634,
2026-06-17 00:49:31,8c1f646190001bea,water_temp_max,43.5,1637,1634,
2026-06-17 00:49:31,8c1f646190001bea,battery_recovered,3656.0,1637,1634,
2026-06-17 00:49:31,8c1f646190001bea,ambient_temp,25.0,1637,1634,
2026-06-17 00:49:31,8c1f646190001bea,gateway_rssi,-106.0,1637,1634,24e124fffef94d5c
2026-06-17 00:49:31,8c1f646190001bea,spreading_factor,7.0,1637,1634,
2026-06-17 00:49:31,8c1f646190001bea,frame_counter,7686.0,1637,1634,
2026-06-17 00:49:31,8c1f646190001bea,total_volume,34015.0,1637,1634,
2026-06-17 00:49:31,8c1f646190001bea,battery,3616.0,1637,1634,
2026-06-17 00:49:31,8c1f646190001bea,bandwidth,125000.0,1637,1634,
2026-06-17 00:49:31,8c1f646190001bea,payload,1.0,1637,1634,de6409030000df840000206c0c00fa5b09036c036e0402e3e85b7f5a
2026-06-17 00:49:31,8c1f646190001bea,gateway_snr,1.0,1637,1634,24e124fffef94d5c
2026-06-17 00:49:31,8c1f646190001bea,water_temp_min,25.5,1637,1634,
2026-06-17 00:49:31,8c1f646190001bea,error_code,0.0,1637,1634,
2026-06-17 00:51:45,8c1f646190001833,battery_recovered,3672.0,1637,1634,
2026-06-17 00:51:45,8c1f646190001833,frame_counter,5843.0,1637,1634,
2026-06-17 00:51:45,8c1f646190001833,spreading_factor,7.0,1637,1634,
2026-06-17 00:51:45,8c1f646190001833,ambient_temp,22.0,1637,1634,
2026-06-17 00:51:45,8c1f646190001833,total_volume,11814.0,1637,1634,
2026-06-17 00:51:45,8c1f646190001833,battery,3592.0,1637,1634,
2026-06-17 00:51:45,8c1f646190001833,water_temp_max,21.5,1637,1634,
2026-06-17 00:51:45,8c1f646190001833,leak_status,2.0,1637,1634,
2026-06-17 00:51:45,8c1f646190001833,water_temp_min,21.5,1637,1634,
2026-06-17 00:51:45,8c1f646190001833,gateway_snr,3.799999952316284,1637,1634,24e124fffef94d5c
2026-06-17 00:51:45,8c1f646190001833,gateway_rssi,-105.0,1637,1634,24e124fffef94d5c
2026-06-17 00:51:45,8c1f646190001833,payload,1.0,1637,1634,1d3d09030000262e000000000000292f0903a504880102e0ea535354
2026-06-17 00:51:45,8c1f646190001833,error_code,0.0,1637,1634,
2026-06-17 00:51:45,8c1f646190001833,bandwidth,125000.0,1637,1634,
2026-06-17 00:53:14,24e124725d489523,gateway_snr,7.0,1637,1634,24e124fffef949f8
2026-06-17 00:53:14,24e124725d489523,gateway_rssi,-106.0,1637,1634,24e124fffef949f8
2026-06-17 00:53:14,24e124725d489523,bandwidth,125000.0,1637,1634,
2026-06-17 00:53:14,24e124725d489523,temperature,20.5,1637,1634,
2026-06-17 00:53:14,24e124725d489523,frame_counter,7471.0,1637,1634,
2026-06-17 00:53:14,24e124725d489523,spreading_factor,7.0,1637,1634,
2026-06-17 00:53:14,24e124725d489523,battery,39.0,1637,1634,
2026-06-17 00:53:14,24e124725d489523,payload,85.0,1637,1634,0175270367cd00046868
2026-06-17 00:53:14,24e124725d489523,humidity,52.0,1637,1634,
2026-06-17 00:54:33,8c1f6461900021e8,payload,1.0,1637,1634,c286090300008fb600007d610700d9780903d6fe900702e7eb5a5a57
2026-06-17 00:54:33,8c1f6461900021e8,water_temp_max,25.0,1637,1634,
2026-06-17 00:54:33,8c1f6461900021e8,spreading_factor,7.0,1637,1634,
2026-06-17 00:54:33,8c1f6461900021e8,frame_counter,3446.0,1637,1634,
2026-06-17 00:54:33,8c1f6461900021e8,gateway_snr,4.5,1637,1634,24e124fffef949f8
2026-06-17 00:54:33,8c1f6461900021e8,battery,3648.0,1637,1634,
2026-06-17 00:54:33,8c1f6461900021e8,battery_recovered,3680.0,1637,1634,
2026-06-17 00:54:33,8c1f6461900021e8,total_volume,46735.0,1637,1634,
2026-06-17 00:54:33,8c1f6461900021e8,gateway_rssi,-109.0,1637,1634,24e124fffef949f8
2026-06-17 00:54:33,8c1f6461900021e8,error_code,0.0,1637,1634,
2026-06-17 00:54:33,8c1f6461900021e8,water_temp_min,25.0,1637,1634,
2026-06-17 00:54:33,8c1f6461900021e8,leak_status,2.0,1637,1634,
2026-06-17 00:54:33,8c1f6461900021e8,bandwidth,125000.0,1637,1634,
2026-06-17 00:54:33,8c1f6461900021e8,ambient_temp,23.5,1637,1634,
2026-06-17 00:54:45,8c1f646190001ebd,battery,3664.0,1637,1634,
2026-06-17 00:54:45,8c1f646190001ebd,battery_recovered,3696.0,1637,1634,
2026-06-17 00:54:45,8c1f646190001ebd,water_temp_min,23.0,1637,1634,
2026-06-17 00:54:45,8c1f646190001ebd,spreading_factor,7.0,1637,1634,
2026-06-17 00:54:45,8c1f646190001ebd,payload,1.0,1637,1634,a17d09030000d06a000000000000a16f0903bd04360c02e9ed565655
2026-06-17 00:54:45,8c1f646190001ebd,error_code,0.0,1637,1634,
2026-06-17 00:54:45,8c1f646190001ebd,gateway_rssi,-106.0,1637,1634,24e124fffef949f8
2026-06-17 00:54:45,8c1f646190001ebd,water_temp_max,23.0,1637,1634,
2026-06-17 00:54:45,8c1f646190001ebd,total_volume,27344.0,1637,1634,
2026-06-17 00:54:45,8c1f646190001ebd,bandwidth,125000.0,1637,1634,
2026-06-17 00:54:45,8c1f646190001ebd,ambient_temp,22.5,1637,1634,
2026-06-17 00:54:45,8c1f646190001ebd,leak_status,2.0,1637,1634,
2026-06-17 00:54:45,8c1f646190001ebd,frame_counter,7917.0,1637,1634,
2026-06-17 00:54:45,8c1f646190001ebd,gateway_snr,5.800000190734863,1637,1634,24e124fffef949f8
2026-06-17 00:55:56,8c1f6461900021c5,gateway_rssi,-108.0,1637,1634,24e124fffef949f8
2026-06-17 00:55:56,8c1f6461900021c5,bandwidth,125000.0,1637,1634,
2026-06-17 00:55:56,8c1f6461900021c5,frame_counter,6811.0,1637,1634,
2026-06-17 00:55:56,8c1f6461900021c5,battery_recovered,3664.0,1637,1634,
2026-06-17 00:55:56,8c1f6461900021c5,gateway_snr,3.0,1637,1634,24e124fffef949f8
2026-06-17 00:55:56,8c1f6461900021c5,total_volume,12224.0,1637,1634,
2026-06-17 00:55:56,8c1f6461900021c5,water_temp_min,19.5,1637,1634,
2026-06-17 00:55:56,8c1f6461900021c5,payload,1.0,1637,1634,047309030000c02f0000000000001969090364f3cb0102e1e94f5155
2026-06-17 00:55:56,8c1f6461900021c5,ambient_temp,22.5,1637,1634,
2026-06-17 00:55:56,8c1f6461900021c5,leak_status,2.0,1637,1634,
2026-06-17 00:55:56,8c1f6461900021c5,water_temp_max,20.5,1637,1634,
2026-06-17 00:55:56,8c1f6461900021c5,battery,3600.0,1637,1634,
2026-06-17 00:55:56,8c1f6461900021c5,error_code,0.0,1637,1634,
2026-06-17 00:55:56,8c1f6461900021c5,spreading_factor,7.0,1637,1634,
2026-06-17 00:56:43,8c1f646190001901,frame_counter,7660.0,1637,1634,
2026-06-17 00:56:43,8c1f646190001901,battery,3592.0,1637,1634,
2026-06-17 00:56:43,8c1f646190001901,spreading_factor,7.0,1637,1634,
2026-06-17 00:56:43,8c1f646190001901,total_volume,13532.0,1637,1634,
2026-06-17 00:56:43,8c1f646190001901,payload,1.0,1637,1634,c27709030000dc34000005000000f3690903ad002f0202e0e9545a58
2026-06-17 00:56:43,8c1f646190001901,gateway_snr,6.0,1637,1634,24e124fffef94d5c
2026-06-17 00:56:43,8c1f646190001901,water_temp_max,25.0,1637,1634,
2026-06-17 00:56:43,8c1f646190001901,error_code,0.0,1637,1634,
2026-06-17 00:56:43,8c1f646190001901,ambient_temp,24.0,1637,1634,
2026-06-17 00:56:43,8c1f646190001901,bandwidth,125000.0,1637,1634,
2026-06-17 00:56:43,8c1f646190001901,gateway_rssi,-102.0,1637,1634,24e124fffef94d5c
2026-06-17 00:56:43,8c1f646190001901,battery_recovered,3664.0,1637,1634,
2026-06-17 00:56:43,8c1f646190001901,leak_status,2.0,1637,1634,
2026-06-17 00:56:43,8c1f646190001901,water_temp_min,22.0,1637,1634,
2026-06-17 00:57:55,8c1f646190001592,total_volume,33675.0,1637,1634,
2026-06-17 00:57:55,8c1f646190001592,error_code,0.0,1637,1634,
2026-06-17 00:57:55,8c1f646190001592,battery,3608.0,1637,1634,
2026-06-17 00:57:55,8c1f646190001592,water_temp_max,22.5,1637,1634,
2026-06-17 00:57:55,8c1f646190001592,spreading_factor,7.0,1637,1634,
2026-06-17 00:57:55,8c1f646190001592,leak_status,2.0,1637,1634,
2026-06-17 00:57:55,8c1f646190001592,water_temp_min,22.0,1637,1634,
2026-06-17 00:57:55,8c1f646190001592,battery_recovered,3672.0,1637,1634,
2026-06-17 00:57:55,8c1f646190001592,frame_counter,3616.0,1637,1634,
2026-06-17 00:57:55,8c1f646190001592,gateway_snr,8.0,1637,1634,24e124fffef949f8
2026-06-17 00:57:55,8c1f646190001592,bandwidth,125000.0,1637,1634,
2026-06-17 00:57:55,8c1f646190001592,ambient_temp,22.0,1637,1634,
2026-06-17 00:57:55,8c1f646190001592,gateway_rssi,-103.0,1637,1634,24e124fffef949f8
2026-06-17 00:57:55,8c1f646190001592,payload,1.0,1637,1634,0a57090300008b8300009eba0b003b490903f8007f0302e2ea545554
2026-06-17 00:58:28,8c1f646190001c9b,spreading_factor,7.0,1637,1634,
2026-06-17 00:58:28,8c1f646190001c9b,gateway_rssi,-104.0,1637,1634,24e124fffef94d5c
2026-06-17 00:58:28,8c1f646190001c9b,payload,1.0,1637,1634,0a720903000099b60000d0930e003b64090344028a0602e4e77b7c5a
2026-06-17 00:58:28,8c1f646190001c9b,battery,3624.0,1637,1634,
2026-06-17 00:58:28,8c1f646190001c9b,ambient_temp,25.0,1637,1634,
2026-06-17 00:58:28,8c1f646190001c9b,frame_counter,7504.0,1637,1634,
2026-06-17 00:58:28,8c1f646190001c9b,battery_recovered,3648.0,1637,1634,
2026-06-17 00:58:28,8c1f646190001c9b,total_volume,46745.0,1637,1634,
2026-06-17 00:58:28,8c1f646190001c9b,water_temp_min,41.5,1637,1634,
2026-06-17 00:58:28,8c1f646190001c9b,gateway_snr,5.199999809265137,1637,1634,24e124fffef94d5c
2026-06-17 00:58:28,8c1f646190001c9b,water_temp_max,42.0,1637,1634,
2026-06-17 00:58:28,8c1f646190001c9b,error_code,0.0,1637,1634,
2026-06-17 00:58:28,8c1f646190001c9b,leak_status,2.0,1637,1634,
2026-06-17 00:58:28,8c1f646190001c9b,bandwidth,125000.0,1637,1634,
2026-06-17 00:58:57,8c1f646190001947,water_temp_min,22.0,1637,1634,
2026-06-17 00:58:57,8c1f646190001947,ambient_temp,22.0,1637,1634,
2026-06-17 00:58:57,8c1f646190001947,gateway_snr,4.0,1637,1634,24e124fffef94d5c
2026-06-17 00:58:57,8c1f646190001947,frame_counter,7360.0,1637,1634,
2026-06-17 00:58:57,8c1f646190001947,water_temp_max,22.5,1637,1634,
2026-06-17 00:58:57,8c1f646190001947,gateway_rssi,-104.0,1637,1634,24e124fffef94d5c
2026-06-17 00:58:57,8c1f646190001947,error_code,0.0,1637,1634,
2026-06-17 00:58:57,8c1f646190001947,bandwidth,125000.0,1637,1634,
2026-06-17 00:58:57,8c1f646190001947,spreading_factor,7.0,1637,1634,
2026-06-17 00:58:57,8c1f646190001947,battery,3592.0,1637,1634,
2026-06-17 00:58:57,8c1f646190001947,total_volume,38253.0,1637,1634,
2026-06-17 00:58:57,8c1f646190001947,payload,1.0,1637,1634,7a91090300006d950000000000006f8309038f04560902e0e8545554
2026-06-17 00:58:57,8c1f646190001947,leak_status,2.0,1637,1634,
2026-06-17 00:58:57,8c1f646190001947,battery_recovered,3656.0,1637,1634,
2026-06-17 00:59:24,8c1f64619000177c,battery,3616.0,1637,1634,
2026-06-17 00:59:24,8c1f64619000177c,water_temp_min,21.5,1637,1634,
2026-06-17 00:59:24,8c1f64619000177c,payload,1.0,1637,1634,4558090300007fe1000000000000000000000000000000e3eb535455
2026-06-17 00:59:24,8c1f64619000177c,gateway_rssi,-99.0,1637,1634,24e124fffef949f8
2026-06-17 00:59:24,8c1f64619000177c,water_temp_max,22.0,1637,1634,
2026-06-17 00:59:24,8c1f64619000177c,error_code,0.0,1637,1634,
2026-06-17 00:59:24,8c1f64619000177c,frame_counter,6443.0,1637,1634,
2026-06-17 00:59:24,8c1f64619000177c,ambient_temp,22.5,1637,1634,
2026-06-17 00:59:24,8c1f64619000177c,gateway_snr,9.199999809265137,1637,1634,24e124fffef949f8
2026-06-17 00:59:24,8c1f64619000177c,leak_status,0.0,1637,1634,
2026-06-17 00:59:24,8c1f64619000177c,bandwidth,125000.0,1637,1634,
2026-06-17 00:59:24,8c1f64619000177c,battery_recovered,3680.0,1637,1634,
2026-06-17 00:59:24,8c1f64619000177c,spreading_factor,7.0,1637,1634,
2026-06-17 00:59:24,8c1f64619000177c,total_volume,57727.0,1637,1634,
2026-06-17 00:59:46,8c1f646190001c1c,bandwidth,125000.0,1637,1634,
2026-06-17 00:59:46,8c1f646190001c1c,spreading_factor,7.0,1637,1634,
2026-06-17 00:59:46,8c1f646190001c1c,payload,1.0,1637,1634,54510d030000319900004d0b0b0080430d03d5fe4a0702e4e8545554
2026-06-17 00:59:46,8c1f646190001c1c,error_code,0.0,1637,1634,
2026-06-17 00:59:46,8c1f646190001c1c,water_temp_max,22.5,1637,1634,
2026-06-17 00:59:46,8c1f646190001c1c,frame_counter,3662.0,1637,1634,
2026-06-17 00:59:46,8c1f646190001c1c,total_volume,39217.0,1637,1634,
2026-06-17 00:59:46,8c1f646190001c1c,gateway_rssi,-111.0,1637,1634,24e124fffef949f8
2026-06-17 00:59:46,8c1f646190001c1c,water_temp_min,22.0,1637,1634,
2026-06-17 00:59:46,8c1f646190001c1c,battery_recovered,3656.0,1637,1634,
2026-06-17 00:59:46,8c1f646190001c1c,gateway_snr,0.2000000029802322,1637,1634,24e124fffef949f8
2026-06-17 00:59:46,8c1f646190001c1c,battery,3624.0,1637,1634,
2026-06-17 00:59:46,8c1f646190001c1c,ambient_temp,22.0,1637,1634,
2026-06-17 00:59:46,8c1f646190001c1c,leak_status,2.0,1637,1634,
2026-06-17 01:01:15,8c1f6461900021db,error_code,0.0,1637,1634,
2026-06-17 01:01:15,8c1f6461900021db,spreading_factor,7.0,1637,1634,
2026-06-17 01:01:15,8c1f6461900021db,battery_recovered,3664.0,1637,1634,
2026-06-17 01:01:15,8c1f6461900021db,frame_counter,7752.0,1637,1634,
2026-06-17 01:01:15,8c1f6461900021db,bandwidth,125000.0,1637,1634,
2026-06-17 01:01:15,8c1f6461900021db,battery,3576.0,1637,1634,
2026-06-17 01:01:15,8c1f6461900021db,payload,1.0,1637,1634,824f09030000d13a0000694f05008141090324ff040102dee9515152
2026-06-17 01:01:15,8c1f6461900021db,water_temp_max,20.5,1637,1634,
2026-06-17 01:01:15,8c1f6461900021db,ambient_temp,21.0,1637,1634,
2026-06-17 01:01:15,8c1f6461900021db,gateway_snr,1.5,1637,1634,24e124fffef94d5c
2026-06-17 01:01:15,8c1f6461900021db,gateway_rssi,-107.0,1637,1634,24e124fffef94d5c
2026-06-17 01:01:15,8c1f6461900021db,leak_status,2.0,1637,1634,
2026-06-17 01:01:15,8c1f6461900021db,total_volume,15057.0,1637,1634,
2026-06-17 01:01:15,8c1f6461900021db,water_temp_min,20.5,1637,1634,
2026-06-17 01:02:52,8c1f6461900020d1,leak_status,2.0,1637,1634,
2026-06-17 01:02:52,8c1f6461900020d1,ambient_temp,23.5,1637,1634,
2026-06-17 01:02:52,8c1f6461900020d1,gateway_snr,6.800000190734863,1637,1634,24e124fffef949f8
2026-06-17 01:02:52,8c1f6461900020d1,battery,3576.0,1637,1634,
2026-06-17 01:02:52,8c1f6461900020d1,battery_recovered,3648.0,1637,1634,
2026-06-17 01:02:52,8c1f6461900020d1,total_volume,13636.0,1637,1634,
2026-06-17 01:02:52,8c1f6461900020d1,gateway_rssi,-106.0,1637,1634,24e124fffef949f8
2026-06-17 01:02:52,8c1f6461900020d1,water_temp_max,23.0,1637,1634,
2026-06-17 01:02:52,8c1f6461900020d1,bandwidth,125000.0,1637,1634,
2026-06-17 01:02:52,8c1f6461900020d1,water_temp_min,23.0,1637,1634,
2026-06-17 01:02:52,8c1f6461900020d1,payload,1.0,1637,1634,23540903000044350000e6fd04002c4609030a04500102dee7565657
2026-06-17 01:02:52,8c1f6461900020d1,frame_counter,6342.0,1637,1634,
2026-06-17 01:02:52,8c1f6461900020d1,spreading_factor,7.0,1637,1634,
2026-06-17 01:02:52,8c1f6461900020d1,error_code,0.0,1637,1634,
2026-06-17 01:03:16,24e124725d489523,bandwidth,125000.0,1637,1634,
2026-06-17 01:03:16,24e124725d489523,battery,39.0,1637,1634,
2026-06-17 01:03:16,24e124725d489523,payload,85.0,1637,1634,0175270367cd00046868
2026-06-17 01:03:16,24e124725d489523,spreading_factor,7.0,1637,1634,
2026-06-17 01:03:16,24e124725d489523,frame_counter,7472.0,1637,1634,
2026-06-17 01:03:16,24e124725d489523,temperature,20.5,1637,1634,
2026-06-17 01:03:16,24e124725d489523,humidity,52.0,1637,1634,
2026-06-17 01:03:16,24e124725d489523,gateway_rssi,-106.0,1637,1634,24e124fffef949f8
2026-06-17 01:03:16,24e124725d489523,gateway_snr,4.5,1637,1634,24e124fffef949f8
2026-06-17 01:03:38,8c1f6461900019cb,gateway_rssi,-104.0,1637,1634,24e124fffef94d5c
2026-06-17 01:03:38,8c1f6461900019cb,payload,1.0,1637,1634,c254090300003d29000000000000bb4609039e00070502e0ec505050
2026-06-17 01:03:38,8c1f6461900019cb,frame_counter,7810.0,1637,1634,
2026-06-17 01:03:38,8c1f6461900019cb,spreading_factor,7.0,1637,1634,
2026-06-17 01:03:38,8c1f6461900019cb,error_code,0.0,1637,1634,
2026-06-17 01:03:38,8c1f6461900019cb,gateway_snr,3.5,1637,1634,24e124fffef94d5c
2026-06-17 01:03:38,8c1f6461900019cb,ambient_temp,20.0,1637,1634,
2026-06-17 01:03:38,8c1f6461900019cb,water_temp_max,20.0,1637,1634,
2026-06-17 01:03:38,8c1f6461900019cb,bandwidth,125000.0,1637,1634,
2026-06-17 01:03:38,8c1f6461900019cb,total_volume,10557.0,1637,1634,
2026-06-17 01:03:38,8c1f6461900019cb,battery,3592.0,1637,1634,
2026-06-17 01:03:38,8c1f6461900019cb,water_temp_min,20.0,1637,1634,
2026-06-17 01:03:38,8c1f6461900019cb,leak_status,2.0,1637,1634,
2026-06-17 01:03:38,8c1f6461900019cb,battery_recovered,3688.0,1637,1634,
2026-06-17 01:03:45,8c1f64619000170a,error_code,0.0,1637,1634,
2026-06-17 01:03:45,8c1f64619000170a,ambient_temp,23.5,1637,1634,
2026-06-17 01:03:45,8c1f64619000170a,total_volume,154735.0,1637,1634,
2026-06-17 01:03:45,8c1f64619000170a,water_temp_max,23.5,1637,1634,
2026-06-17 01:03:45,8c1f64619000170a,spreading_factor,7.0,1637,1634,
2026-06-17 01:03:45,8c1f64619000170a,gateway_rssi,-103.0,1637,1634,24e124fffef94d5c
2026-06-17 01:03:45,8c1f64619000170a,bandwidth,125000.0,1637,1634,
2026-06-17 01:03:45,8c1f64619000170a,battery,3608.0,1637,1634,
2026-06-17 01:03:45,8c1f64619000170a,leak_status,2.0,1637,1634,
2026-06-17 01:03:45,8c1f64619000170a,payload,1.0,1637,1634,7597090300006f5c02007c270600a6890903bd1c040d02e2eb565757
2026-06-17 01:03:45,8c1f64619000170a,battery_recovered,3680.0,1637,1634,
2026-06-17 01:03:45,8c1f64619000170a,water_temp_min,23.0,1637,1634,
2026-06-17 01:03:45,8c1f64619000170a,gateway_snr,4.199999809265137,1637,1634,24e124fffef94d5c
2026-06-17 01:03:45,8c1f64619000170a,frame_counter,6649.0,1637,1634,
2026-06-17 01:04:42,8c1f6461900021da,error_code,0.0,1637,1634,
2026-06-17 01:04:42,8c1f6461900021da,total_volume,24734.0,1637,1634,
2026-06-17 01:04:42,8c1f6461900021da,water_temp_max,22.5,1637,1634,
2026-06-17 01:04:42,8c1f6461900021da,spreading_factor,7.0,1637,1634,
2026-06-17 01:04:42,8c1f6461900021da,ambient_temp,22.0,1637,1634,
2026-06-17 01:04:42,8c1f6461900021da,gateway_snr,7.0,1637,1634,24e124fffef94d5c
2026-06-17 01:04:42,8c1f6461900021da,gateway_rssi,-101.0,1637,1634,24e124fffef94d5c
2026-06-17 01:04:42,8c1f6461900021da,leak_status,2.0,1637,1634,
2026-06-17 01:04:42,8c1f6461900021da,frame_counter,7485.0,1637,1634,
2026-06-17 01:04:42,8c1f6461900021da,water_temp_min,22.0,1637,1634,
2026-06-17 01:04:42,8c1f6461900021da,battery_recovered,3664.0,1637,1634,
2026-06-17 01:04:42,8c1f6461900021da,bandwidth,125000.0,1637,1634,
2026-06-17 01:04:42,8c1f6461900021da,battery,3592.0,1637,1634,
2026-06-17 01:04:42,8c1f6461900021da,payload,1.0,1637,1634,4535090300009e600000f79008004c2709034305f20202e0e9545554
2026-06-17 01:05:04,8c1f646190001963,total_volume,15800.0,1637,1634,
2026-06-17 01:05:04,8c1f646190001963,water_temp_max,21.5,1637,1634,
2026-06-17 01:05:04,8c1f646190001963,water_temp_min,21.5,1637,1634,
2026-06-17 01:05:04,8c1f646190001963,gateway_snr,9.199999809265137,1637,1634,24e124fffef94d5c
2026-06-17 01:05:04,8c1f646190001963,spreading_factor,7.0,1637,1634,
2026-06-17 01:05:04,8c1f646190001963,battery,3592.0,1637,1634,
2026-06-17 01:05:04,8c1f646190001963,error_code,0.0,1637,1634,
2026-06-17 01:05:04,8c1f646190001963,bandwidth,125000.0,1637,1634,
2026-06-17 01:05:04,8c1f646190001963,gateway_rssi,-96.0,1637,1634,24e124fffef94d5c
2026-06-17 01:05:04,8c1f646190001963,payload,1.0,1637,1634,8c8f09030000b83d00000000000099810903a503a90702e0eb535352
2026-06-17 01:05:04,8c1f646190001963,ambient_temp,21.0,1637,1634,
2026-06-17 01:05:04,8c1f646190001963,battery_recovered,3680.0,1637,1634,
2026-06-17 01:05:04,8c1f646190001963,frame_counter,7729.0,1637,1634,
2026-06-17 01:05:04,8c1f646190001963,leak_status,2.0,1637,1634,
2026-06-17 01:06:40,8c1f646190001e41,spreading_factor,7.0,1637,1634,
2026-06-17 01:06:40,8c1f646190001e41,payload,1.0,1637,1634,b98509030000f1a500005c110f00bb770903adfe6a0102e8ec808159
2026-06-17 01:06:40,8c1f646190001e41,gateway_rssi,-107.0,1637,1634,24e124fffef949f8
2026-06-17 01:06:40,8c1f646190001e41,water_temp_min,44.0,1637,1634,
2026-06-17 01:06:40,8c1f646190001e41,error_code,0.0,1637,1634,
2026-06-17 01:06:40,8c1f646190001e41,frame_counter,3556.0,1637,1634,
2026-06-17 01:06:40,8c1f646190001e41,water_temp_max,44.5,1637,1634,
2026-06-17 01:06:40,8c1f646190001e41,battery_recovered,3688.0,1637,1634,
2026-06-17 01:06:40,8c1f646190001e41,gateway_snr,3.200000047683716,1637,1634,24e124fffef949f8
2026-06-17 01:06:40,8c1f646190001e41,total_volume,42481.0,1637,1634,
2026-06-17 01:06:40,8c1f646190001e41,leak_status,2.0,1637,1634,
2026-06-17 01:06:40,8c1f646190001e41,bandwidth,125000.0,1637,1634,
2026-06-17 01:06:40,8c1f646190001e41,ambient_temp,24.5,1637,1634,
2026-06-17 01:06:40,8c1f646190001e41,battery,3656.0,1637,1634,
2026-06-17 01:07:34,8c1f646190002120,leak_status,2.0,1637,1634,
2026-06-17 01:07:34,8c1f646190002120,frame_counter,3613.0,1637,1634,
2026-06-17 01:07:34,8c1f646190002120,spreading_factor,7.0,1637,1634,
2026-06-17 01:07:34,8c1f646190002120,ambient_temp,22.0,1637,1634,
2026-06-17 01:07:34,8c1f646190002120,bandwidth,125000.0,1637,1634,
2026-06-17 01:07:34,8c1f646190002120,battery_recovered,3680.0,1637,1634,
2026-06-17 01:07:34,8c1f646190002120,water_temp_min,22.0,1637,1634,
2026-06-17 01:07:34,8c1f646190002120,battery,3656.0,1637,1634,
2026-06-17 01:07:34,8c1f646190002120,error_code,0.0,1637,1634,
2026-06-17 01:07:34,8c1f646190002120,water_temp_max,22.5,1637,1634,
2026-06-17 01:07:34,8c1f646190002120,gateway_snr,9.0,1637,1634,24e124fffef949f8
2026-06-17 01:07:34,8c1f646190002120,gateway_rssi,-102.0,1637,1634,24e124fffef949f8
2026-06-17 01:07:34,8c1f646190002120,total_volume,42375.0,1637,1634,
2026-06-17 01:07:34,8c1f646190002120,payload,1.0,1637,1634,36720903000087a50000f5e70d004164090385007c0002e8eb545554
2026-06-17 01:08:06,8c1f6461900015c1,leak_status,2.0,1637,1634,
2026-06-17 01:08:06,8c1f6461900015c1,gateway_rssi,-94.0,1637,1634,24e124fffef94d5c
2026-06-17 01:08:06,8c1f6461900015c1,water_temp_max,21.5,1637,1634,
2026-06-17 01:08:06,8c1f6461900015c1,water_temp_min,21.5,1637,1634,
2026-06-17 01:08:06,8c1f6461900015c1,spreading_factor,7.0,1637,1634,
2026-06-17 01:08:06,8c1f6461900015c1,bandwidth,125000.0,1637,1634,
2026-06-17 01:08:06,8c1f6461900015c1,battery_recovered,3688.0,1637,1634,
2026-06-17 01:08:06,8c1f6461900015c1,total_volume,18981.0,1637,1634,
2026-06-17 01:08:06,8c1f6461900015c1,battery,3592.0,1637,1634,
2026-06-17 01:08:06,8c1f6461900015c1,error_code,0.0,1637,1634,
2026-06-17 01:08:06,8c1f6461900015c1,ambient_temp,21.5,1637,1634,
2026-06-17 01:08:06,8c1f6461900015c1,frame_counter,7601.0,1637,1634,
2026-06-17 01:08:06,8c1f6461900015c1,gateway_snr,11.199999809265137,1637,1634,24e124fffef94d5c
2026-06-17 01:08:06,8c1f6461900015c1,payload,1.0,1637,1634,6a4c09030000254a000000000000693e0903bdfebd0102e0ec535353
2026-06-17 01:09:19,8c1f646190001b0f,battery_recovered,3648.0,1637,1634,
2026-06-17 01:09:19,8c1f646190001b0f,battery,3592.0,1637,1634,
2026-06-17 01:09:19,8c1f646190001b0f,error_code,0.0,1637,1634,
2026-06-17 01:09:19,8c1f646190001b0f,payload,1.0,1637,1634,af6e09030000f2890000e6e30a00ca6009036702650102e0e7555654
2026-06-17 01:09:19,8c1f646190001b0f,leak_status,2.0,1637,1634,
2026-06-17 01:09:19,8c1f646190001b0f,gateway_rssi,-111.0,1637,1634,24e124fffef94d5c
2026-06-17 01:09:19,8c1f646190001b0f,frame_counter,6518.0,1637,1634,
2026-06-17 01:09:19,8c1f646190001b0f,total_volume,35314.0,1637,1634,
2026-06-17 01:09:19,8c1f646190001b0f,bandwidth,125000.0,1637,1634,
2026-06-17 01:09:19,8c1f646190001b0f,gateway_snr,-8.199999809265137,1637,1634,24e124fffef94d5c
2026-06-17 01:09:19,8c1f646190001b0f,water_temp_min,22.5,1637,1634,
2026-06-17 01:09:19,8c1f646190001b0f,water_temp_max,23.0,1637,1634,
2026-06-17 01:09:19,8c1f646190001b0f,spreading_factor,7.0,1637,1634,
2026-06-17 01:09:19,8c1f646190001b0f,ambient_temp,22.0,1637,1634,
2026-06-17 01:09:46,8c1f64619000228d,water_temp_max,20.5,1637,1634,
2026-06-17 01:09:46,8c1f64619000228d,ambient_temp,22.5,1637,1634,
2026-06-17 01:09:46,8c1f64619000228d,water_temp_min,20.0,1637,1634,
2026-06-17 01:09:46,8c1f64619000228d,spreading_factor,7.0,1637,1634,
2026-06-17 01:09:46,8c1f64619000228d,battery_recovered,3648.0,1637,1634,
2026-06-17 01:09:46,8c1f64619000228d,frame_counter,6423.0,1637,1634,
2026-06-17 01:09:46,8c1f64619000228d,bandwidth,125000.0,1637,1634,
2026-06-17 01:09:46,8c1f64619000228d,total_volume,18056.0,1637,1634,
2026-06-17 01:09:46,8c1f64619000228d,gateway_snr,9.5,1637,1634,24e124fffef94d5c
2026-06-17 01:09:46,8c1f64619000228d,leak_status,2.0,1637,1634,
2026-06-17 01:09:46,8c1f64619000228d,payload,1.0,1637,1634,b03f0903000088460000000000000b320903590ddf0802e3e7505155
2026-06-17 01:09:46,8c1f64619000228d,gateway_rssi,-97.0,1637,1634,24e124fffef94d5c
2026-06-17 01:09:46,8c1f64619000228d,battery,3616.0,1637,1634,
2026-06-17 01:09:46,8c1f64619000228d,error_code,0.0,1637,1634,
2026-06-17 01:09:47,8c1f6461900014f5,ambient_temp,22.5,1637,1634,
2026-06-17 01:09:47,8c1f6461900014f5,spreading_factor,7.0,1637,1634,
2026-06-17 01:09:47,8c1f6461900014f5,total_volume,22134.0,1637,1634,
2026-06-17 01:09:47,8c1f6461900014f5,gateway_rssi,-103.0,1637,1634,24e124fffef949f8
2026-06-17 01:09:47,8c1f6461900014f5,water_temp_min,21.5,1637,1634,
2026-06-17 01:09:47,8c1f6461900014f5,water_temp_max,22.0,1637,1634,
2026-06-17 01:09:47,8c1f6461900014f5,error_code,0.0,1637,1634,
2026-06-17 01:09:47,8c1f6461900014f5,leak_status,2.0,1637,1634,
2026-06-17 01:09:47,8c1f6461900014f5,bandwidth,125000.0,1637,1634,
2026-06-17 01:09:47,8c1f6461900014f5,gateway_snr,5.5,1637,1634,24e124fffef949f8
2026-06-17 01:09:47,8c1f6461900014f5,battery_recovered,3664.0,1637,1634,
2026-06-17 01:09:47,8c1f6461900014f5,battery,3632.0,1637,1634,
2026-06-17 01:09:47,8c1f6461900014f5,frame_counter,3572.0,1637,1634,
2026-06-17 01:09:47,8c1f6461900014f5,payload,1.0,1637,1634,53550d030000765600000000000056470d03cbfd3c0b02e5e9535455
2026-06-17 01:10:59,8c1f64619000177c,leak_status,0.0,1637,1634,
2026-06-17 01:10:59,8c1f64619000177c,payload,1.0,1637,1634,354a090300007ae1000000000000000000000000000000e7eb535354
2026-06-17 01:10:59,8c1f64619000177c,gateway_rssi,-100.0,1637,1634,24e124fffef949f8
2026-06-17 01:10:59,8c1f64619000177c,gateway_snr,10.0,1637,1634,24e124fffef949f8
2026-06-17 01:10:59,8c1f64619000177c,spreading_factor,7.0,1637,1634,
2026-06-17 01:10:59,8c1f64619000177c,total_volume,57722.0,1637,1634,
2026-06-17 01:10:59,8c1f64619000177c,ambient_temp,22.0,1637,1634,
2026-06-17 01:10:59,8c1f64619000177c,bandwidth,125000.0,1637,1634,
2026-06-17 01:10:59,8c1f64619000177c,battery,3648.0,1637,1634,
2026-06-17 01:10:59,8c1f64619000177c,water_temp_max,21.5,1637,1634,
2026-06-17 01:10:59,8c1f64619000177c,error_code,0.0,1637,1634,
2026-06-17 01:10:59,8c1f64619000177c,frame_counter,6441.0,1637,1634,
2026-06-17 01:10:59,8c1f64619000177c,battery_recovered,3680.0,1637,1634,
2026-06-17 01:10:59,8c1f64619000177c,water_temp_min,21.5,1637,1634,
2026-06-17 01:11:20,8c1f646190002222,error_code,0.0,1637,1634,
2026-06-17 01:11:20,8c1f646190002222,payload,1.0,1637,1634,0144090300005d780000080000001f360903e401a50002e9ec555554
2026-06-17 01:11:20,8c1f646190002222,battery,3664.0,1637,1634,
2026-06-17 01:11:20,8c1f646190002222,spreading_factor,7.0,1637,1634,
2026-06-17 01:11:20,8c1f646190002222,gateway_snr,2.0,1637,1634,24e124fffef949f8
2026-06-17 01:11:20,8c1f646190002222,water_temp_min,22.5,1637,1634,
2026-06-17 01:11:20,8c1f646190002222,battery_recovered,3688.0,1637,1634,
2026-06-17 01:11:20,8c1f646190002222,leak_status,2.0,1637,1634,
2026-06-17 01:11:20,8c1f646190002222,water_temp_max,22.5,1637,1634,
2026-06-17 01:11:20,8c1f646190002222,gateway_rssi,-110.0,1637,1634,24e124fffef949f8
2026-06-17 01:11:20,8c1f646190002222,total_volume,30813.0,1637,1634,
2026-06-17 01:11:20,8c1f646190002222,bandwidth,125000.0,1637,1634,
2026-06-17 01:11:20,8c1f646190002222,ambient_temp,22.0,1637,1634,
2026-06-17 01:11:20,8c1f646190002222,frame_counter,3632.0,1637,1634,
2026-06-17 01:11:40,8c1f646190001b91,spreading_factor,7.0,1637,1634,
2026-06-17 01:11:40,8c1f646190001b91,battery_recovered,3656.0,1637,1634,
2026-06-17 01:11:40,8c1f646190001b91,total_volume,46881.0,1637,1634,
2026-06-17 01:11:40,8c1f646190001b91,error_code,0.0,1637,1634,
2026-06-17 01:11:40,8c1f646190001b91,water_temp_max,50.0,1637,1634,
2026-06-17 01:11:40,8c1f646190001b91,leak_status,2.0,1637,1634,
2026-06-17 01:11:40,8c1f646190001b91,water_temp_min,27.0,1637,1634,
2026-06-17 01:11:40,8c1f646190001b91,bandwidth,125000.0,1637,1634,
2026-06-17 01:11:40,8c1f646190001b91,battery,3568.0,1637,1634,
2026-06-17 01:11:40,8c1f646190001b91,frame_counter,6533.0,1637,1634,
2026-06-17 01:11:40,8c1f646190001b91,payload,1.0,1637,1634,f2720903000021b70000a2cb0e00936c0903f9ff840402dde85e8c57
2026-06-17 01:11:40,8c1f646190001b91,ambient_temp,23.5,1637,1634,
2026-06-17 01:11:40,8c1f646190001b91,gateway_snr,6.800000190734863,1637,1634,24e124fffef94d5c
2026-06-17 01:11:40,8c1f646190001b91,gateway_rssi,-101.0,1637,1634,24e124fffef94d5c
2026-06-17 01:12:15,8c1f6461900019cf,battery,3632.0,1637,1634,
2026-06-17 01:12:15,8c1f6461900019cf,spreading_factor,7.0,1637,1634,
2026-06-17 01:12:15,8c1f6461900019cf,error_code,0.0,1637,1634,
2026-06-17 01:12:15,8c1f6461900019cf,frame_counter,3545.0,1637,1634,
2026-06-17 01:12:15,8c1f6461900019cf,ambient_temp,21.5,1637,1634,
2026-06-17 01:12:15,8c1f6461900019cf,water_temp_max,22.0,1637,1634,
2026-06-17 01:12:15,8c1f6461900019cf,leak_status,0.0,1637,1634,
2026-06-17 01:12:15,8c1f6461900019cf,battery_recovered,3656.0,1637,1634,
2026-06-17 01:12:15,8c1f6461900019cf,bandwidth,125000.0,1637,1634,
2026-06-17 01:12:15,8c1f6461900019cf,gateway_rssi,-101.0,1637,1634,24e124fffef949f8
2026-06-17 01:12:15,8c1f6461900019cf,payload,1.0,1637,1634,817d09030000df0a010000000000000000000000000000e5e8545453
2026-06-17 01:12:15,8c1f6461900019cf,gateway_snr,7.800000190734863,1637,1634,24e124fffef949f8
2026-06-17 01:12:15,8c1f6461900019cf,water_temp_min,22.0,1637,1634,
2026-06-17 01:12:15,8c1f6461900019cf,total_volume,68319.0,1637,1634,
2026-06-17 01:12:39,8c1f646190002206,battery_recovered,3672.0,1637,1634,
2026-06-17 01:12:39,8c1f646190002206,spreading_factor,7.0,1637,1634,
2026-06-17 01:12:39,8c1f646190002206,payload,1.0,1637,1634,09800903000056130300c74f0f00000000000000000000e1ea545454
2026-06-17 01:12:39,8c1f646190002206,total_volume,201558.0,1637,1634,
2026-06-17 01:12:39,8c1f646190002206,gateway_snr,7.199999809265137,1637,1634,24e124fffef94d5c
2026-06-17 01:12:39,8c1f646190002206,ambient_temp,22.0,1637,1634,
2026-06-17 01:12:39,8c1f646190002206,error_code,0.0,1637,1634,
2026-06-17 01:12:39,8c1f646190002206,water_temp_min,22.0,1637,1634,
2026-06-17 01:12:39,8c1f646190002206,battery,3600.0,1637,1634,
2026-06-17 01:12:39,8c1f646190002206,leak_status,0.0,1637,1634,
2026-06-17 01:12:39,8c1f646190002206,frame_counter,7004.0,1637,1634,
2026-06-17 01:12:39,8c1f646190002206,gateway_rssi,-101.0,1637,1634,24e124fffef94d5c
2026-06-17 01:12:39,8c1f646190002206,water_temp_max,22.0,1637,1634,
2026-06-17 01:12:39,8c1f646190002206,bandwidth,125000.0,1637,1634,
2026-06-17 01:13:11,24e124725d489523,gateway_snr,2.200000047683716,1637,1634,24e124fffef949f8
2026-06-17 01:13:11,24e124725d489523,battery,39.0,1637,1634,
2026-06-17 01:13:11,24e124725d489523,payload,85.0,1637,1634,0175270367cd00046868
2026-06-17 01:13:11,24e124725d489523,frame_counter,7473.0,1637,1634,
2026-06-17 01:13:11,24e124725d489523,humidity,52.0,1637,1634,
2026-06-17 01:13:11,24e124725d489523,gateway_rssi,-105.0,1637,1634,24e124fffef949f8
2026-06-17 01:13:11,24e124725d489523,spreading_factor,7.0,1637,1634,
2026-06-17 01:13:11,24e124725d489523,bandwidth,125000.0,1637,1634,
2026-06-17 01:13:11,24e124725d489523,temperature,20.5,1637,1634,
2026-06-17 01:14:15,8c1f646190001bf1,bandwidth,125000.0,1637,1634,
2026-06-17 01:14:15,8c1f646190001bf1,water_temp_min,22.0,1637,1634,
2026-06-17 01:14:15,8c1f646190001bf1,spreading_factor,7.0,1637,1634,
2026-06-17 01:14:15,8c1f646190001bf1,battery_recovered,3672.0,1637,1634,
2026-06-17 01:14:15,8c1f646190001bf1,battery,3600.0,1637,1634,
2026-06-17 01:14:15,8c1f646190001bf1,frame_counter,6320.0,1637,1634,
2026-06-17 01:14:15,8c1f646190001bf1,water_temp_max,22.0,1637,1634,
2026-06-17 01:14:15,8c1f646190001bf1,total_volume,33446.0,1637,1634,
2026-06-17 01:14:15,8c1f646190001bf1,payload,1.0,1637,1634,e18809030000a6820000c88c0b00f67a09039601370102e1ea545453
2026-06-17 01:14:15,8c1f646190001bf1,gateway_rssi,-103.0,1637,1634,24e124fffef94d5c
2026-06-17 01:14:15,8c1f646190001bf1,leak_status,2.0,1637,1634,
2026-06-17 01:14:15,8c1f646190001bf1,error_code,0.0,1637,1634,
2026-06-17 01:14:15,8c1f646190001bf1,gateway_snr,5.5,1637,1634,24e124fffef94d5c
2026-06-17 01:14:15,8c1f646190001bf1,ambient_temp,21.5,1637,1634,
2026-06-17 01:14:22,8c1f646190001dd8,leak_status,2.0,1637,1634,
2026-06-17 01:14:22,8c1f646190001dd8,error_code,0.0,1637,1634,
2026-06-17 01:14:22,8c1f646190001dd8,spreading_factor,7.0,1637,1634,
2026-06-17 01:14:22,8c1f646190001dd8,ambient_temp,22.0,1637,1634,
2026-06-17 01:14:22,8c1f646190001dd8,gateway_rssi,-111.0,1637,1634,24e124fffef949f8
2026-06-17 01:14:22,8c1f646190001dd8,frame_counter,3735.0,1637,1634,
2026-06-17 01:14:22,8c1f646190001dd8,water_temp_min,22.0,1637,1634,
2026-06-17 01:14:22,8c1f646190001dd8,battery_recovered,3664.0,1637,1634,
2026-06-17 01:14:22,8c1f646190001dd8,payload,1.0,1637,1634,5b6f09030000afda000008e011007a61090345026e0202e4e9545454
2026-06-17 01:14:22,8c1f646190001dd8,total_volume,55983.0,1637,1634,
2026-06-17 01:14:22,8c1f646190001dd8,water_temp_max,22.0,1637,1634,
2026-06-17 01:14:22,8c1f646190001dd8,bandwidth,125000.0,1637,1634,
2026-06-17 01:14:22,8c1f646190001dd8,battery,3624.0,1637,1634,
2026-06-17 01:14:22,8c1f646190001dd8,gateway_snr,0.800000011920929,1637,1634,24e124fffef949f8
2026-06-17 01:14:32,8c1f6461900021e0,spreading_factor,7.0,1637,1634,
2026-06-17 01:14:32,8c1f6461900021e0,battery_recovered,3696.0,1637,1634,
2026-06-17 01:14:32,8c1f6461900021e0,gateway_rssi,-104.0,1637,1634,24e124fffef949f8
2026-06-17 01:14:32,8c1f6461900021e0,ambient_temp,22.0,1637,1634,
2026-06-17 01:14:32,8c1f6461900021e0,water_temp_max,22.0,1637,1634,
2026-06-17 01:14:32,8c1f6461900021e0,leak_status,0.0,1637,1634,
2026-06-17 01:14:32,8c1f6461900021e0,water_temp_min,22.0,1637,1634,
2026-06-17 01:14:32,8c1f6461900021e0,payload,1.0,1637,1634,aa4f09030000582d010000000000000000000000000000e9ed545454
2026-06-17 01:14:32,8c1f6461900021e0,error_code,0.0,1637,1634,
2026-06-17 01:14:32,8c1f6461900021e0,total_volume,77144.0,1637,1634,
2026-06-17 01:14:32,8c1f6461900021e0,frame_counter,2239.0,1637,1634,
2026-06-17 01:14:32,8c1f6461900021e0,gateway_snr,8.5,1637,1634,24e124fffef949f8
2026-06-17 01:14:32,8c1f6461900021e0,bandwidth,125000.0,1637,1634,
2026-06-17 01:14:32,8c1f6461900021e0,battery,3664.0,1637,1634,
2026-06-17 01:15:44,8c1f646190001968,frame_counter,3617.0,1637,1634,
2026-06-17 01:15:44,8c1f646190001968,gateway_snr,7.199999809265137,1637,1634,24e124fffef949f8
2026-06-17 01:15:44,8c1f646190001968,ambient_temp,23.5,1637,1634,
2026-06-17 01:15:44,8c1f646190001968,water_temp_max,23.5,1637,1634,
2026-06-17 01:15:44,8c1f646190001968,total_volume,71245.0,1637,1634,
2026-06-17 01:15:44,8c1f646190001968,gateway_rssi,-106.0,1637,1634,24e124fffef949f8
2026-06-17 01:15:44,8c1f646190001968,payload,1.0,1637,1634,e667090300004d160100af291800eb59090323ef150202e8eb565757
2026-06-17 01:15:44,8c1f646190001968,leak_status,2.0,1637,1634,
2026-06-17 01:15:44,8c1f646190001968,bandwidth,125000.0,1637,1634,
2026-06-17 01:15:44,8c1f646190001968,water_temp_min,23.0,1637,1634,
2026-06-17 01:15:44,8c1f646190001968,battery,3656.0,1637,1634,
2026-06-17 01:15:44,8c1f646190001968,error_code,0.0,1637,1634,
2026-06-17 01:15:44,8c1f646190001968,spreading_factor,7.0,1637,1634,
2026-06-17 01:15:44,8c1f646190001968,battery_recovered,3680.0,1637,1634,
2026-06-17 01:17:00,8c1f646190002291,ambient_temp,21.0,1637,1634,
2026-06-17 01:17:00,8c1f646190002291,water_temp_max,21.0,1637,1634,
2026-06-17 01:17:00,8c1f646190002291,frame_counter,6849.0,1637,1634,
2026-06-17 01:17:00,8c1f646190002291,total_volume,398727.0,1637,1634,
2026-06-17 01:17:00,8c1f646190002291,battery_recovered,3664.0,1637,1634,
2026-06-17 01:17:00,8c1f646190002291,battery,3584.0,1637,1634,
2026-06-17 01:17:00,8c1f646190002291,gateway_rssi,-110.0,1637,1634,24e124fffef949f8
2026-06-17 01:17:00,8c1f646190002291,bandwidth,125000.0,1637,1634,
2026-06-17 01:17:00,8c1f646190002291,water_temp_min,21.0,1637,1634,
2026-06-17 01:17:00,8c1f646190002291,gateway_snr,0.800000011920929,1637,1634,24e124fffef949f8
2026-06-17 01:17:00,8c1f646190002291,leak_status,3.0,1637,1634,
2026-06-17 01:17:00,8c1f646190002291,error_code,0.0,1637,1634,
2026-06-17 01:17:00,8c1f646190002291,payload,1.0,1637,1634,689d090300008715060000000000861609035a02000003dfe9525252
2026-06-17 01:17:00,8c1f646190002291,spreading_factor,7.0,1637,1634,
2026-06-17 01:19:37,8c1f64619000160f,battery_recovered,3672.0,1637,1634,
2026-06-17 01:19:37,8c1f64619000160f,ambient_temp,23.0,1637,1634,
2026-06-17 01:19:37,8c1f64619000160f,bandwidth,125000.0,1637,1634,
2026-06-17 01:19:37,8c1f64619000160f,spreading_factor,7.0,1637,1634,
2026-06-17 01:19:37,8c1f64619000160f,total_volume,119861.0,1637,1634,
2026-06-17 01:19:37,8c1f64619000160f,water_temp_max,22.5,1637,1634,
2026-06-17 01:19:37,8c1f64619000160f,leak_status,0.0,1637,1634,
2026-06-17 01:19:37,8c1f64619000160f,error_code,0.0,1637,1634,
2026-06-17 01:19:37,8c1f64619000160f,frame_counter,3630.0,1637,1634,
2026-06-17 01:19:37,8c1f64619000160f,gateway_snr,4.199999809265137,1637,1634,24e124fffef949f8
2026-06-17 01:19:37,8c1f64619000160f,payload,1.0,1637,1634,24580d03000035d4010008000000000000000000000000e7ea555556
2026-06-17 01:19:37,8c1f64619000160f,battery,3648.0,1637,1634,
2026-06-17 01:19:37,8c1f64619000160f,water_temp_min,22.5,1637,1634,
2026-06-17 01:19:37,8c1f64619000160f,gateway_rssi,-109.0,1637,1634,24e124fffef949f8
2026-06-17 01:22:03,8c1f646190001ec9,payload,1.0,1637,1634,c64f09030000fc860000f75a0b00ee410903d102860202e1e9525351
2026-06-17 01:22:03,8c1f646190001ec9,water_temp_max,21.5,1637,1634,
2026-06-17 01:22:03,8c1f646190001ec9,spreading_factor,7.0,1637,1634,
2026-06-17 01:22:03,8c1f646190001ec9,gateway_snr,-0.2000000029802322,1637,1634,24e124fffef94d5c
2026-06-17 01:22:03,8c1f646190001ec9,bandwidth,125000.0,1637,1634,
2026-06-17 01:22:03,8c1f646190001ec9,gateway_rssi,-102.0,1637,1634,24e124fffef94d5c
2026-06-17 01:22:03,8c1f646190001ec9,battery,3600.0,1637,1634,
2026-06-17 01:22:03,8c1f646190001ec9,battery_recovered,3664.0,1637,1634,
2026-06-17 01:22:03,8c1f646190001ec9,ambient_temp,20.5,1637,1634,
2026-06-17 01:22:03,8c1f646190001ec9,total_volume,34556.0,1637,1634,
2026-06-17 01:22:03,8c1f646190001ec9,frame_counter,6552.0,1637,1634,
2026-06-17 01:22:03,8c1f646190001ec9,leak_status,2.0,1637,1634,
2026-06-17 01:22:03,8c1f646190001ec9,water_temp_min,21.0,1637,1634,
2026-06-17 01:22:03,8c1f646190001ec9,error_code,0.0,1637,1634,
2026-06-17 01:22:38,8c1f6461900015ba,gateway_snr,5.0,1637,1634,24e124fffef949f8
2026-06-17 01:22:38,8c1f6461900015ba,frame_counter,7255.0,1637,1634,
2026-06-17 01:22:38,8c1f6461900015ba,battery,3656.0,1637,1634,
2026-06-17 01:22:38,8c1f6461900015ba,water_temp_max,21.0,1637,1634,
2026-06-17 01:22:38,8c1f6461900015ba,leak_status,2.0,1637,1634,
2026-06-17 01:22:38,8c1f6461900015ba,ambient_temp,21.0,1637,1634,
2026-06-17 01:22:38,8c1f6461900015ba,payload,1.0,1637,1634,9e8609030000911b000000000000a67809030dff850302e8eb525252
2026-06-17 01:22:38,8c1f6461900015ba,error_code,0.0,1637,1634,
2026-06-17 01:22:38,8c1f6461900015ba,bandwidth,125000.0,1637,1634,
2026-06-17 01:22:38,8c1f6461900015ba,total_volume,7057.0,1637,1634,
2026-06-17 01:22:38,8c1f6461900015ba,gateway_rssi,-107.0,1637,1634,24e124fffef949f8
2026-06-17 01:22:38,8c1f6461900015ba,spreading_factor,7.0,1637,1634,
2026-06-17 01:22:38,8c1f6461900015ba,water_temp_min,21.0,1637,1634,
2026-06-17 01:22:38,8c1f6461900015ba,battery_recovered,3680.0,1637,1634,
2026-06-17 01:23:13,24e124725d489523,battery,39.0,1637,1634,
2026-06-17 01:23:13,24e124725d489523,payload,85.0,1637,1634,0175270367cd00046868
2026-06-17 01:23:13,24e124725d489523,humidity,52.0,1637,1634,
2026-06-17 01:23:13,24e124725d489523,bandwidth,125000.0,1637,1634,
2026-06-17 01:23:13,24e124725d489523,temperature,20.5,1637,1634,
2026-06-17 01:23:13,24e124725d489523,gateway_snr,5.800000190734863,1637,1634,24e124fffef949f8
2026-06-17 01:23:13,24e124725d489523,frame_counter,7474.0,1637,1634,
2026-06-17 01:23:13,24e124725d489523,gateway_rssi,-107.0,1637,1634,24e124fffef949f8
2026-06-17 01:23:13,24e124725d489523,spreading_factor,7.0,1637,1634,
2026-06-17 01:23:31,8c1f646190001743,payload,1.0,1637,1634,e97c09030000681f000000000000da6e09037702350202e6ec555557
2026-06-17 01:23:31,8c1f646190001743,water_temp_min,22.5,1637,1634,
2026-06-17 01:23:31,8c1f646190001743,frame_counter,1974.0,1637,1634,
2026-06-17 01:23:31,8c1f646190001743,total_volume,8040.0,1637,1634,
2026-06-17 01:23:31,8c1f646190001743,gateway_snr,-7.0,1637,1634,24e124fffef949f8
2026-06-17 01:23:31,8c1f646190001743,spreading_factor,7.0,1637,1634,
2026-06-17 01:23:31,8c1f646190001743,gateway_rssi,-113.0,1637,1634,24e124fffef949f8
2026-06-17 01:23:31,8c1f646190001743,battery_recovered,3688.0,1637,1634,
2026-06-17 01:23:31,8c1f646190001743,error_code,0.0,1637,1634,
2026-06-17 01:23:31,8c1f646190001743,battery,3640.0,1637,1634,
2026-06-17 01:23:31,8c1f646190001743,bandwidth,125000.0,1637,1634,
2026-06-17 01:23:31,8c1f646190001743,ambient_temp,23.5,1637,1634,
2026-06-17 01:23:31,8c1f646190001743,water_temp_max,22.5,1637,1634,
2026-06-17 01:23:31,8c1f646190001743,leak_status,2.0,1637,1634,
2026-06-17 01:24:32,8c1f6461900015ed,water_temp_min,21.0,1637,1634,
2026-06-17 01:24:32,8c1f6461900015ed,total_volume,25835.0,1637,1634,
2026-06-17 01:24:32,8c1f6461900015ed,spreading_factor,7.0,1637,1634,
2026-06-17 01:24:32,8c1f6461900015ed,gateway_rssi,-94.0,1637,1634,24e124fffef94d5c
2026-06-17 01:24:32,8c1f6461900015ed,error_code,0.0,1637,1634,
2026-06-17 01:24:32,8c1f6461900015ed,battery_recovered,3680.0,1637,1634,
2026-06-17 01:24:32,8c1f6461900015ed,payload,1.0,1637,1634,357b09030000eb6400000ea40900476d0903a000010202e3eb525253
2026-06-17 01:24:32,8c1f6461900015ed,leak_status,2.0,1637,1634,
2026-06-17 01:24:32,8c1f6461900015ed,ambient_temp,21.5,1637,1634,
2026-06-17 01:24:32,8c1f6461900015ed,gateway_snr,9.800000190734863,1637,1634,24e124fffef94d5c
2026-06-17 01:24:32,8c1f6461900015ed,frame_counter,6137.0,1637,1634,
2026-06-17 01:24:32,8c1f6461900015ed,battery,3616.0,1637,1634,
2026-06-17 01:24:32,8c1f6461900015ed,water_temp_max,21.0,1637,1634,
2026-06-17 01:24:32,8c1f6461900015ed,bandwidth,125000.0,1637,1634,
2026-06-17 01:25:09,8c1f6461900018f5,ambient_temp,23.0,1637,1634,
2026-06-17 01:25:09,8c1f6461900018f5,total_volume,51584.0,1637,1634,
2026-06-17 01:25:09,8c1f6461900018f5,water_temp_min,22.0,1637,1634,
2026-06-17 01:25:09,8c1f6461900018f5,gateway_rssi,-105.0,1637,1634,24e124fffef949f8
2026-06-17 01:25:09,8c1f6461900018f5,bandwidth,125000.0,1637,1634,
2026-06-17 01:25:09,8c1f6461900018f5,water_temp_max,22.0,1637,1634,
2026-06-17 01:25:09,8c1f6461900018f5,payload,1.0,1637,1634,bd640903000080c90000c5d90400c65609032efd7e0b02e2e9545456
2026-06-17 01:25:09,8c1f6461900018f5,frame_counter,7692.0,1637,1634,
2026-06-17 01:25:09,8c1f6461900018f5,error_code,0.0,1637,1634,
2026-06-17 01:25:09,8c1f6461900018f5,spreading_factor,7.0,1637,1634,
2026-06-17 01:25:09,8c1f6461900018f5,gateway_snr,1.2000000476837158,1637,1634,24e124fffef949f8
2026-06-17 01:25:09,8c1f6461900018f5,battery,3608.0,1637,1634,
2026-06-17 01:25:09,8c1f6461900018f5,battery_recovered,3664.0,1637,1634,
2026-06-17 01:25:09,8c1f6461900018f5,leak_status,2.0,1637,1634,
2026-06-17 01:26:18,8c1f6461900019c7,total_volume,22411.0,1637,1634,
2026-06-17 01:26:18,8c1f6461900019c7,frame_counter,5920.0,1637,1634,
2026-06-17 01:26:18,8c1f6461900019c7,water_temp_min,22.0,1637,1634,
2026-06-17 01:26:18,8c1f6461900019c7,ambient_temp,22.5,1637,1634,
2026-06-17 01:26:18,8c1f6461900019c7,leak_status,2.0,1637,1634,
2026-06-17 01:26:18,8c1f6461900019c7,water_temp_max,22.5,1637,1634,
2026-06-17 01:26:18,8c1f6461900019c7,spreading_factor,7.0,1637,1634,
2026-06-17 01:26:18,8c1f6461900019c7,bandwidth,125000.0,1637,1634,
2026-06-17 01:26:18,8c1f6461900019c7,payload,1.0,1637,1634,6e4e090300008b570000524808007640090324ff610202dee7545555
2026-06-17 01:26:18,8c1f6461900019c7,battery_recovered,3648.0,1637,1634,
2026-06-17 01:26:18,8c1f6461900019c7,battery,3576.0,1637,1634,
2026-06-17 01:26:18,8c1f6461900019c7,gateway_rssi,-106.0,1637,1634,24e124fffef94d5c
2026-06-17 01:26:18,8c1f6461900019c7,gateway_snr,2.0,1637,1634,24e124fffef94d5c
2026-06-17 01:26:18,8c1f6461900019c7,error_code,0.0,1637,1634,
2026-06-17 01:26:50,8c1f646190001baf,frame_counter,6726.0,1637,1634,
2026-06-17 01:26:50,8c1f646190001baf,total_volume,53782.0,1637,1634,
2026-06-17 01:26:50,8c1f646190001baf,water_temp_min,22.0,1637,1634,
2026-06-17 01:26:50,8c1f646190001baf,leak_status,2.0,1637,1634,
2026-06-17 01:26:50,8c1f646190001baf,error_code,0.0,1637,1634,
2026-06-17 01:26:50,8c1f646190001baf,gateway_snr,4.0,1637,1634,24e124fffef94d5c
2026-06-17 01:26:50,8c1f646190001baf,battery_recovered,3656.0,1637,1634,
2026-06-17 01:26:50,8c1f646190001baf,gateway_rssi,-106.0,1637,1634,24e124fffef94d5c
2026-06-17 01:26:50,8c1f646190001baf,bandwidth,125000.0,1637,1634,
2026-06-17 01:26:50,8c1f646190001baf,spreading_factor,7.0,1637,1634,
2026-06-17 01:26:50,8c1f646190001baf,payload,1.0,1637,1634,b3740903000016d20000bca80500dc6609031ef6a21302e0e8545454
2026-06-17 01:26:50,8c1f646190001baf,battery,3592.0,1637,1634,
2026-06-17 01:26:50,8c1f646190001baf,ambient_temp,22.0,1637,1634,
2026-06-17 01:26:50,8c1f646190001baf,water_temp_max,22.0,1637,1634,
2026-06-17 01:27:11,8c1f646190001790,ambient_temp,21.5,1637,1634,
2026-06-17 01:27:11,8c1f646190001790,water_temp_min,21.0,1637,1634,
2026-06-17 01:27:11,8c1f646190001790,frame_counter,3628.0,1637,1634,
2026-06-17 01:27:11,8c1f646190001790,error_code,0.0,1637,1634,
2026-06-17 01:27:11,8c1f646190001790,total_volume,9033.0,1637,1634,
2026-06-17 01:27:11,8c1f646190001790,bandwidth,125000.0,1637,1634,
2026-06-17 01:27:11,8c1f646190001790,battery,3664.0,1637,1634,
2026-06-17 01:27:11,8c1f646190001790,spreading_factor,7.0,1637,1634,
2026-06-17 01:27:11,8c1f646190001790,leak_status,2.0,1637,1634,
2026-06-17 01:27:11,8c1f646190001790,water_temp_max,21.0,1637,1634,
2026-06-17 01:27:11,8c1f646190001790,gateway_rssi,-110.0,1637,1634,24e124fffef949f8
2026-06-17 01:27:11,8c1f646190001790,payload,1.0,1637,1634,5e870903000049230000db340300557909033bfe510202e9ed525253
2026-06-17 01:27:11,8c1f646190001790,gateway_snr,3.200000047683716,1637,1634,24e124fffef949f8
2026-06-17 01:27:11,8c1f646190001790,battery_recovered,3696.0,1637,1634,
2026-06-17 01:27:21,8c1f6461900021a9,leak_status,2.0,1637,1634,
2026-06-17 01:27:21,8c1f6461900021a9,frame_counter,7884.0,1637,1634,
2026-06-17 01:27:21,8c1f6461900021a9,water_temp_max,20.5,1637,1634,
2026-06-17 01:27:21,8c1f6461900021a9,bandwidth,125000.0,1637,1634,
2026-06-17 01:27:21,8c1f6461900021a9,payload,1.0,1637,1634,3c740903000009cb0000f8f811006c660903c6fb410402e5e9515152
2026-06-17 01:27:21,8c1f6461900021a9,total_volume,51977.0,1637,1634,
2026-06-17 01:27:21,8c1f6461900021a9,battery,3632.0,1637,1634,
2026-06-17 01:27:21,8c1f6461900021a9,error_code,0.0,1637,1634,
2026-06-17 01:27:21,8c1f6461900021a9,gateway_rssi,-111.0,1637,1634,24e124fffef949f8
2026-06-17 01:27:21,8c1f6461900021a9,battery_recovered,3664.0,1637,1634,
2026-06-17 01:27:21,8c1f6461900021a9,spreading_factor,7.0,1637,1634,
2026-06-17 01:27:21,8c1f6461900021a9,gateway_snr,2.200000047683716,1637,1634,24e124fffef949f8
2026-06-17 01:27:21,8c1f6461900021a9,water_temp_min,20.5,1637,1634,
2026-06-17 01:27:21,8c1f6461900021a9,ambient_temp,21.0,1637,1634,
2026-06-17 01:28:49,8c1f646190002012,frame_counter,2852.0,1637,1634,
2026-06-17 01:28:49,8c1f646190002012,water_temp_max,22.5,1637,1634,
2026-06-17 01:28:49,8c1f646190002012,gateway_rssi,-105.0,1637,1634,24e124fffef949f8
2026-06-17 01:28:49,8c1f646190002012,gateway_snr,7.0,1637,1634,24e124fffef949f8
2026-06-17 01:28:49,8c1f646190002012,battery,3648.0,1637,1634,
2026-06-17 01:28:49,8c1f646190002012,error_code,0.0,1637,1634,
2026-06-17 01:28:49,8c1f646190002012,battery_recovered,3664.0,1637,1634,
2026-06-17 01:28:49,8c1f646190002012,spreading_factor,7.0,1637,1634,
2026-06-17 01:28:49,8c1f646190002012,leak_status,2.0,1637,1634,
2026-06-17 01:28:49,8c1f646190002012,bandwidth,125000.0,1637,1634,
2026-06-17 01:28:49,8c1f646190002012,total_volume,21103.0,1637,1634,
2026-06-17 01:28:49,8c1f646190002012,water_temp_min,22.0,1637,1634,
2026-06-17 01:28:49,8c1f646190002012,payload,1.0,1637,1634,f152090300006f520000e1cd0700f0440903fcfd8c0302e7e9545554
2026-06-17 01:28:49,8c1f646190002012,ambient_temp,22.0,1637,1634,
2026-06-17 01:31:49,8c1f646190001d93,frame_counter,5870.0,1637,1634,
2026-06-17 01:31:49,8c1f646190001d93,battery,3624.0,1637,1634,
2026-06-17 01:31:49,8c1f646190001d93,total_volume,72817.0,1637,1634,
2026-06-17 01:31:49,8c1f646190001d93,leak_status,2.0,1637,1634,
2026-06-17 01:31:49,8c1f646190001d93,bandwidth,125000.0,1637,1634,
2026-06-17 01:31:49,8c1f646190001d93,water_temp_min,28.5,1637,1634,
2026-06-17 01:31:49,8c1f646190001d93,water_temp_max,29.0,1637,1634,
2026-06-17 01:31:49,8c1f646190001d93,spreading_factor,7.0,1637,1634,
2026-06-17 01:31:49,8c1f646190001d93,battery_recovered,3696.0,1637,1634,
2026-06-17 01:31:49,8c1f646190001d93,ambient_temp,27.0,1637,1634,
2026-06-17 01:31:49,8c1f646190001d93,payload,1.0,1637,1634,fa7709030000711c0100f0270000eb6909035c043f1502e4ed61625e
2026-06-17 01:31:49,8c1f646190001d93,gateway_snr,-7.5,1637,1634,24e124fffef94d5c
2026-06-17 01:31:49,8c1f646190001d93,gateway_rssi,-110.0,1637,1634,24e124fffef94d5c
2026-06-17 01:31:49,8c1f646190001d93,error_code,0.0,1637,1634,
2026-06-17 01:32:07,8c1f646190001af8,error_code,0.0,1637,1634,
2026-06-17 01:32:07,8c1f646190001af8,bandwidth,125000.0,1637,1634,
2026-06-17 01:32:07,8c1f646190001af8,ambient_temp,21.0,1637,1634,
2026-06-17 01:32:07,8c1f646190001af8,payload,1.0,1637,1634,0155090300007063000026000000f5460903d9ff660302dee8535452
2026-06-17 01:32:07,8c1f646190001af8,gateway_snr,4.0,1637,1634,24e124fffef94d5c
2026-06-17 01:32:07,8c1f646190001af8,spreading_factor,7.0,1637,1634,
2026-06-17 01:32:07,8c1f646190001af8,battery,3576.0,1637,1634,
2026-06-17 01:32:07,8c1f646190001af8,water_temp_max,22.0,1637,1634,
2026-06-17 01:32:07,8c1f646190001af8,total_volume,25456.0,1637,1634,
2026-06-17 01:32:07,8c1f646190001af8,frame_counter,7613.0,1637,1634,
2026-06-17 01:32:07,8c1f646190001af8,water_temp_min,21.5,1637,1634,
2026-06-17 01:32:07,8c1f646190001af8,leak_status,2.0,1637,1634,
2026-06-17 01:32:07,8c1f646190001af8,battery_recovered,3656.0,1637,1634,
2026-06-17 01:32:07,8c1f646190001af8,gateway_rssi,-104.0,1637,1634,24e124fffef94d5c
2026-06-17 01:32:46,8c1f6461900017e3,spreading_factor,7.0,1637,1634,
2026-06-17 01:32:46,8c1f6461900017e3,bandwidth,125000.0,1637,1634,
2026-06-17 01:32:46,8c1f6461900017e3,water_temp_max,26.5,1637,1634,
2026-06-17 01:32:46,8c1f6461900017e3,battery_recovered,3672.0,1637,1634,
2026-06-17 01:32:46,8c1f6461900017e3,total_volume,68831.0,1637,1634,
2026-06-17 01:32:46,8c1f6461900017e3,ambient_temp,24.0,1637,1634,
2026-06-17 01:32:46,8c1f6461900017e3,battery,3640.0,1637,1634,
2026-06-17 01:32:46,8c1f6461900017e3,gateway_snr,0.800000011920929,1637,1634,24e124fffef949f8
2026-06-17 01:32:46,8c1f6461900017e3,water_temp_min,26.0,1637,1634,
2026-06-17 01:32:46,8c1f6461900017e3,gateway_rssi,-106.0,1637,1634,24e124fffef949f8
2026-06-17 01:32:46,8c1f6461900017e3,leak_status,2.0,1637,1634,
2026-06-17 01:32:46,8c1f6461900017e3,error_code,0.0,1637,1634,
2026-06-17 01:32:46,8c1f6461900017e3,frame_counter,3592.0,1637,1634,
2026-06-17 01:32:46,8c1f6461900017e3,payload,1.0,1637,1634,ef7b09030000df0c0100e401000000720903adfd7e0f02e6ea5c5d58
2026-06-17 01:33:13,24e124725d489523,frame_counter,7475.0,1637,1634,
2026-06-17 01:33:13,24e124725d489523,battery,39.0,1637,1634,
2026-06-17 01:33:13,24e124725d489523,payload,85.0,1637,1634,0175270367cd00046867
2026-06-17 01:33:13,24e124725d489523,humidity,51.5,1637,1634,
2026-06-17 01:33:13,24e124725d489523,bandwidth,125000.0,1637,1634,
2026-06-17 01:33:13,24e124725d489523,gateway_rssi,-106.0,1637,1634,24e124fffef949f8
2026-06-17 01:33:13,24e124725d489523,gateway_snr,3.5,1637,1634,24e124fffef949f8
2026-06-17 01:33:13,24e124725d489523,spreading_factor,7.0,1637,1634,
2026-06-17 01:33:13,24e124725d489523,temperature,20.5,1637,1634,
2026-06-17 01:33:16,8c1f6461900021c1,total_volume,114920.0,1637,1634,
2026-06-17 01:33:16,8c1f6461900021c1,ambient_temp,20.0,1637,1634,
2026-06-17 01:33:16,8c1f6461900021c1,spreading_factor,7.0,1637,1634,
2026-06-17 01:33:16,8c1f6461900021c1,error_code,0.0,1637,1634,
2026-06-17 01:33:16,8c1f6461900021c1,gateway_snr,-1.5,1637,1634,24e124fffef94d5c
2026-06-17 01:33:16,8c1f6461900021c1,battery_recovered,3664.0,1637,1634,
2026-06-17 01:33:16,8c1f6461900021c1,water_temp_min,19.5,1637,1634,
2026-06-17 01:33:16,8c1f6461900021c1,gateway_rssi,-108.0,1637,1634,24e124fffef94d5c
2026-06-17 01:33:16,8c1f6461900021c1,frame_counter,7656.0,1637,1634,
2026-06-17 01:33:16,8c1f6461900021c1,water_temp_max,20.0,1637,1634,
2026-06-17 01:33:16,8c1f6461900021c1,bandwidth,125000.0,1637,1634,
2026-06-17 01:33:16,8c1f6461900021c1,battery,3592.0,1637,1634,
2026-06-17 01:33:16,8c1f6461900021c1,leak_status,0.0,1637,1634,
2026-06-17 01:33:16,8c1f6461900021c1,payload,1.0,1637,1634,728d09030000e8c001001af30500000000000000000000e0e94f5050
2026-06-17 01:34:21,8c1f6461900021e2,leak_status,2.0,1637,1634,
2026-06-17 01:34:21,8c1f6461900021e2,ambient_temp,22.5,1637,1634,
2026-06-17 01:34:21,8c1f6461900021e2,spreading_factor,7.0,1637,1634,
2026-06-17 01:34:21,8c1f6461900021e2,bandwidth,125000.0,1637,1634,
2026-06-17 01:34:21,8c1f6461900021e2,water_temp_min,22.0,1637,1634,
2026-06-17 01:34:21,8c1f6461900021e2,error_code,0.0,1637,1634,
2026-06-17 01:34:21,8c1f6461900021e2,battery,3632.0,1637,1634,
2026-06-17 01:34:21,8c1f6461900021e2,total_volume,56768.0,1637,1634,
2026-06-17 01:34:21,8c1f6461900021e2,water_temp_max,22.5,1637,1634,
2026-06-17 01:34:21,8c1f6461900021e2,gateway_snr,7.5,1637,1634,24e124fffef949f8
2026-06-17 01:34:21,8c1f6461900021e2,gateway_rssi,-105.0,1637,1634,24e124fffef949f8
2026-06-17 01:34:21,8c1f6461900021e2,frame_counter,3635.0,1637,1634,
2026-06-17 01:34:21,8c1f6461900021e2,battery_recovered,3672.0,1637,1634,
2026-06-17 01:34:21,8c1f6461900021e2,payload,1.0,1637,1634,c78d09030000c0dd000032000000c57f0903cffeb01002e5ea545555
2026-06-17 01:35:28,8c1f6461900020a5,total_volume,15394.0,1637,1634,
2026-06-17 01:35:28,8c1f6461900020a5,frame_counter,7601.0,1637,1634,
2026-06-17 01:35:28,8c1f6461900020a5,gateway_rssi,-100.0,1637,1634,24e124fffef94d5c
2026-06-17 01:35:28,8c1f6461900020a5,leak_status,2.0,1637,1634,
2026-06-17 01:35:28,8c1f6461900020a5,bandwidth,125000.0,1637,1634,
2026-06-17 01:35:28,8c1f6461900020a5,ambient_temp,22.5,1637,1634,
2026-06-17 01:35:28,8c1f6461900020a5,error_code,0.0,1637,1634,
2026-06-17 01:35:28,8c1f6461900020a5,payload,1.0,1637,1634,b49709030000223c000000000000cb8909036f003a0502dee8525355
2026-06-17 01:35:28,8c1f6461900020a5,gateway_snr,6.5,1637,1634,24e124fffef94d5c
2026-06-17 01:35:28,8c1f6461900020a5,spreading_factor,7.0,1637,1634,
2026-06-17 01:35:28,8c1f6461900020a5,water_temp_min,21.0,1637,1634,
2026-06-17 01:35:28,8c1f6461900020a5,water_temp_max,21.5,1637,1634,
2026-06-17 01:35:28,8c1f6461900020a5,battery_recovered,3656.0,1637,1634,
2026-06-17 01:35:28,8c1f6461900020a5,battery,3576.0,1637,1634,
2026-06-17 01:36:31,8c1f646190001ba9,spreading_factor,7.0,1637,1634,
2026-06-17 01:36:31,8c1f646190001ba9,water_temp_max,27.0,1637,1634,
2026-06-17 01:36:31,8c1f646190001ba9,ambient_temp,24.0,1637,1634,
2026-06-17 01:36:31,8c1f646190001ba9,bandwidth,125000.0,1637,1634,
2026-06-17 01:36:31,8c1f646190001ba9,frame_counter,7070.0,1637,1634,
2026-06-17 01:36:31,8c1f646190001ba9,gateway_snr,1.5,1637,1634,24e124fffef949f8
2026-06-17 01:36:31,8c1f646190001ba9,gateway_rssi,-109.0,1637,1634,24e124fffef949f8
2026-06-17 01:36:31,8c1f646190001ba9,water_temp_min,22.5,1637,1634,
2026-06-17 01:36:31,8c1f646190001ba9,error_code,0.0,1637,1634,
2026-06-17 01:36:31,8c1f646190001ba9,payload,1.0,1637,1634,467f090300001b7c0000a1430b005d7109032c01b40202e7ea555e58
2026-06-17 01:36:31,8c1f646190001ba9,battery_recovered,3672.0,1637,1634,
2026-06-17 01:36:31,8c1f646190001ba9,leak_status,2.0,1637,1634,
2026-06-17 01:36:31,8c1f646190001ba9,battery,3648.0,1637,1634,
2026-06-17 01:36:31,8c1f646190001ba9,total_volume,31771.0,1637,1634,
2026-06-17 01:36:52,8c1f6461900018ba,water_temp_min,21.0,1637,1634,
2026-06-17 01:36:52,8c1f6461900018ba,battery_recovered,3672.0,1637,1634,
2026-06-17 01:36:52,8c1f6461900018ba,spreading_factor,7.0,1637,1634,
2026-06-17 01:36:52,8c1f6461900018ba,frame_counter,5746.0,1637,1634,
2026-06-17 01:36:52,8c1f6461900018ba,leak_status,2.0,1637,1634,
2026-06-17 01:36:52,8c1f6461900018ba,gateway_rssi,-104.0,1637,1634,24e124fffef94d5c
2026-06-17 01:36:52,8c1f6461900018ba,payload,1.0,1637,1634,284709030000ad1d0000000000004d390903de02820202e6ea525252
2026-06-17 01:36:52,8c1f6461900018ba,water_temp_max,21.0,1637,1634,
2026-06-17 01:36:52,8c1f6461900018ba,ambient_temp,21.0,1637,1634,
2026-06-17 01:36:52,8c1f6461900018ba,bandwidth,125000.0,1637,1634,
2026-06-17 01:36:52,8c1f6461900018ba,gateway_snr,5.0,1637,1634,24e124fffef94d5c
2026-06-17 01:36:52,8c1f6461900018ba,total_volume,7597.0,1637,1634,
2026-06-17 01:36:52,8c1f6461900018ba,error_code,0.0,1637,1634,
2026-06-17 01:36:52,8c1f6461900018ba,battery,3640.0,1637,1634,
2026-06-17 01:37:56,8c1f646190001fcb,spreading_factor,7.0,1637,1634,
2026-06-17 01:37:56,8c1f646190001fcb,gateway_snr,0.800000011920929,1637,1634,24e124fffef94d5c
2026-06-17 01:37:56,8c1f646190001fcb,battery,3624.0,1637,1634,
2026-06-17 01:37:56,8c1f646190001fcb,payload,1.0,1637,1634,31340d0300006e5d00000000000060260d03a6ff3a0502e4ed555555
2026-06-17 01:37:56,8c1f646190001fcb,error_code,0.0,1637,1634,
2026-06-17 01:37:56,8c1f646190001fcb,water_temp_min,22.5,1637,1634,
2026-06-17 01:37:56,8c1f646190001fcb,battery_recovered,3696.0,1637,1634,
2026-06-17 01:37:56,8c1f646190001fcb,total_volume,23918.0,1637,1634,
2026-06-17 01:37:56,8c1f646190001fcb,leak_status,2.0,1637,1634,
2026-06-17 01:37:56,8c1f646190001fcb,water_temp_max,22.5,1637,1634,
2026-06-17 01:37:56,8c1f646190001fcb,frame_counter,7383.0,1637,1634,
2026-06-17 01:37:56,8c1f646190001fcb,bandwidth,125000.0,1637,1634,
2026-06-17 01:37:56,8c1f646190001fcb,gateway_rssi,-108.0,1637,1634,24e124fffef94d5c
2026-06-17 01:37:56,8c1f646190001fcb,ambient_temp,22.5,1637,1634,
2026-06-17 01:38:11,8c1f646190002244,leak_status,0.0,1637,1634,
2026-06-17 01:38:11,8c1f646190002244,bandwidth,125000.0,1637,1634,
2026-06-17 01:38:11,8c1f646190002244,spreading_factor,7.0,1637,1634,
2026-06-17 01:38:11,8c1f646190002244,battery_recovered,3672.0,1637,1634,
2026-06-17 01:38:11,8c1f646190002244,battery,3600.0,1637,1634,
2026-06-17 01:38:11,8c1f646190002244,frame_counter,6471.0,1637,1634,
2026-06-17 01:38:11,8c1f646190002244,water_temp_min,22.5,1637,1634,
2026-06-17 01:38:11,8c1f646190002244,error_code,0.0,1637,1634,
2026-06-17 01:38:11,8c1f646190002244,payload,1.0,1637,1634,df5009030000ecb8010003000000000000000000000000e1ea555554
2026-06-17 01:38:11,8c1f646190002244,gateway_snr,4.0,1637,1634,24e124fffef94d5c
2026-06-17 01:38:11,8c1f646190002244,water_temp_max,22.5,1637,1634,
2026-06-17 01:38:11,8c1f646190002244,ambient_temp,22.0,1637,1634,
2026-06-17 01:38:11,8c1f646190002244,total_volume,112876.0,1637,1634,
2026-06-17 01:38:11,8c1f646190002244,gateway_rssi,-104.0,1637,1634,24e124fffef94d5c
2026-06-17 01:39:36,8c1f6461900021bd,leak_status,0.0,1637,1634,
2026-06-17 01:39:36,8c1f6461900021bd,payload,1.0,1637,1634,6e88090300006218010000000000000000000000000000dee8535353
2026-06-17 01:39:36,8c1f6461900021bd,error_code,0.0,1637,1634,
2026-06-17 01:39:36,8c1f6461900021bd,total_volume,71778.0,1637,1634,
2026-06-17 01:39:36,8c1f6461900021bd,spreading_factor,7.0,1637,1634,
2026-06-17 01:39:36,8c1f6461900021bd,water_temp_min,21.5,1637,1634,
2026-06-17 01:39:36,8c1f6461900021bd,gateway_rssi,-106.0,1637,1634,24e124fffef94d5c
2026-06-17 01:39:36,8c1f6461900021bd,frame_counter,6628.0,1637,1634,
2026-06-17 01:39:36,8c1f6461900021bd,gateway_snr,1.7999999523162842,1637,1634,24e124fffef94d5c
2026-06-17 01:39:36,8c1f6461900021bd,ambient_temp,21.5,1637,1634,
2026-06-17 01:39:36,8c1f6461900021bd,water_temp_max,21.5,1637,1634,
2026-06-17 01:39:36,8c1f6461900021bd,battery_recovered,3656.0,1637,1634,
2026-06-17 01:39:36,8c1f6461900021bd,bandwidth,125000.0,1637,1634,
2026-06-17 01:39:36,8c1f6461900021bd,battery,3576.0,1637,1634,
2026-06-17 01:43:12,24e124725d489523,spreading_factor,7.0,1637,1634,
2026-06-17 01:43:12,24e124725d489523,temperature,20.5,1637,1634,
2026-06-17 01:43:12,24e124725d489523,bandwidth,125000.0,1637,1634,
2026-06-17 01:43:12,24e124725d489523,payload,85.0,1637,1634,0175270367cd00046867
2026-06-17 01:43:12,24e124725d489523,battery,39.0,1637,1634,
2026-06-17 01:43:12,24e124725d489523,frame_counter,7476.0,1637,1634,
2026-06-17 01:43:12,24e124725d489523,gateway_snr,5.199999809265137,1637,1634,24e124fffef949f8
2026-06-17 01:43:12,24e124725d489523,humidity,51.5,1637,1634,
2026-06-17 01:43:12,24e124725d489523,gateway_rssi,-106.0,1637,1634,24e124fffef949f8
2026-06-17 01:45:47,8c1f64619000227c,water_temp_max,23.0,1637,1634,
2026-06-17 01:45:47,8c1f64619000227c,spreading_factor,7.0,1637,1634,
2026-06-17 01:45:47,8c1f64619000227c,bandwidth,125000.0,1637,1634,
2026-06-17 01:45:47,8c1f64619000227c,water_temp_min,22.5,1637,1634,
2026-06-17 01:45:47,8c1f64619000227c,ambient_temp,23.0,1637,1634,
2026-06-17 01:45:47,8c1f64619000227c,battery,3600.0,1637,1634,
2026-06-17 01:45:47,8c1f64619000227c,total_volume,12937.0,1637,1634,
2026-06-17 01:45:47,8c1f64619000227c,payload,1.0,1637,1634,405f0903000089320000e7ad04007151090307fefd0002e1ea555656
2026-06-17 01:45:47,8c1f64619000227c,frame_counter,7516.0,1637,1634,
2026-06-17 01:45:47,8c1f64619000227c,battery_recovered,3672.0,1637,1634,
2026-06-17 01:45:47,8c1f64619000227c,leak_status,2.0,1637,1634,
2026-06-17 01:45:47,8c1f64619000227c,gateway_snr,0.0,1637,1634,24e124fffef949f8
2026-06-17 01:45:47,8c1f64619000227c,gateway_rssi,-110.0,1637,1634,24e124fffef949f8
2026-06-17 01:45:47,8c1f64619000227c,error_code,0.0,1637,1634,
2026-06-17 01:46:16,8c1f64619000171c,water_temp_max,23.5,1637,1634,
2026-06-17 01:46:16,8c1f64619000171c,ambient_temp,23.5,1637,1634,
2026-06-17 01:46:16,8c1f64619000171c,battery_recovered,3672.0,1637,1634,
2026-06-17 01:46:16,8c1f64619000171c,water_temp_min,23.5,1637,1634,
2026-06-17 01:46:16,8c1f64619000171c,gateway_snr,4.5,1637,1634,24e124fffef949f8
2026-06-17 01:46:16,8c1f64619000171c,bandwidth,125000.0,1637,1634,
2026-06-17 01:46:16,8c1f64619000171c,frame_counter,3599.0,1637,1634,
2026-06-17 01:46:16,8c1f64619000171c,gateway_rssi,-109.0,1637,1634,24e124fffef949f8
2026-06-17 01:46:16,8c1f64619000171c,error_code,0.0,1637,1634,
2026-06-17 01:46:16,8c1f64619000171c,total_volume,17945.0,1637,1634,
2026-06-17 01:46:16,8c1f64619000171c,spreading_factor,7.0,1637,1634,
2026-06-17 01:46:16,8c1f64619000171c,payload,1.0,1637,1634,293d0d0300001946000012000000342f0d036101130202e6ea575757
2026-06-17 01:46:16,8c1f64619000171c,leak_status,2.0,1637,1634,
2026-06-17 01:46:16,8c1f64619000171c,battery,3640.0,1637,1634,
2026-06-17 01:46:17,8c1f646190001c1f,payload,1.0,1637,1634,3d820903000015ac000000000000f47b09036df76b1302e4ec575756
2026-06-17 01:46:17,8c1f646190001c1f,spreading_factor,7.0,1637,1634,
2026-06-17 01:46:17,8c1f646190001c1f,total_volume,44053.0,1637,1634,
2026-06-17 01:46:17,8c1f646190001c1f,gateway_rssi,-106.0,1637,1634,24e124fffef949f8
2026-06-17 01:46:17,8c1f646190001c1f,gateway_snr,4.800000190734863,1637,1634,24e124fffef949f8
2026-06-17 01:46:17,8c1f646190001c1f,bandwidth,125000.0,1637,1634,
2026-06-17 01:46:17,8c1f646190001c1f,error_code,0.0,1637,1634,
2026-06-17 01:46:17,8c1f646190001c1f,frame_counter,1934.0,1637,1634,
2026-06-17 01:46:17,8c1f646190001c1f,leak_status,2.0,1637,1634,
2026-06-17 01:46:17,8c1f646190001c1f,battery_recovered,3688.0,1637,1634,
2026-06-17 01:46:17,8c1f646190001c1f,ambient_temp,23.0,1637,1634,
2026-06-17 01:46:17,8c1f646190001c1f,battery,3624.0,1637,1634,
2026-06-17 01:46:17,8c1f646190001c1f,water_temp_max,23.5,1637,1634,
2026-06-17 01:46:17,8c1f646190001c1f,water_temp_min,23.5,1637,1634,
2026-06-17 01:47:56,8c1f646190001fc1,water_temp_min,21.5,1637,1634,
2026-06-17 01:47:56,8c1f646190001fc1,frame_counter,6890.0,1637,1634,
2026-06-17 01:47:56,8c1f646190001fc1,total_volume,50538.0,1637,1634,
2026-06-17 01:47:56,8c1f646190001fc1,error_code,0.0,1637,1634,
2026-06-17 01:47:56,8c1f646190001fc1,battery,3568.0,1637,1634,
2026-06-17 01:47:56,8c1f646190001fc1,payload,1.0,1637,1634,1388090300006ac50000291a0a00047a09032e04020d02dde6535353
2026-06-17 01:47:56,8c1f646190001fc1,leak_status,2.0,1637,1634,
2026-06-17 01:47:56,8c1f646190001fc1,water_temp_max,21.5,1637,1634,
2026-06-17 01:47:56,8c1f646190001fc1,ambient_temp,21.5,1637,1634,
2026-06-17 01:47:56,8c1f646190001fc1,gateway_snr,10.800000190734863,1637,1634,24e124fffef94d5c
2026-06-17 01:47:56,8c1f646190001fc1,gateway_rssi,-95.0,1637,1634,24e124fffef94d5c
2026-06-17 01:47:56,8c1f646190001fc1,spreading_factor,7.0,1637,1634,
2026-06-17 01:47:56,8c1f646190001fc1,bandwidth,125000.0,1637,1634,
2026-06-17 01:47:56,8c1f646190001fc1,battery_recovered,3640.0,1637,1634,
2026-06-17 01:49:25,8c1f646190001501,gateway_rssi,-101.0,1637,1634,24e124fffef949f8
2026-06-17 01:49:25,8c1f646190001501,spreading_factor,7.0,1637,1634,
2026-06-17 01:49:25,8c1f646190001501,total_volume,21709.0,1637,1634,
2026-06-17 01:49:25,8c1f646190001501,water_temp_max,22.0,1637,1634,
2026-06-17 01:49:25,8c1f646190001501,water_temp_min,22.0,1637,1634,
2026-06-17 01:49:25,8c1f646190001501,ambient_temp,22.0,1637,1634,
2026-06-17 01:49:25,8c1f646190001501,gateway_snr,9.199999809265137,1637,1634,24e124fffef949f8
2026-06-17 01:49:25,8c1f646190001501,error_code,0.0,1637,1634,
2026-06-17 01:49:25,8c1f646190001501,payload,1.0,1637,1634,82860e030000cd540000028e0600ac780e038b02950402eaed545454
2026-06-17 01:49:25,8c1f646190001501,battery_recovered,3696.0,1637,1634,
2026-06-17 01:49:25,8c1f646190001501,frame_counter,3289.0,1637,1634,
2026-06-17 01:49:25,8c1f646190001501,battery,3672.0,1637,1634,
2026-06-17 01:49:25,8c1f646190001501,bandwidth,125000.0,1637,1634,
2026-06-17 01:49:25,8c1f646190001501,leak_status,2.0,1637,1634,
2026-06-17 01:49:31,8c1f646190001bea,error_code,0.0,1637,1634,
2026-06-17 01:49:31,8c1f646190001bea,gateway_rssi,-107.0,1637,1634,24e124fffef94d5c
2026-06-17 01:49:31,8c1f646190001bea,battery_recovered,3656.0,1637,1634,
2026-06-17 01:49:31,8c1f646190001bea,water_temp_max,25.5,1637,1634,
2026-06-17 01:49:31,8c1f646190001bea,battery,3608.0,1637,1634,
2026-06-17 01:49:31,8c1f646190001bea,ambient_temp,23.0,1637,1634,
2026-06-17 01:49:31,8c1f646190001bea,spreading_factor,7.0,1637,1634,
2026-06-17 01:49:31,8c1f646190001bea,frame_counter,7687.0,1637,1634,
2026-06-17 01:49:31,8c1f646190001bea,payload,1.0,1637,1634,ee7209030000df840000206c0c00fb6409034afece0102e2e8555b56
2026-06-17 01:49:31,8c1f646190001bea,leak_status,2.0,1637,1634,
2026-06-17 01:49:31,8c1f646190001bea,bandwidth,125000.0,1637,1634,
2026-06-17 01:49:31,8c1f646190001bea,total_volume,34015.0,1637,1634,
2026-06-17 01:49:31,8c1f646190001bea,gateway_snr,2.200000047683716,1637,1634,24e124fffef94d5c
2026-06-17 01:49:31,8c1f646190001bea,water_temp_min,22.5,1637,1634,
2026-06-17 01:51:45,8c1f646190001833,gateway_rssi,-105.0,1637,1634,24e124fffef94d5c
2026-06-17 01:51:45,8c1f646190001833,frame_counter,5844.0,1637,1634,
2026-06-17 01:51:45,8c1f646190001833,bandwidth,125000.0,1637,1634,
2026-06-17 01:51:45,8c1f646190001833,ambient_temp,22.0,1637,1634,
2026-06-17 01:51:45,8c1f646190001833,payload,1.0,1637,1634,2d4b09030000262e0000000000002a3d0903ec054c0102e5ea535354
2026-06-17 01:51:45,8c1f646190001833,water_temp_min,21.5,1637,1634,
2026-06-17 01:51:45,8c1f646190001833,gateway_snr,2.5,1637,1634,24e124fffef94d5c
2026-06-17 01:51:45,8c1f646190001833,total_volume,11814.0,1637,1634,
2026-06-17 01:51:45,8c1f646190001833,spreading_factor,7.0,1637,1634,
2026-06-17 01:51:45,8c1f646190001833,leak_status,2.0,1637,1634,
2026-06-17 01:51:45,8c1f646190001833,battery,3632.0,1637,1634,
2026-06-17 01:51:45,8c1f646190001833,error_code,0.0,1637,1634,
2026-06-17 01:51:45,8c1f646190001833,battery_recovered,3672.0,1637,1634,
2026-06-17 01:51:45,8c1f646190001833,water_temp_max,21.5,1637,1634,
2026-06-17 01:53:12,24e124725d489523,bandwidth,125000.0,1637,1634,
2026-06-17 01:53:12,24e124725d489523,spreading_factor,7.0,1637,1634,
2026-06-17 01:53:12,24e124725d489523,frame_counter,7477.0,1637,1634,
2026-06-17 01:53:12,24e124725d489523,battery,39.0,1637,1634,
2026-06-17 01:53:12,24e124725d489523,gateway_rssi,-107.0,1637,1634,24e124fffef949f8
2026-06-17 01:53:12,24e124725d489523,humidity,51.0,1637,1634,
2026-06-17 01:53:12,24e124725d489523,payload,85.0,1637,1634,0175270367cd00046866
2026-06-17 01:53:12,24e124725d489523,gateway_snr,6.5,1637,1634,24e124fffef949f8
2026-06-17 01:53:12,24e124725d489523,temperature,20.5,1637,1634,
2026-06-17 01:54:33,8c1f6461900021e8,ambient_temp,23.5,1637,1634,
2026-06-17 01:54:33,8c1f6461900021e8,payload,1.0,1637,1634,d2940903000090b600007d610700da8609032eff1d0a02e7eb5a5a57
2026-06-17 01:54:33,8c1f6461900021e8,battery_recovered,3680.0,1637,1634,
2026-06-17 01:54:33,8c1f6461900021e8,total_volume,46736.0,1637,1634,
2026-06-17 01:54:33,8c1f6461900021e8,frame_counter,3447.0,1637,1634,
2026-06-17 01:54:33,8c1f6461900021e8,battery,3648.0,1637,1634,
2026-06-17 01:54:33,8c1f6461900021e8,bandwidth,125000.0,1637,1634,
2026-06-17 01:54:33,8c1f6461900021e8,leak_status,2.0,1637,1634,
2026-06-17 01:54:33,8c1f6461900021e8,gateway_snr,4.0,1637,1634,24e124fffef949f8
2026-06-17 01:54:33,8c1f6461900021e8,water_temp_min,25.0,1637,1634,
2026-06-17 01:54:33,8c1f6461900021e8,error_code,0.0,1637,1634,
2026-06-17 01:54:33,8c1f6461900021e8,spreading_factor,7.0,1637,1634,
2026-06-17 01:54:33,8c1f6461900021e8,water_temp_max,25.0,1637,1634,
2026-06-17 01:54:33,8c1f6461900021e8,gateway_rssi,-109.0,1637,1634,24e124fffef949f8
2026-06-17 01:54:45,8c1f646190001ebd,leak_status,2.0,1637,1634,
2026-06-17 01:54:45,8c1f646190001ebd,ambient_temp,22.5,1637,1634,
2026-06-17 01:54:45,8c1f646190001ebd,total_volume,27346.0,1637,1634,
2026-06-17 01:54:45,8c1f646190001ebd,payload,1.0,1637,1634,b18b09030000d26a000000000000e27d09038204c10c02e3ed565655
2026-06-17 01:54:45,8c1f646190001ebd,frame_counter,7918.0,1637,1634,
2026-06-17 01:54:45,8c1f646190001ebd,gateway_snr,5.5,1637,1634,24e124fffef949f8
2026-06-17 01:54:45,8c1f646190001ebd,error_code,0.0,1637,1634,
2026-06-17 01:54:45,8c1f646190001ebd,battery,3616.0,1637,1634,
2026-06-17 01:54:45,8c1f646190001ebd,water_temp_max,23.0,1637,1634,
2026-06-17 01:54:45,8c1f646190001ebd,bandwidth,125000.0,1637,1634,
2026-06-17 01:54:45,8c1f646190001ebd,water_temp_min,23.0,1637,1634,
2026-06-17 01:54:45,8c1f646190001ebd,battery_recovered,3696.0,1637,1634,
2026-06-17 01:54:45,8c1f646190001ebd,spreading_factor,7.0,1637,1634,
2026-06-17 01:54:45,8c1f646190001ebd,gateway_rssi,-105.0,1637,1634,24e124fffef949f8
2026-06-17 01:55:56,8c1f6461900021c5,water_temp_min,20.0,1637,1634,
2026-06-17 01:55:56,8c1f6461900021c5,frame_counter,6813.0,1637,1634,
2026-06-17 01:55:56,8c1f6461900021c5,water_temp_max,20.5,1637,1634,
2026-06-17 01:55:56,8c1f6461900021c5,bandwidth,125000.0,1637,1634,
2026-06-17 01:55:56,8c1f6461900021c5,battery,3600.0,1637,1634,
2026-06-17 01:55:56,8c1f6461900021c5,spreading_factor,7.0,1637,1634,
2026-06-17 01:55:56,8c1f6461900021c5,ambient_temp,22.0,1637,1634,
2026-06-17 01:55:56,8c1f6461900021c5,battery_recovered,3664.0,1637,1634,
2026-06-17 01:55:56,8c1f6461900021c5,error_code,0.0,1637,1634,
2026-06-17 01:55:56,8c1f6461900021c5,leak_status,2.0,1637,1634,
2026-06-17 01:55:56,8c1f6461900021c5,gateway_snr,3.5,1637,1634,24e124fffef949f8
2026-06-17 01:55:56,8c1f6461900021c5,total_volume,12224.0,1637,1634,
2026-06-17 01:55:56,8c1f6461900021c5,payload,1.0,1637,1634,148109030000c02f0000000000001a73090321f07e0202e1e9505154
2026-06-17 01:55:56,8c1f6461900021c5,gateway_rssi,-107.0,1637,1634,24e124fffef949f8
2026-06-17 01:56:43,8c1f646190001901,total_volume,13532.0,1637,1634,
2026-06-17 01:56:43,8c1f646190001901,gateway_snr,5.800000190734863,1637,1634,24e124fffef94d5c
2026-06-17 01:56:43,8c1f646190001901,ambient_temp,23.0,1637,1634,
2026-06-17 01:56:43,8c1f646190001901,frame_counter,7661.0,1637,1634,
2026-06-17 01:56:43,8c1f646190001901,error_code,0.0,1637,1634,
2026-06-17 01:56:43,8c1f646190001901,battery,3600.0,1637,1634,
2026-06-17 01:56:43,8c1f646190001901,payload,1.0,1637,1634,d28509030000dc34000005000000f4770903b502b00202e1eb565956
2026-06-17 01:56:43,8c1f646190001901,spreading_factor,7.0,1637,1634,
2026-06-17 01:56:43,8c1f646190001901,gateway_rssi,-102.0,1637,1634,24e124fffef94d5c
2026-06-17 01:56:43,8c1f646190001901,bandwidth,125000.0,1637,1634,
2026-06-17 01:56:43,8c1f646190001901,water_temp_min,23.0,1637,1634,
2026-06-17 01:56:43,8c1f646190001901,water_temp_max,24.5,1637,1634,
2026-06-17 01:56:43,8c1f646190001901,battery_recovered,3680.0,1637,1634,
2026-06-17 01:56:43,8c1f646190001901,leak_status,2.0,1637,1634,
2026-06-17 01:57:55,8c1f646190001592,leak_status,2.0,1637,1634,
2026-06-17 01:57:55,8c1f646190001592,battery,3608.0,1637,1634,
2026-06-17 01:57:55,8c1f646190001592,gateway_snr,7.5,1637,1634,24e124fffef949f8
2026-06-17 01:57:55,8c1f646190001592,ambient_temp,22.0,1637,1634,
2026-06-17 01:57:55,8c1f646190001592,error_code,0.0,1637,1634,
2026-06-17 01:57:55,8c1f646190001592,payload,1.0,1637,1634,1a65090300008b8300009eba0b003c5709036eff2a0302e2ea545454
2026-06-17 01:57:55,8c1f646190001592,water_temp_max,22.0,1637,1634,
2026-06-17 01:57:55,8c1f646190001592,total_volume,33675.0,1637,1634,
2026-06-17 01:57:55,8c1f646190001592,frame_counter,3617.0,1637,1634,
2026-06-17 01:57:55,8c1f646190001592,spreading_factor,7.0,1637,1634,
2026-06-17 01:57:55,8c1f646190001592,water_temp_min,22.0,1637,1634,
2026-06-17 01:57:55,8c1f646190001592,gateway_rssi,-102.0,1637,1634,24e124fffef949f8
2026-06-17 01:57:55,8c1f646190001592,battery_recovered,3672.0,1637,1634,
2026-06-17 01:57:55,8c1f646190001592,bandwidth,125000.0,1637,1634,
2026-06-17 01:58:28,8c1f646190001c9b,water_temp_max,41.5,1637,1634,
2026-06-17 01:58:28,8c1f646190001c9b,battery_recovered,3664.0,1637,1634,
2026-06-17 01:58:28,8c1f646190001c9b,total_volume,46745.0,1637,1634,
2026-06-17 01:58:28,8c1f646190001c9b,error_code,0.0,1637,1634,
2026-06-17 01:58:28,8c1f646190001c9b,payload,1.0,1637,1634,1a800903000099b60000d5930e003c720903d202600702e0e97a7b5a
2026-06-17 01:58:28,8c1f646190001c9b,leak_status,2.0,1637,1634,
2026-06-17 01:58:28,8c1f646190001c9b,frame_counter,7505.0,1637,1634,
2026-06-17 01:58:28,8c1f646190001c9b,bandwidth,125000.0,1637,1634,
2026-06-17 01:58:28,8c1f646190001c9b,spreading_factor,7.0,1637,1634,
2026-06-17 01:58:28,8c1f646190001c9b,gateway_snr,4.800000190734863,1637,1634,24e124fffef94d5c
2026-06-17 01:58:28,8c1f646190001c9b,battery,3592.0,1637,1634,
2026-06-17 01:58:28,8c1f646190001c9b,water_temp_min,41.0,1637,1634,
2026-06-17 01:58:28,8c1f646190001c9b,gateway_rssi,-104.0,1637,1634,24e124fffef94d5c
2026-06-17 01:58:28,8c1f646190001c9b,ambient_temp,25.0,1637,1634,
2026-06-17 01:58:57,8c1f646190001947,error_code,0.0,1637,1634,
2026-06-17 01:58:57,8c1f646190001947,payload,1.0,1637,1634,8a9f090300006e95000000000000b0910903f702220902dfe8545454
2026-06-17 01:58:57,8c1f646190001947,gateway_rssi,-104.0,1637,1634,24e124fffef94d5c
2026-06-17 01:58:57,8c1f646190001947,bandwidth,125000.0,1637,1634,
2026-06-17 01:58:57,8c1f646190001947,battery,3584.0,1637,1634,
2026-06-17 01:58:57,8c1f646190001947,total_volume,38254.0,1637,1634,
2026-06-17 01:58:57,8c1f646190001947,frame_counter,7361.0,1637,1634,
2026-06-17 01:58:57,8c1f646190001947,spreading_factor,7.0,1637,1634,
2026-06-17 01:58:57,8c1f646190001947,gateway_snr,4.199999809265137,1637,1634,24e124fffef94d5c
2026-06-17 01:58:57,8c1f646190001947,water_temp_min,22.0,1637,1634,
2026-06-17 01:58:57,8c1f646190001947,battery_recovered,3656.0,1637,1634,
2026-06-17 01:58:57,8c1f646190001947,leak_status,2.0,1637,1634,
2026-06-17 01:58:57,8c1f646190001947,ambient_temp,22.0,1637,1634,
2026-06-17 01:58:57,8c1f646190001947,water_temp_max,22.0,1637,1634,
2026-06-17 01:59:24,8c1f64619000177c,payload,1.0,1637,1634,55660903000084e1000000000000000000000000000000e3eb535454
2026-06-17 01:59:24,8c1f64619000177c,gateway_rssi,-100.0,1637,1634,24e124fffef949f8
2026-06-17 01:59:24,8c1f64619000177c,battery,3616.0,1637,1634,
2026-06-17 01:59:24,8c1f64619000177c,leak_status,0.0,1637,1634,
2026-06-17 01:59:24,8c1f64619000177c,total_volume,57732.0,1637,1634,
2026-06-17 01:59:24,8c1f64619000177c,spreading_factor,7.0,1637,1634,
2026-06-17 01:59:24,8c1f64619000177c,gateway_snr,11.0,1637,1634,24e124fffef949f8
2026-06-17 01:59:24,8c1f64619000177c,ambient_temp,22.0,1637,1634,
2026-06-17 01:59:24,8c1f64619000177c,error_code,0.0,1637,1634,
2026-06-17 01:59:24,8c1f64619000177c,bandwidth,125000.0,1637,1634,
2026-06-17 01:59:24,8c1f64619000177c,battery_recovered,3680.0,1637,1634,
2026-06-17 01:59:24,8c1f64619000177c,water_temp_max,22.0,1637,1634,
2026-06-17 01:59:24,8c1f64619000177c,water_temp_min,21.5,1637,1634,
2026-06-17 01:59:24,8c1f64619000177c,frame_counter,6444.0,1637,1634,
2026-06-17 01:59:45,8c1f646190001c1c,payload,1.0,1637,1634,645f0d030000329900004d0b0b0081510d034e00ae0702e6e8545454
2026-06-17 01:59:45,8c1f646190001c1c,water_temp_max,22.0,1637,1634,
2026-06-17 01:59:45,8c1f646190001c1c,total_volume,39218.0,1637,1634,
2026-06-17 01:59:45,8c1f646190001c1c,water_temp_min,22.0,1637,1634,
2026-06-17 01:59:45,8c1f646190001c1c,leak_status,2.0,1637,1634,
2026-06-17 01:59:45,8c1f646190001c1c,spreading_factor,7.0,1637,1634,
2026-06-17 01:59:45,8c1f646190001c1c,frame_counter,3665.0,1637,1634,
2026-06-17 01:59:45,8c1f646190001c1c,battery_recovered,3656.0,1637,1634,
2026-06-17 01:59:45,8c1f646190001c1c,bandwidth,125000.0,1637,1634,
2026-06-17 01:59:45,8c1f646190001c1c,ambient_temp,22.0,1637,1634,
2026-06-17 01:59:45,8c1f646190001c1c,gateway_rssi,-111.0,1637,1634,24e124fffef949f8
2026-06-17 01:59:45,8c1f646190001c1c,gateway_snr,-1.2000000476837158,1637,1634,24e124fffef949f8
2026-06-17 01:59:45,8c1f646190001c1c,battery,3640.0,1637,1634,
2026-06-17 01:59:45,8c1f646190001c1c,error_code,0.0,1637,1634,
2026-06-17 02:01:15,8c1f6461900021db,battery,3576.0,1637,1634,
2026-06-17 02:01:15,8c1f6461900021db,gateway_snr,2.200000047683716,1637,1634,24e124fffef94d5c
2026-06-17 02:01:15,8c1f6461900021db,battery_recovered,3664.0,1637,1634,
2026-06-17 02:01:15,8c1f6461900021db,error_code,0.0,1637,1634,
2026-06-17 02:01:15,8c1f6461900021db,frame_counter,7753.0,1637,1634,
2026-06-17 02:01:15,8c1f6461900021db,water_temp_max,20.5,1637,1634,
2026-06-17 02:01:15,8c1f6461900021db,gateway_rssi,-105.0,1637,1634,24e124fffef94d5c
2026-06-17 02:01:15,8c1f6461900021db,payload,1.0,1637,1634,925d09030000d13a0000694f0500c24f09033400330102dee9515152
2026-06-17 02:01:15,8c1f6461900021db,total_volume,15057.0,1637,1634,
2026-06-17 02:01:15,8c1f6461900021db,ambient_temp,21.0,1637,1634,
2026-06-17 02:01:15,8c1f6461900021db,leak_status,2.0,1637,1634,
2026-06-17 02:01:15,8c1f6461900021db,water_temp_min,20.5,1637,1634,
2026-06-17 02:01:15,8c1f6461900021db,spreading_factor,7.0,1637,1634,
2026-06-17 02:01:15,8c1f6461900021db,bandwidth,125000.0,1637,1634,
2026-06-17 02:02:52,8c1f6461900020d1,ambient_temp,24.0,1637,1634,
2026-06-17 02:02:52,8c1f6461900020d1,gateway_rssi,-106.0,1637,1634,24e124fffef949f8
2026-06-17 02:02:52,8c1f6461900020d1,bandwidth,125000.0,1637,1634,
2026-06-17 02:02:52,8c1f6461900020d1,spreading_factor,7.0,1637,1634,
2026-06-17 02:02:52,8c1f6461900020d1,battery_recovered,3648.0,1637,1634,
2026-06-17 02:02:52,8c1f6461900020d1,water_temp_max,23.0,1637,1634,
2026-06-17 02:02:52,8c1f6461900020d1,water_temp_min,23.0,1637,1634,
2026-06-17 02:02:52,8c1f6461900020d1,payload,1.0,1637,1634,33620903000044350000e6fd04002d540903ff02df0102dee7565658
2026-06-17 02:02:52,8c1f6461900020d1,total_volume,13636.0,1637,1634,
2026-06-17 02:02:52,8c1f6461900020d1,leak_status,2.0,1637,1634,
2026-06-17 02:02:52,8c1f6461900020d1,frame_counter,6343.0,1637,1634,
2026-06-17 02:02:52,8c1f6461900020d1,gateway_snr,5.0,1637,1634,24e124fffef949f8
2026-06-17 02:02:52,8c1f6461900020d1,battery,3576.0,1637,1634,
2026-06-17 02:02:52,8c1f6461900020d1,error_code,0.0,1637,1634,
2026-06-17 02:03:11,24e124725d489523,spreading_factor,7.0,1637,1634,
2026-06-17 02:03:11,24e124725d489523,gateway_snr,6.199999809265137,1637,1634,24e124fffef949f8
2026-06-17 02:03:11,24e124725d489523,frame_counter,7478.0,1637,1634,
2026-06-17 02:03:11,24e124725d489523,humidity,51.0,1637,1634,
2026-06-17 02:03:11,24e124725d489523,temperature,20.5,1637,1634,
2026-06-17 02:03:11,24e124725d489523,battery,39.0,1637,1634,
2026-06-17 02:03:11,24e124725d489523,bandwidth,125000.0,1637,1634,
2026-06-17 02:03:11,24e124725d489523,gateway_rssi,-106.0,1637,1634,24e124fffef949f8
2026-06-17 02:03:11,24e124725d489523,payload,85.0,1637,1634,0175270367cd00046866
2026-06-17 02:03:38,8c1f6461900019cb,frame_counter,7811.0,1637,1634,
2026-06-17 02:03:38,8c1f6461900019cb,total_volume,10557.0,1637,1634,
2026-06-17 02:03:38,8c1f6461900019cb,payload,1.0,1637,1634,d262090300003d29000000000000fc54090333ffc30502e0ec50504f
2026-06-17 02:03:38,8c1f6461900019cb,gateway_snr,1.2000000476837158,1637,1634,24e124fffef94d5c
2026-06-17 02:03:38,8c1f6461900019cb,water_temp_max,20.0,1637,1634,
2026-06-17 02:03:38,8c1f6461900019cb,bandwidth,125000.0,1637,1634,
2026-06-17 02:03:38,8c1f6461900019cb,ambient_temp,19.5,1637,1634,
2026-06-17 02:03:38,8c1f6461900019cb,battery,3592.0,1637,1634,
2026-06-17 02:03:38,8c1f6461900019cb,error_code,0.0,1637,1634,
2026-06-17 02:03:38,8c1f6461900019cb,spreading_factor,7.0,1637,1634,
2026-06-17 02:03:38,8c1f6461900019cb,leak_status,2.0,1637,1634,
2026-06-17 02:03:38,8c1f6461900019cb,water_temp_min,20.0,1637,1634,
2026-06-17 02:03:38,8c1f6461900019cb,battery_recovered,3688.0,1637,1634,
2026-06-17 02:03:38,8c1f6461900019cb,gateway_rssi,-107.0,1637,1634,24e124fffef94d5c
2026-06-17 02:03:44,8c1f64619000170a,payload,1.0,1637,1634,85a509030000795c02007c270600a7970903eb20410b02e1e9565757
2026-06-17 02:03:44,8c1f64619000170a,error_code,0.0,1637,1634,
2026-06-17 02:03:44,8c1f64619000170a,water_temp_max,23.5,1637,1634,
2026-06-17 02:03:44,8c1f64619000170a,gateway_snr,3.200000047683716,1637,1634,24e124fffef94d5c
2026-06-17 02:03:44,8c1f64619000170a,battery_recovered,3664.0,1637,1634,
2026-06-17 02:03:44,8c1f64619000170a,total_volume,154745.0,1637,1634,
2026-06-17 02:03:44,8c1f64619000170a,bandwidth,125000.0,1637,1634,
2026-06-17 02:03:44,8c1f64619000170a,spreading_factor,7.0,1637,1634,
2026-06-17 02:03:44,8c1f64619000170a,leak_status,2.0,1637,1634,
2026-06-17 02:03:44,8c1f64619000170a,ambient_temp,23.5,1637,1634,
2026-06-17 02:03:44,8c1f64619000170a,frame_counter,6650.0,1637,1634,
2026-06-17 02:03:44,8c1f64619000170a,gateway_rssi,-104.0,1637,1634,24e124fffef94d5c
2026-06-17 02:03:44,8c1f64619000170a,water_temp_min,23.0,1637,1634,
2026-06-17 02:03:44,8c1f64619000170a,battery,3600.0,1637,1634,
2026-06-17 02:04:42,8c1f6461900021da,battery_recovered,3664.0,1637,1634,
2026-06-17 02:04:42,8c1f6461900021da,gateway_snr,7.199999809265137,1637,1634,24e124fffef94d5c
2026-06-17 02:04:42,8c1f6461900021da,gateway_rssi,-101.0,1637,1634,24e124fffef94d5c
2026-06-17 02:04:42,8c1f6461900021da,payload,1.0,1637,1634,5543090300009e600000f79008004d350903b206010302e0e9545554
2026-06-17 02:04:42,8c1f6461900021da,battery,3592.0,1637,1634,
2026-06-17 02:04:42,8c1f6461900021da,leak_status,2.0,1637,1634,
2026-06-17 02:04:42,8c1f6461900021da,bandwidth,125000.0,1637,1634,
2026-06-17 02:04:42,8c1f6461900021da,error_code,0.0,1637,1634,
2026-06-17 02:04:42,8c1f6461900021da,frame_counter,7486.0,1637,1634,
2026-06-17 02:04:42,8c1f6461900021da,ambient_temp,22.0,1637,1634,
2026-06-17 02:04:42,8c1f6461900021da,water_temp_min,22.0,1637,1634,
2026-06-17 02:04:42,8c1f6461900021da,water_temp_max,22.5,1637,1634,
2026-06-17 02:04:42,8c1f6461900021da,total_volume,24734.0,1637,1634,
2026-06-17 02:04:42,8c1f6461900021da,spreading_factor,7.0,1637,1634,
2026-06-17 02:05:04,8c1f646190001963,water_temp_min,21.5,1637,1634,
2026-06-17 02:05:04,8c1f646190001963,water_temp_max,21.5,1637,1634,
2026-06-17 02:05:04,8c1f646190001963,battery_recovered,3680.0,1637,1634,
2026-06-17 02:05:04,8c1f646190001963,frame_counter,7732.0,1637,1634,
2026-06-17 02:05:04,8c1f646190001963,gateway_snr,10.0,1637,1634,24e124fffef94d5c
2026-06-17 02:05:04,8c1f646190001963,payload,1.0,1637,1634,9c9d09030000b93d0000000000009a8f0903fc09f30802e8eb535353
2026-06-17 02:05:04,8c1f646190001963,bandwidth,125000.0,1637,1634,
2026-06-17 02:05:04,8c1f646190001963,spreading_factor,7.0,1637,1634,
2026-06-17 02:05:04,8c1f646190001963,gateway_rssi,-96.0,1637,1634,24e124fffef94d5c
2026-06-17 02:05:04,8c1f646190001963,total_volume,15801.0,1637,1634,
2026-06-17 02:05:04,8c1f646190001963,leak_status,2.0,1637,1634,
2026-06-17 02:05:04,8c1f646190001963,battery,3656.0,1637,1634,
2026-06-17 02:05:04,8c1f646190001963,ambient_temp,21.5,1637,1634,
2026-06-17 02:05:04,8c1f646190001963,error_code,0.0,1637,1634,
2026-06-17 02:06:39,8c1f646190001e41,ambient_temp,24.5,1637,1634,
2026-06-17 02:06:39,8c1f646190001e41,battery,3656.0,1637,1634,
2026-06-17 02:06:39,8c1f646190001e41,leak_status,2.0,1637,1634,
2026-06-17 02:06:39,8c1f646190001e41,frame_counter,3557.0,1637,1634,
2026-06-17 02:06:39,8c1f646190001e41,water_temp_max,44.5,1637,1634,
2026-06-17 02:06:39,8c1f646190001e41,gateway_snr,3.5,1637,1634,24e124fffef949f8
2026-06-17 02:06:39,8c1f646190001e41,battery_recovered,3688.0,1637,1634,
2026-06-17 02:06:39,8c1f646190001e41,payload,1.0,1637,1634,c99309030000f1a500005c110f00bb8509033cffe80102e8ec808159
2026-06-17 02:06:39,8c1f646190001e41,total_volume,42481.0,1637,1634,
2026-06-17 02:06:39,8c1f646190001e41,gateway_rssi,-107.0,1637,1634,24e124fffef949f8
2026-06-17 02:06:39,8c1f646190001e41,bandwidth,125000.0,1637,1634,
2026-06-17 02:06:39,8c1f646190001e41,error_code,0.0,1637,1634,
2026-06-17 02:06:39,8c1f646190001e41,water_temp_min,44.0,1637,1634,
2026-06-17 02:06:39,8c1f646190001e41,spreading_factor,7.0,1637,1634,
2026-06-17 02:07:34,8c1f646190002120,spreading_factor,7.0,1637,1634,
2026-06-17 02:07:34,8c1f646190002120,payload,1.0,1637,1634,46800903000087a50000f5e70d00427209031e018f0002eaeb545554
2026-06-17 02:07:34,8c1f646190002120,leak_status,2.0,1637,1634,
2026-06-17 02:07:34,8c1f646190002120,gateway_rssi,-102.0,1637,1634,24e124fffef949f8
2026-06-17 02:07:34,8c1f646190002120,battery,3672.0,1637,1634,
2026-06-17 02:07:34,8c1f646190002120,gateway_snr,7.5,1637,1634,24e124fffef949f8
2026-06-17 02:07:34,8c1f646190002120,water_temp_min,22.0,1637,1634,
2026-06-17 02:07:34,8c1f646190002120,ambient_temp,22.0,1637,1634,
2026-06-17 02:07:34,8c1f646190002120,water_temp_max,22.5,1637,1634,
2026-06-17 02:07:34,8c1f646190002120,frame_counter,3614.0,1637,1634,
2026-06-17 02:07:34,8c1f646190002120,bandwidth,125000.0,1637,1634,
2026-06-17 02:07:34,8c1f646190002120,total_volume,42375.0,1637,1634,
2026-06-17 02:07:34,8c1f646190002120,battery_recovered,3680.0,1637,1634,
2026-06-17 02:07:34,8c1f646190002120,error_code,0.0,1637,1634,
2026-06-17 02:08:06,8c1f6461900015c1,gateway_snr,11.199999809265137,1637,1634,24e124fffef94d5c
2026-06-17 02:08:06,8c1f6461900015c1,gateway_rssi,-94.0,1637,1634,24e124fffef94d5c
2026-06-17 02:08:06,8c1f6461900015c1,payload,1.0,1637,1634,7a5a09030000254a000000000000aa4c090362fd4b0102e0ec535353
2026-06-17 02:08:06,8c1f6461900015c1,total_volume,18981.0,1637,1634,
2026-06-17 02:08:06,8c1f6461900015c1,ambient_temp,21.5,1637,1634,
2026-06-17 02:08:06,8c1f6461900015c1,spreading_factor,7.0,1637,1634,
2026-06-17 02:08:06,8c1f6461900015c1,bandwidth,125000.0,1637,1634,
2026-06-17 02:08:06,8c1f6461900015c1,battery_recovered,3688.0,1637,1634,
2026-06-17 02:08:06,8c1f6461900015c1,battery,3592.0,1637,1634,
2026-06-17 02:08:06,8c1f6461900015c1,frame_counter,7602.0,1637,1634,
2026-06-17 02:08:06,8c1f6461900015c1,water_temp_min,21.5,1637,1634,
2026-06-17 02:08:06,8c1f6461900015c1,error_code,0.0,1637,1634,
2026-06-17 02:08:06,8c1f6461900015c1,leak_status,2.0,1637,1634,
2026-06-17 02:08:06,8c1f6461900015c1,water_temp_max,21.5,1637,1634,
2026-06-17 02:09:46,8c1f64619000228d,gateway_rssi,-97.0,1637,1634,24e124fffef94d5c
2026-06-17 02:09:46,8c1f64619000228d,gateway_snr,8.5,1637,1634,24e124fffef94d5c
2026-06-17 02:09:46,8c1f64619000228d,spreading_factor,7.0,1637,1634,
2026-06-17 02:09:46,8c1f64619000228d,error_code,0.0,1637,1634,
2026-06-17 02:09:46,8c1f64619000228d,battery,3576.0,1637,1634,
2026-06-17 02:09:46,8c1f64619000228d,total_volume,18058.0,1637,1634,
2026-06-17 02:09:46,8c1f64619000228d,payload,1.0,1637,1634,c04d090300008a4600000000000087470903430aa60702dee7515355
2026-06-17 02:09:46,8c1f64619000228d,leak_status,2.0,1637,1634,
2026-06-17 02:09:46,8c1f64619000228d,water_temp_min,20.5,1637,1634,
2026-06-17 02:09:46,8c1f64619000228d,bandwidth,125000.0,1637,1634,
2026-06-17 02:09:46,8c1f64619000228d,ambient_temp,22.5,1637,1634,
2026-06-17 02:09:46,8c1f64619000228d,battery_recovered,3648.0,1637,1634,
2026-06-17 02:09:46,8c1f64619000228d,water_temp_max,21.5,1637,1634,
2026-06-17 02:09:46,8c1f64619000228d,frame_counter,6424.0,1637,1634,
2026-06-17 02:09:47,8c1f6461900014f5,battery_recovered,3664.0,1637,1634,
2026-06-17 02:09:47,8c1f6461900014f5,ambient_temp,22.0,1637,1634,
2026-06-17 02:09:47,8c1f6461900014f5,gateway_snr,8.800000190734863,1637,1634,24e124fffef949f8
2026-06-17 02:09:47,8c1f6461900014f5,gateway_rssi,-104.0,1637,1634,24e124fffef949f8
2026-06-17 02:09:47,8c1f6461900014f5,water_temp_min,21.5,1637,1634,
2026-06-17 02:09:47,8c1f6461900014f5,frame_counter,3573.0,1637,1634,
2026-06-17 02:09:47,8c1f6461900014f5,leak_status,2.0,1637,1634,
2026-06-17 02:09:47,8c1f6461900014f5,error_code,0.0,1637,1634,
2026-06-17 02:09:47,8c1f6461900014f5,water_temp_max,22.0,1637,1634,
2026-06-17 02:09:47,8c1f6461900014f5,battery,3632.0,1637,1634,
2026-06-17 02:09:47,8c1f6461900014f5,spreading_factor,7.0,1637,1634,
2026-06-17 02:09:47,8c1f6461900014f5,bandwidth,125000.0,1637,1634,
2026-06-17 02:09:47,8c1f6461900014f5,total_volume,22136.0,1637,1634,
2026-06-17 02:09:47,8c1f6461900014f5,payload,1.0,1637,1634,63630d030000785600000000000057550d03f6fb800d02e5e9535454
2026-06-17 02:11:20,8c1f646190002222,ambient_temp,22.0,1637,1634,
2026-06-17 02:11:20,8c1f646190002222,payload,1.0,1637,1634,115209030000647800000800000020440903e201d40002e9ec4b5c54
2026-06-17 02:11:20,8c1f646190002222,gateway_rssi,-112.0,1637,1634,24e124fffef949f8
2026-06-17 02:11:20,8c1f646190002222,frame_counter,3633.0,1637,1634,
2026-06-17 02:11:20,8c1f646190002222,water_temp_max,26.0,1637,1634,
2026-06-17 02:11:20,8c1f646190002222,total_volume,30820.0,1637,1634,
2026-06-17 02:11:20,8c1f646190002222,error_code,0.0,1637,1634,
2026-06-17 02:11:20,8c1f646190002222,battery_recovered,3688.0,1637,1634,
2026-06-17 02:11:20,8c1f646190002222,leak_status,2.0,1637,1634,
2026-06-17 02:11:20,8c1f646190002222,spreading_factor,7.0,1637,1634,
2026-06-17 02:11:20,8c1f646190002222,battery,3664.0,1637,1634,
2026-06-17 02:11:20,8c1f646190002222,water_temp_min,17.5,1637,1634,
2026-06-17 02:11:20,8c1f646190002222,bandwidth,125000.0,1637,1634,
2026-06-17 02:11:20,8c1f646190002222,gateway_snr,0.0,1637,1634,24e124fffef949f8
2026-06-17 02:11:39,8c1f646190001b91,leak_status,2.0,1637,1634,
2026-06-17 02:11:39,8c1f646190001b91,gateway_snr,7.0,1637,1634,24e124fffef94d5c
2026-06-17 02:11:39,8c1f646190001b91,gateway_rssi,-100.0,1637,1634,24e124fffef94d5c
2026-06-17 02:11:39,8c1f646190001b91,spreading_factor,7.0,1637,1634,
2026-06-17 02:11:39,8c1f646190001b91,battery,3568.0,1637,1634,
2026-06-17 02:11:39,8c1f646190001b91,total_volume,46881.0,1637,1634,
2026-06-17 02:11:39,8c1f646190001b91,bandwidth,125000.0,1637,1634,
2026-06-17 02:11:39,8c1f646190001b91,error_code,0.0,1637,1634,
2026-06-17 02:11:39,8c1f646190001b91,water_temp_min,23.5,1637,1634,
2026-06-17 02:11:39,8c1f646190001b91,payload,1.0,1637,1634,02810903000021b70000a2cb0e001473090384035d0302dde9575e56
2026-06-17 02:11:39,8c1f646190001b91,ambient_temp,23.0,1637,1634,
2026-06-17 02:11:39,8c1f646190001b91,water_temp_max,27.0,1637,1634,
2026-06-17 02:11:39,8c1f646190001b91,frame_counter,6534.0,1637,1634,
2026-06-17 02:11:39,8c1f646190001b91,battery_recovered,3664.0,1637,1634,
2026-06-17 02:12:15,8c1f6461900019cf,total_volume,68323.0,1637,1634,
2026-06-17 02:12:15,8c1f6461900019cf,gateway_snr,9.0,1637,1634,24e124fffef949f8
2026-06-17 02:12:15,8c1f6461900019cf,water_temp_min,21.5,1637,1634,
2026-06-17 02:12:15,8c1f6461900019cf,ambient_temp,21.5,1637,1634,
2026-06-17 02:12:15,8c1f6461900019cf,error_code,0.0,1637,1634,
2026-06-17 02:12:15,8c1f6461900019cf,battery,3632.0,1637,1634,
2026-06-17 02:12:15,8c1f6461900019cf,bandwidth,125000.0,1637,1634,
2026-06-17 02:12:15,8c1f6461900019cf,gateway_rssi,-101.0,1637,1634,24e124fffef949f8
2026-06-17 02:12:15,8c1f6461900019cf,water_temp_max,22.0,1637,1634,
2026-06-17 02:12:15,8c1f6461900019cf,leak_status,0.0,1637,1634,
2026-06-17 02:12:15,8c1f6461900019cf,frame_counter,3546.0,1637,1634,
2026-06-17 02:12:15,8c1f6461900019cf,spreading_factor,7.0,1637,1634,
2026-06-17 02:12:15,8c1f6461900019cf,battery_recovered,3656.0,1637,1634,
2026-06-17 02:12:15,8c1f6461900019cf,payload,1.0,1637,1634,918b09030000e30a010000000000000000000000000000e5e8535453
2026-06-17 02:12:39,8c1f646190002206,error_code,0.0,1637,1634,
2026-06-17 02:12:39,8c1f646190002206,total_volume,201568.0,1637,1634,
2026-06-17 02:12:39,8c1f646190002206,spreading_factor,7.0,1637,1634,
2026-06-17 02:12:39,8c1f646190002206,gateway_snr,6.0,1637,1634,24e124fffef94d5c
2026-06-17 02:12:39,8c1f646190002206,gateway_rssi,-101.0,1637,1634,24e124fffef94d5c
2026-06-17 02:12:39,8c1f646190002206,frame_counter,7006.0,1637,1634,
2026-06-17 02:12:39,8c1f646190002206,water_temp_max,22.0,1637,1634,
2026-06-17 02:12:39,8c1f646190002206,ambient_temp,22.0,1637,1634,
2026-06-17 02:12:39,8c1f646190002206,battery,3600.0,1637,1634,
2026-06-17 02:12:39,8c1f646190002206,water_temp_min,22.0,1637,1634,
2026-06-17 02:12:39,8c1f646190002206,battery_recovered,3672.0,1637,1634,
2026-06-17 02:12:39,8c1f646190002206,payload,1.0,1637,1634,198e0903000060130300c74f0f00000000000000000000e1ea545454
2026-06-17 02:12:39,8c1f646190002206,bandwidth,125000.0,1637,1634,
2026-06-17 02:12:39,8c1f646190002206,leak_status,0.0,1637,1634,
2026-06-17 02:13:13,24e124725d489523,frame_counter,7479.0,1637,1634,
2026-06-17 02:13:13,24e124725d489523,humidity,50.5,1637,1634,
2026-06-17 02:13:13,24e124725d489523,payload,85.0,1637,1634,0175270367cd00046865
2026-06-17 02:13:13,24e124725d489523,bandwidth,125000.0,1637,1634,
2026-06-17 02:13:13,24e124725d489523,temperature,20.5,1637,1634,
2026-06-17 02:13:13,24e124725d489523,battery,39.0,1637,1634,
2026-06-17 02:13:13,24e124725d489523,gateway_snr,5.800000190734863,1637,1634,24e124fffef949f8
2026-06-17 02:13:13,24e124725d489523,spreading_factor,7.0,1637,1634,
2026-06-17 02:13:13,24e124725d489523,gateway_rssi,-106.0,1637,1634,24e124fffef949f8
2026-06-17 02:14:15,8c1f646190001bf1,frame_counter,6321.0,1637,1634,
2026-06-17 02:14:15,8c1f646190001bf1,battery,3600.0,1637,1634,
2026-06-17 02:14:15,8c1f646190001bf1,water_temp_min,22.0,1637,1634,
2026-06-17 02:14:15,8c1f646190001bf1,bandwidth,125000.0,1637,1634,
2026-06-17 02:14:15,8c1f646190001bf1,water_temp_max,22.0,1637,1634,
2026-06-17 02:14:15,8c1f646190001bf1,spreading_factor,7.0,1637,1634,
2026-06-17 02:14:15,8c1f646190001bf1,total_volume,33446.0,1637,1634,
2026-06-17 02:14:15,8c1f646190001bf1,battery_recovered,3672.0,1637,1634,
2026-06-17 02:14:15,8c1f646190001bf1,payload,1.0,1637,1634,f19609030000a6820000c88c0b00f78809036a03210102e1ea545453
2026-06-17 02:14:15,8c1f646190001bf1,gateway_rssi,-103.0,1637,1634,24e124fffef94d5c
2026-06-17 02:14:15,8c1f646190001bf1,leak_status,2.0,1637,1634,
2026-06-17 02:14:15,8c1f646190001bf1,error_code,0.0,1637,1634,
2026-06-17 02:14:15,8c1f646190001bf1,ambient_temp,21.5,1637,1634,
2026-06-17 02:14:15,8c1f646190001bf1,gateway_snr,5.0,1637,1634,24e124fffef94d5c
2026-06-17 02:14:22,8c1f646190001dd8,water_temp_min,22.0,1637,1634,
2026-06-17 02:14:22,8c1f646190001dd8,gateway_snr,0.0,1637,1634,24e124fffef949f8
2026-06-17 02:14:22,8c1f646190001dd8,leak_status,2.0,1637,1634,
2026-06-17 02:14:22,8c1f646190001dd8,ambient_temp,22.0,1637,1634,
2026-06-17 02:14:22,8c1f646190001dd8,frame_counter,3736.0,1637,1634,
2026-06-17 02:14:22,8c1f646190001dd8,water_temp_max,22.0,1637,1634,
2026-06-17 02:14:22,8c1f646190001dd8,bandwidth,125000.0,1637,1634,
2026-06-17 02:14:22,8c1f646190001dd8,spreading_factor,7.0,1637,1634,
2026-06-17 02:14:22,8c1f646190001dd8,total_volume,55983.0,1637,1634,
2026-06-17 02:14:22,8c1f646190001dd8,error_code,0.0,1637,1634,
2026-06-17 02:14:22,8c1f646190001dd8,gateway_rssi,-111.0,1637,1634,24e124fffef949f8
2026-06-17 02:14:22,8c1f646190001dd8,battery_recovered,3664.0,1637,1634,
2026-06-17 02:14:22,8c1f646190001dd8,battery,3648.0,1637,1634,
2026-06-17 02:14:22,8c1f646190001dd8,payload,1.0,1637,1634,6b7d09030000afda000008e011007b6f09035f02010202e7e9545454
2026-06-17 02:14:32,8c1f6461900021e0,payload,1.0,1637,1634,ba5d090300005d2d010000000000000000000000000000ebec545454
2026-06-17 02:14:32,8c1f6461900021e0,battery_recovered,3688.0,1637,1634,
2026-06-17 02:14:32,8c1f6461900021e0,gateway_rssi,-104.0,1637,1634,24e124fffef949f8
2026-06-17 02:14:32,8c1f6461900021e0,battery,3680.0,1637,1634,
2026-06-17 02:14:32,8c1f6461900021e0,water_temp_min,22.0,1637,1634,
2026-06-17 02:14:32,8c1f6461900021e0,spreading_factor,7.0,1637,1634,
2026-06-17 02:14:32,8c1f6461900021e0,water_temp_max,22.0,1637,1634,
2026-06-17 02:14:32,8c1f6461900021e0,ambient_temp,22.0,1637,1634,
2026-06-17 02:14:32,8c1f6461900021e0,leak_status,0.0,1637,1634,
2026-06-17 02:14:32,8c1f6461900021e0,gateway_snr,8.0,1637,1634,24e124fffef949f8
2026-06-17 02:14:32,8c1f6461900021e0,total_volume,77149.0,1637,1634,
2026-06-17 02:14:32,8c1f6461900021e0,bandwidth,125000.0,1637,1634,
2026-06-17 02:14:32,8c1f6461900021e0,frame_counter,2240.0,1637,1634,
2026-06-17 02:14:32,8c1f6461900021e0,error_code,0.0,1637,1634,
2026-06-17 02:15:44,8c1f646190001968,total_volume,71245.0,1637,1634,
2026-06-17 02:15:44,8c1f646190001968,water_temp_min,23.0,1637,1634,
2026-06-17 02:15:44,8c1f646190001968,gateway_snr,6.0,1637,1634,24e124fffef949f8
2026-06-17 02:15:44,8c1f646190001968,battery,3656.0,1637,1634,
2026-06-17 02:15:44,8c1f646190001968,bandwidth,125000.0,1637,1634,
2026-06-17 02:15:44,8c1f646190001968,ambient_temp,23.0,1637,1634,
2026-06-17 02:15:44,8c1f646190001968,error_code,0.0,1637,1634,
2026-06-17 02:15:44,8c1f646190001968,payload,1.0,1637,1634,f675090300004d160100af291800ec670903caf2100202e8eb565756
2026-06-17 02:15:44,8c1f646190001968,water_temp_max,23.5,1637,1634,
2026-06-17 02:15:44,8c1f646190001968,battery_recovered,3680.0,1637,1634,
2026-06-17 02:15:44,8c1f646190001968,leak_status,2.0,1637,1634,
2026-06-17 02:15:44,8c1f646190001968,gateway_rssi,-106.0,1637,1634,24e124fffef949f8
2026-06-17 02:15:44,8c1f646190001968,spreading_factor,7.0,1637,1634,
2026-06-17 02:15:44,8c1f646190001968,frame_counter,3618.0,1637,1634,
2026-06-17 02:17:00,8c1f646190002291,frame_counter,6850.0,1637,1634,
2026-06-17 02:17:00,8c1f646190002291,battery_recovered,3664.0,1637,1634,
2026-06-17 02:17:00,8c1f646190002291,gateway_rssi,-108.0,1637,1634,24e124fffef949f8
2026-06-17 02:17:00,8c1f646190002291,water_temp_min,21.0,1637,1634,
2026-06-17 02:17:00,8c1f646190002291,ambient_temp,21.0,1637,1634,
2026-06-17 02:17:00,8c1f646190002291,payload,1.0,1637,1634,78ab09030000b115060000000000861609035a02000003dfe9525252
2026-06-17 02:17:00,8c1f646190002291,battery,3584.0,1637,1634,
2026-06-17 02:17:00,8c1f646190002291,water_temp_max,21.0,1637,1634,
2026-06-17 02:17:00,8c1f646190002291,spreading_factor,7.0,1637,1634,
2026-06-17 02:17:00,8c1f646190002291,total_volume,398769.0,1637,1634,
2026-06-17 02:17:00,8c1f646190002291,bandwidth,125000.0,1637,1634,
2026-06-17 02:17:00,8c1f646190002291,error_code,0.0,1637,1634,
2026-06-17 02:17:00,8c1f646190002291,leak_status,3.0,1637,1634,
2026-06-17 02:17:00,8c1f646190002291,gateway_snr,2.799999952316284,1637,1634,24e124fffef949f8
2026-06-17 02:19:37,8c1f64619000160f,spreading_factor,7.0,1637,1634,
2026-06-17 02:19:37,8c1f64619000160f,error_code,0.0,1637,1634,
2026-06-17 02:19:37,8c1f64619000160f,gateway_rssi,-109.0,1637,1634,24e124fffef949f8
2026-06-17 02:19:37,8c1f64619000160f,water_temp_min,22.5,1637,1634,
2026-06-17 02:19:37,8c1f64619000160f,total_volume,119871.0,1637,1634,
2026-06-17 02:19:37,8c1f64619000160f,payload,1.0,1637,1634,34660d0300003fd4010008000000000000000000000000e8ea555556
2026-06-17 02:19:37,8c1f64619000160f,gateway_snr,4.0,1637,1634,24e124fffef949f8
2026-06-17 02:19:37,8c1f64619000160f,water_temp_max,22.5,1637,1634,
2026-06-17 02:19:37,8c1f64619000160f,ambient_temp,23.0,1637,1634,
2026-06-17 02:19:37,8c1f64619000160f,battery_recovered,3672.0,1637,1634,
2026-06-17 02:19:37,8c1f64619000160f,battery,3656.0,1637,1634,
2026-06-17 02:19:37,8c1f64619000160f,leak_status,0.0,1637,1634,
2026-06-17 02:19:37,8c1f64619000160f,frame_counter,3633.0,1637,1634,
2026-06-17 02:19:37,8c1f64619000160f,bandwidth,125000.0,1637,1634,
2026-06-17 02:22:03,8c1f646190001ec9,gateway_rssi,-104.0,1637,1634,24e124fffef94d5c
2026-06-17 02:22:03,8c1f646190001ec9,error_code,0.0,1637,1634,
2026-06-17 02:22:03,8c1f646190001ec9,ambient_temp,20.5,1637,1634,
2026-06-17 02:22:03,8c1f646190001ec9,water_temp_min,21.0,1637,1634,
2026-06-17 02:22:03,8c1f646190001ec9,frame_counter,6553.0,1637,1634,
2026-06-17 02:22:03,8c1f646190001ec9,spreading_factor,7.0,1637,1634,
2026-06-17 02:22:03,8c1f646190001ec9,water_temp_max,21.5,1637,1634,
2026-06-17 02:22:03,8c1f646190001ec9,battery_recovered,3664.0,1637,1634,
2026-06-17 02:22:03,8c1f646190001ec9,bandwidth,125000.0,1637,1634,
2026-06-17 02:22:03,8c1f646190001ec9,battery,3632.0,1637,1634,
2026-06-17 02:22:03,8c1f646190001ec9,payload,1.0,1637,1634,d65d09030000fc860000f75a0b00ef4f09039601df0202e5e9525351
2026-06-17 02:22:03,8c1f646190001ec9,total_volume,34556.0,1637,1634,
2026-06-17 02:22:03,8c1f646190001ec9,gateway_snr,4.5,1637,1634,24e124fffef94d5c
2026-06-17 02:22:03,8c1f646190001ec9,leak_status,2.0,1637,1634,
2026-06-17 02:22:37,8c1f6461900015ba,water_temp_max,21.0,1637,1634,
2026-06-17 02:22:37,8c1f6461900015ba,gateway_snr,5.5,1637,1634,24e124fffef949f8
2026-06-17 02:22:37,8c1f6461900015ba,frame_counter,7256.0,1637,1634,
2026-06-17 02:22:37,8c1f6461900015ba,bandwidth,125000.0,1637,1634,
2026-06-17 02:22:37,8c1f6461900015ba,water_temp_min,21.0,1637,1634,
2026-06-17 02:22:37,8c1f6461900015ba,leak_status,2.0,1637,1634,
2026-06-17 02:22:37,8c1f6461900015ba,gateway_rssi,-107.0,1637,1634,24e124fffef949f8
2026-06-17 02:22:37,8c1f6461900015ba,spreading_factor,7.0,1637,1634,
2026-06-17 02:22:37,8c1f6461900015ba,ambient_temp,21.5,1637,1634,
2026-06-17 02:22:37,8c1f6461900015ba,payload,1.0,1637,1634,ae9409030000911b000000000000a7860903d2fe660302e6eb525253
2026-06-17 02:22:37,8c1f6461900015ba,total_volume,7057.0,1637,1634,
2026-06-17 02:22:37,8c1f6461900015ba,error_code,0.0,1637,1634,
2026-06-17 02:22:37,8c1f6461900015ba,battery,3640.0,1637,1634,
2026-06-17 02:22:37,8c1f6461900015ba,battery_recovered,3680.0,1637,1634,
2026-06-17 02:23:31,8c1f646190001743,payload,1.0,1637,1634,f98a09030000681f0000000000001e7d0903a103e40102e5ec555556
2026-06-17 02:23:31,8c1f646190001743,gateway_snr,-4.5,1637,1634,24e124fffef949f8
2026-06-17 02:23:31,8c1f646190001743,bandwidth,125000.0,1637,1634,
2026-06-17 02:23:31,8c1f646190001743,ambient_temp,23.0,1637,1634,
2026-06-17 02:23:31,8c1f646190001743,leak_status,2.0,1637,1634,
2026-06-17 02:23:31,8c1f646190001743,water_temp_max,22.5,1637,1634,
2026-06-17 02:23:31,8c1f646190001743,battery,3632.0,1637,1634,
2026-06-17 02:23:31,8c1f646190001743,water_temp_min,22.5,1637,1634,
2026-06-17 02:23:31,8c1f646190001743,total_volume,8040.0,1637,1634,
2026-06-17 02:23:31,8c1f646190001743,frame_counter,1979.0,1637,1634,
2026-06-17 02:23:31,8c1f646190001743,spreading_factor,7.0,1637,1634,
2026-06-17 02:23:31,8c1f646190001743,gateway_rssi,-114.0,1637,1634,24e124fffef949f8
2026-06-17 02:23:31,8c1f646190001743,error_code,0.0,1637,1634,
2026-06-17 02:23:31,8c1f646190001743,battery_recovered,3688.0,1637,1634,
2026-06-17 02:24:32,8c1f6461900015ed,total_volume,25835.0,1637,1634,
2026-06-17 02:24:32,8c1f6461900015ed,gateway_rssi,-94.0,1637,1634,24e124fffef94d5c
2026-06-17 02:24:32,8c1f6461900015ed,leak_status,2.0,1637,1634,
2026-06-17 02:24:32,8c1f6461900015ed,frame_counter,6138.0,1637,1634,
2026-06-17 02:24:32,8c1f6461900015ed,bandwidth,125000.0,1637,1634,
2026-06-17 02:24:32,8c1f6461900015ed,battery_recovered,3680.0,1637,1634,
2026-06-17 02:24:32,8c1f6461900015ed,water_temp_min,21.0,1637,1634,
2026-06-17 02:24:32,8c1f6461900015ed,payload,1.0,1637,1634,458909030000eb6400000ea40900487b090376014b0202e3eb525252
2026-06-17 02:24:32,8c1f6461900015ed,gateway_snr,11.199999809265137,1637,1634,24e124fffef94d5c
2026-06-17 02:24:32,8c1f6461900015ed,spreading_factor,7.0,1637,1634,
2026-06-17 02:24:32,8c1f6461900015ed,error_code,0.0,1637,1634,
2026-06-17 02:24:32,8c1f6461900015ed,water_temp_max,21.0,1637,1634,
2026-06-17 02:24:32,8c1f6461900015ed,battery,3616.0,1637,1634,
2026-06-17 02:24:32,8c1f6461900015ed,ambient_temp,21.0,1637,1634,
2026-06-17 02:25:09,8c1f6461900018f5,gateway_rssi,-104.0,1637,1634,24e124fffef949f8
2026-06-17 02:25:09,8c1f6461900018f5,water_temp_max,22.0,1637,1634,
2026-06-17 02:25:09,8c1f6461900018f5,water_temp_min,22.0,1637,1634,
2026-06-17 02:25:09,8c1f6461900018f5,total_volume,51585.0,1637,1634,
2026-06-17 02:25:09,8c1f6461900018f5,ambient_temp,22.5,1637,1634,
2026-06-17 02:25:09,8c1f6461900018f5,frame_counter,7693.0,1637,1634,
2026-06-17 02:25:09,8c1f6461900018f5,error_code,0.0,1637,1634,
2026-06-17 02:25:09,8c1f6461900018f5,bandwidth,125000.0,1637,1634,
2026-06-17 02:25:09,8c1f6461900018f5,battery_recovered,3664.0,1637,1634,
2026-06-17 02:25:09,8c1f6461900018f5,leak_status,2.0,1637,1634,
2026-06-17 02:25:09,8c1f6461900018f5,battery,3640.0,1637,1634,
2026-06-17 02:25:09,8c1f6461900018f5,gateway_snr,5.5,1637,1634,24e124fffef949f8
2026-06-17 02:25:09,8c1f6461900018f5,payload,1.0,1637,1634,cd720903000081c90000c5d90400c764090376fa2b0e02e6e9545455
2026-06-17 02:25:09,8c1f6461900018f5,spreading_factor,7.0,1637,1634,
2026-06-17 02:26:18,8c1f6461900019c7,total_volume,22411.0,1637,1634,
2026-06-17 02:26:18,8c1f6461900019c7,ambient_temp,22.0,1637,1634,
2026-06-17 02:26:18,8c1f6461900019c7,gateway_rssi,-106.0,1637,1634,24e124fffef94d5c
2026-06-17 02:26:18,8c1f6461900019c7,battery_recovered,3648.0,1637,1634,
2026-06-17 02:26:18,8c1f6461900019c7,error_code,0.0,1637,1634,
2026-06-17 02:26:18,8c1f6461900019c7,water_temp_min,22.0,1637,1634,
2026-06-17 02:26:18,8c1f6461900019c7,gateway_snr,0.2000000029802322,1637,1634,24e124fffef94d5c
2026-06-17 02:26:18,8c1f6461900019c7,frame_counter,5921.0,1637,1634,
2026-06-17 02:26:18,8c1f6461900019c7,water_temp_max,22.5,1637,1634,
2026-06-17 02:26:18,8c1f6461900019c7,leak_status,2.0,1637,1634,
2026-06-17 02:26:18,8c1f6461900019c7,spreading_factor,7.0,1637,1634,
2026-06-17 02:26:18,8c1f6461900019c7,bandwidth,125000.0,1637,1634,
2026-06-17 02:26:18,8c1f6461900019c7,payload,1.0,1637,1634,7e5c090300008b57000052480800774e09038a00760202dee7545554
2026-06-17 02:26:18,8c1f6461900019c7,battery,3576.0,1637,1634,
2026-06-17 02:26:50,8c1f646190001baf,ambient_temp,22.0,1637,1634,
2026-06-17 02:26:50,8c1f646190001baf,water_temp_min,22.0,1637,1634,
2026-06-17 02:26:50,8c1f646190001baf,gateway_rssi,-104.0,1637,1634,24e124fffef94d5c
2026-06-17 02:26:50,8c1f646190001baf,gateway_snr,3.799999952316284,1637,1634,24e124fffef94d5c
2026-06-17 02:26:50,8c1f646190001baf,error_code,0.0,1637,1634,
2026-06-17 02:26:50,8c1f646190001baf,payload,1.0,1637,1634,c3820903000018d20000bca80500cc790903f9fe441202dfe8545454
2026-06-17 02:26:50,8c1f646190001baf,total_volume,53784.0,1637,1634,
2026-06-17 02:26:50,8c1f646190001baf,battery,3584.0,1637,1634,
2026-06-17 02:26:50,8c1f646190001baf,spreading_factor,7.0,1637,1634,
2026-06-17 02:26:50,8c1f646190001baf,battery_recovered,3656.0,1637,1634,
2026-06-17 02:26:50,8c1f646190001baf,frame_counter,6727.0,1637,1634,
2026-06-17 02:26:50,8c1f646190001baf,water_temp_max,22.0,1637,1634,
2026-06-17 02:26:50,8c1f646190001baf,leak_status,2.0,1637,1634,
2026-06-17 02:26:50,8c1f646190001baf,bandwidth,125000.0,1637,1634,
2026-06-17 02:27:11,8c1f646190001790,leak_status,2.0,1637,1634,
2026-06-17 02:27:11,8c1f646190001790,water_temp_min,21.0,1637,1634,
2026-06-17 02:27:11,8c1f646190001790,total_volume,9033.0,1637,1634,
2026-06-17 02:27:11,8c1f646190001790,error_code,0.0,1637,1634,
2026-06-17 02:27:11,8c1f646190001790,bandwidth,125000.0,1637,1634,
2026-06-17 02:27:11,8c1f646190001790,ambient_temp,21.5,1637,1634,
2026-06-17 02:27:11,8c1f646190001790,water_temp_max,21.0,1637,1634,
2026-06-17 02:27:11,8c1f646190001790,spreading_factor,7.0,1637,1634,
2026-06-17 02:27:11,8c1f646190001790,payload,1.0,1637,1634,6e950903000049230000db3403009687090301ff660202e9ed525253
2026-06-17 02:27:11,8c1f646190001790,gateway_snr,2.200000047683716,1637,1634,24e124fffef949f8
2026-06-17 02:27:11,8c1f646190001790,battery_recovered,3696.0,1637,1634,
2026-06-17 02:27:11,8c1f646190001790,gateway_rssi,-110.0,1637,1634,24e124fffef949f8
2026-06-17 02:27:11,8c1f646190001790,battery,3664.0,1637,1634,
2026-06-17 02:27:11,8c1f646190001790,frame_counter,3631.0,1637,1634,
2026-06-17 02:27:21,8c1f6461900021a9,battery_recovered,3664.0,1637,1634,
2026-06-17 02:27:21,8c1f6461900021a9,gateway_snr,1.0,1637,1634,24e124fffef949f8
2026-06-17 02:27:21,8c1f6461900021a9,total_volume,51977.0,1637,1634,
2026-06-17 02:27:21,8c1f6461900021a9,water_temp_min,20.5,1637,1634,
2026-06-17 02:27:21,8c1f6461900021a9,battery,3608.0,1637,1634,
2026-06-17 02:27:21,8c1f6461900021a9,gateway_rssi,-109.0,1637,1634,24e124fffef949f8
2026-06-17 02:27:21,8c1f6461900021a9,leak_status,2.0,1637,1634,
2026-06-17 02:27:21,8c1f6461900021a9,frame_counter,7885.0,1637,1634,
2026-06-17 02:27:21,8c1f6461900021a9,payload,1.0,1637,1634,4c820903000009cb0000f8f811006d7409030eff7d0302e2e9515152
2026-06-17 02:27:21,8c1f6461900021a9,bandwidth,125000.0,1637,1634,
2026-06-17 02:27:21,8c1f6461900021a9,spreading_factor,7.0,1637,1634,
2026-06-17 02:27:21,8c1f6461900021a9,error_code,0.0,1637,1634,
2026-06-17 02:27:21,8c1f6461900021a9,ambient_temp,21.0,1637,1634,
2026-06-17 02:27:21,8c1f6461900021a9,water_temp_max,20.5,1637,1634,
2026-06-17 02:28:49,8c1f646190002012,frame_counter,2853.0,1637,1634,
2026-06-17 02:28:49,8c1f646190002012,ambient_temp,22.0,1637,1634,
2026-06-17 02:28:49,8c1f646190002012,battery,3648.0,1637,1634,
2026-06-17 02:28:49,8c1f646190002012,water_temp_min,22.0,1637,1634,
2026-06-17 02:28:49,8c1f646190002012,error_code,0.0,1637,1634,
2026-06-17 02:28:49,8c1f646190002012,leak_status,2.0,1637,1634,
2026-06-17 02:28:49,8c1f646190002012,battery_recovered,3664.0,1637,1634,
2026-06-17 02:28:49,8c1f646190002012,gateway_snr,5.199999809265137,1637,1634,24e124fffef949f8
2026-06-17 02:28:49,8c1f646190002012,payload,1.0,1637,1634,0161090300006f520000e1cd070031530903a1fcfb0202e7e9545554
2026-06-17 02:28:49,8c1f646190002012,total_volume,21103.0,1637,1634,
2026-06-17 02:28:49,8c1f646190002012,bandwidth,125000.0,1637,1634,
2026-06-17 02:28:49,8c1f646190002012,water_temp_max,22.5,1637,1634,
2026-06-17 02:28:49,8c1f646190002012,spreading_factor,7.0,1637,1634,
2026-06-17 02:28:49,8c1f646190002012,gateway_rssi,-105.0,1637,1634,24e124fffef949f8
2026-06-17 02:32:07,8c1f646190001af8,error_code,0.0,1637,1634,
2026-06-17 02:32:07,8c1f646190001af8,bandwidth,125000.0,1637,1634,
2026-06-17 02:32:07,8c1f646190001af8,spreading_factor,7.0,1637,1634,
2026-06-17 02:32:07,8c1f646190001af8,battery,3624.0,1637,1634,
2026-06-17 02:32:07,8c1f646190001af8,frame_counter,7614.0,1637,1634,
2026-06-17 02:32:07,8c1f646190001af8,gateway_rssi,-105.0,1637,1634,24e124fffef94d5c
2026-06-17 02:32:07,8c1f646190001af8,ambient_temp,21.0,1637,1634,
2026-06-17 02:32:07,8c1f646190001af8,total_volume,25456.0,1637,1634,
2026-06-17 02:32:07,8c1f646190001af8,battery_recovered,3656.0,1637,1634,
2026-06-17 02:32:07,8c1f646190001af8,water_temp_max,21.5,1637,1634,
2026-06-17 02:32:07,8c1f646190001af8,leak_status,2.0,1637,1634,
2026-06-17 02:32:07,8c1f646190001af8,water_temp_min,21.5,1637,1634,
2026-06-17 02:32:07,8c1f646190001af8,gateway_snr,3.799999952316284,1637,1634,24e124fffef94d5c
2026-06-17 02:32:07,8c1f646190001af8,payload,1.0,1637,1634,116309030000706300002600000036550903bbffab0202e4e8535352
2026-06-17 02:32:46,8c1f6461900017e3,error_code,0.0,1637,1634,
2026-06-17 02:32:46,8c1f6461900017e3,leak_status,2.0,1637,1634,
2026-06-17 02:32:46,8c1f6461900017e3,frame_counter,3593.0,1637,1634,
2026-06-17 02:32:46,8c1f6461900017e3,battery,3640.0,1637,1634,
2026-06-17 02:32:46,8c1f6461900017e3,bandwidth,125000.0,1637,1634,
2026-06-17 02:32:46,8c1f6461900017e3,gateway_rssi,-107.0,1637,1634,24e124fffef949f8
2026-06-17 02:32:46,8c1f6461900017e3,gateway_snr,3.799999952316284,1637,1634,24e124fffef949f8
2026-06-17 02:32:46,8c1f6461900017e3,battery_recovered,3664.0,1637,1634,
2026-06-17 02:32:46,8c1f6461900017e3,water_temp_min,26.0,1637,1634,
2026-06-17 02:32:46,8c1f6461900017e3,water_temp_max,26.5,1637,1634,
2026-06-17 02:32:46,8c1f6461900017e3,spreading_factor,7.0,1637,1634,
2026-06-17 02:32:46,8c1f6461900017e3,total_volume,68833.0,1637,1634,
2026-06-17 02:32:46,8c1f6461900017e3,ambient_temp,23.5,1637,1634,
2026-06-17 02:32:46,8c1f6461900017e3,payload,1.0,1637,1634,ff8909030000e10c0100e4010000017c0903eefe300e02e6e95c5d57
2026-06-17 02:33:12,24e124725d489523,gateway_rssi,-106.0,1637,1634,24e124fffef949f8
2026-06-17 02:33:12,24e124725d489523,payload,85.0,1637,1634,0175270367cc00046865
2026-06-17 02:33:12,24e124725d489523,temperature,20.4,1637,1634,
2026-06-17 02:33:12,24e124725d489523,humidity,50.5,1637,1634,
2026-06-17 02:33:12,24e124725d489523,gateway_snr,6.199999809265137,1637,1634,24e124fffef949f8
2026-06-17 02:33:12,24e124725d489523,frame_counter,7481.0,1637,1634,
2026-06-17 02:33:12,24e124725d489523,spreading_factor,7.0,1637,1634,
2026-06-17 02:33:12,24e124725d489523,battery,39.0,1637,1634,
2026-06-17 02:33:12,24e124725d489523,bandwidth,125000.0,1637,1634,
2026-06-17 02:33:16,8c1f6461900021c1,frame_counter,7657.0,1637,1634,
2026-06-17 02:33:16,8c1f6461900021c1,payload,1.0,1637,1634,829b09030000f3c001001af30500000000000000000000e5e84f504f
2026-06-17 02:33:16,8c1f6461900021c1,water_temp_min,19.5,1637,1634,
2026-06-17 02:33:16,8c1f6461900021c1,ambient_temp,19.5,1637,1634,
2026-06-17 02:33:16,8c1f6461900021c1,battery_recovered,3656.0,1637,1634,
2026-06-17 02:33:16,8c1f6461900021c1,error_code,0.0,1637,1634,
2026-06-17 02:33:16,8c1f6461900021c1,total_volume,114931.0,1637,1634,
2026-06-17 02:33:16,8c1f6461900021c1,gateway_rssi,-109.0,1637,1634,24e124fffef94d5c
2026-06-17 02:33:16,8c1f6461900021c1,battery,3632.0,1637,1634,
2026-06-17 02:33:16,8c1f6461900021c1,gateway_snr,-0.5,1637,1634,24e124fffef94d5c
2026-06-17 02:33:16,8c1f6461900021c1,bandwidth,125000.0,1637,1634,
2026-06-17 02:33:16,8c1f6461900021c1,leak_status,0.0,1637,1634,
2026-06-17 02:33:16,8c1f6461900021c1,spreading_factor,7.0,1637,1634,
2026-06-17 02:33:16,8c1f6461900021c1,water_temp_max,20.0,1637,1634,
2026-06-17 02:34:21,8c1f6461900021e2,gateway_snr,7.5,1637,1634,24e124fffef949f8
2026-06-17 02:34:21,8c1f6461900021e2,water_temp_max,22.0,1637,1634,
2026-06-17 02:34:21,8c1f6461900021e2,frame_counter,3636.0,1637,1634,
2026-06-17 02:34:21,8c1f6461900021e2,battery_recovered,3672.0,1637,1634,
2026-06-17 02:34:21,8c1f6461900021e2,gateway_rssi,-105.0,1637,1634,24e124fffef949f8
2026-06-17 02:34:21,8c1f6461900021e2,payload,1.0,1637,1634,d79b09030000c3dd000032000000068e0903b501ee1202e5ea545455
2026-06-17 02:34:21,8c1f6461900021e2,error_code,0.0,1637,1634,
2026-06-17 02:34:21,8c1f6461900021e2,spreading_factor,7.0,1637,1634,
2026-06-17 02:34:21,8c1f6461900021e2,bandwidth,125000.0,1637,1634,
2026-06-17 02:34:21,8c1f6461900021e2,battery,3632.0,1637,1634,
2026-06-17 02:34:21,8c1f6461900021e2,leak_status,2.0,1637,1634,
2026-06-17 02:34:21,8c1f6461900021e2,total_volume,56771.0,1637,1634,
2026-06-17 02:34:21,8c1f6461900021e2,water_temp_min,22.0,1637,1634,
2026-06-17 02:34:21,8c1f6461900021e2,ambient_temp,22.5,1637,1634,
2026-06-17 02:35:28,8c1f6461900020a5,bandwidth,125000.0,1637,1634,
2026-06-17 02:35:28,8c1f6461900020a5,gateway_snr,7.0,1637,1634,24e124fffef94d5c
2026-06-17 02:35:28,8c1f6461900020a5,spreading_factor,7.0,1637,1634,
2026-06-17 02:35:28,8c1f6461900020a5,water_temp_min,21.0,1637,1634,
2026-06-17 02:35:28,8c1f6461900020a5,battery,3576.0,1637,1634,
2026-06-17 02:35:28,8c1f6461900020a5,error_code,0.0,1637,1634,
2026-06-17 02:35:28,8c1f6461900020a5,battery_recovered,3656.0,1637,1634,
2026-06-17 02:35:28,8c1f6461900020a5,water_temp_max,21.0,1637,1634,
2026-06-17 02:35:28,8c1f6461900020a5,payload,1.0,1637,1634,c4a509030000223c000000000000cc9709032500940602dee8525255
2026-06-17 02:35:28,8c1f6461900020a5,frame_counter,7602.0,1637,1634,
2026-06-17 02:35:28,8c1f6461900020a5,leak_status,2.0,1637,1634,
2026-06-17 02:35:28,8c1f6461900020a5,gateway_rssi,-102.0,1637,1634,24e124fffef94d5c
2026-06-17 02:35:28,8c1f6461900020a5,total_volume,15394.0,1637,1634,
2026-06-17 02:35:28,8c1f6461900020a5,ambient_temp,22.5,1637,1634,
2026-06-17 02:36:31,8c1f646190001ba9,frame_counter,7071.0,1637,1634,
2026-06-17 02:36:31,8c1f646190001ba9,total_volume,31771.0,1637,1634,
2026-06-17 02:36:31,8c1f646190001ba9,gateway_snr,3.799999952316284,1637,1634,24e124fffef949f8
2026-06-17 02:36:31,8c1f646190001ba9,bandwidth,125000.0,1637,1634,
2026-06-17 02:36:31,8c1f646190001ba9,payload,1.0,1637,1634,568d090300001b7c0000a1430b005e7f090367023f0202e2ea545556
2026-06-17 02:36:31,8c1f646190001ba9,spreading_factor,7.0,1637,1634,
2026-06-17 02:36:31,8c1f646190001ba9,battery,3608.0,1637,1634,
2026-06-17 02:36:31,8c1f646190001ba9,ambient_temp,23.0,1637,1634,
2026-06-17 02:36:31,8c1f646190001ba9,water_temp_max,22.5,1637,1634,
2026-06-17 02:36:31,8c1f646190001ba9,error_code,0.0,1637,1634,
2026-06-17 02:36:31,8c1f646190001ba9,leak_status,2.0,1637,1634,
2026-06-17 02:36:31,8c1f646190001ba9,water_temp_min,22.0,1637,1634,
2026-06-17 02:36:31,8c1f646190001ba9,gateway_rssi,-107.0,1637,1634,24e124fffef949f8
2026-06-17 02:36:31,8c1f646190001ba9,battery_recovered,3672.0,1637,1634,
2026-06-17 02:36:51,8c1f6461900018ba,gateway_rssi,-103.0,1637,1634,24e124fffef94d5c
2026-06-17 02:36:51,8c1f6461900018ba,water_temp_min,21.0,1637,1634,
2026-06-17 02:36:51,8c1f6461900018ba,ambient_temp,20.5,1637,1634,
2026-06-17 02:36:51,8c1f6461900018ba,leak_status,2.0,1637,1634,
2026-06-17 02:36:51,8c1f6461900018ba,payload,1.0,1637,1634,385509030000ad1d0000000000004e4709034a03760202dfea525251
2026-06-17 02:36:51,8c1f6461900018ba,total_volume,7597.0,1637,1634,
2026-06-17 02:36:51,8c1f6461900018ba,battery,3584.0,1637,1634,
2026-06-17 02:36:51,8c1f6461900018ba,frame_counter,5747.0,1637,1634,
2026-06-17 02:36:51,8c1f6461900018ba,bandwidth,125000.0,1637,1634,
2026-06-17 02:36:51,8c1f6461900018ba,gateway_snr,4.800000190734863,1637,1634,24e124fffef94d5c
2026-06-17 02:36:51,8c1f6461900018ba,spreading_factor,7.0,1637,1634,
2026-06-17 02:36:51,8c1f6461900018ba,error_code,0.0,1637,1634,
2026-06-17 02:36:51,8c1f6461900018ba,battery_recovered,3672.0,1637,1634,
2026-06-17 02:36:51,8c1f6461900018ba,water_temp_max,21.0,1637,1634,
2026-06-17 02:37:56,8c1f646190001fcb,gateway_rssi,-107.0,1637,1634,24e124fffef94d5c
2026-06-17 02:37:56,8c1f646190001fcb,gateway_snr,0.5,1637,1634,24e124fffef94d5c
2026-06-17 02:37:56,8c1f646190001fcb,bandwidth,125000.0,1637,1634,
2026-06-17 02:37:56,8c1f646190001fcb,frame_counter,7384.0,1637,1634,
2026-06-17 02:37:56,8c1f646190001fcb,battery_recovered,3696.0,1637,1634,
2026-06-17 02:37:56,8c1f646190001fcb,error_code,0.0,1637,1634,
2026-06-17 02:37:56,8c1f646190001fcb,water_temp_min,22.5,1637,1634,
2026-06-17 02:37:56,8c1f646190001fcb,water_temp_max,22.5,1637,1634,
2026-06-17 02:37:56,8c1f646190001fcb,ambient_temp,22.5,1637,1634,
2026-06-17 02:37:56,8c1f646190001fcb,leak_status,2.0,1637,1634,
2026-06-17 02:37:56,8c1f646190001fcb,total_volume,23918.0,1637,1634,
2026-06-17 02:37:56,8c1f646190001fcb,battery,3624.0,1637,1634,
2026-06-17 02:37:56,8c1f646190001fcb,payload,1.0,1637,1634,41420d0300006e5d00000000000061340d03c800230602e4ed555555
2026-06-17 02:37:56,8c1f646190001fcb,spreading_factor,7.0,1637,1634,
2026-06-17 02:38:11,8c1f646190002244,gateway_snr,4.800000190734863,1637,1634,24e124fffef94d5c
2026-06-17 02:38:11,8c1f646190002244,error_code,0.0,1637,1634,
2026-06-17 02:38:11,8c1f646190002244,bandwidth,125000.0,1637,1634,
2026-06-17 02:38:11,8c1f646190002244,spreading_factor,7.0,1637,1634,
2026-06-17 02:38:11,8c1f646190002244,water_temp_min,22.5,1637,1634,
2026-06-17 02:38:11,8c1f646190002244,payload,1.0,1637,1634,ef5e09030000f2b8010003000000000000000000000000e7eb555555
2026-06-17 02:38:11,8c1f646190002244,leak_status,0.0,1637,1634,
2026-06-17 02:38:11,8c1f646190002244,total_volume,112882.0,1637,1634,
2026-06-17 02:38:11,8c1f646190002244,battery,3648.0,1637,1634,
2026-06-17 02:38:11,8c1f646190002244,gateway_rssi,-103.0,1637,1634,24e124fffef94d5c
2026-06-17 02:38:11,8c1f646190002244,frame_counter,6472.0,1637,1634,
2026-06-17 02:38:11,8c1f646190002244,battery_recovered,3680.0,1637,1634,
2026-06-17 02:38:11,8c1f646190002244,water_temp_max,22.5,1637,1634,
2026-06-17 02:38:11,8c1f646190002244,ambient_temp,22.5,1637,1634,
2026-06-17 02:39:36,8c1f6461900021bd,payload,1.0,1637,1634,7e96090300006718010000000000000000000000000000dee8535353
2026-06-17 02:39:36,8c1f6461900021bd,gateway_rssi,-106.0,1637,1634,24e124fffef94d5c
2026-06-17 02:39:36,8c1f6461900021bd,spreading_factor,7.0,1637,1634,
2026-06-17 02:39:36,8c1f6461900021bd,water_temp_min,21.5,1637,1634,
2026-06-17 02:39:36,8c1f6461900021bd,battery,3576.0,1637,1634,
2026-06-17 02:39:36,8c1f6461900021bd,battery_recovered,3656.0,1637,1634,
2026-06-17 02:39:36,8c1f6461900021bd,water_temp_max,21.5,1637,1634,
2026-06-17 02:39:36,8c1f6461900021bd,leak_status,0.0,1637,1634,
2026-06-17 02:39:36,8c1f6461900021bd,error_code,0.0,1637,1634,
2026-06-17 02:39:36,8c1f6461900021bd,frame_counter,6629.0,1637,1634,
2026-06-17 02:39:36,8c1f6461900021bd,gateway_snr,2.799999952316284,1637,1634,24e124fffef94d5c
2026-06-17 02:39:36,8c1f6461900021bd,bandwidth,125000.0,1637,1634,
2026-06-17 02:39:36,8c1f6461900021bd,ambient_temp,21.5,1637,1634,
2026-06-17 02:39:36,8c1f6461900021bd,total_volume,71783.0,1637,1634,
2026-06-17 02:43:11,24e124725d489523,battery,39.0,1637,1634,
2026-06-17 02:43:11,24e124725d489523,spreading_factor,7.0,1637,1634,
2026-06-17 02:43:11,24e124725d489523,gateway_rssi,-106.0,1637,1634,24e124fffef949f8
2026-06-17 02:43:11,24e124725d489523,gateway_snr,4.5,1637,1634,24e124fffef949f8
2026-06-17 02:43:11,24e124725d489523,bandwidth,125000.0,1637,1634,
2026-06-17 02:43:11,24e124725d489523,temperature,20.4,1637,1634,
2026-06-17 02:43:11,24e124725d489523,frame_counter,7482.0,1637,1634,
2026-06-17 02:43:11,24e124725d489523,payload,85.0,1637,1634,0175270367cc00046864
2026-06-17 02:43:11,24e124725d489523,humidity,50.0,1637,1634,
2026-06-17 02:45:47,8c1f64619000227c,payload,1.0,1637,1634,506d0903000089320000e7ad0400725f09035000e30002e6e9555556
2026-06-17 02:45:47,8c1f64619000227c,battery,3640.0,1637,1634,
2026-06-17 02:45:47,8c1f64619000227c,bandwidth,125000.0,1637,1634,
2026-06-17 02:45:47,8c1f64619000227c,leak_status,2.0,1637,1634,
2026-06-17 02:45:47,8c1f64619000227c,ambient_temp,23.0,1637,1634,
2026-06-17 02:45:47,8c1f64619000227c,gateway_snr,0.0,1637,1634,24e124fffef949f8
2026-06-17 02:45:47,8c1f64619000227c,battery_recovered,3664.0,1637,1634,
2026-06-17 02:45:47,8c1f64619000227c,spreading_factor,7.0,1637,1634,
2026-06-17 02:45:47,8c1f64619000227c,error_code,0.0,1637,1634,
2026-06-17 02:45:47,8c1f64619000227c,water_temp_min,22.5,1637,1634,
2026-06-17 02:45:47,8c1f64619000227c,frame_counter,7517.0,1637,1634,
2026-06-17 02:45:47,8c1f64619000227c,water_temp_max,22.5,1637,1634,
2026-06-17 02:45:47,8c1f64619000227c,gateway_rssi,-112.0,1637,1634,24e124fffef949f8
2026-06-17 02:45:47,8c1f64619000227c,total_volume,12937.0,1637,1634,
2026-06-17 02:46:16,8c1f64619000171c,ambient_temp,23.0,1637,1634,
2026-06-17 02:46:16,8c1f64619000171c,frame_counter,3600.0,1637,1634,
2026-06-17 02:46:16,8c1f64619000171c,spreading_factor,7.0,1637,1634,
2026-06-17 02:46:16,8c1f64619000171c,payload,1.0,1637,1634,394b0d0300001946000012000000353d0d03a501f80102e6ea565756
2026-06-17 02:46:16,8c1f64619000171c,bandwidth,125000.0,1637,1634,
2026-06-17 02:46:16,8c1f64619000171c,water_temp_max,23.5,1637,1634,
2026-06-17 02:46:16,8c1f64619000171c,water_temp_min,23.0,1637,1634,
2026-06-17 02:46:16,8c1f64619000171c,gateway_snr,4.5,1637,1634,24e124fffef949f8
2026-06-17 02:46:16,8c1f64619000171c,battery,3640.0,1637,1634,
2026-06-17 02:46:16,8c1f64619000171c,error_code,0.0,1637,1634,
2026-06-17 02:46:16,8c1f64619000171c,leak_status,2.0,1637,1634,
2026-06-17 02:46:16,8c1f64619000171c,battery_recovered,3672.0,1637,1634,
2026-06-17 02:46:16,8c1f64619000171c,total_volume,17945.0,1637,1634,
2026-06-17 02:46:16,8c1f64619000171c,gateway_rssi,-109.0,1637,1634,24e124fffef949f8
2026-06-17 02:46:17,8c1f646190001c1f,leak_status,2.0,1637,1634,
2026-06-17 02:46:17,8c1f646190001c1f,battery,3624.0,1637,1634,
2026-06-17 02:46:17,8c1f646190001c1f,bandwidth,125000.0,1637,1634,
2026-06-17 02:46:17,8c1f646190001c1f,frame_counter,1935.0,1637,1634,
2026-06-17 02:46:17,8c1f646190001c1f,battery_recovered,3688.0,1637,1634,
2026-06-17 02:46:17,8c1f646190001c1f,water_temp_min,23.5,1637,1634,
2026-06-17 02:46:17,8c1f646190001c1f,gateway_snr,6.5,1637,1634,24e124fffef949f8
2026-06-17 02:46:17,8c1f646190001c1f,total_volume,44055.0,1637,1634,
2026-06-17 02:46:17,8c1f646190001c1f,error_code,0.0,1637,1634,
2026-06-17 02:46:17,8c1f646190001c1f,gateway_rssi,-107.0,1637,1634,24e124fffef949f8
2026-06-17 02:46:17,8c1f646190001c1f,water_temp_max,23.5,1637,1634,
2026-06-17 02:46:17,8c1f646190001c1f,ambient_temp,23.0,1637,1634,
2026-06-17 02:46:17,8c1f646190001c1f,payload,1.0,1637,1634,4d900903000017ac000000000000758209039bfb151302e4ec575756
2026-06-17 02:46:17,8c1f646190001c1f,spreading_factor,7.0,1637,1634,
2026-06-17 02:47:56,8c1f646190001fc1,gateway_snr,10.800000190734863,1637,1634,24e124fffef94d5c
2026-06-17 02:47:56,8c1f646190001fc1,payload,1.0,1637,1634,2396090300006cc50000291a0a0046880903f401dc0e02dde6535353
2026-06-17 02:47:56,8c1f646190001fc1,water_temp_min,21.5,1637,1634,
2026-06-17 02:47:56,8c1f646190001fc1,battery,3568.0,1637,1634,
2026-06-17 02:47:56,8c1f646190001fc1,water_temp_max,21.5,1637,1634,
2026-06-17 02:47:56,8c1f646190001fc1,spreading_factor,7.0,1637,1634,
2026-06-17 02:47:56,8c1f646190001fc1,ambient_temp,21.5,1637,1634,
2026-06-17 02:47:56,8c1f646190001fc1,total_volume,50540.0,1637,1634,
2026-06-17 02:47:56,8c1f646190001fc1,error_code,0.0,1637,1634,
2026-06-17 02:47:56,8c1f646190001fc1,gateway_rssi,-94.0,1637,1634,24e124fffef94d5c
2026-06-17 02:47:56,8c1f646190001fc1,frame_counter,6891.0,1637,1634,
2026-06-17 02:47:56,8c1f646190001fc1,battery_recovered,3640.0,1637,1634,
2026-06-17 02:47:56,8c1f646190001fc1,leak_status,2.0,1637,1634,
2026-06-17 02:47:56,8c1f646190001fc1,bandwidth,125000.0,1637,1634,
2026-06-17 02:49:25,8c1f646190001501,water_temp_max,22.0,1637,1634,
2026-06-17 02:49:25,8c1f646190001501,total_volume,21709.0,1637,1634,
2026-06-17 02:49:25,8c1f646190001501,leak_status,2.0,1637,1634,
2026-06-17 02:49:25,8c1f646190001501,payload,1.0,1637,1634,92940e030000cd540000028e0600ad860e03f8043f0402eaed545454
2026-06-17 02:49:25,8c1f646190001501,battery_recovered,3696.0,1637,1634,
2026-06-17 02:49:25,8c1f646190001501,error_code,0.0,1637,1634,
2026-06-17 02:49:25,8c1f646190001501,water_temp_min,22.0,1637,1634,
2026-06-17 02:49:25,8c1f646190001501,gateway_snr,9.199999809265137,1637,1634,24e124fffef949f8
2026-06-17 02:49:25,8c1f646190001501,ambient_temp,22.0,1637,1634,
2026-06-17 02:49:25,8c1f646190001501,battery,3672.0,1637,1634,
2026-06-17 02:49:25,8c1f646190001501,spreading_factor,7.0,1637,1634,
2026-06-17 02:49:25,8c1f646190001501,bandwidth,125000.0,1637,1634,
2026-06-17 02:49:25,8c1f646190001501,gateway_rssi,-101.0,1637,1634,24e124fffef949f8
2026-06-17 02:49:25,8c1f646190001501,frame_counter,3290.0,1637,1634,
2026-06-17 02:49:30,8c1f646190001bea,gateway_snr,1.2000000476837158,1637,1634,24e124fffef94d5c
2026-06-17 02:49:30,8c1f646190001bea,spreading_factor,7.0,1637,1634,
2026-06-17 02:49:30,8c1f646190001bea,battery_recovered,3656.0,1637,1634,
2026-06-17 02:49:30,8c1f646190001bea,water_temp_max,22.5,1637,1634,
2026-06-17 02:49:30,8c1f646190001bea,ambient_temp,22.5,1637,1634,
2026-06-17 02:49:30,8c1f646190001bea,water_temp_min,22.0,1637,1634,
2026-06-17 02:49:30,8c1f646190001bea,battery,3600.0,1637,1634,
2026-06-17 02:49:30,8c1f646190001bea,bandwidth,125000.0,1637,1634,
2026-06-17 02:49:30,8c1f646190001bea,leak_status,2.0,1637,1634,
2026-06-17 02:49:30,8c1f646190001bea,frame_counter,7688.0,1637,1634,
2026-06-17 02:49:30,8c1f646190001bea,error_code,0.0,1637,1634,
2026-06-17 02:49:30,8c1f646190001bea,payload,1.0,1637,1634,fe8009030000df840000206c0c00fc7209034200df0102e1e8545555
2026-06-17 02:49:30,8c1f646190001bea,gateway_rssi,-107.0,1637,1634,24e124fffef94d5c
2026-06-17 02:49:30,8c1f646190001bea,total_volume,34015.0,1637,1634,
2026-06-17 02:51:44,8c1f646190001833,gateway_rssi,-104.0,1637,1634,24e124fffef94d5c
2026-06-17 02:51:44,8c1f646190001833,payload,1.0,1637,1634,3d5909030000262e0000000000006b4b09031403250102e0ea535354
2026-06-17 02:51:44,8c1f646190001833,battery,3592.0,1637,1634,
2026-06-17 02:51:44,8c1f646190001833,leak_status,2.0,1637,1634,
2026-06-17 02:51:44,8c1f646190001833,spreading_factor,7.0,1637,1634,
2026-06-17 02:51:44,8c1f646190001833,error_code,0.0,1637,1634,
2026-06-17 02:51:44,8c1f646190001833,battery_recovered,3672.0,1637,1634,
2026-06-17 02:51:44,8c1f646190001833,bandwidth,125000.0,1637,1634,
2026-06-17 02:51:44,8c1f646190001833,frame_counter,5845.0,1637,1634,
2026-06-17 02:51:44,8c1f646190001833,ambient_temp,22.0,1637,1634,
2026-06-17 02:51:44,8c1f646190001833,water_temp_max,21.5,1637,1634,
2026-06-17 02:51:44,8c1f646190001833,water_temp_min,21.5,1637,1634,
2026-06-17 02:51:44,8c1f646190001833,gateway_snr,3.200000047683716,1637,1634,24e124fffef94d5c
2026-06-17 02:51:44,8c1f646190001833,total_volume,11814.0,1637,1634,
2026-06-17 02:53:15,24e124725d489523,frame_counter,7483.0,1637,1634,
2026-06-17 02:53:15,24e124725d489523,battery,39.0,1637,1634,
2026-06-17 02:53:15,24e124725d489523,gateway_snr,6.0,1637,1634,24e124fffef949f8
2026-06-17 02:53:15,24e124725d489523,spreading_factor,7.0,1637,1634,
2026-06-17 02:53:15,24e124725d489523,temperature,20.4,1637,1634,
2026-06-17 02:53:15,24e124725d489523,bandwidth,125000.0,1637,1634,
2026-06-17 02:53:15,24e124725d489523,payload,85.0,1637,1634,0175270367cc00046864
2026-06-17 02:53:15,24e124725d489523,gateway_rssi,-106.0,1637,1634,24e124fffef949f8
2026-06-17 02:53:15,24e124725d489523,humidity,50.0,1637,1634,
2026-06-17 02:54:33,8c1f6461900021e8,battery_recovered,3672.0,1637,1634,
2026-06-17 02:54:33,8c1f6461900021e8,bandwidth,125000.0,1637,1634,
2026-06-17 02:54:33,8c1f6461900021e8,frame_counter,3448.0,1637,1634,
2026-06-17 02:54:33,8c1f6461900021e8,gateway_snr,-3.0,1637,1634,24e124fffef949f8
2026-06-17 02:54:33,8c1f6461900021e8,ambient_temp,23.5,1637,1634,
2026-06-17 02:54:33,8c1f6461900021e8,gateway_rssi,-107.0,1637,1634,24e124fffef949f8
2026-06-17 02:54:33,8c1f6461900021e8,water_temp_min,25.0,1637,1634,
2026-06-17 02:54:33,8c1f6461900021e8,total_volume,46737.0,1637,1634,
2026-06-17 02:54:33,8c1f6461900021e8,error_code,0.0,1637,1634,
2026-06-17 02:54:33,8c1f6461900021e8,payload,1.0,1637,1634,e2a20903000091b600007d610700db94090310026e0802e7ea5a5a57
2026-06-17 02:54:33,8c1f6461900021e8,water_temp_max,25.0,1637,1634,
2026-06-17 02:54:33,8c1f6461900021e8,battery,3648.0,1637,1634,
2026-06-17 02:54:33,8c1f6461900021e8,leak_status,2.0,1637,1634,
2026-06-17 02:54:33,8c1f6461900021e8,spreading_factor,7.0,1637,1634,
2026-06-17 02:54:45,8c1f646190001ebd,water_temp_max,23.0,1637,1634,
2026-06-17 02:54:45,8c1f646190001ebd,battery_recovered,3696.0,1637,1634,
2026-06-17 02:54:45,8c1f646190001ebd,battery,3624.0,1637,1634,
2026-06-17 02:54:45,8c1f646190001ebd,error_code,0.0,1637,1634,
2026-06-17 02:54:45,8c1f646190001ebd,ambient_temp,22.0,1637,1634,
2026-06-17 02:54:45,8c1f646190001ebd,leak_status,2.0,1637,1634,
2026-06-17 02:54:45,8c1f646190001ebd,bandwidth,125000.0,1637,1634,
2026-06-17 02:54:45,8c1f646190001ebd,water_temp_min,23.0,1637,1634,
2026-06-17 02:54:45,8c1f646190001ebd,frame_counter,7920.0,1637,1634,
2026-06-17 02:54:45,8c1f646190001ebd,gateway_rssi,-106.0,1637,1634,24e124fffef949f8
2026-06-17 02:54:45,8c1f646190001ebd,payload,1.0,1637,1634,c19909030000d46a000000000000e38b09032e038d0d02e4ed565654
2026-06-17 02:54:45,8c1f646190001ebd,gateway_snr,7.199999809265137,1637,1634,24e124fffef949f8
2026-06-17 02:54:45,8c1f646190001ebd,spreading_factor,7.0,1637,1634,
2026-06-17 02:54:45,8c1f646190001ebd,total_volume,27348.0,1637,1634,
2026-06-17 02:55:56,8c1f6461900021c5,gateway_rssi,-106.0,1637,1634,24e124fffef949f8
2026-06-17 02:55:56,8c1f6461900021c5,frame_counter,6814.0,1637,1634,
2026-06-17 02:55:56,8c1f6461900021c5,battery_recovered,3664.0,1637,1634,
2026-06-17 02:55:56,8c1f6461900021c5,error_code,0.0,1637,1634,
2026-06-17 02:55:56,8c1f6461900021c5,spreading_factor,7.0,1637,1634,
2026-06-17 02:55:56,8c1f6461900021c5,ambient_temp,22.0,1637,1634,
2026-06-17 02:55:56,8c1f6461900021c5,payload,1.0,1637,1634,248f09030000c02f0000000000001b81090347eb790202e1e9515254
2026-06-17 02:55:56,8c1f6461900021c5,battery,3600.0,1637,1634,
2026-06-17 02:55:56,8c1f6461900021c5,leak_status,2.0,1637,1634,
2026-06-17 02:55:56,8c1f6461900021c5,water_temp_min,20.5,1637,1634,
2026-06-17 02:55:56,8c1f6461900021c5,total_volume,12224.0,1637,1634,
2026-06-17 02:55:56,8c1f6461900021c5,water_temp_max,21.0,1637,1634,
2026-06-17 02:55:56,8c1f6461900021c5,gateway_snr,-0.800000011920929,1637,1634,24e124fffef949f8
2026-06-17 02:55:56,8c1f6461900021c5,bandwidth,125000.0,1637,1634,
2026-06-17 02:56:43,8c1f646190001901,payload,1.0,1637,1634,e29309030000df34000005000000f5850903c102f90102e0eb505a54
2026-06-17 02:56:43,8c1f646190001901,bandwidth,125000.0,1637,1634,
2026-06-17 02:56:43,8c1f646190001901,gateway_snr,6.800000190734863,1637,1634,24e124fffef94d5c
2026-06-17 02:56:43,8c1f646190001901,leak_status,2.0,1637,1634,
2026-06-17 02:56:43,8c1f646190001901,battery_recovered,3680.0,1637,1634,
2026-06-17 02:56:43,8c1f646190001901,spreading_factor,7.0,1637,1634,
2026-06-17 02:56:43,8c1f646190001901,frame_counter,7662.0,1637,1634,
2026-06-17 02:56:43,8c1f646190001901,battery,3592.0,1637,1634,
2026-06-17 02:56:43,8c1f646190001901,gateway_rssi,-102.0,1637,1634,24e124fffef94d5c
2026-06-17 02:56:43,8c1f646190001901,error_code,0.0,1637,1634,
2026-06-17 02:56:43,8c1f646190001901,total_volume,13535.0,1637,1634,
2026-06-17 02:56:43,8c1f646190001901,water_temp_max,25.0,1637,1634,
2026-06-17 02:56:43,8c1f646190001901,ambient_temp,22.0,1637,1634,
2026-06-17 02:56:43,8c1f646190001901,water_temp_min,20.0,1637,1634,
2026-06-17 02:57:55,8c1f646190001592,battery,3608.0,1637,1634,
2026-06-17 02:57:55,8c1f646190001592,water_temp_max,22.0,1637,1634,
2026-06-17 02:57:55,8c1f646190001592,ambient_temp,22.0,1637,1634,
2026-06-17 02:57:55,8c1f646190001592,gateway_snr,9.0,1637,1634,24e124fffef949f8
2026-06-17 02:57:55,8c1f646190001592,error_code,0.0,1637,1634,
2026-06-17 02:57:55,8c1f646190001592,water_temp_min,22.0,1637,1634,
2026-06-17 02:57:55,8c1f646190001592,spreading_factor,7.0,1637,1634,
2026-06-17 02:57:55,8c1f646190001592,bandwidth,125000.0,1637,1634,
2026-06-17 02:57:55,8c1f646190001592,payload,1.0,1637,1634,2a73090300008b8300009eba0b003d650903abffed0302e2ea545454
2026-06-17 02:57:55,8c1f646190001592,frame_counter,3618.0,1637,1634,
2026-06-17 02:57:55,8c1f646190001592,battery_recovered,3672.0,1637,1634,
2026-06-17 02:57:55,8c1f646190001592,leak_status,2.0,1637,1634,
2026-06-17 02:57:55,8c1f646190001592,gateway_rssi,-102.0,1637,1634,24e124fffef949f8
2026-06-17 02:57:55,8c1f646190001592,total_volume,33675.0,1637,1634,
2026-06-17 02:58:28,8c1f646190001c9b,battery_recovered,3664.0,1637,1634,
2026-06-17 02:58:28,8c1f646190001c9b,error_code,0.0,1637,1634,
2026-06-17 02:58:28,8c1f646190001c9b,water_temp_max,41.5,1637,1634,
2026-06-17 02:58:28,8c1f646190001c9b,gateway_rssi,-104.0,1637,1634,24e124fffef94d5c
2026-06-17 02:58:28,8c1f646190001c9b,ambient_temp,25.0,1637,1634,
2026-06-17 02:58:28,8c1f646190001c9b,frame_counter,7506.0,1637,1634,
2026-06-17 02:58:28,8c1f646190001c9b,payload,1.0,1637,1634,2a8e090300009ab60000dc930e003d800903b4031a0602dfe97a7b5a
2026-06-17 02:58:28,8c1f646190001c9b,spreading_factor,7.0,1637,1634,
2026-06-17 02:58:28,8c1f646190001c9b,battery,3584.0,1637,1634,
2026-06-17 02:58:28,8c1f646190001c9b,gateway_snr,3.5,1637,1634,24e124fffef94d5c
2026-06-17 02:58:28,8c1f646190001c9b,bandwidth,125000.0,1637,1634,
2026-06-17 02:58:28,8c1f646190001c9b,leak_status,2.0,1637,1634,
2026-06-17 02:58:28,8c1f646190001c9b,water_temp_min,41.0,1637,1634,
2026-06-17 02:58:28,8c1f646190001c9b,total_volume,46746.0,1637,1634,
2026-06-17 02:58:57,8c1f646190001947,battery_recovered,3640.0,1637,1634,
2026-06-17 02:58:57,8c1f646190001947,spreading_factor,7.0,1637,1634,
2026-06-17 02:58:57,8c1f646190001947,bandwidth,125000.0,1637,1634,
2026-06-17 02:58:57,8c1f646190001947,water_temp_min,22.0,1637,1634,
2026-06-17 02:58:57,8c1f646190001947,leak_status,2.0,1637,1634,
2026-06-17 02:58:57,8c1f646190001947,error_code,0.0,1637,1634,
2026-06-17 02:58:57,8c1f646190001947,water_temp_max,22.0,1637,1634,
2026-06-17 02:58:57,8c1f646190001947,total_volume,38255.0,1637,1634,
2026-06-17 02:58:57,8c1f646190001947,gateway_rssi,-105.0,1637,1634,24e124fffef94d5c
2026-06-17 02:58:57,8c1f646190001947,gateway_snr,4.199999809265137,1637,1634,24e124fffef94d5c
2026-06-17 02:58:57,8c1f646190001947,ambient_temp,21.5,1637,1634,
2026-06-17 02:58:57,8c1f646190001947,battery,3616.0,1637,1634,
2026-06-17 02:58:57,8c1f646190001947,frame_counter,7362.0,1637,1634,
2026-06-17 02:58:57,8c1f646190001947,payload,1.0,1637,1634,9aad090300006f95000000000000b19f09030702f00802e3e6545453
2026-06-17 02:59:23,8c1f64619000177c,battery_recovered,3680.0,1637,1634,
2026-06-17 02:59:23,8c1f64619000177c,error_code,0.0,1637,1634,
2026-06-17 02:59:23,8c1f64619000177c,leak_status,0.0,1637,1634,
2026-06-17 02:59:23,8c1f64619000177c,gateway_snr,10.0,1637,1634,24e124fffef949f8
2026-06-17 02:59:23,8c1f64619000177c,payload,1.0,1637,1634,6574090300008ce1000000000000000000000000000000e3eb535354
2026-06-17 02:59:23,8c1f64619000177c,water_temp_min,21.5,1637,1634,
2026-06-17 02:59:23,8c1f64619000177c,frame_counter,6445.0,1637,1634,
2026-06-17 02:59:23,8c1f64619000177c,water_temp_max,21.5,1637,1634,
2026-06-17 02:59:23,8c1f64619000177c,spreading_factor,7.0,1637,1634,
2026-06-17 02:59:23,8c1f64619000177c,bandwidth,125000.0,1637,1634,
2026-06-17 02:59:23,8c1f64619000177c,ambient_temp,22.0,1637,1634,
2026-06-17 02:59:23,8c1f64619000177c,battery,3616.0,1637,1634,
2026-06-17 02:59:23,8c1f64619000177c,gateway_rssi,-99.0,1637,1634,24e124fffef949f8
2026-06-17 02:59:23,8c1f64619000177c,total_volume,57740.0,1637,1634,
2026-06-17 02:59:45,8c1f646190001c1c,water_temp_max,22.0,1637,1634,
2026-06-17 02:59:45,8c1f646190001c1c,gateway_snr,-6.5,1637,1634,24e124fffef949f8
2026-06-17 02:59:45,8c1f646190001c1c,bandwidth,125000.0,1637,1634,
2026-06-17 02:59:45,8c1f646190001c1c,battery,3624.0,1637,1634,
2026-06-17 02:59:45,8c1f646190001c1c,battery_recovered,3656.0,1637,1634,
2026-06-17 02:59:45,8c1f646190001c1c,payload,1.0,1637,1634,746d0d030000339900004d0b0b00825f0d037301600702e4e8545454
2026-06-17 02:59:45,8c1f646190001c1c,leak_status,2.0,1637,1634,
2026-06-17 02:59:45,8c1f646190001c1c,frame_counter,3666.0,1637,1634,
2026-06-17 02:59:45,8c1f646190001c1c,ambient_temp,22.0,1637,1634,
2026-06-17 02:59:45,8c1f646190001c1c,error_code,0.0,1637,1634,
2026-06-17 02:59:45,8c1f646190001c1c,total_volume,39219.0,1637,1634,
2026-06-17 02:59:45,8c1f646190001c1c,spreading_factor,7.0,1637,1634,
2026-06-17 02:59:45,8c1f646190001c1c,gateway_rssi,-107.0,1637,1634,24e124fffef949f8
2026-06-17 02:59:45,8c1f646190001c1c,water_temp_min,22.0,1637,1634,
2026-06-17 03:01:15,8c1f6461900021db,bandwidth,125000.0,1637,1634,
2026-06-17 03:01:15,8c1f6461900021db,gateway_rssi,-106.0,1637,1634,24e124fffef94d5c
2026-06-17 03:01:15,8c1f6461900021db,error_code,0.0,1637,1634,
2026-06-17 03:01:15,8c1f6461900021db,frame_counter,7754.0,1637,1634,
2026-06-17 03:01:15,8c1f6461900021db,battery_recovered,3664.0,1637,1634,
2026-06-17 03:01:15,8c1f6461900021db,battery,3568.0,1637,1634,
2026-06-17 03:01:15,8c1f6461900021db,total_volume,15057.0,1637,1634,
2026-06-17 03:01:15,8c1f6461900021db,ambient_temp,21.0,1637,1634,
2026-06-17 03:01:15,8c1f6461900021db,payload,1.0,1637,1634,a26b09030000d13a0000694f0500c35d090371fffa0002dde9505152
2026-06-17 03:01:15,8c1f6461900021db,water_temp_max,20.5,1637,1634,
2026-06-17 03:01:15,8c1f6461900021db,gateway_snr,2.200000047683716,1637,1634,24e124fffef94d5c
2026-06-17 03:01:15,8c1f6461900021db,leak_status,2.0,1637,1634,
2026-06-17 03:01:15,8c1f6461900021db,spreading_factor,7.0,1637,1634,
2026-06-17 03:01:15,8c1f6461900021db,water_temp_min,20.0,1637,1634,
2026-06-17 03:02:52,8c1f6461900020d1,spreading_factor,7.0,1637,1634,
2026-06-17 03:02:52,8c1f6461900020d1,total_volume,13636.0,1637,1634,
2026-06-17 03:02:52,8c1f6461900020d1,ambient_temp,23.5,1637,1634,
2026-06-17 03:02:52,8c1f6461900020d1,battery,3616.0,1637,1634,
2026-06-17 03:02:52,8c1f6461900020d1,gateway_snr,6.5,1637,1634,24e124fffef949f8
2026-06-17 03:02:52,8c1f6461900020d1,frame_counter,6344.0,1637,1634,
2026-06-17 03:02:52,8c1f6461900020d1,payload,1.0,1637,1634,43700903000044350000e6fd04006e6209030e024d0102e3e7555657
2026-06-17 03:02:52,8c1f6461900020d1,water_temp_min,22.5,1637,1634,
2026-06-17 03:02:52,8c1f6461900020d1,error_code,0.0,1637,1634,
2026-06-17 03:02:52,8c1f6461900020d1,water_temp_max,23.0,1637,1634,
2026-06-17 03:02:52,8c1f6461900020d1,battery_recovered,3648.0,1637,1634,
2026-06-17 03:02:52,8c1f6461900020d1,bandwidth,125000.0,1637,1634,
2026-06-17 03:02:52,8c1f6461900020d1,gateway_rssi,-106.0,1637,1634,24e124fffef949f8
2026-06-17 03:02:52,8c1f6461900020d1,leak_status,2.0,1637,1634,
2026-06-17 03:03:15,24e124725d489523,bandwidth,125000.0,1637,1634,
2026-06-17 03:03:15,24e124725d489523,battery,39.0,1637,1634,
2026-06-17 03:03:15,24e124725d489523,spreading_factor,7.0,1637,1634,
2026-06-17 03:03:15,24e124725d489523,gateway_snr,6.199999809265137,1637,1634,24e124fffef949f8
2026-06-17 03:03:15,24e124725d489523,temperature,20.4,1637,1634,
2026-06-17 03:03:15,24e124725d489523,humidity,50.0,1637,1634,
2026-06-17 03:03:15,24e124725d489523,payload,85.0,1637,1634,0175270367cc00046864
2026-06-17 03:03:15,24e124725d489523,gateway_rssi,-106.0,1637,1634,24e124fffef949f8
2026-06-17 03:03:15,24e124725d489523,frame_counter,7484.0,1637,1634,
2026-06-17 03:03:38,8c1f6461900019cb,battery,3640.0,1637,1634,
2026-06-17 03:03:38,8c1f6461900019cb,water_temp_max,20.0,1637,1634,
2026-06-17 03:03:38,8c1f6461900019cb,battery_recovered,3672.0,1637,1634,
2026-06-17 03:03:38,8c1f6461900019cb,gateway_snr,3.799999952316284,1637,1634,24e124fffef94d5c
2026-06-17 03:03:38,8c1f6461900019cb,water_temp_min,20.0,1637,1634,
2026-06-17 03:03:38,8c1f6461900019cb,total_volume,10557.0,1637,1634,
2026-06-17 03:03:38,8c1f6461900019cb,bandwidth,125000.0,1637,1634,
2026-06-17 03:03:38,8c1f6461900019cb,leak_status,2.0,1637,1634,
2026-06-17 03:03:38,8c1f6461900019cb,frame_counter,7812.0,1637,1634,
2026-06-17 03:03:38,8c1f6461900019cb,ambient_temp,19.5,1637,1634,
2026-06-17 03:03:38,8c1f6461900019cb,gateway_rssi,-105.0,1637,1634,24e124fffef94d5c
2026-06-17 03:03:38,8c1f6461900019cb,payload,1.0,1637,1634,e270090300003d29000000000000fd62090391010d0502e6ea50504f
2026-06-17 03:03:38,8c1f6461900019cb,error_code,0.0,1637,1634,
2026-06-17 03:03:38,8c1f6461900019cb,spreading_factor,7.0,1637,1634,
2026-06-17 03:03:44,8c1f64619000170a,leak_status,2.0,1637,1634,
2026-06-17 03:03:44,8c1f64619000170a,payload,1.0,1637,1634,95b309030000845c02007c270600b4a509034d213c0d02e1e9565757
2026-06-17 03:03:44,8c1f64619000170a,total_volume,154756.0,1637,1634,
2026-06-17 03:03:44,8c1f64619000170a,frame_counter,6651.0,1637,1634,
2026-06-17 03:03:44,8c1f64619000170a,spreading_factor,7.0,1637,1634,
2026-06-17 03:03:44,8c1f64619000170a,gateway_snr,3.799999952316284,1637,1634,24e124fffef94d5c
2026-06-17 03:03:44,8c1f64619000170a,gateway_rssi,-105.0,1637,1634,24e124fffef94d5c
2026-06-17 03:03:44,8c1f64619000170a,water_temp_min,23.0,1637,1634,
2026-06-17 03:03:44,8c1f64619000170a,error_code,0.0,1637,1634,
2026-06-17 03:03:44,8c1f64619000170a,water_temp_max,23.5,1637,1634,
2026-06-17 03:03:44,8c1f64619000170a,ambient_temp,23.5,1637,1634,
2026-06-17 03:03:44,8c1f64619000170a,battery_recovered,3664.0,1637,1634,
2026-06-17 03:03:44,8c1f64619000170a,battery,3600.0,1637,1634,
2026-06-17 03:03:44,8c1f64619000170a,bandwidth,125000.0,1637,1634,
2026-06-17 03:04:42,8c1f6461900021da,payload,1.0,1637,1634,6551090300009e600000f79008008e430903cc053b0302e0e9545554
2026-06-17 03:04:42,8c1f6461900021da,bandwidth,125000.0,1637,1634,
2026-06-17 03:04:42,8c1f6461900021da,battery_recovered,3664.0,1637,1634,
2026-06-17 03:04:42,8c1f6461900021da,frame_counter,7487.0,1637,1634,
2026-06-17 03:04:42,8c1f6461900021da,gateway_rssi,-101.0,1637,1634,24e124fffef94d5c
2026-06-17 03:04:42,8c1f6461900021da,gateway_snr,6.800000190734863,1637,1634,24e124fffef94d5c
2026-06-17 03:04:42,8c1f6461900021da,water_temp_max,22.5,1637,1634,
2026-06-17 03:04:42,8c1f6461900021da,water_temp_min,22.0,1637,1634,
2026-06-17 03:04:42,8c1f6461900021da,leak_status,2.0,1637,1634,
2026-06-17 03:04:42,8c1f6461900021da,total_volume,24734.0,1637,1634,
2026-06-17 03:04:42,8c1f6461900021da,error_code,0.0,1637,1634,
2026-06-17 03:04:42,8c1f6461900021da,ambient_temp,22.0,1637,1634,
2026-06-17 03:04:42,8c1f6461900021da,spreading_factor,7.0,1637,1634,
2026-06-17 03:04:42,8c1f6461900021da,battery,3592.0,1637,1634,
2026-06-17 03:05:04,8c1f646190001963,ambient_temp,21.0,1637,1634,
2026-06-17 03:05:04,8c1f646190001963,error_code,0.0,1637,1634,
2026-06-17 03:05:04,8c1f646190001963,gateway_snr,10.0,1637,1634,24e124fffef94d5c
2026-06-17 03:05:04,8c1f646190001963,total_volume,15803.0,1637,1634,
2026-06-17 03:05:04,8c1f646190001963,gateway_rssi,-95.0,1637,1634,24e124fffef94d5c
2026-06-17 03:05:04,8c1f646190001963,battery,3600.0,1637,1634,
2026-06-17 03:05:04,8c1f646190001963,bandwidth,125000.0,1637,1634,
2026-06-17 03:05:04,8c1f646190001963,battery_recovered,3680.0,1637,1634,
2026-06-17 03:05:04,8c1f646190001963,spreading_factor,7.0,1637,1634,
2026-06-17 03:05:04,8c1f646190001963,water_temp_max,21.5,1637,1634,
2026-06-17 03:05:04,8c1f646190001963,leak_status,2.0,1637,1634,
2026-06-17 03:05:04,8c1f646190001963,payload,1.0,1637,1634,acab09030000bb3d000000000000db9d0903d907f70702e1eb535352
2026-06-17 03:05:04,8c1f646190001963,frame_counter,7733.0,1637,1634,
2026-06-17 03:05:04,8c1f646190001963,water_temp_min,21.5,1637,1634,
2026-06-17 03:06:39,8c1f646190001e41,gateway_rssi,-107.0,1637,1634,24e124fffef949f8
2026-06-17 03:06:39,8c1f646190001e41,water_temp_max,44.5,1637,1634,
2026-06-17 03:06:39,8c1f646190001e41,bandwidth,125000.0,1637,1634,
2026-06-17 03:06:39,8c1f646190001e41,battery,3656.0,1637,1634,
2026-06-17 03:06:39,8c1f646190001e41,gateway_snr,4.5,1637,1634,24e124fffef949f8
2026-06-17 03:06:39,8c1f646190001e41,frame_counter,3558.0,1637,1634,
2026-06-17 03:06:39,8c1f646190001e41,error_code,0.0,1637,1634,
2026-06-17 03:06:39,8c1f646190001e41,total_volume,42481.0,1637,1634,
2026-06-17 03:06:39,8c1f646190001e41,spreading_factor,7.0,1637,1634,
2026-06-17 03:06:39,8c1f646190001e41,battery_recovered,3688.0,1637,1634,
2026-06-17 03:06:39,8c1f646190001e41,payload,1.0,1637,1634,d9a109030000f1a500005c110f00fd93090308fdae0102e8ec808159
2026-06-17 03:06:39,8c1f646190001e41,leak_status,2.0,1637,1634,
2026-06-17 03:06:39,8c1f646190001e41,ambient_temp,24.5,1637,1634,
2026-06-17 03:06:39,8c1f646190001e41,water_temp_min,44.0,1637,1634,
2026-06-17 03:07:34,8c1f646190002120,frame_counter,3617.0,1637,1634,
2026-06-17 03:07:34,8c1f646190002120,water_temp_min,22.0,1637,1634,
2026-06-17 03:07:34,8c1f646190002120,gateway_snr,9.5,1637,1634,24e124fffef949f8
2026-06-17 03:07:34,8c1f646190002120,error_code,0.0,1637,1634,
2026-06-17 03:07:34,8c1f646190002120,battery,3656.0,1637,1634,
2026-06-17 03:07:34,8c1f646190002120,bandwidth,125000.0,1637,1634,
2026-06-17 03:07:34,8c1f646190002120,battery_recovered,3680.0,1637,1634,
2026-06-17 03:07:34,8c1f646190002120,ambient_temp,21.5,1637,1634,
2026-06-17 03:07:34,8c1f646190002120,leak_status,2.0,1637,1634,
2026-06-17 03:07:34,8c1f646190002120,spreading_factor,7.0,1637,1634,
2026-06-17 03:07:34,8c1f646190002120,payload,1.0,1637,1634,568e0903000087a50000f5e70d00838009037d00720002e8eb545453
2026-06-17 03:07:34,8c1f646190002120,gateway_rssi,-102.0,1637,1634,24e124fffef949f8
2026-06-17 03:07:34,8c1f646190002120,water_temp_max,22.0,1637,1634,
2026-06-17 03:07:34,8c1f646190002120,total_volume,42375.0,1637,1634,
2026-06-17 03:08:06,8c1f6461900015c1,frame_counter,7603.0,1637,1634,
2026-06-17 03:08:06,8c1f6461900015c1,ambient_temp,21.0,1637,1634,
2026-06-17 03:08:06,8c1f6461900015c1,payload,1.0,1637,1634,8a6809030000254a000000000000ab5a0903a4fd9a0102dfec535352
2026-06-17 03:08:06,8c1f6461900015c1,gateway_rssi,-94.0,1637,1634,24e124fffef94d5c
2026-06-17 03:08:06,8c1f6461900015c1,leak_status,2.0,1637,1634,
2026-06-17 03:08:06,8c1f6461900015c1,spreading_factor,7.0,1637,1634,
2026-06-17 03:08:06,8c1f6461900015c1,battery_recovered,3688.0,1637,1634,
2026-06-17 03:08:06,8c1f6461900015c1,battery,3584.0,1637,1634,
2026-06-17 03:08:06,8c1f6461900015c1,bandwidth,125000.0,1637,1634,
2026-06-17 03:08:06,8c1f6461900015c1,total_volume,18981.0,1637,1634,
2026-06-17 03:08:06,8c1f6461900015c1,water_temp_max,21.5,1637,1634,
2026-06-17 03:08:06,8c1f6461900015c1,water_temp_min,21.5,1637,1634,
2026-06-17 03:08:06,8c1f6461900015c1,error_code,0.0,1637,1634,
2026-06-17 03:08:06,8c1f6461900015c1,gateway_snr,11.5,1637,1634,24e124fffef94d5c
2026-06-17 03:09:18,8c1f646190001b0f,battery_recovered,3648.0,1637,1634,
2026-06-17 03:09:18,8c1f646190001b0f,error_code,0.0,1637,1634,
2026-06-17 03:09:18,8c1f646190001b0f,spreading_factor,7.0,1637,1634,
2026-06-17 03:09:18,8c1f646190001b0f,leak_status,2.0,1637,1634,
2026-06-17 03:09:18,8c1f646190001b0f,frame_counter,6520.0,1637,1634,
2026-06-17 03:09:18,8c1f646190001b0f,ambient_temp,21.5,1637,1634,
2026-06-17 03:09:18,8c1f646190001b0f,total_volume,35314.0,1637,1634,
2026-06-17 03:09:18,8c1f646190001b0f,battery,3584.0,1637,1634,
2026-06-17 03:09:18,8c1f646190001b0f,bandwidth,125000.0,1637,1634,
2026-06-17 03:09:18,8c1f646190001b0f,gateway_snr,-3.200000047683716,1637,1634,24e124fffef94d5c
2026-06-17 03:09:18,8c1f646190001b0f,gateway_rssi,-109.0,1637,1634,24e124fffef94d5c
2026-06-17 03:09:18,8c1f646190001b0f,water_temp_max,22.5,1637,1634,
2026-06-17 03:09:18,8c1f646190001b0f,payload,1.0,1637,1634,cf8a09030000f2890000e6e30a00cc7c09039e01970102dfe7555553
2026-06-17 03:09:18,8c1f646190001b0f,water_temp_min,22.5,1637,1634,
2026-06-17 03:09:45,8c1f64619000228d,total_volume,18060.0,1637,1634,
2026-06-17 03:09:45,8c1f64619000228d,error_code,0.0,1637,1634,
2026-06-17 03:09:45,8c1f64619000228d,battery,3576.0,1637,1634,
2026-06-17 03:09:45,8c1f64619000228d,frame_counter,6425.0,1637,1634,
2026-06-17 03:09:45,8c1f64619000228d,ambient_temp,22.0,1637,1634,
2026-06-17 03:09:45,8c1f64619000228d,water_temp_min,21.5,1637,1634,
2026-06-17 03:09:45,8c1f64619000228d,bandwidth,125000.0,1637,1634,
2026-06-17 03:09:45,8c1f64619000228d,gateway_rssi,-98.0,1637,1634,24e124fffef94d5c
2026-06-17 03:09:45,8c1f64619000228d,battery_recovered,3648.0,1637,1634,
2026-06-17 03:09:45,8c1f64619000228d,water_temp_max,22.0,1637,1634,
2026-06-17 03:09:45,8c1f64619000228d,payload,1.0,1637,1634,d05b090300008c46000000000000c84d0903f206670902dee7535454
2026-06-17 03:09:45,8c1f64619000228d,leak_status,2.0,1637,1634,
2026-06-17 03:09:45,8c1f64619000228d,gateway_snr,10.0,1637,1634,24e124fffef94d5c
2026-06-17 03:09:45,8c1f64619000228d,spreading_factor,7.0,1637,1634,
2026-06-17 03:09:46,8c1f6461900014f5,gateway_snr,7.5,1637,1634,24e124fffef949f8
2026-06-17 03:09:46,8c1f6461900014f5,water_temp_min,21.5,1637,1634,
2026-06-17 03:09:46,8c1f6461900014f5,total_volume,22136.0,1637,1634,
2026-06-17 03:09:46,8c1f6461900014f5,error_code,0.0,1637,1634,
2026-06-17 03:09:46,8c1f6461900014f5,battery,3648.0,1637,1634,
2026-06-17 03:09:46,8c1f6461900014f5,spreading_factor,7.0,1637,1634,
2026-06-17 03:09:46,8c1f6461900014f5,leak_status,2.0,1637,1634,
2026-06-17 03:09:46,8c1f6461900014f5,bandwidth,125000.0,1637,1634,
2026-06-17 03:09:46,8c1f6461900014f5,frame_counter,3574.0,1637,1634,
2026-06-17 03:09:46,8c1f6461900014f5,ambient_temp,22.0,1637,1634,
2026-06-17 03:09:46,8c1f6461900014f5,payload,1.0,1637,1634,73710d030000785600000000000098630d0352fb590b02e7e9535354
2026-06-17 03:09:46,8c1f6461900014f5,gateway_rssi,-103.0,1637,1634,24e124fffef949f8
2026-06-17 03:09:46,8c1f6461900014f5,water_temp_max,21.5,1637,1634,
2026-06-17 03:09:46,8c1f6461900014f5,battery_recovered,3664.0,1637,1634,
2026-06-17 03:11:20,8c1f646190002222,frame_counter,3634.0,1637,1634,
2026-06-17 03:11:20,8c1f646190002222,battery_recovered,3688.0,1637,1634,
2026-06-17 03:11:20,8c1f646190002222,leak_status,2.0,1637,1634,
2026-06-17 03:11:20,8c1f646190002222,total_volume,30820.0,1637,1634,
2026-06-17 03:11:20,8c1f646190002222,battery,3680.0,1637,1634,
2026-06-17 03:11:20,8c1f646190002222,error_code,0.0,1637,1634,
2026-06-17 03:11:20,8c1f646190002222,spreading_factor,7.0,1637,1634,
2026-06-17 03:11:20,8c1f646190002222,gateway_rssi,-112.0,1637,1634,24e124fffef949f8
2026-06-17 03:11:20,8c1f646190002222,water_temp_max,21.5,1637,1634,
2026-06-17 03:11:20,8c1f646190002222,ambient_temp,21.5,1637,1634,
2026-06-17 03:11:20,8c1f646190002222,payload,1.0,1637,1634,2160090300006478000008000000365609030702ad0002ebec4e5353
2026-06-17 03:11:20,8c1f646190002222,water_temp_min,19.0,1637,1634,
2026-06-17 03:11:20,8c1f646190002222,gateway_snr,-0.2000000029802322,1637,1634,24e124fffef949f8
2026-06-17 03:11:20,8c1f646190002222,bandwidth,125000.0,1637,1634,
2026-06-17 03:11:39,8c1f646190001b91,battery_recovered,3656.0,1637,1634,
2026-06-17 03:11:39,8c1f646190001b91,frame_counter,6535.0,1637,1634,
2026-06-17 03:11:39,8c1f646190001b91,spreading_factor,7.0,1637,1634,
2026-06-17 03:11:39,8c1f646190001b91,payload,1.0,1637,1634,128f0903000021b70000a2cb0e001581090334001a0302dde8555754
2026-06-17 03:11:39,8c1f646190001b91,gateway_snr,7.0,1637,1634,24e124fffef94d5c
2026-06-17 03:11:39,8c1f646190001b91,error_code,0.0,1637,1634,
2026-06-17 03:11:39,8c1f646190001b91,ambient_temp,22.0,1637,1634,
2026-06-17 03:11:39,8c1f646190001b91,bandwidth,125000.0,1637,1634,
2026-06-17 03:11:39,8c1f646190001b91,gateway_rssi,-101.0,1637,1634,24e124fffef94d5c
2026-06-17 03:11:39,8c1f646190001b91,leak_status,2.0,1637,1634,
2026-06-17 03:11:39,8c1f646190001b91,battery,3568.0,1637,1634,
2026-06-17 03:11:39,8c1f646190001b91,water_temp_min,22.5,1637,1634,
2026-06-17 03:11:39,8c1f646190001b91,total_volume,46881.0,1637,1634,
2026-06-17 03:11:39,8c1f646190001b91,water_temp_max,23.5,1637,1634,
2026-06-17 03:12:15,8c1f6461900019cf,spreading_factor,7.0,1637,1634,
2026-06-17 03:12:15,8c1f6461900019cf,ambient_temp,21.0,1637,1634,
2026-06-17 03:12:15,8c1f6461900019cf,payload,1.0,1637,1634,a19909030000e70a010000000000000000000000000000e5e8535452
2026-06-17 03:12:15,8c1f6461900019cf,water_temp_min,21.5,1637,1634,
2026-06-17 03:12:15,8c1f6461900019cf,water_temp_max,22.0,1637,1634,
2026-06-17 03:12:15,8c1f6461900019cf,frame_counter,3549.0,1637,1634,
2026-06-17 03:12:15,8c1f6461900019cf,battery_recovered,3656.0,1637,1634,
2026-06-17 03:12:15,8c1f6461900019cf,bandwidth,125000.0,1637,1634,
2026-06-17 03:12:15,8c1f6461900019cf,gateway_rssi,-101.0,1637,1634,24e124fffef949f8
2026-06-17 03:12:15,8c1f6461900019cf,leak_status,0.0,1637,1634,
2026-06-17 03:12:15,8c1f6461900019cf,total_volume,68327.0,1637,1634,
2026-06-17 03:12:15,8c1f6461900019cf,battery,3632.0,1637,1634,
2026-06-17 03:12:15,8c1f6461900019cf,gateway_snr,7.800000190734863,1637,1634,24e124fffef949f8
2026-06-17 03:12:15,8c1f6461900019cf,error_code,0.0,1637,1634,
2026-06-17 03:12:39,8c1f646190002206,frame_counter,7007.0,1637,1634,
2026-06-17 03:12:39,8c1f646190002206,battery,3600.0,1637,1634,
2026-06-17 03:12:39,8c1f646190002206,payload,1.0,1637,1634,299c0903000069130300c74f0f00000000000000000000e1ea545454
2026-06-17 03:12:39,8c1f646190002206,spreading_factor,7.0,1637,1634,
2026-06-17 03:12:39,8c1f646190002206,battery_recovered,3672.0,1637,1634,
2026-06-17 03:12:39,8c1f646190002206,ambient_temp,22.0,1637,1634,
2026-06-17 03:12:39,8c1f646190002206,water_temp_min,22.0,1637,1634,
2026-06-17 03:12:39,8c1f646190002206,error_code,0.0,1637,1634,
2026-06-17 03:12:39,8c1f646190002206,leak_status,0.0,1637,1634,
2026-06-17 03:12:39,8c1f646190002206,gateway_snr,6.199999809265137,1637,1634,24e124fffef94d5c
2026-06-17 03:12:39,8c1f646190002206,total_volume,201577.0,1637,1634,
2026-06-17 03:12:39,8c1f646190002206,bandwidth,125000.0,1637,1634,
2026-06-17 03:12:39,8c1f646190002206,water_temp_max,22.0,1637,1634,
2026-06-17 03:12:39,8c1f646190002206,gateway_rssi,-101.0,1637,1634,24e124fffef94d5c
2026-06-17 03:13:12,24e124725d489523,payload,85.0,1637,1634,0175270367cc00046864
2026-06-17 03:13:12,24e124725d489523,temperature,20.4,1637,1634,
2026-06-17 03:13:12,24e124725d489523,bandwidth,125000.0,1637,1634,
2026-06-17 03:13:12,24e124725d489523,humidity,50.0,1637,1634,
2026-06-17 03:13:12,24e124725d489523,frame_counter,7485.0,1637,1634,
2026-06-17 03:13:12,24e124725d489523,gateway_rssi,-107.0,1637,1634,24e124fffef949f8
2026-06-17 03:13:12,24e124725d489523,gateway_snr,6.800000190734863,1637,1634,24e124fffef949f8
2026-06-17 03:13:12,24e124725d489523,battery,39.0,1637,1634,
2026-06-17 03:13:12,24e124725d489523,spreading_factor,7.0,1637,1634,
2026-06-17 03:14:15,8c1f646190001bf1,water_temp_min,22.0,1637,1634,
2026-06-17 03:14:15,8c1f646190001bf1,error_code,0.0,1637,1634,
2026-06-17 03:14:15,8c1f646190001bf1,ambient_temp,21.5,1637,1634,
2026-06-17 03:14:15,8c1f646190001bf1,battery_recovered,3672.0,1637,1634,
2026-06-17 03:14:15,8c1f646190001bf1,gateway_snr,5.199999809265137,1637,1634,24e124fffef94d5c
2026-06-17 03:14:15,8c1f646190001bf1,leak_status,2.0,1637,1634,
2026-06-17 03:14:15,8c1f646190001bf1,battery,3600.0,1637,1634,
2026-06-17 03:14:15,8c1f646190001bf1,water_temp_max,22.0,1637,1634,
2026-06-17 03:14:15,8c1f646190001bf1,frame_counter,6322.0,1637,1634,
2026-06-17 03:14:15,8c1f646190001bf1,bandwidth,125000.0,1637,1634,
2026-06-17 03:14:15,8c1f646190001bf1,payload,1.0,1637,1634,01a509030000a6820000c88c0b00f8960903a701240102e1ea545453
2026-06-17 03:14:15,8c1f646190001bf1,total_volume,33446.0,1637,1634,
2026-06-17 03:14:15,8c1f646190001bf1,spreading_factor,7.0,1637,1634,
2026-06-17 03:14:15,8c1f646190001bf1,gateway_rssi,-103.0,1637,1634,24e124fffef94d5c
2026-06-17 03:14:22,8c1f646190001dd8,battery_recovered,3664.0,1637,1634,
2026-06-17 03:14:22,8c1f646190001dd8,payload,1.0,1637,1634,7b8b09030000afda000008e011007c7d090385015c0202e4e9545454
2026-06-17 03:14:22,8c1f646190001dd8,water_temp_max,22.0,1637,1634,
2026-06-17 03:14:22,8c1f646190001dd8,water_temp_min,22.0,1637,1634,
2026-06-17 03:14:22,8c1f646190001dd8,battery,3624.0,1637,1634,
2026-06-17 03:14:22,8c1f646190001dd8,spreading_factor,7.0,1637,1634,
2026-06-17 03:14:22,8c1f646190001dd8,leak_status,2.0,1637,1634,
2026-06-17 03:14:22,8c1f646190001dd8,total_volume,55983.0,1637,1634,
2026-06-17 03:14:22,8c1f646190001dd8,bandwidth,125000.0,1637,1634,
2026-06-17 03:14:22,8c1f646190001dd8,gateway_rssi,-113.0,1637,1634,24e124fffef949f8
2026-06-17 03:14:22,8c1f646190001dd8,ambient_temp,22.0,1637,1634,
2026-06-17 03:14:22,8c1f646190001dd8,gateway_snr,0.0,1637,1634,24e124fffef949f8
2026-06-17 03:14:22,8c1f646190001dd8,error_code,0.0,1637,1634,
2026-06-17 03:14:22,8c1f646190001dd8,frame_counter,3737.0,1637,1634,
2026-06-17 03:14:32,8c1f6461900021e0,water_temp_max,22.0,1637,1634,
2026-06-17 03:14:32,8c1f6461900021e0,battery,3664.0,1637,1634,
2026-06-17 03:14:32,8c1f6461900021e0,frame_counter,2241.0,1637,1634,
2026-06-17 03:14:32,8c1f6461900021e0,bandwidth,125000.0,1637,1634,
2026-06-17 03:14:32,8c1f6461900021e0,total_volume,77155.0,1637,1634,
2026-06-17 03:14:32,8c1f6461900021e0,gateway_rssi,-104.0,1637,1634,24e124fffef949f8
2026-06-17 03:14:32,8c1f6461900021e0,error_code,0.0,1637,1634,
2026-06-17 03:14:32,8c1f6461900021e0,battery_recovered,3696.0,1637,1634,
2026-06-17 03:14:32,8c1f6461900021e0,water_temp_min,22.0,1637,1634,
2026-06-17 03:14:32,8c1f6461900021e0,spreading_factor,7.0,1637,1634,
2026-06-17 03:14:32,8c1f6461900021e0,payload,1.0,1637,1634,ca6b09030000632d010000000000000000000000000000e9ed545454
2026-06-17 03:14:32,8c1f6461900021e0,gateway_snr,7.199999809265137,1637,1634,24e124fffef949f8
2026-06-17 03:14:32,8c1f6461900021e0,leak_status,0.0,1637,1634,
2026-06-17 03:14:32,8c1f6461900021e0,ambient_temp,22.0,1637,1634,
2026-06-17 03:15:44,8c1f646190001968,payload,1.0,1637,1634,0684090300004d160100af2918002d76090314f1420202e8eb565656
2026-06-17 03:15:44,8c1f646190001968,gateway_rssi,-105.0,1637,1634,24e124fffef949f8
2026-06-17 03:15:44,8c1f646190001968,spreading_factor,7.0,1637,1634,
2026-06-17 03:15:44,8c1f646190001968,battery_recovered,3680.0,1637,1634,
2026-06-17 03:15:44,8c1f646190001968,bandwidth,125000.0,1637,1634,
2026-06-17 03:15:44,8c1f646190001968,leak_status,2.0,1637,1634,
2026-06-17 03:15:44,8c1f646190001968,error_code,0.0,1637,1634,
2026-06-17 03:15:44,8c1f646190001968,gateway_snr,7.0,1637,1634,24e124fffef949f8
2026-06-17 03:15:44,8c1f646190001968,frame_counter,3619.0,1637,1634,
2026-06-17 03:15:44,8c1f646190001968,total_volume,71245.0,1637,1634,
2026-06-17 03:15:44,8c1f646190001968,water_temp_min,23.0,1637,1634,
2026-06-17 03:15:44,8c1f646190001968,battery,3656.0,1637,1634,
2026-06-17 03:15:44,8c1f646190001968,water_temp_max,23.0,1637,1634,
2026-06-17 03:15:44,8c1f646190001968,ambient_temp,23.0,1637,1634,
2026-06-17 03:17:00,8c1f646190002291,frame_counter,6851.0,1637,1634,
2026-06-17 03:17:00,8c1f646190002291,spreading_factor,7.0,1637,1634,
2026-06-17 03:17:00,8c1f646190002291,gateway_rssi,-109.0,1637,1634,24e124fffef949f8
2026-06-17 03:17:00,8c1f646190002291,leak_status,3.0,1637,1634,
2026-06-17 03:17:00,8c1f646190002291,bandwidth,125000.0,1637,1634,
2026-06-17 03:17:00,8c1f646190002291,total_volume,398813.0,1637,1634,
2026-06-17 03:17:00,8c1f646190002291,battery,3584.0,1637,1634,
2026-06-17 03:17:00,8c1f646190002291,battery_recovered,3664.0,1637,1634,
2026-06-17 03:17:00,8c1f646190002291,error_code,0.0,1637,1634,
2026-06-17 03:17:00,8c1f646190002291,payload,1.0,1637,1634,88b909030000dd15060000000000861609035a02000003dfe9525252
2026-06-17 03:17:00,8c1f646190002291,water_temp_max,21.0,1637,1634,
2026-06-17 03:17:00,8c1f646190002291,water_temp_min,21.0,1637,1634,
2026-06-17 03:17:00,8c1f646190002291,gateway_snr,3.5,1637,1634,24e124fffef949f8
2026-06-17 03:17:00,8c1f646190002291,ambient_temp,21.0,1637,1634,
2026-06-17 03:19:37,8c1f64619000160f,ambient_temp,22.5,1637,1634,
2026-06-17 03:19:37,8c1f64619000160f,payload,1.0,1637,1634,44740d03000048d4010008000000000000000000000000e7ea555555
2026-06-17 03:19:37,8c1f64619000160f,leak_status,0.0,1637,1634,
2026-06-17 03:19:37,8c1f64619000160f,battery_recovered,3672.0,1637,1634,
2026-06-17 03:19:37,8c1f64619000160f,error_code,0.0,1637,1634,
2026-06-17 03:19:37,8c1f64619000160f,gateway_rssi,-108.0,1637,1634,24e124fffef949f8
2026-06-17 03:19:37,8c1f64619000160f,battery,3648.0,1637,1634,
2026-06-17 03:19:37,8c1f64619000160f,water_temp_min,22.5,1637,1634,
2026-06-17 03:19:37,8c1f64619000160f,gateway_snr,3.5,1637,1634,24e124fffef949f8
2026-06-17 03:19:37,8c1f64619000160f,frame_counter,3634.0,1637,1634,
2026-06-17 03:19:37,8c1f64619000160f,total_volume,119880.0,1637,1634,
2026-06-17 03:19:37,8c1f64619000160f,spreading_factor,7.0,1637,1634,
2026-06-17 03:19:37,8c1f64619000160f,bandwidth,125000.0,1637,1634,
2026-06-17 03:19:37,8c1f64619000160f,water_temp_max,22.5,1637,1634,
2026-06-17 03:22:03,8c1f646190001ec9,gateway_snr,4.199999809265137,1637,1634,24e124fffef94d5c
2026-06-17 03:22:03,8c1f646190001ec9,payload,1.0,1637,1634,e66b09030000fc860000f75a0b00f05d09039c038e0202e1e9535351
2026-06-17 03:22:03,8c1f646190001ec9,gateway_rssi,-103.0,1637,1634,24e124fffef94d5c
2026-06-17 03:22:03,8c1f646190001ec9,ambient_temp,20.5,1637,1634,
2026-06-17 03:22:03,8c1f646190001ec9,leak_status,2.0,1637,1634,
2026-06-17 03:22:03,8c1f646190001ec9,frame_counter,6554.0,1637,1634,
2026-06-17 03:22:03,8c1f646190001ec9,water_temp_max,21.5,1637,1634,
2026-06-17 03:22:03,8c1f646190001ec9,spreading_factor,7.0,1637,1634,
2026-06-17 03:22:03,8c1f646190001ec9,battery_recovered,3664.0,1637,1634,
2026-06-17 03:22:03,8c1f646190001ec9,water_temp_min,21.5,1637,1634,
2026-06-17 03:22:03,8c1f646190001ec9,bandwidth,125000.0,1637,1634,
2026-06-17 03:22:03,8c1f646190001ec9,battery,3600.0,1637,1634,
2026-06-17 03:22:03,8c1f646190001ec9,error_code,0.0,1637,1634,
2026-06-17 03:22:03,8c1f646190001ec9,total_volume,34556.0,1637,1634,
2026-06-17 03:22:37,8c1f6461900015ba,water_temp_min,21.0,1637,1634,
2026-06-17 03:22:37,8c1f6461900015ba,water_temp_max,21.0,1637,1634,
2026-06-17 03:22:37,8c1f6461900015ba,frame_counter,7257.0,1637,1634,
2026-06-17 03:22:37,8c1f6461900015ba,gateway_snr,6.199999809265137,1637,1634,24e124fffef949f8
2026-06-17 03:22:37,8c1f6461900015ba,leak_status,2.0,1637,1634,
2026-06-17 03:22:37,8c1f6461900015ba,total_volume,7057.0,1637,1634,
2026-06-17 03:22:37,8c1f6461900015ba,error_code,0.0,1637,1634,
2026-06-17 03:22:37,8c1f6461900015ba,payload,1.0,1637,1634,bea209030000911b000000000000e89409034701d60302e6eb525252
2026-06-17 03:22:37,8c1f6461900015ba,battery_recovered,3680.0,1637,1634,
2026-06-17 03:22:37,8c1f6461900015ba,battery,3640.0,1637,1634,
2026-06-17 03:22:37,8c1f6461900015ba,bandwidth,125000.0,1637,1634,
2026-06-17 03:22:37,8c1f6461900015ba,ambient_temp,21.0,1637,1634,
2026-06-17 03:22:37,8c1f6461900015ba,spreading_factor,7.0,1637,1634,
2026-06-17 03:22:37,8c1f6461900015ba,gateway_rssi,-107.0,1637,1634,24e124fffef949f8
2026-06-17 03:23:16,24e124725d489523,temperature,20.4,1637,1634,
2026-06-17 03:23:16,24e124725d489523,gateway_rssi,-106.0,1637,1634,24e124fffef949f8
2026-06-17 03:23:16,24e124725d489523,battery,39.0,1637,1634,
2026-06-17 03:23:16,24e124725d489523,humidity,49.5,1637,1634,
2026-06-17 03:23:16,24e124725d489523,payload,85.0,1637,1634,0175270367cc00046863
2026-06-17 03:23:16,24e124725d489523,frame_counter,7486.0,1637,1634,
2026-06-17 03:23:16,24e124725d489523,spreading_factor,7.0,1637,1634,
2026-06-17 03:23:16,24e124725d489523,gateway_snr,6.199999809265137,1637,1634,24e124fffef949f8
2026-06-17 03:23:16,24e124725d489523,bandwidth,125000.0,1637,1634,
2026-06-17 03:23:30,8c1f646190001743,water_temp_min,22.5,1637,1634,
2026-06-17 03:23:30,8c1f646190001743,ambient_temp,23.0,1637,1634,
2026-06-17 03:23:30,8c1f646190001743,error_code,0.0,1637,1634,
2026-06-17 03:23:30,8c1f646190001743,frame_counter,1981.0,1637,1634,
2026-06-17 03:23:30,8c1f646190001743,total_volume,8040.0,1637,1634,
2026-06-17 03:23:30,8c1f646190001743,battery,3632.0,1637,1634,
2026-06-17 03:23:30,8c1f646190001743,battery_recovered,3688.0,1637,1634,
2026-06-17 03:23:30,8c1f646190001743,payload,1.0,1637,1634,099909030000681f0000000000001f8b09034d03cc0102e5ec555556
2026-06-17 03:23:30,8c1f646190001743,gateway_rssi,-114.0,1637,1634,24e124fffef949f8
2026-06-17 03:23:30,8c1f646190001743,gateway_snr,-3.5,1637,1634,24e124fffef949f8
2026-06-17 03:23:30,8c1f646190001743,spreading_factor,7.0,1637,1634,
2026-06-17 03:23:30,8c1f646190001743,bandwidth,125000.0,1637,1634,
2026-06-17 03:23:30,8c1f646190001743,water_temp_max,22.5,1637,1634,
2026-06-17 03:23:30,8c1f646190001743,leak_status,2.0,1637,1634,
2026-06-17 03:24:32,8c1f6461900015ed,water_temp_min,21.0,1637,1634,
2026-06-17 03:24:32,8c1f6461900015ed,battery,3616.0,1637,1634,
2026-06-17 03:24:32,8c1f6461900015ed,battery_recovered,3680.0,1637,1634,
2026-06-17 03:24:32,8c1f6461900015ed,error_code,0.0,1637,1634,
2026-06-17 03:24:32,8c1f6461900015ed,spreading_factor,7.0,1637,1634,
2026-06-17 03:24:32,8c1f6461900015ed,leak_status,2.0,1637,1634,
2026-06-17 03:24:32,8c1f6461900015ed,gateway_rssi,-95.0,1637,1634,24e124fffef94d5c
2026-06-17 03:24:32,8c1f6461900015ed,gateway_snr,11.0,1637,1634,24e124fffef94d5c
2026-06-17 03:24:32,8c1f6461900015ed,frame_counter,6139.0,1637,1634,
2026-06-17 03:24:32,8c1f6461900015ed,water_temp_max,21.0,1637,1634,
2026-06-17 03:24:32,8c1f6461900015ed,bandwidth,125000.0,1637,1634,
2026-06-17 03:24:32,8c1f6461900015ed,payload,1.0,1637,1634,559709030000eb6400000ea409004989090398006d0202e3eb525252
2026-06-17 03:24:32,8c1f6461900015ed,ambient_temp,21.0,1637,1634,
2026-06-17 03:24:32,8c1f6461900015ed,total_volume,25835.0,1637,1634,
2026-06-17 03:25:09,8c1f6461900018f5,battery_recovered,3664.0,1637,1634,
2026-06-17 03:25:09,8c1f6461900018f5,water_temp_min,22.0,1637,1634,
2026-06-17 03:25:09,8c1f6461900018f5,gateway_rssi,-105.0,1637,1634,24e124fffef949f8
2026-06-17 03:25:09,8c1f6461900018f5,gateway_snr,4.199999809265137,1637,1634,24e124fffef949f8
2026-06-17 03:25:09,8c1f6461900018f5,error_code,0.0,1637,1634,
2026-06-17 03:25:09,8c1f6461900018f5,water_temp_max,22.0,1637,1634,
2026-06-17 03:25:09,8c1f6461900018f5,spreading_factor,7.0,1637,1634,
2026-06-17 03:25:09,8c1f6461900018f5,payload,1.0,1637,1634,dd800903000082c90000c5d9040008730903b1f8a60d02e1e9545455
2026-06-17 03:25:09,8c1f6461900018f5,ambient_temp,22.5,1637,1634,
2026-06-17 03:25:09,8c1f6461900018f5,total_volume,51586.0,1637,1634,
2026-06-17 03:25:09,8c1f6461900018f5,frame_counter,7694.0,1637,1634,
2026-06-17 03:25:09,8c1f6461900018f5,leak_status,2.0,1637,1634,
2026-06-17 03:25:09,8c1f6461900018f5,bandwidth,125000.0,1637,1634,
2026-06-17 03:25:09,8c1f6461900018f5,battery,3600.0,1637,1634,
2026-06-17 03:26:18,8c1f6461900019c7,water_temp_min,22.0,1637,1634,
2026-06-17 03:26:18,8c1f6461900019c7,total_volume,22411.0,1637,1634,
2026-06-17 03:26:18,8c1f6461900019c7,battery,3568.0,1637,1634,
2026-06-17 03:26:18,8c1f6461900019c7,water_temp_max,22.0,1637,1634,
2026-06-17 03:26:18,8c1f6461900019c7,spreading_factor,7.0,1637,1634,
2026-06-17 03:26:18,8c1f6461900019c7,error_code,0.0,1637,1634,
2026-06-17 03:26:18,8c1f6461900019c7,gateway_snr,0.800000011920929,1637,1634,24e124fffef94d5c
2026-06-17 03:26:18,8c1f6461900019c7,gateway_rssi,-107.0,1637,1634,24e124fffef94d5c
2026-06-17 03:26:18,8c1f6461900019c7,payload,1.0,1637,1634,8e6a090300008b57000052480800b85c09038401310302dde7545454
2026-06-17 03:26:18,8c1f6461900019c7,ambient_temp,22.0,1637,1634,
2026-06-17 03:26:18,8c1f6461900019c7,battery_recovered,3648.0,1637,1634,
2026-06-17 03:26:18,8c1f6461900019c7,leak_status,2.0,1637,1634,
2026-06-17 03:26:18,8c1f6461900019c7,bandwidth,125000.0,1637,1634,
2026-06-17 03:26:18,8c1f6461900019c7,frame_counter,5922.0,1637,1634,
2026-06-17 03:26:50,8c1f646190001baf,battery_recovered,3656.0,1637,1634,
2026-06-17 03:26:50,8c1f646190001baf,battery,3584.0,1637,1634,
2026-06-17 03:26:50,8c1f646190001baf,leak_status,2.0,1637,1634,
2026-06-17 03:26:50,8c1f646190001baf,water_temp_min,21.5,1637,1634,
2026-06-17 03:26:50,8c1f646190001baf,gateway_snr,4.5,1637,1634,24e124fffef94d5c
2026-06-17 03:26:50,8c1f646190001baf,payload,1.0,1637,1634,d390090300001bd20000bca80500cd82090349fec41502dfe8535454
2026-06-17 03:26:50,8c1f646190001baf,error_code,0.0,1637,1634,
2026-06-17 03:26:50,8c1f646190001baf,total_volume,53787.0,1637,1634,
2026-06-17 03:26:50,8c1f646190001baf,ambient_temp,22.0,1637,1634,
2026-06-17 03:26:50,8c1f646190001baf,frame_counter,6728.0,1637,1634,
2026-06-17 03:26:50,8c1f646190001baf,gateway_rssi,-104.0,1637,1634,24e124fffef94d5c
2026-06-17 03:26:50,8c1f646190001baf,bandwidth,125000.0,1637,1634,
2026-06-17 03:26:50,8c1f646190001baf,spreading_factor,7.0,1637,1634,
2026-06-17 03:26:50,8c1f646190001baf,water_temp_max,22.0,1637,1634,
2026-06-17 03:27:11,8c1f646190001790,water_temp_min,21.0,1637,1634,
2026-06-17 03:27:11,8c1f646190001790,battery,3680.0,1637,1634,
2026-06-17 03:27:11,8c1f646190001790,payload,1.0,1637,1634,7ea30903000049230000db340300979509038cff0b0202ebed525253
2026-06-17 03:27:11,8c1f646190001790,gateway_snr,2.200000047683716,1637,1634,24e124fffef949f8
2026-06-17 03:27:11,8c1f646190001790,frame_counter,3632.0,1637,1634,
2026-06-17 03:27:11,8c1f646190001790,gateway_rssi,-110.0,1637,1634,24e124fffef949f8
2026-06-17 03:27:11,8c1f646190001790,water_temp_max,21.0,1637,1634,
2026-06-17 03:27:11,8c1f646190001790,spreading_factor,7.0,1637,1634,
2026-06-17 03:27:11,8c1f646190001790,leak_status,2.0,1637,1634,
2026-06-17 03:27:11,8c1f646190001790,error_code,0.0,1637,1634,
2026-06-17 03:27:11,8c1f646190001790,bandwidth,125000.0,1637,1634,
2026-06-17 03:27:11,8c1f646190001790,battery_recovered,3696.0,1637,1634,
2026-06-17 03:27:11,8c1f646190001790,total_volume,9033.0,1637,1634,
2026-06-17 03:27:11,8c1f646190001790,ambient_temp,21.5,1637,1634,
2026-06-17 03:27:21,8c1f6461900021a9,bandwidth,125000.0,1637,1634,
2026-06-17 03:27:21,8c1f6461900021a9,total_volume,51977.0,1637,1634,
2026-06-17 03:27:21,8c1f6461900021a9,gateway_snr,1.7999999523162842,1637,1634,24e124fffef949f8
2026-06-17 03:27:21,8c1f6461900021a9,battery_recovered,3664.0,1637,1634,
2026-06-17 03:27:21,8c1f6461900021a9,battery,3608.0,1637,1634,
2026-06-17 03:27:21,8c1f6461900021a9,gateway_rssi,-110.0,1637,1634,24e124fffef949f8
2026-06-17 03:27:21,8c1f6461900021a9,leak_status,2.0,1637,1634,
2026-06-17 03:27:21,8c1f6461900021a9,water_temp_max,20.5,1637,1634,
2026-06-17 03:27:21,8c1f6461900021a9,frame_counter,7886.0,1637,1634,
2026-06-17 03:27:21,8c1f6461900021a9,error_code,0.0,1637,1634,
2026-06-17 03:27:21,8c1f6461900021a9,spreading_factor,7.0,1637,1634,
2026-06-17 03:27:21,8c1f6461900021a9,payload,1.0,1637,1634,5c900903000009cb0000f8f811006e82090337fe9b0302e2e9515152
2026-06-17 03:27:21,8c1f6461900021a9,water_temp_min,20.5,1637,1634,
2026-06-17 03:27:21,8c1f6461900021a9,ambient_temp,21.0,1637,1634,
2026-06-17 03:28:49,8c1f646190002012,battery_recovered,3664.0,1637,1634,
2026-06-17 03:28:49,8c1f646190002012,gateway_snr,5.800000190734863,1637,1634,24e124fffef949f8
2026-06-17 03:28:49,8c1f646190002012,ambient_temp,22.0,1637,1634,
2026-06-17 03:28:49,8c1f646190002012,water_temp_min,22.0,1637,1634,
2026-06-17 03:28:49,8c1f646190002012,bandwidth,125000.0,1637,1634,
2026-06-17 03:28:49,8c1f646190002012,error_code,0.0,1637,1634,
2026-06-17 03:28:49,8c1f646190002012,frame_counter,2854.0,1637,1634,
2026-06-17 03:28:49,8c1f646190002012,leak_status,2.0,1637,1634,
2026-06-17 03:28:49,8c1f646190002012,water_temp_max,22.0,1637,1634,
2026-06-17 03:28:49,8c1f646190002012,total_volume,21103.0,1637,1634,
2026-06-17 03:28:49,8c1f646190002012,gateway_rssi,-105.0,1637,1634,24e124fffef949f8
2026-06-17 03:28:49,8c1f646190002012,payload,1.0,1637,1634,116f090300006f520000e1cd070032610903b7faa20202e7e9545454
2026-06-17 03:28:49,8c1f646190002012,spreading_factor,7.0,1637,1634,
2026-06-17 03:28:49,8c1f646190002012,battery,3648.0,1637,1634,
2026-06-17 03:31:49,8c1f646190001d93,bandwidth,125000.0,1637,1634,
2026-06-17 03:31:49,8c1f646190001d93,spreading_factor,7.0,1637,1634,
2026-06-17 03:31:49,8c1f646190001d93,total_volume,72824.0,1637,1634,
2026-06-17 03:31:49,8c1f646190001d93,battery,3624.0,1637,1634,
2026-06-17 03:31:49,8c1f646190001d93,gateway_rssi,-109.0,1637,1634,24e124fffef94d5c
2026-06-17 03:31:49,8c1f646190001d93,battery_recovered,3696.0,1637,1634,
2026-06-17 03:31:49,8c1f646190001d93,error_code,0.0,1637,1634,
2026-06-17 03:31:49,8c1f646190001d93,ambient_temp,27.0,1637,1634,
2026-06-17 03:31:49,8c1f646190001d93,leak_status,2.0,1637,1634,
2026-06-17 03:31:49,8c1f646190001d93,water_temp_min,28.5,1637,1634,
2026-06-17 03:31:49,8c1f646190001d93,water_temp_max,28.5,1637,1634,
2026-06-17 03:31:49,8c1f646190001d93,frame_counter,5873.0,1637,1634,
2026-06-17 03:31:49,8c1f646190001d93,gateway_snr,-7.0,1637,1634,24e124fffef94d5c
2026-06-17 03:31:49,8c1f646190001d93,payload,1.0,1637,1634,1a9409030000781c0100f02700000c8609039605180f02e4ed61615e
2026-06-17 03:32:07,8c1f646190001af8,gateway_snr,5.0,1637,1634,24e124fffef94d5c
2026-06-17 03:32:07,8c1f646190001af8,ambient_temp,21.0,1637,1634,
2026-06-17 03:32:07,8c1f646190001af8,total_volume,25456.0,1637,1634,
2026-06-17 03:32:07,8c1f646190001af8,battery_recovered,3656.0,1637,1634,
2026-06-17 03:32:07,8c1f646190001af8,gateway_rssi,-104.0,1637,1634,24e124fffef94d5c
2026-06-17 03:32:07,8c1f646190001af8,spreading_factor,7.0,1637,1634,
2026-06-17 03:32:07,8c1f646190001af8,water_temp_max,21.5,1637,1634,
2026-06-17 03:32:07,8c1f646190001af8,frame_counter,7615.0,1637,1634,
2026-06-17 03:32:07,8c1f646190001af8,battery,3576.0,1637,1634,
2026-06-17 03:32:07,8c1f646190001af8,leak_status,2.0,1637,1634,
2026-06-17 03:32:07,8c1f646190001af8,water_temp_min,21.5,1637,1634,
2026-06-17 03:32:07,8c1f646190001af8,bandwidth,125000.0,1637,1634,
2026-06-17 03:32:07,8c1f646190001af8,payload,1.0,1637,1634,217109030000706300002600000037630903da010a0302dee8535352
2026-06-17 03:32:07,8c1f646190001af8,error_code,0.0,1637,1634,
2026-06-17 03:32:46,8c1f6461900017e3,battery,3640.0,1637,1634,
2026-06-17 03:32:46,8c1f6461900017e3,leak_status,2.0,1637,1634,
2026-06-17 03:32:46,8c1f6461900017e3,error_code,0.0,1637,1634,
2026-06-17 03:32:46,8c1f6461900017e3,gateway_rssi,-107.0,1637,1634,24e124fffef949f8
2026-06-17 03:32:46,8c1f6461900017e3,bandwidth,125000.0,1637,1634,
2026-06-17 03:32:46,8c1f6461900017e3,battery_recovered,3664.0,1637,1634,
2026-06-17 03:32:46,8c1f6461900017e3,ambient_temp,23.5,1637,1634,
2026-06-17 03:32:46,8c1f6461900017e3,gateway_snr,4.199999809265137,1637,1634,24e124fffef949f8
2026-06-17 03:32:46,8c1f6461900017e3,total_volume,68835.0,1637,1634,
2026-06-17 03:32:46,8c1f6461900017e3,water_temp_max,26.0,1637,1634,
2026-06-17 03:32:46,8c1f6461900017e3,payload,1.0,1637,1634,0f9809030000e30c0100e4010000018a090361026a1102e6e95c5c57
2026-06-17 03:32:46,8c1f6461900017e3,spreading_factor,7.0,1637,1634,
2026-06-17 03:32:46,8c1f6461900017e3,water_temp_min,26.0,1637,1634,
2026-06-17 03:32:46,8c1f6461900017e3,frame_counter,3596.0,1637,1634,
2026-06-17 03:33:12,24e124725d489523,gateway_rssi,-106.0,1637,1634,24e124fffef949f8
2026-06-17 03:33:12,24e124725d489523,frame_counter,7487.0,1637,1634,
2026-06-17 03:33:12,24e124725d489523,spreading_factor,7.0,1637,1634,
2026-06-17 03:33:12,24e124725d489523,gateway_snr,4.5,1637,1634,24e124fffef949f8
2026-06-17 03:33:12,24e124725d489523,bandwidth,125000.0,1637,1634,
2026-06-17 03:33:12,24e124725d489523,temperature,20.4,1637,1634,
2026-06-17 03:33:12,24e124725d489523,battery,39.0,1637,1634,
2026-06-17 03:33:12,24e124725d489523,payload,85.0,1637,1634,0175270367cc00046863
2026-06-17 03:33:12,24e124725d489523,humidity,49.5,1637,1634,
2026-06-17 03:33:15,8c1f6461900021c1,spreading_factor,7.0,1637,1634,
2026-06-17 03:33:15,8c1f6461900021c1,bandwidth,125000.0,1637,1634,
2026-06-17 03:33:15,8c1f6461900021c1,error_code,0.0,1637,1634,
2026-06-17 03:33:15,8c1f6461900021c1,leak_status,0.0,1637,1634,
2026-06-17 03:33:15,8c1f6461900021c1,gateway_rssi,-107.0,1637,1634,24e124fffef94d5c
2026-06-17 03:33:15,8c1f6461900021c1,gateway_snr,-0.2000000029802322,1637,1634,24e124fffef94d5c
2026-06-17 03:33:15,8c1f6461900021c1,frame_counter,7658.0,1637,1634,
2026-06-17 03:33:15,8c1f6461900021c1,total_volume,114942.0,1637,1634,
2026-06-17 03:33:15,8c1f6461900021c1,ambient_temp,19.5,1637,1634,
2026-06-17 03:33:15,8c1f6461900021c1,battery_recovered,3664.0,1637,1634,
2026-06-17 03:33:15,8c1f6461900021c1,battery,3592.0,1637,1634,
2026-06-17 03:33:15,8c1f6461900021c1,water_temp_min,19.5,1637,1634,
2026-06-17 03:33:15,8c1f6461900021c1,water_temp_max,20.0,1637,1634,
2026-06-17 03:33:15,8c1f6461900021c1,payload,1.0,1637,1634,92a909030000fec001001af30500000000000000000000e0e94f504f
2026-06-17 03:34:21,8c1f6461900021e2,water_temp_min,22.0,1637,1634,
2026-06-17 03:34:21,8c1f6461900021e2,frame_counter,3637.0,1637,1634,
2026-06-17 03:34:21,8c1f6461900021e2,spreading_factor,7.0,1637,1634,
2026-06-17 03:34:21,8c1f6461900021e2,battery,3632.0,1637,1634,
2026-06-17 03:34:21,8c1f6461900021e2,gateway_snr,7.5,1637,1634,24e124fffef949f8
2026-06-17 03:34:21,8c1f6461900021e2,payload,1.0,1637,1634,e7a909030000c6dd000032000000079c09035b05700e02e5ea545455
2026-06-17 03:34:21,8c1f6461900021e2,total_volume,56774.0,1637,1634,
2026-06-17 03:34:21,8c1f6461900021e2,battery_recovered,3672.0,1637,1634,
2026-06-17 03:34:21,8c1f6461900021e2,leak_status,2.0,1637,1634,
2026-06-17 03:34:21,8c1f6461900021e2,bandwidth,125000.0,1637,1634,
2026-06-17 03:34:21,8c1f6461900021e2,ambient_temp,22.5,1637,1634,
2026-06-17 03:34:21,8c1f6461900021e2,error_code,0.0,1637,1634,
2026-06-17 03:34:21,8c1f6461900021e2,water_temp_max,22.0,1637,1634,
2026-06-17 03:34:21,8c1f6461900021e2,gateway_rssi,-105.0,1637,1634,24e124fffef949f8
2026-06-17 03:35:28,8c1f6461900020a5,water_temp_min,21.0,1637,1634,
2026-06-17 03:35:28,8c1f6461900020a5,payload,1.0,1637,1634,d4b309030000233c000000000000cda509038d027b0902dee8525756
2026-06-17 03:35:28,8c1f6461900020a5,ambient_temp,23.0,1637,1634,
2026-06-17 03:35:28,8c1f6461900020a5,total_volume,15395.0,1637,1634,
2026-06-17 03:35:28,8c1f6461900020a5,battery,3576.0,1637,1634,
2026-06-17 03:35:28,8c1f6461900020a5,water_temp_max,23.5,1637,1634,
2026-06-17 03:35:28,8c1f6461900020a5,spreading_factor,7.0,1637,1634,
2026-06-17 03:35:28,8c1f6461900020a5,frame_counter,7603.0,1637,1634,
2026-06-17 03:35:28,8c1f6461900020a5,leak_status,2.0,1637,1634,
2026-06-17 03:35:28,8c1f6461900020a5,battery_recovered,3656.0,1637,1634,
2026-06-17 03:35:28,8c1f6461900020a5,bandwidth,125000.0,1637,1634,
2026-06-17 03:35:28,8c1f6461900020a5,gateway_snr,7.199999809265137,1637,1634,24e124fffef94d5c
2026-06-17 03:35:28,8c1f6461900020a5,gateway_rssi,-100.0,1637,1634,24e124fffef94d5c
2026-06-17 03:35:28,8c1f6461900020a5,error_code,0.0,1637,1634,
2026-06-17 03:36:31,8c1f646190001ba9,total_volume,31771.0,1637,1634,
2026-06-17 03:36:31,8c1f646190001ba9,battery,3608.0,1637,1634,
2026-06-17 03:36:31,8c1f646190001ba9,leak_status,2.0,1637,1634,
2026-06-17 03:36:31,8c1f646190001ba9,error_code,0.0,1637,1634,
2026-06-17 03:36:31,8c1f646190001ba9,bandwidth,125000.0,1637,1634,
2026-06-17 03:36:31,8c1f646190001ba9,gateway_snr,2.5,1637,1634,24e124fffef949f8
2026-06-17 03:36:31,8c1f646190001ba9,gateway_rssi,-107.0,1637,1634,24e124fffef949f8
2026-06-17 03:36:31,8c1f646190001ba9,payload,1.0,1637,1634,669b090300001b7c0000a1430b005f8d09030e00620202e2e9535455
2026-06-17 03:36:31,8c1f646190001ba9,ambient_temp,22.5,1637,1634,
2026-06-17 03:36:31,8c1f646190001ba9,battery_recovered,3664.0,1637,1634,
2026-06-17 03:36:31,8c1f646190001ba9,water_temp_min,21.5,1637,1634,
2026-06-17 03:36:31,8c1f646190001ba9,spreading_factor,7.0,1637,1634,
2026-06-17 03:36:31,8c1f646190001ba9,water_temp_max,22.0,1637,1634,
2026-06-17 03:36:31,8c1f646190001ba9,frame_counter,7072.0,1637,1634,
2026-06-17 03:36:51,8c1f6461900018ba,payload,1.0,1637,1634,486309030000ad1d0000000000004f550903c503430202dfea525252
2026-06-17 03:36:51,8c1f6461900018ba,water_temp_min,21.0,1637,1634,
2026-06-17 03:36:51,8c1f6461900018ba,spreading_factor,7.0,1637,1634,
2026-06-17 03:36:51,8c1f6461900018ba,battery,3584.0,1637,1634,
2026-06-17 03:36:51,8c1f6461900018ba,frame_counter,5748.0,1637,1634,
2026-06-17 03:36:51,8c1f6461900018ba,battery_recovered,3672.0,1637,1634,
2026-06-17 03:36:51,8c1f6461900018ba,error_code,0.0,1637,1634,
2026-06-17 03:36:51,8c1f6461900018ba,gateway_snr,3.200000047683716,1637,1634,24e124fffef94d5c
2026-06-17 03:36:51,8c1f6461900018ba,gateway_rssi,-103.0,1637,1634,24e124fffef94d5c
2026-06-17 03:36:51,8c1f6461900018ba,ambient_temp,21.0,1637,1634,
2026-06-17 03:36:51,8c1f6461900018ba,bandwidth,125000.0,1637,1634,
2026-06-17 03:36:51,8c1f6461900018ba,total_volume,7597.0,1637,1634,
2026-06-17 03:36:51,8c1f6461900018ba,water_temp_max,21.0,1637,1634,
2026-06-17 03:36:51,8c1f6461900018ba,leak_status,2.0,1637,1634,
2026-06-17 03:37:56,8c1f646190001fcb,payload,1.0,1637,1634,51500d0300006e5d00000000000062420d034700f10402e5ed545554
2026-06-17 03:37:56,8c1f646190001fcb,frame_counter,7386.0,1637,1634,
2026-06-17 03:37:56,8c1f646190001fcb,battery,3632.0,1637,1634,
2026-06-17 03:37:56,8c1f646190001fcb,battery_recovered,3696.0,1637,1634,
2026-06-17 03:37:56,8c1f646190001fcb,gateway_rssi,-108.0,1637,1634,24e124fffef94d5c
2026-06-17 03:37:56,8c1f646190001fcb,leak_status,2.0,1637,1634,
2026-06-17 03:37:56,8c1f646190001fcb,ambient_temp,22.0,1637,1634,
2026-06-17 03:37:56,8c1f646190001fcb,total_volume,23918.0,1637,1634,
2026-06-17 03:37:56,8c1f646190001fcb,bandwidth,125000.0,1637,1634,
2026-06-17 03:37:56,8c1f646190001fcb,water_temp_max,22.5,1637,1634,
2026-06-17 03:37:56,8c1f646190001fcb,gateway_snr,0.5,1637,1634,24e124fffef94d5c
2026-06-17 03:37:56,8c1f646190001fcb,water_temp_min,22.0,1637,1634,
2026-06-17 03:37:56,8c1f646190001fcb,spreading_factor,7.0,1637,1634,
2026-06-17 03:37:56,8c1f646190001fcb,error_code,0.0,1637,1634,
2026-06-17 03:38:11,8c1f646190002244,water_temp_min,22.0,1637,1634,
2026-06-17 03:38:11,8c1f646190002244,frame_counter,6473.0,1637,1634,
2026-06-17 03:38:11,8c1f646190002244,water_temp_max,22.5,1637,1634,
2026-06-17 03:38:11,8c1f646190002244,ambient_temp,22.5,1637,1634,
2026-06-17 03:38:11,8c1f646190002244,gateway_rssi,-104.0,1637,1634,24e124fffef94d5c
2026-06-17 03:38:11,8c1f646190002244,battery_recovered,3680.0,1637,1634,
2026-06-17 03:38:11,8c1f646190002244,total_volume,112890.0,1637,1634,
2026-06-17 03:38:11,8c1f646190002244,payload,1.0,1637,1634,ff6c09030000fab8010003000000000000000000000000e2eb545555
2026-06-17 03:38:11,8c1f646190002244,spreading_factor,7.0,1637,1634,
2026-06-17 03:38:11,8c1f646190002244,battery,3608.0,1637,1634,
2026-06-17 03:38:11,8c1f646190002244,bandwidth,125000.0,1637,1634,
2026-06-17 03:38:11,8c1f646190002244,leak_status,0.0,1637,1634,
2026-06-17 03:38:11,8c1f646190002244,gateway_snr,4.800000190734863,1637,1634,24e124fffef94d5c
2026-06-17 03:38:11,8c1f646190002244,error_code,0.0,1637,1634,
2026-06-17 03:39:36,8c1f6461900021bd,spreading_factor,7.0,1637,1634,
2026-06-17 03:39:36,8c1f6461900021bd,total_volume,71788.0,1637,1634,
2026-06-17 03:39:36,8c1f6461900021bd,ambient_temp,21.5,1637,1634,
2026-06-17 03:39:36,8c1f6461900021bd,error_code,0.0,1637,1634,
2026-06-17 03:39:36,8c1f6461900021bd,water_temp_max,21.5,1637,1634,
2026-06-17 03:39:36,8c1f6461900021bd,bandwidth,125000.0,1637,1634,
2026-06-17 03:39:36,8c1f6461900021bd,leak_status,0.0,1637,1634,
2026-06-17 03:39:36,8c1f6461900021bd,battery_recovered,3656.0,1637,1634,
2026-06-17 03:39:36,8c1f6461900021bd,gateway_snr,1.0,1637,1634,24e124fffef94d5c
2026-06-17 03:39:36,8c1f6461900021bd,frame_counter,6630.0,1637,1634,
2026-06-17 03:39:36,8c1f6461900021bd,water_temp_min,21.5,1637,1634,
2026-06-17 03:39:36,8c1f6461900021bd,battery,3576.0,1637,1634,
2026-06-17 03:39:36,8c1f6461900021bd,gateway_rssi,-107.0,1637,1634,24e124fffef94d5c
2026-06-17 03:39:36,8c1f6461900021bd,payload,1.0,1637,1634,8ea4090300006c18010000000000000000000000000000dee8535353
2026-06-17 03:43:15,24e124725d489523,gateway_snr,6.0,1637,1634,24e124fffef949f8
2026-06-17 03:43:15,24e124725d489523,bandwidth,125000.0,1637,1634,
2026-06-17 03:43:15,24e124725d489523,frame_counter,7488.0,1637,1634,
2026-06-17 03:43:15,24e124725d489523,gateway_rssi,-106.0,1637,1634,24e124fffef949f8
2026-06-17 03:43:15,24e124725d489523,spreading_factor,7.0,1637,1634,
2026-06-17 03:43:15,24e124725d489523,battery,39.0,1637,1634,
2026-06-17 03:43:15,24e124725d489523,humidity,49.5,1637,1634,
2026-06-17 03:43:15,24e124725d489523,temperature,20.4,1637,1634,
2026-06-17 03:43:15,24e124725d489523,payload,85.0,1637,1634,0175270367cc00046863
2026-06-17 03:45:47,8c1f64619000227c,battery,3576.0,1637,1634,
2026-06-17 03:45:47,8c1f64619000227c,battery_recovered,3664.0,1637,1634,
2026-06-17 03:45:47,8c1f64619000227c,frame_counter,7518.0,1637,1634,
2026-06-17 03:45:47,8c1f64619000227c,leak_status,2.0,1637,1634,
2026-06-17 03:45:47,8c1f64619000227c,water_temp_min,22.5,1637,1634,
2026-06-17 03:45:47,8c1f64619000227c,payload,1.0,1637,1634,607b0903000089320000e7ad0400736d0903d1fef00002dee9555556
2026-06-17 03:45:47,8c1f64619000227c,error_code,0.0,1637,1634,
2026-06-17 03:45:47,8c1f64619000227c,bandwidth,125000.0,1637,1634,
2026-06-17 03:45:47,8c1f64619000227c,total_volume,12937.0,1637,1634,
2026-06-17 03:45:47,8c1f64619000227c,water_temp_max,22.5,1637,1634,
2026-06-17 03:45:47,8c1f64619000227c,ambient_temp,23.0,1637,1634,
2026-06-17 03:45:47,8c1f64619000227c,gateway_rssi,-112.0,1637,1634,24e124fffef949f8
2026-06-17 03:45:47,8c1f64619000227c,spreading_factor,7.0,1637,1634,
2026-06-17 03:45:47,8c1f64619000227c,gateway_snr,0.2000000029802322,1637,1634,24e124fffef949f8
2026-06-17 03:46:16,8c1f64619000171c,payload,1.0,1637,1634,49590d0300001946000012000000764b0d039c02c50102e6ea565756
2026-06-17 03:46:16,8c1f64619000171c,error_code,0.0,1637,1634,
2026-06-17 03:46:16,8c1f64619000171c,water_temp_max,23.5,1637,1634,
2026-06-17 03:46:16,8c1f64619000171c,battery_recovered,3672.0,1637,1634,
2026-06-17 03:46:16,8c1f64619000171c,total_volume,17945.0,1637,1634,
2026-06-17 03:46:16,8c1f64619000171c,water_temp_min,23.0,1637,1634,
2026-06-17 03:46:16,8c1f64619000171c,battery,3640.0,1637,1634,
2026-06-17 03:46:16,8c1f64619000171c,frame_counter,3603.0,1637,1634,
2026-06-17 03:46:16,8c1f64619000171c,gateway_snr,2.5,1637,1634,24e124fffef949f8
2026-06-17 03:46:16,8c1f64619000171c,spreading_factor,7.0,1637,1634,
2026-06-17 03:46:16,8c1f64619000171c,leak_status,2.0,1637,1634,
2026-06-17 03:46:16,8c1f64619000171c,ambient_temp,23.0,1637,1634,
2026-06-17 03:46:16,8c1f64619000171c,gateway_rssi,-108.0,1637,1634,24e124fffef949f8
2026-06-17 03:46:16,8c1f64619000171c,bandwidth,125000.0,1637,1634,
2026-06-17 03:46:17,8c1f646190001c1f,water_temp_max,23.5,1637,1634,
2026-06-17 03:46:17,8c1f646190001c1f,total_volume,44058.0,1637,1634,
2026-06-17 03:46:17,8c1f646190001c1f,gateway_rssi,-106.0,1637,1634,24e124fffef949f8
2026-06-17 03:46:17,8c1f646190001c1f,spreading_factor,7.0,1637,1634,
2026-06-17 03:46:17,8c1f646190001c1f,frame_counter,1936.0,1637,1634,
2026-06-17 03:46:17,8c1f646190001c1f,bandwidth,125000.0,1637,1634,
2026-06-17 03:46:17,8c1f646190001c1f,battery_recovered,3688.0,1637,1634,
2026-06-17 03:46:17,8c1f646190001c1f,water_temp_min,23.5,1637,1634,
2026-06-17 03:46:17,8c1f646190001c1f,gateway_snr,4.5,1637,1634,24e124fffef949f8
2026-06-17 03:46:17,8c1f646190001c1f,error_code,0.0,1637,1634,
2026-06-17 03:46:17,8c1f646190001c1f,payload,1.0,1637,1634,5d9e090300001aac000000000000a9990903b0fe3c1002e4ec575756
2026-06-17 03:46:17,8c1f646190001c1f,battery,3624.0,1637,1634,
2026-06-17 03:46:17,8c1f646190001c1f,ambient_temp,23.0,1637,1634,
2026-06-17 03:46:17,8c1f646190001c1f,leak_status,2.0,1637,1634,
2026-06-17 03:47:56,8c1f646190001fc1,leak_status,2.0,1637,1634,
2026-06-17 03:47:56,8c1f646190001fc1,payload,1.0,1637,1634,33a40903000088c50000851c0a00479609035aff211002dde6539454
2026-06-17 03:47:56,8c1f646190001fc1,battery,3568.0,1637,1634,
2026-06-17 03:47:56,8c1f646190001fc1,bandwidth,125000.0,1637,1634,
2026-06-17 03:47:56,8c1f646190001fc1,spreading_factor,7.0,1637,1634,
2026-06-17 03:47:56,8c1f646190001fc1,frame_counter,6892.0,1637,1634,
2026-06-17 03:47:56,8c1f646190001fc1,error_code,0.0,1637,1634,
2026-06-17 03:47:56,8c1f646190001fc1,ambient_temp,22.0,1637,1634,
2026-06-17 03:47:56,8c1f646190001fc1,gateway_rssi,-95.0,1637,1634,24e124fffef94d5c
2026-06-17 03:47:56,8c1f646190001fc1,battery_recovered,3640.0,1637,1634,
2026-06-17 03:47:56,8c1f646190001fc1,water_temp_min,21.5,1637,1634,
2026-06-17 03:47:56,8c1f646190001fc1,water_temp_max,54.0,1637,1634,
2026-06-17 03:47:56,8c1f646190001fc1,total_volume,50568.0,1637,1634,
2026-06-17 03:47:56,8c1f646190001fc1,gateway_snr,9.5,1637,1634,24e124fffef94d5c
2026-06-17 03:49:25,8c1f646190001501,water_temp_min,21.5,1637,1634,
2026-06-17 03:49:25,8c1f646190001501,ambient_temp,22.0,1637,1634,
2026-06-17 03:49:25,8c1f646190001501,water_temp_max,22.0,1637,1634,
2026-06-17 03:49:25,8c1f646190001501,total_volume,21709.0,1637,1634,
2026-06-17 03:49:25,8c1f646190001501,payload,1.0,1637,1634,a2a20e030000cd540000028e0600ae940e036301150502eaed535454
2026-06-17 03:49:25,8c1f646190001501,error_code,0.0,1637,1634,
2026-06-17 03:49:25,8c1f646190001501,battery_recovered,3696.0,1637,1634,
2026-06-17 03:49:25,8c1f646190001501,bandwidth,125000.0,1637,1634,
2026-06-17 03:49:25,8c1f646190001501,battery,3672.0,1637,1634,
2026-06-17 03:49:25,8c1f646190001501,spreading_factor,7.0,1637,1634,
2026-06-17 03:49:25,8c1f646190001501,gateway_snr,10.0,1637,1634,24e124fffef949f8
2026-06-17 03:49:25,8c1f646190001501,frame_counter,3291.0,1637,1634,
2026-06-17 03:49:25,8c1f646190001501,leak_status,2.0,1637,1634,
2026-06-17 03:49:25,8c1f646190001501,gateway_rssi,-101.0,1637,1634,24e124fffef949f8
2026-06-17 03:49:30,8c1f646190001bea,frame_counter,7689.0,1637,1634,
2026-06-17 03:49:30,8c1f646190001bea,payload,1.0,1637,1634,0e8f09030000df840000206c0c003d81090336fec00102e1e8545454
2026-06-17 03:49:30,8c1f646190001bea,water_temp_max,22.0,1637,1634,
2026-06-17 03:49:30,8c1f646190001bea,total_volume,34015.0,1637,1634,
2026-06-17 03:49:30,8c1f646190001bea,water_temp_min,22.0,1637,1634,
2026-06-17 03:49:30,8c1f646190001bea,battery_recovered,3656.0,1637,1634,
2026-06-17 03:49:30,8c1f646190001bea,spreading_factor,7.0,1637,1634,
2026-06-17 03:49:30,8c1f646190001bea,ambient_temp,22.0,1637,1634,
2026-06-17 03:49:30,8c1f646190001bea,error_code,0.0,1637,1634,
2026-06-17 03:49:30,8c1f646190001bea,gateway_snr,-2.0,1637,1634,24e124fffef94d5c
2026-06-17 03:49:30,8c1f646190001bea,leak_status,2.0,1637,1634,
2026-06-17 03:49:30,8c1f646190001bea,gateway_rssi,-108.0,1637,1634,24e124fffef94d5c
2026-06-17 03:49:30,8c1f646190001bea,battery,3600.0,1637,1634,
2026-06-17 03:49:30,8c1f646190001bea,bandwidth,125000.0,1637,1634,
2026-06-17 03:51:44,8c1f646190001833,error_code,0.0,1637,1634,
2026-06-17 03:51:44,8c1f646190001833,payload,1.0,1637,1634,4d6709030000262e0000000000006c59090329050b0102e0ea535354
2026-06-17 03:51:44,8c1f646190001833,battery_recovered,3672.0,1637,1634,
2026-06-17 03:51:44,8c1f646190001833,bandwidth,125000.0,1637,1634,
2026-06-17 03:51:44,8c1f646190001833,spreading_factor,7.0,1637,1634,
2026-06-17 03:51:44,8c1f646190001833,battery,3592.0,1637,1634,
2026-06-17 03:51:44,8c1f646190001833,frame_counter,5846.0,1637,1634,
2026-06-17 03:51:44,8c1f646190001833,gateway_snr,1.0,1637,1634,24e124fffef94d5c
2026-06-17 03:51:44,8c1f646190001833,water_temp_min,21.5,1637,1634,
2026-06-17 03:51:44,8c1f646190001833,total_volume,11814.0,1637,1634,
2026-06-17 03:51:44,8c1f646190001833,water_temp_max,21.5,1637,1634,
2026-06-17 03:51:44,8c1f646190001833,ambient_temp,22.0,1637,1634,
2026-06-17 03:51:44,8c1f646190001833,gateway_rssi,-105.0,1637,1634,24e124fffef94d5c
2026-06-17 03:51:44,8c1f646190001833,leak_status,2.0,1637,1634,
2026-06-17 03:53:12,24e124725d489523,spreading_factor,7.0,1637,1634,
2026-06-17 03:53:12,24e124725d489523,gateway_snr,4.5,1637,1634,24e124fffef949f8
2026-06-17 03:53:12,24e124725d489523,gateway_rssi,-106.0,1637,1634,24e124fffef949f8
2026-06-17 03:53:12,24e124725d489523,frame_counter,7489.0,1637,1634,
2026-06-17 03:53:12,24e124725d489523,payload,85.0,1637,1634,0175270367cc00046863
2026-06-17 03:53:12,24e124725d489523,humidity,49.5,1637,1634,
2026-06-17 03:53:12,24e124725d489523,bandwidth,125000.0,1637,1634,
2026-06-17 03:53:12,24e124725d489523,battery,39.0,1637,1634,
2026-06-17 03:53:12,24e124725d489523,temperature,20.4,1637,1634,
2026-06-17 03:54:33,8c1f6461900021e8,battery,3656.0,1637,1634,
2026-06-17 03:54:33,8c1f6461900021e8,gateway_rssi,-109.0,1637,1634,24e124fffef949f8
2026-06-17 03:54:33,8c1f6461900021e8,payload,1.0,1637,1634,f2b00903000092b600007d6107001ca309032aff540a02e8ea5a5a57
2026-06-17 03:54:33,8c1f6461900021e8,error_code,0.0,1637,1634,
2026-06-17 03:54:33,8c1f6461900021e8,leak_status,2.0,1637,1634,
2026-06-17 03:54:33,8c1f6461900021e8,water_temp_max,25.0,1637,1634,
2026-06-17 03:54:33,8c1f6461900021e8,bandwidth,125000.0,1637,1634,
2026-06-17 03:54:33,8c1f6461900021e8,frame_counter,3449.0,1637,1634,
2026-06-17 03:54:33,8c1f6461900021e8,battery_recovered,3672.0,1637,1634,
2026-06-17 03:54:33,8c1f6461900021e8,spreading_factor,7.0,1637,1634,
2026-06-17 03:54:33,8c1f6461900021e8,total_volume,46738.0,1637,1634,
2026-06-17 03:54:33,8c1f6461900021e8,ambient_temp,23.5,1637,1634,
2026-06-17 03:54:33,8c1f6461900021e8,gateway_snr,3.5,1637,1634,24e124fffef949f8
2026-06-17 03:54:33,8c1f6461900021e8,water_temp_min,25.0,1637,1634,
2026-06-17 03:54:45,8c1f646190001ebd,frame_counter,7921.0,1637,1634,
2026-06-17 03:54:45,8c1f646190001ebd,water_temp_max,23.0,1637,1634,
2026-06-17 03:54:45,8c1f646190001ebd,spreading_factor,7.0,1637,1634,
2026-06-17 03:54:45,8c1f646190001ebd,payload,1.0,1637,1634,d1a709030000d66a000000000000e499090395068a0b02e3ed555654
2026-06-17 03:54:45,8c1f646190001ebd,gateway_rssi,-106.0,1637,1634,24e124fffef949f8
2026-06-17 03:54:45,8c1f646190001ebd,error_code,0.0,1637,1634,
2026-06-17 03:54:45,8c1f646190001ebd,bandwidth,125000.0,1637,1634,
2026-06-17 03:54:45,8c1f646190001ebd,leak_status,2.0,1637,1634,
2026-06-17 03:54:45,8c1f646190001ebd,battery_recovered,3696.0,1637,1634,
2026-06-17 03:54:45,8c1f646190001ebd,ambient_temp,22.0,1637,1634,
2026-06-17 03:54:45,8c1f646190001ebd,battery,3616.0,1637,1634,
2026-06-17 03:54:45,8c1f646190001ebd,total_volume,27350.0,1637,1634,
2026-06-17 03:54:45,8c1f646190001ebd,water_temp_min,22.5,1637,1634,
2026-06-17 03:54:45,8c1f646190001ebd,gateway_snr,6.5,1637,1634,24e124fffef949f8
2026-06-17 03:55:56,8c1f6461900021c5,water_temp_min,21.0,1637,1634,
2026-06-17 03:55:56,8c1f6461900021c5,ambient_temp,22.0,1637,1634,
2026-06-17 03:55:56,8c1f6461900021c5,leak_status,2.0,1637,1634,
2026-06-17 03:55:56,8c1f6461900021c5,bandwidth,125000.0,1637,1634,
2026-06-17 03:55:56,8c1f6461900021c5,error_code,0.0,1637,1634,
2026-06-17 03:55:56,8c1f6461900021c5,battery_recovered,3664.0,1637,1634,
2026-06-17 03:55:56,8c1f6461900021c5,battery,3600.0,1637,1634,
2026-06-17 03:55:56,8c1f6461900021c5,spreading_factor,7.0,1637,1634,
2026-06-17 03:55:56,8c1f6461900021c5,payload,1.0,1637,1634,349d09030000c02f0000000000005c8f0903bae45f0202e1e9525354
2026-06-17 03:55:56,8c1f6461900021c5,frame_counter,6815.0,1637,1634,
2026-06-17 03:55:56,8c1f6461900021c5,gateway_rssi,-109.0,1637,1634,24e124fffef949f8
2026-06-17 03:55:56,8c1f6461900021c5,gateway_snr,3.200000047683716,1637,1634,24e124fffef949f8
2026-06-17 03:55:56,8c1f6461900021c5,total_volume,12224.0,1637,1634,
2026-06-17 03:55:56,8c1f6461900021c5,water_temp_max,21.5,1637,1634,
2026-06-17 03:56:42,8c1f646190001901,gateway_snr,6.199999809265137,1637,1634,24e124fffef94d5c
2026-06-17 03:56:42,8c1f646190001901,bandwidth,125000.0,1637,1634,
2026-06-17 03:56:42,8c1f646190001901,ambient_temp,22.0,1637,1634,
2026-06-17 03:56:42,8c1f646190001901,battery,3584.0,1637,1634,
2026-06-17 03:56:42,8c1f646190001901,total_volume,13535.0,1637,1634,
2026-06-17 03:56:42,8c1f646190001901,battery_recovered,3680.0,1637,1634,
2026-06-17 03:56:42,8c1f646190001901,payload,1.0,1637,1634,f2a109030000df340000050000004b99090359fe530302dfeb515454
2026-06-17 03:56:42,8c1f646190001901,water_temp_max,22.0,1637,1634,
2026-06-17 03:56:42,8c1f646190001901,frame_counter,7663.0,1637,1634,
2026-06-17 03:56:42,8c1f646190001901,leak_status,2.0,1637,1634,
2026-06-17 03:56:42,8c1f646190001901,gateway_rssi,-101.0,1637,1634,24e124fffef94d5c
2026-06-17 03:56:42,8c1f646190001901,water_temp_min,20.5,1637,1634,
2026-06-17 03:56:42,8c1f646190001901,spreading_factor,7.0,1637,1634,
2026-06-17 03:56:42,8c1f646190001901,error_code,0.0,1637,1634,
2026-06-17 03:57:55,8c1f646190001592,bandwidth,125000.0,1637,1634,
2026-06-17 03:57:55,8c1f646190001592,ambient_temp,22.0,1637,1634,
2026-06-17 03:57:55,8c1f646190001592,water_temp_min,22.0,1637,1634,
2026-06-17 03:57:55,8c1f646190001592,gateway_snr,8.199999809265137,1637,1634,24e124fffef949f8
2026-06-17 03:57:55,8c1f646190001592,gateway_rssi,-102.0,1637,1634,24e124fffef949f8
2026-06-17 03:57:55,8c1f646190001592,spreading_factor,7.0,1637,1634,
2026-06-17 03:57:55,8c1f646190001592,total_volume,33675.0,1637,1634,
2026-06-17 03:57:55,8c1f646190001592,water_temp_max,22.0,1637,1634,
2026-06-17 03:57:55,8c1f646190001592,error_code,0.0,1637,1634,
2026-06-17 03:57:55,8c1f646190001592,battery_recovered,3672.0,1637,1634,
2026-06-17 03:57:55,8c1f646190001592,payload,1.0,1637,1634,3a81090300008b8300009eba0b003e7309035001f30302e2ea545454
2026-06-17 03:57:55,8c1f646190001592,frame_counter,3619.0,1637,1634,
2026-06-17 03:57:55,8c1f646190001592,leak_status,2.0,1637,1634,
2026-06-17 03:57:55,8c1f646190001592,battery,3608.0,1637,1634,
2026-06-17 03:58:28,8c1f646190001c9b,total_volume,46746.0,1637,1634,
2026-06-17 03:58:28,8c1f646190001c9b,payload,1.0,1637,1634,3a9c090300009ab60000e2930e003e8e0903ea003d0802e0e87a7c5a
2026-06-17 03:58:28,8c1f646190001c9b,gateway_snr,5.800000190734863,1637,1634,24e124fffef94d5c
2026-06-17 03:58:28,8c1f646190001c9b,frame_counter,7507.0,1637,1634,
2026-06-17 03:58:28,8c1f646190001c9b,water_temp_min,41.0,1637,1634,
2026-06-17 03:58:28,8c1f646190001c9b,ambient_temp,25.0,1637,1634,
2026-06-17 03:58:28,8c1f646190001c9b,leak_status,2.0,1637,1634,
2026-06-17 03:58:28,8c1f646190001c9b,error_code,0.0,1637,1634,
2026-06-17 03:58:28,8c1f646190001c9b,spreading_factor,7.0,1637,1634,
2026-06-17 03:58:28,8c1f646190001c9b,gateway_rssi,-103.0,1637,1634,24e124fffef94d5c
2026-06-17 03:58:28,8c1f646190001c9b,water_temp_max,42.0,1637,1634,
2026-06-17 03:58:28,8c1f646190001c9b,bandwidth,125000.0,1637,1634,
2026-06-17 03:58:28,8c1f646190001c9b,battery,3592.0,1637,1634,
2026-06-17 03:58:28,8c1f646190001c9b,battery_recovered,3656.0,1637,1634,
2026-06-17 03:58:57,8c1f646190001947,gateway_rssi,-104.0,1637,1634,24e124fffef94d5c
2026-06-17 03:58:57,8c1f646190001947,frame_counter,7363.0,1637,1634,
2026-06-17 03:58:57,8c1f646190001947,ambient_temp,22.0,1637,1634,
2026-06-17 03:58:57,8c1f646190001947,payload,1.0,1637,1634,aabb090300007095000000000000b2ad090396038c0802dfe8545454
2026-06-17 03:58:57,8c1f646190001947,water_temp_max,22.0,1637,1634,
2026-06-17 03:58:57,8c1f646190001947,battery,3584.0,1637,1634,
2026-06-17 03:58:57,8c1f646190001947,error_code,0.0,1637,1634,
2026-06-17 03:58:57,8c1f646190001947,bandwidth,125000.0,1637,1634,
2026-06-17 03:58:57,8c1f646190001947,spreading_factor,7.0,1637,1634,
2026-06-17 03:58:57,8c1f646190001947,battery_recovered,3656.0,1637,1634,
2026-06-17 03:58:57,8c1f646190001947,gateway_snr,3.5,1637,1634,24e124fffef94d5c
2026-06-17 03:58:57,8c1f646190001947,leak_status,2.0,1637,1634,
2026-06-17 03:58:57,8c1f646190001947,water_temp_min,22.0,1637,1634,
2026-06-17 03:58:57,8c1f646190001947,total_volume,38256.0,1637,1634,
2026-06-17 03:59:23,8c1f64619000177c,gateway_snr,11.0,1637,1634,24e124fffef949f8
2026-06-17 03:59:23,8c1f64619000177c,battery,3616.0,1637,1634,
2026-06-17 03:59:23,8c1f64619000177c,payload,1.0,1637,1634,75820903000092e1000000000000000000000000000000e3eb535354
2026-06-17 03:59:23,8c1f64619000177c,water_temp_min,21.5,1637,1634,
2026-06-17 03:59:23,8c1f64619000177c,bandwidth,125000.0,1637,1634,
2026-06-17 03:59:23,8c1f64619000177c,frame_counter,6446.0,1637,1634,
2026-06-17 03:59:23,8c1f64619000177c,gateway_rssi,-100.0,1637,1634,24e124fffef949f8
2026-06-17 03:59:23,8c1f64619000177c,spreading_factor,7.0,1637,1634,
2026-06-17 03:59:23,8c1f64619000177c,ambient_temp,22.0,1637,1634,
2026-06-17 03:59:23,8c1f64619000177c,water_temp_max,21.5,1637,1634,
2026-06-17 03:59:23,8c1f64619000177c,error_code,0.0,1637,1634,
2026-06-17 03:59:23,8c1f64619000177c,leak_status,0.0,1637,1634,
2026-06-17 03:59:23,8c1f64619000177c,battery_recovered,3680.0,1637,1634,
2026-06-17 03:59:23,8c1f64619000177c,total_volume,57746.0,1637,1634,
2026-06-17 04:01:15,8c1f6461900021db,frame_counter,7755.0,1637,1634,
2026-06-17 04:01:15,8c1f6461900021db,spreading_factor,7.0,1637,1634,
2026-06-17 04:01:15,8c1f6461900021db,water_temp_min,20.0,1637,1634,
2026-06-17 04:01:15,8c1f6461900021db,leak_status,2.0,1637,1634,
2026-06-17 04:01:15,8c1f6461900021db,water_temp_max,20.5,1637,1634,
2026-06-17 04:01:15,8c1f6461900021db,ambient_temp,20.5,1637,1634,
2026-06-17 04:01:15,8c1f6461900021db,battery_recovered,3664.0,1637,1634,
2026-06-17 04:01:15,8c1f6461900021db,error_code,0.0,1637,1634,
2026-06-17 04:01:15,8c1f6461900021db,bandwidth,125000.0,1637,1634,
2026-06-17 04:01:15,8c1f6461900021db,battery,3568.0,1637,1634,
2026-06-17 04:01:15,8c1f6461900021db,gateway_rssi,-107.0,1637,1634,24e124fffef94d5c
2026-06-17 04:01:15,8c1f6461900021db,total_volume,15057.0,1637,1634,
2026-06-17 04:01:15,8c1f6461900021db,payload,1.0,1637,1634,b27909030000d13a0000694f0500c46b09035dff2a0102dde9505151
2026-06-17 04:01:15,8c1f6461900021db,gateway_snr,2.0,1637,1634,24e124fffef94d5c
2026-06-17 04:02:52,8c1f6461900020d1,bandwidth,125000.0,1637,1634,
2026-06-17 04:02:52,8c1f6461900020d1,water_temp_min,22.5,1637,1634,
2026-06-17 04:02:52,8c1f6461900020d1,gateway_rssi,-105.0,1637,1634,24e124fffef949f8
2026-06-17 04:02:52,8c1f6461900020d1,leak_status,2.0,1637,1634,
2026-06-17 04:02:52,8c1f6461900020d1,battery,3576.0,1637,1634,
2026-06-17 04:02:52,8c1f6461900020d1,spreading_factor,7.0,1637,1634,
2026-06-17 04:02:52,8c1f6461900020d1,error_code,0.0,1637,1634,
2026-06-17 04:02:52,8c1f6461900020d1,total_volume,13636.0,1637,1634,
2026-06-17 04:02:52,8c1f6461900020d1,ambient_temp,23.5,1637,1634,
2026-06-17 04:02:52,8c1f6461900020d1,gateway_snr,4.0,1637,1634,24e124fffef949f8
2026-06-17 04:02:52,8c1f6461900020d1,water_temp_max,23.0,1637,1634,
2026-06-17 04:02:52,8c1f6461900020d1,frame_counter,6345.0,1637,1634,
2026-06-17 04:02:52,8c1f6461900020d1,battery_recovered,3648.0,1637,1634,
2026-06-17 04:02:52,8c1f6461900020d1,payload,1.0,1637,1634,537e0903000044350000e6fd04006f700903bcff8f0102dee7555657
2026-06-17 04:03:14,24e124725d489523,payload,85.0,1637,1634,0175270367cc00046863
2026-06-17 04:03:14,24e124725d489523,temperature,20.4,1637,1634,
2026-06-17 04:03:14,24e124725d489523,frame_counter,7490.0,1637,1634,
2026-06-17 04:03:14,24e124725d489523,humidity,49.5,1637,1634,
2026-06-17 04:03:14,24e124725d489523,bandwidth,125000.0,1637,1634,
2026-06-17 04:03:14,24e124725d489523,battery,39.0,1637,1634,
2026-06-17 04:03:14,24e124725d489523,gateway_snr,6.199999809265137,1637,1634,24e124fffef949f8
2026-06-17 04:03:14,24e124725d489523,spreading_factor,7.0,1637,1634,
2026-06-17 04:03:14,24e124725d489523,gateway_rssi,-106.0,1637,1634,24e124fffef949f8
2026-06-17 04:03:37,8c1f6461900019cb,water_temp_max,20.0,1637,1634,
2026-06-17 04:03:37,8c1f6461900019cb,bandwidth,125000.0,1637,1634,
2026-06-17 04:03:37,8c1f6461900019cb,leak_status,2.0,1637,1634,
2026-06-17 04:03:37,8c1f6461900019cb,battery,3584.0,1637,1634,
2026-06-17 04:03:37,8c1f6461900019cb,spreading_factor,7.0,1637,1634,
2026-06-17 04:03:37,8c1f6461900019cb,battery_recovered,3688.0,1637,1634,
2026-06-17 04:03:37,8c1f6461900019cb,ambient_temp,19.5,1637,1634,
2026-06-17 04:03:37,8c1f6461900019cb,total_volume,10558.0,1637,1634,
2026-06-17 04:03:37,8c1f6461900019cb,gateway_snr,5.0,1637,1634,24e124fffef94d5c
2026-06-17 04:03:37,8c1f6461900019cb,frame_counter,7813.0,1637,1634,
2026-06-17 04:03:37,8c1f6461900019cb,gateway_rssi,-103.0,1637,1634,24e124fffef94d5c
2026-06-17 04:03:37,8c1f6461900019cb,water_temp_min,20.0,1637,1634,
2026-06-17 04:03:37,8c1f6461900019cb,payload,1.0,1637,1634,f27e090300003e29000000000000fe7009032601e00402dfec50504f
2026-06-17 04:03:37,8c1f6461900019cb,error_code,0.0,1637,1634,
2026-06-17 04:03:44,8c1f64619000170a,payload,1.0,1637,1634,a5c1090300008f5c02007c27060017b50903e422e70d02e1e9565757
2026-06-17 04:03:44,8c1f64619000170a,leak_status,2.0,1637,1634,
2026-06-17 04:03:44,8c1f64619000170a,battery_recovered,3664.0,1637,1634,
2026-06-17 04:03:44,8c1f64619000170a,gateway_rssi,-104.0,1637,1634,24e124fffef94d5c
2026-06-17 04:03:44,8c1f64619000170a,water_temp_min,23.0,1637,1634,
2026-06-17 04:03:44,8c1f64619000170a,battery,3600.0,1637,1634,
2026-06-17 04:03:44,8c1f64619000170a,frame_counter,6652.0,1637,1634,
2026-06-17 04:03:44,8c1f64619000170a,bandwidth,125000.0,1637,1634,
2026-06-17 04:03:44,8c1f64619000170a,error_code,0.0,1637,1634,
2026-06-17 04:03:44,8c1f64619000170a,water_temp_max,23.5,1637,1634,
2026-06-17 04:03:44,8c1f64619000170a,spreading_factor,7.0,1637,1634,
2026-06-17 04:03:44,8c1f64619000170a,ambient_temp,23.5,1637,1634,
2026-06-17 04:03:44,8c1f64619000170a,gateway_snr,5.199999809265137,1637,1634,24e124fffef94d5c
2026-06-17 04:03:44,8c1f64619000170a,total_volume,154767.0,1637,1634,
2026-06-17 04:04:42,8c1f6461900021da,battery_recovered,3664.0,1637,1634,
2026-06-17 04:04:42,8c1f6461900021da,battery,3592.0,1637,1634,
2026-06-17 04:04:42,8c1f6461900021da,bandwidth,125000.0,1637,1634,
2026-06-17 04:04:42,8c1f6461900021da,leak_status,2.0,1637,1634,
2026-06-17 04:04:42,8c1f6461900021da,payload,1.0,1637,1634,755f090300009e600000f79008008f510903c005010302e0e9545454
2026-06-17 04:04:42,8c1f6461900021da,spreading_factor,7.0,1637,1634,
2026-06-17 04:04:42,8c1f6461900021da,frame_counter,7488.0,1637,1634,
2026-06-17 04:04:42,8c1f6461900021da,water_temp_max,22.0,1637,1634,
2026-06-17 04:04:42,8c1f6461900021da,error_code,0.0,1637,1634,
2026-06-17 04:04:42,8c1f6461900021da,water_temp_min,22.0,1637,1634,
2026-06-17 04:04:42,8c1f6461900021da,gateway_snr,5.800000190734863,1637,1634,24e124fffef94d5c
2026-06-17 04:04:42,8c1f6461900021da,ambient_temp,22.0,1637,1634,
2026-06-17 04:04:42,8c1f6461900021da,gateway_rssi,-101.0,1637,1634,24e124fffef94d5c
2026-06-17 04:04:42,8c1f6461900021da,total_volume,24734.0,1637,1634,
2026-06-17 04:05:04,8c1f646190001963,payload,1.0,1637,1634,bcb909030000bc3d000000000000dcab09033102790702e1eb535353
2026-06-17 04:05:04,8c1f646190001963,gateway_snr,10.199999809265137,1637,1634,24e124fffef94d5c
2026-06-17 04:05:04,8c1f646190001963,leak_status,2.0,1637,1634,
2026-06-17 04:05:04,8c1f646190001963,total_volume,15804.0,1637,1634,
2026-06-17 04:05:04,8c1f646190001963,spreading_factor,7.0,1637,1634,
2026-06-17 04:05:04,8c1f646190001963,error_code,0.0,1637,1634,
2026-06-17 04:05:04,8c1f646190001963,ambient_temp,21.5,1637,1634,
2026-06-17 04:05:04,8c1f646190001963,water_temp_max,21.5,1637,1634,
2026-06-17 04:05:04,8c1f646190001963,water_temp_min,21.5,1637,1634,
2026-06-17 04:05:04,8c1f646190001963,gateway_rssi,-96.0,1637,1634,24e124fffef94d5c
2026-06-17 04:05:04,8c1f646190001963,battery,3600.0,1637,1634,
2026-06-17 04:05:04,8c1f646190001963,battery_recovered,3680.0,1637,1634,
2026-06-17 04:05:04,8c1f646190001963,frame_counter,7734.0,1637,1634,
2026-06-17 04:05:04,8c1f646190001963,bandwidth,125000.0,1637,1634,
2026-06-17 04:06:39,8c1f646190001e41,gateway_snr,5.0,1637,1634,24e124fffef949f8
2026-06-17 04:06:39,8c1f646190001e41,bandwidth,125000.0,1637,1634,
2026-06-17 04:06:39,8c1f646190001e41,battery,3656.0,1637,1634,
2026-06-17 04:06:39,8c1f646190001e41,total_volume,42481.0,1637,1634,
2026-06-17 04:06:39,8c1f646190001e41,ambient_temp,24.5,1637,1634,
2026-06-17 04:06:39,8c1f646190001e41,battery_recovered,3688.0,1637,1634,
2026-06-17 04:06:39,8c1f646190001e41,spreading_factor,7.0,1637,1634,
2026-06-17 04:06:39,8c1f646190001e41,water_temp_min,44.0,1637,1634,
2026-06-17 04:06:39,8c1f646190001e41,error_code,0.0,1637,1634,
2026-06-17 04:06:39,8c1f646190001e41,gateway_rssi,-107.0,1637,1634,24e124fffef949f8
2026-06-17 04:06:39,8c1f646190001e41,frame_counter,3561.0,1637,1634,
2026-06-17 04:06:39,8c1f646190001e41,payload,1.0,1637,1634,e9af09030000f1a500005c110f00fea1090317fe8c0102e8ec808159
2026-06-17 04:06:39,8c1f646190001e41,leak_status,2.0,1637,1634,
2026-06-17 04:06:39,8c1f646190001e41,water_temp_max,44.5,1637,1634,
2026-06-17 04:07:34,8c1f646190002120,spreading_factor,7.0,1637,1634,
2026-06-17 04:07:34,8c1f646190002120,battery,3656.0,1637,1634,
2026-06-17 04:07:34,8c1f646190002120,battery_recovered,3680.0,1637,1634,
2026-06-17 04:07:34,8c1f646190002120,gateway_snr,9.199999809265137,1637,1634,24e124fffef949f8
2026-06-17 04:07:34,8c1f646190002120,leak_status,2.0,1637,1634,
2026-06-17 04:07:34,8c1f646190002120,water_temp_min,22.0,1637,1634,
2026-06-17 04:07:34,8c1f646190002120,ambient_temp,21.5,1637,1634,
2026-06-17 04:07:34,8c1f646190002120,bandwidth,125000.0,1637,1634,
2026-06-17 04:07:34,8c1f646190002120,total_volume,42375.0,1637,1634,
2026-06-17 04:07:34,8c1f646190002120,error_code,0.0,1637,1634,
2026-06-17 04:07:34,8c1f646190002120,payload,1.0,1637,1634,669c0903000087a50000f5e70d00848e0903d5ff750002e8eb545453
2026-06-17 04:07:34,8c1f646190002120,water_temp_max,22.0,1637,1634,
2026-06-17 04:07:34,8c1f646190002120,frame_counter,3618.0,1637,1634,
2026-06-17 04:07:34,8c1f646190002120,gateway_rssi,-102.0,1637,1634,24e124fffef949f8
2026-06-17 04:08:06,8c1f6461900015c1,battery_recovered,3688.0,1637,1634,
2026-06-17 04:08:06,8c1f6461900015c1,spreading_factor,7.0,1637,1634,
2026-06-17 04:08:06,8c1f6461900015c1,water_temp_max,24.0,1637,1634,
2026-06-17 04:08:06,8c1f6461900015c1,error_code,0.0,1637,1634,
2026-06-17 04:08:06,8c1f6461900015c1,gateway_rssi,-94.0,1637,1634,24e124fffef94d5c
2026-06-17 04:08:06,8c1f6461900015c1,total_volume,19013.0,1637,1634,
2026-06-17 04:08:06,8c1f6461900015c1,leak_status,2.0,1637,1634,
2026-06-17 04:08:06,8c1f6461900015c1,gateway_snr,10.0,1637,1634,24e124fffef94d5c
2026-06-17 04:08:06,8c1f6461900015c1,payload,1.0,1637,1634,9a7609030000454a000000000000ac6809037bfe8f0102dfec425853
2026-06-17 04:08:06,8c1f6461900015c1,bandwidth,125000.0,1637,1634,
2026-06-17 04:08:06,8c1f6461900015c1,ambient_temp,21.5,1637,1634,
2026-06-17 04:08:06,8c1f6461900015c1,water_temp_min,13.0,1637,1634,
2026-06-17 04:08:06,8c1f6461900015c1,battery,3584.0,1637,1634,
2026-06-17 04:08:06,8c1f6461900015c1,frame_counter,7604.0,1637,1634,
2026-06-17 04:09:18,8c1f646190001b0f,total_volume,35314.0,1637,1634,
2026-06-17 04:09:18,8c1f646190001b0f,water_temp_max,22.5,1637,1634,
2026-06-17 04:09:18,8c1f646190001b0f,gateway_rssi,-111.0,1637,1634,24e124fffef94d5c
2026-06-17 04:09:18,8c1f646190001b0f,leak_status,2.0,1637,1634,
2026-06-17 04:09:18,8c1f646190001b0f,gateway_snr,-8.800000190734863,1637,1634,24e124fffef94d5c
2026-06-17 04:09:18,8c1f646190001b0f,payload,1.0,1637,1634,df9809030000f2890000e6e30a000d8b0903fbff8f0102e1e7545553
2026-06-17 04:09:18,8c1f646190001b0f,water_temp_min,22.0,1637,1634,
2026-06-17 04:09:18,8c1f646190001b0f,battery,3600.0,1637,1634,
2026-06-17 04:09:18,8c1f646190001b0f,spreading_factor,7.0,1637,1634,
2026-06-17 04:09:18,8c1f646190001b0f,error_code,0.0,1637,1634,
2026-06-17 04:09:18,8c1f646190001b0f,frame_counter,6523.0,1637,1634,
2026-06-17 04:09:18,8c1f646190001b0f,battery_recovered,3648.0,1637,1634,
2026-06-17 04:09:18,8c1f646190001b0f,bandwidth,125000.0,1637,1634,
2026-06-17 04:09:18,8c1f646190001b0f,ambient_temp,21.5,1637,1634,
2026-06-17 04:09:45,8c1f64619000228d,total_volume,18062.0,1637,1634,
2026-06-17 04:09:45,8c1f64619000228d,spreading_factor,7.0,1637,1634,
2026-06-17 04:09:45,8c1f64619000228d,battery,3576.0,1637,1634,
2026-06-17 04:09:45,8c1f64619000228d,ambient_temp,22.0,1637,1634,
2026-06-17 04:09:45,8c1f64619000228d,leak_status,2.0,1637,1634,
2026-06-17 04:09:45,8c1f64619000228d,payload,1.0,1637,1634,e069090300008e46000000000000095c09036c0bd20802dee7545454
2026-06-17 04:09:45,8c1f64619000228d,frame_counter,6426.0,1637,1634,
2026-06-17 04:09:45,8c1f64619000228d,error_code,0.0,1637,1634,
2026-06-17 04:09:45,8c1f64619000228d,bandwidth,125000.0,1637,1634,
2026-06-17 04:09:45,8c1f64619000228d,gateway_snr,8.800000190734863,1637,1634,24e124fffef94d5c
2026-06-17 04:09:45,8c1f64619000228d,gateway_rssi,-98.0,1637,1634,24e124fffef94d5c
2026-06-17 04:09:45,8c1f64619000228d,water_temp_max,22.0,1637,1634,
2026-06-17 04:09:45,8c1f64619000228d,water_temp_min,22.0,1637,1634,
2026-06-17 04:09:45,8c1f64619000228d,battery_recovered,3648.0,1637,1634,
2026-06-17 04:09:46,8c1f6461900014f5,battery,3632.0,1637,1634,
2026-06-17 04:09:46,8c1f6461900014f5,gateway_rssi,-104.0,1637,1634,24e124fffef949f8
2026-06-17 04:09:46,8c1f6461900014f5,water_temp_min,21.5,1637,1634,
2026-06-17 04:09:46,8c1f6461900014f5,battery_recovered,3664.0,1637,1634,
2026-06-17 04:09:46,8c1f6461900014f5,bandwidth,125000.0,1637,1634,
2026-06-17 04:09:46,8c1f6461900014f5,frame_counter,3575.0,1637,1634,
2026-06-17 04:09:46,8c1f6461900014f5,total_volume,22137.0,1637,1634,
2026-06-17 04:09:46,8c1f6461900014f5,error_code,0.0,1637,1634,
2026-06-17 04:09:46,8c1f6461900014f5,spreading_factor,7.0,1637,1634,
2026-06-17 04:09:46,8c1f6461900014f5,leak_status,2.0,1637,1634,
2026-06-17 04:09:46,8c1f6461900014f5,ambient_temp,22.0,1637,1634,
2026-06-17 04:09:46,8c1f6461900014f5,payload,1.0,1637,1634,837f0d030000795600000000000099710d032000ba0b02e5e9535354
2026-06-17 04:09:46,8c1f6461900014f5,water_temp_max,21.5,1637,1634,
2026-06-17 04:09:46,8c1f6461900014f5,gateway_snr,8.199999809265137,1637,1634,24e124fffef949f8
2026-06-17 04:11:20,8c1f646190002222,water_temp_max,22.0,1637,1634,
2026-06-17 04:11:20,8c1f646190002222,bandwidth,125000.0,1637,1634,
2026-06-17 04:11:20,8c1f646190002222,leak_status,2.0,1637,1634,
2026-06-17 04:11:20,8c1f646190002222,battery_recovered,3688.0,1637,1634,
2026-06-17 04:11:20,8c1f646190002222,spreading_factor,7.0,1637,1634,
2026-06-17 04:11:20,8c1f646190002222,payload,1.0,1637,1634,316e090300006478000008000000376009037d02ce0002e9ec535454
2026-06-17 04:11:20,8c1f646190002222,gateway_snr,-2.0,1637,1634,24e124fffef949f8
2026-06-17 04:11:20,8c1f646190002222,gateway_rssi,-113.0,1637,1634,24e124fffef949f8
2026-06-17 04:11:20,8c1f646190002222,ambient_temp,22.0,1637,1634,
2026-06-17 04:11:20,8c1f646190002222,battery,3664.0,1637,1634,
2026-06-17 04:11:20,8c1f646190002222,frame_counter,3635.0,1637,1634,
2026-06-17 04:11:20,8c1f646190002222,water_temp_min,21.5,1637,1634,
2026-06-17 04:11:20,8c1f646190002222,total_volume,30820.0,1637,1634,
2026-06-17 04:11:20,8c1f646190002222,error_code,0.0,1637,1634,
2026-06-17 04:11:39,8c1f646190001b91,leak_status,2.0,1637,1634,
2026-06-17 04:11:39,8c1f646190001b91,battery,3560.0,1637,1634,
2026-06-17 04:11:39,8c1f646190001b91,ambient_temp,22.0,1637,1634,
2026-06-17 04:11:39,8c1f646190001b91,total_volume,46881.0,1637,1634,
2026-06-17 04:11:39,8c1f646190001b91,water_temp_min,22.0,1637,1634,
2026-06-17 04:11:39,8c1f646190001b91,error_code,0.0,1637,1634,
2026-06-17 04:11:39,8c1f646190001b91,spreading_factor,7.0,1637,1634,
2026-06-17 04:11:39,8c1f646190001b91,battery_recovered,3664.0,1637,1634,
2026-06-17 04:11:39,8c1f646190001b91,frame_counter,6536.0,1637,1634,
2026-06-17 04:11:39,8c1f646190001b91,water_temp_max,22.5,1637,1634,
2026-06-17 04:11:39,8c1f646190001b91,payload,1.0,1637,1634,229d0903000021b70000a2cb0e00168f09036301a40302dce9545554
2026-06-17 04:11:39,8c1f646190001b91,bandwidth,125000.0,1637,1634,
2026-06-17 04:11:39,8c1f646190001b91,gateway_snr,6.199999809265137,1637,1634,24e124fffef94d5c
2026-06-17 04:11:39,8c1f646190001b91,gateway_rssi,-101.0,1637,1634,24e124fffef94d5c
2026-06-17 04:12:15,8c1f6461900019cf,water_temp_min,21.5,1637,1634,
2026-06-17 04:12:15,8c1f6461900019cf,ambient_temp,21.5,1637,1634,
2026-06-17 04:12:15,8c1f6461900019cf,gateway_rssi,-101.0,1637,1634,24e124fffef949f8
2026-06-17 04:12:15,8c1f6461900019cf,frame_counter,3551.0,1637,1634,
2026-06-17 04:12:15,8c1f6461900019cf,gateway_snr,9.800000190734863,1637,1634,24e124fffef949f8
2026-06-17 04:12:15,8c1f6461900019cf,bandwidth,125000.0,1637,1634,
2026-06-17 04:12:15,8c1f6461900019cf,battery_recovered,3656.0,1637,1634,
2026-06-17 04:12:15,8c1f6461900019cf,total_volume,68332.0,1637,1634,
2026-06-17 04:12:15,8c1f6461900019cf,payload,1.0,1637,1634,b1a709030000ec0a010000000000000000000000000000e5e8535453
2026-06-17 04:12:15,8c1f6461900019cf,water_temp_max,22.0,1637,1634,
2026-06-17 04:12:15,8c1f6461900019cf,spreading_factor,7.0,1637,1634,
2026-06-17 04:12:15,8c1f6461900019cf,battery,3632.0,1637,1634,
2026-06-17 04:12:15,8c1f6461900019cf,error_code,0.0,1637,1634,
2026-06-17 04:12:15,8c1f6461900019cf,leak_status,0.0,1637,1634,
2026-06-17 04:12:39,8c1f646190002206,payload,1.0,1637,1634,39aa0903000073130300c74f0f00000000000000000000e1ea535454
2026-06-17 04:12:39,8c1f646190002206,spreading_factor,7.0,1637,1634,
2026-06-17 04:12:39,8c1f646190002206,bandwidth,125000.0,1637,1634,
2026-06-17 04:12:39,8c1f646190002206,water_temp_min,21.5,1637,1634,
2026-06-17 04:12:39,8c1f646190002206,total_volume,201587.0,1637,1634,
2026-06-17 04:12:39,8c1f646190002206,error_code,0.0,1637,1634,
2026-06-17 04:12:39,8c1f646190002206,water_temp_max,22.0,1637,1634,
2026-06-17 04:12:39,8c1f646190002206,leak_status,0.0,1637,1634,
2026-06-17 04:12:39,8c1f646190002206,gateway_snr,6.800000190734863,1637,1634,24e124fffef94d5c
2026-06-17 04:12:39,8c1f646190002206,battery,3600.0,1637,1634,
2026-06-17 04:12:39,8c1f646190002206,frame_counter,7008.0,1637,1634,
2026-06-17 04:12:39,8c1f646190002206,ambient_temp,22.0,1637,1634,
2026-06-17 04:12:39,8c1f646190002206,battery_recovered,3672.0,1637,1634,
2026-06-17 04:12:39,8c1f646190002206,gateway_rssi,-100.0,1637,1634,24e124fffef94d5c
2026-06-17 04:13:12,24e124725d489523,humidity,49.0,1637,1634,
2026-06-17 04:13:12,24e124725d489523,payload,85.0,1637,1634,0175270367cc00046862
2026-06-17 04:13:12,24e124725d489523,spreading_factor,7.0,1637,1634,
2026-06-17 04:13:12,24e124725d489523,gateway_rssi,-106.0,1637,1634,24e124fffef949f8
2026-06-17 04:13:12,24e124725d489523,gateway_snr,6.5,1637,1634,24e124fffef949f8
2026-06-17 04:13:12,24e124725d489523,frame_counter,7491.0,1637,1634,
2026-06-17 04:13:12,24e124725d489523,bandwidth,125000.0,1637,1634,
2026-06-17 04:13:12,24e124725d489523,temperature,20.4,1637,1634,
2026-06-17 04:13:12,24e124725d489523,battery,39.0,1637,1634,
2026-06-17 04:14:15,8c1f646190001bf1,bandwidth,125000.0,1637,1634,
2026-06-17 04:14:15,8c1f646190001bf1,battery,3592.0,1637,1634,
2026-06-17 04:14:15,8c1f646190001bf1,frame_counter,6323.0,1637,1634,
2026-06-17 04:14:15,8c1f646190001bf1,gateway_snr,5.199999809265137,1637,1634,24e124fffef94d5c
2026-06-17 04:14:15,8c1f646190001bf1,water_temp_min,21.5,1637,1634,
2026-06-17 04:14:15,8c1f646190001bf1,total_volume,33451.0,1637,1634,
2026-06-17 04:14:15,8c1f646190001bf1,spreading_factor,7.0,1637,1634,
2026-06-17 04:14:15,8c1f646190001bf1,leak_status,2.0,1637,1634,
2026-06-17 04:14:15,8c1f646190001bf1,error_code,0.0,1637,1634,
2026-06-17 04:14:15,8c1f646190001bf1,payload,1.0,1637,1634,11b309030000ab820000248d0b0039a50903c201120102e0ea539155
2026-06-17 04:14:15,8c1f646190001bf1,battery_recovered,3672.0,1637,1634,
2026-06-17 04:14:15,8c1f646190001bf1,water_temp_max,52.5,1637,1634,
2026-06-17 04:14:15,8c1f646190001bf1,gateway_rssi,-104.0,1637,1634,24e124fffef94d5c
2026-06-17 04:14:15,8c1f646190001bf1,ambient_temp,22.5,1637,1634,
2026-06-17 04:14:22,8c1f646190001dd8,ambient_temp,22.0,1637,1634,
2026-06-17 04:14:22,8c1f646190001dd8,leak_status,2.0,1637,1634,
2026-06-17 04:14:22,8c1f646190001dd8,water_temp_max,22.0,1637,1634,
2026-06-17 04:14:22,8c1f646190001dd8,gateway_rssi,-110.0,1637,1634,24e124fffef949f8
2026-06-17 04:14:22,8c1f646190001dd8,gateway_snr,0.0,1637,1634,24e124fffef949f8
2026-06-17 04:14:22,8c1f646190001dd8,battery,3624.0,1637,1634,
2026-06-17 04:14:22,8c1f646190001dd8,total_volume,55983.0,1637,1634,
2026-06-17 04:14:22,8c1f646190001dd8,payload,1.0,1637,1634,8b9909030000afda000008e011007c8b09031e040b0202e4e9545454
2026-06-17 04:14:22,8c1f646190001dd8,battery_recovered,3664.0,1637,1634,
2026-06-17 04:14:22,8c1f646190001dd8,bandwidth,125000.0,1637,1634,
2026-06-17 04:14:22,8c1f646190001dd8,frame_counter,3738.0,1637,1634,
2026-06-17 04:14:22,8c1f646190001dd8,error_code,0.0,1637,1634,
2026-06-17 04:14:22,8c1f646190001dd8,spreading_factor,7.0,1637,1634,
2026-06-17 04:14:22,8c1f646190001dd8,water_temp_min,22.0,1637,1634,
2026-06-17 04:14:32,8c1f6461900021e0,spreading_factor,7.0,1637,1634,
2026-06-17 04:14:32,8c1f6461900021e0,water_temp_max,22.0,1637,1634,
2026-06-17 04:14:32,8c1f6461900021e0,payload,1.0,1637,1634,da7909030000672d010000000000000000000000000000e9ed545454
2026-06-17 04:14:32,8c1f6461900021e0,frame_counter,2242.0,1637,1634,
2026-06-17 04:14:32,8c1f6461900021e0,leak_status,0.0,1637,1634,
2026-06-17 04:14:32,8c1f6461900021e0,total_volume,77159.0,1637,1634,
2026-06-17 04:14:32,8c1f6461900021e0,error_code,0.0,1637,1634,
2026-06-17 04:14:32,8c1f6461900021e0,bandwidth,125000.0,1637,1634,
2026-06-17 04:14:32,8c1f6461900021e0,battery,3664.0,1637,1634,
2026-06-17 04:14:32,8c1f6461900021e0,ambient_temp,22.0,1637,1634,
2026-06-17 04:14:32,8c1f6461900021e0,gateway_snr,6.800000190734863,1637,1634,24e124fffef949f8
2026-06-17 04:14:32,8c1f6461900021e0,gateway_rssi,-104.0,1637,1634,24e124fffef949f8
2026-06-17 04:14:32,8c1f6461900021e0,battery_recovered,3696.0,1637,1634,
2026-06-17 04:14:32,8c1f6461900021e0,water_temp_min,22.0,1637,1634,
2026-06-17 04:15:43,8c1f646190001968,gateway_snr,6.5,1637,1634,24e124fffef949f8
2026-06-17 04:15:43,8c1f646190001968,total_volume,71245.0,1637,1634,
2026-06-17 04:15:43,8c1f646190001968,error_code,0.0,1637,1634,
2026-06-17 04:15:43,8c1f646190001968,gateway_rssi,-106.0,1637,1634,24e124fffef949f8
2026-06-17 04:15:43,8c1f646190001968,ambient_temp,23.0,1637,1634,
2026-06-17 04:15:43,8c1f646190001968,leak_status,2.0,1637,1634,
2026-06-17 04:15:43,8c1f646190001968,battery_recovered,3680.0,1637,1634,
2026-06-17 04:15:43,8c1f646190001968,battery,3656.0,1637,1634,
2026-06-17 04:15:43,8c1f646190001968,spreading_factor,7.0,1637,1634,
2026-06-17 04:15:43,8c1f646190001968,bandwidth,125000.0,1637,1634,
2026-06-17 04:15:43,8c1f646190001968,frame_counter,3620.0,1637,1634,
2026-06-17 04:15:43,8c1f646190001968,water_temp_max,23.0,1637,1634,
2026-06-17 04:15:43,8c1f646190001968,payload,1.0,1637,1634,1692090300004d160100af2918002e840903eded8c0202e8eb565656
2026-06-17 04:15:43,8c1f646190001968,water_temp_min,23.0,1637,1634,
2026-06-17 04:17:00,8c1f646190002291,water_temp_max,21.0,1637,1634,
2026-06-17 04:17:00,8c1f646190002291,payload,1.0,1637,1634,98c7090300000616060000000000861609035a02000003dfe9525252
2026-06-17 04:17:00,8c1f646190002291,frame_counter,6852.0,1637,1634,
2026-06-17 04:17:00,8c1f646190002291,water_temp_min,21.0,1637,1634,
2026-06-17 04:17:00,8c1f646190002291,gateway_snr,0.800000011920929,1637,1634,24e124fffef949f8
2026-06-17 04:17:00,8c1f646190002291,total_volume,398854.0,1637,1634,
2026-06-17 04:17:00,8c1f646190002291,battery,3584.0,1637,1634,
2026-06-17 04:17:00,8c1f646190002291,spreading_factor,7.0,1637,1634,
2026-06-17 04:17:00,8c1f646190002291,gateway_rssi,-110.0,1637,1634,24e124fffef949f8
2026-06-17 04:17:00,8c1f646190002291,leak_status,3.0,1637,1634,
2026-06-17 04:17:00,8c1f646190002291,battery_recovered,3664.0,1637,1634,
2026-06-17 04:17:00,8c1f646190002291,bandwidth,125000.0,1637,1634,
2026-06-17 04:17:00,8c1f646190002291,error_code,0.0,1637,1634,
2026-06-17 04:17:00,8c1f646190002291,ambient_temp,21.0,1637,1634,
2026-06-17 04:19:37,8c1f64619000160f,water_temp_min,22.5,1637,1634,
2026-06-17 04:19:37,8c1f64619000160f,gateway_rssi,-108.0,1637,1634,24e124fffef949f8
2026-06-17 04:19:37,8c1f64619000160f,spreading_factor,7.0,1637,1634,
2026-06-17 04:19:37,8c1f64619000160f,battery_recovered,3672.0,1637,1634,
2026-06-17 04:19:37,8c1f64619000160f,payload,1.0,1637,1634,54820d03000051d4010008000000000000000000000000e7ea555555
2026-06-17 04:19:37,8c1f64619000160f,battery,3648.0,1637,1634,
2026-06-17 04:19:37,8c1f64619000160f,leak_status,0.0,1637,1634,
2026-06-17 04:19:37,8c1f64619000160f,water_temp_max,22.5,1637,1634,
2026-06-17 04:19:37,8c1f64619000160f,total_volume,119889.0,1637,1634,
2026-06-17 04:19:37,8c1f64619000160f,error_code,0.0,1637,1634,
2026-06-17 04:19:37,8c1f64619000160f,gateway_snr,2.5,1637,1634,24e124fffef949f8
2026-06-17 04:19:37,8c1f64619000160f,ambient_temp,22.5,1637,1634,
2026-06-17 04:19:37,8c1f64619000160f,bandwidth,125000.0,1637,1634,
2026-06-17 04:19:37,8c1f64619000160f,frame_counter,3635.0,1637,1634,
2026-06-17 04:22:03,8c1f646190001ec9,total_volume,34556.0,1637,1634,
2026-06-17 04:22:03,8c1f646190001ec9,error_code,0.0,1637,1634,
2026-06-17 04:22:03,8c1f646190001ec9,frame_counter,6555.0,1637,1634,
2026-06-17 04:22:03,8c1f646190001ec9,battery_recovered,3664.0,1637,1634,
2026-06-17 04:22:03,8c1f646190001ec9,water_temp_min,21.5,1637,1634,
2026-06-17 04:22:03,8c1f646190001ec9,spreading_factor,7.0,1637,1634,
2026-06-17 04:22:03,8c1f646190001ec9,gateway_snr,4.800000190734863,1637,1634,24e124fffef94d5c
2026-06-17 04:22:03,8c1f646190001ec9,leak_status,2.0,1637,1634,
2026-06-17 04:22:03,8c1f646190001ec9,bandwidth,125000.0,1637,1634,
2026-06-17 04:22:03,8c1f646190001ec9,water_temp_max,21.5,1637,1634,
2026-06-17 04:22:03,8c1f646190001ec9,gateway_rssi,-104.0,1637,1634,24e124fffef94d5c
2026-06-17 04:22:03,8c1f646190001ec9,ambient_temp,21.0,1637,1634,
2026-06-17 04:22:03,8c1f646190001ec9,battery,3600.0,1637,1634,
2026-06-17 04:22:03,8c1f646190001ec9,payload,1.0,1637,1634,f67909030000fc860000f75a0b00f16b09039401960202e1e9535352
2026-06-17 04:22:37,8c1f6461900015ba,error_code,0.0,1637,1634,
2026-06-17 04:22:37,8c1f6461900015ba,gateway_snr,2.5,1637,1634,24e124fffef949f8
2026-06-17 04:22:37,8c1f6461900015ba,water_temp_max,21.0,1637,1634,
2026-06-17 04:22:37,8c1f6461900015ba,gateway_rssi,-105.0,1637,1634,24e124fffef949f8
2026-06-17 04:22:37,8c1f6461900015ba,total_volume,7057.0,1637,1634,
2026-06-17 04:22:37,8c1f6461900015ba,ambient_temp,21.0,1637,1634,
2026-06-17 04:22:37,8c1f6461900015ba,battery,3640.0,1637,1634,
2026-06-17 04:22:37,8c1f6461900015ba,frame_counter,7260.0,1637,1634,
2026-06-17 04:22:37,8c1f6461900015ba,leak_status,2.0,1637,1634,
2026-06-17 04:22:37,8c1f6461900015ba,payload,1.0,1637,1634,ceb009030000911b000000000000e9a209037301230402e6eb525252
2026-06-17 04:22:37,8c1f6461900015ba,battery_recovered,3680.0,1637,1634,
2026-06-17 04:22:37,8c1f6461900015ba,water_temp_min,21.0,1637,1634,
2026-06-17 04:22:37,8c1f6461900015ba,spreading_factor,7.0,1637,1634,
2026-06-17 04:22:37,8c1f6461900015ba,bandwidth,125000.0,1637,1634,
2026-06-17 04:23:11,24e124725d489523,temperature,20.4,1637,1634,
2026-06-17 04:23:11,24e124725d489523,battery,39.0,1637,1634,
2026-06-17 04:23:11,24e124725d489523,spreading_factor,7.0,1637,1634,
2026-06-17 04:23:11,24e124725d489523,gateway_rssi,-106.0,1637,1634,24e124fffef949f8
2026-06-17 04:23:11,24e124725d489523,gateway_snr,6.199999809265137,1637,1634,24e124fffef949f8
2026-06-17 04:23:11,24e124725d489523,frame_counter,7492.0,1637,1634,
2026-06-17 04:23:11,24e124725d489523,payload,85.0,1637,1634,0175270367cc00046862
2026-06-17 04:23:11,24e124725d489523,humidity,49.0,1637,1634,
2026-06-17 04:23:11,24e124725d489523,bandwidth,125000.0,1637,1634,
2026-06-17 04:23:30,8c1f646190001743,error_code,0.0,1637,1634,
2026-06-17 04:23:30,8c1f646190001743,battery_recovered,3688.0,1637,1634,
2026-06-17 04:23:30,8c1f646190001743,ambient_temp,23.0,1637,1634,
2026-06-17 04:23:30,8c1f646190001743,bandwidth,125000.0,1637,1634,
2026-06-17 04:23:30,8c1f646190001743,gateway_rssi,-113.0,1637,1634,24e124fffef949f8
2026-06-17 04:23:30,8c1f646190001743,gateway_snr,-6.800000190734863,1637,1634,24e124fffef949f8
2026-06-17 04:23:30,8c1f646190001743,water_temp_min,22.5,1637,1634,
2026-06-17 04:23:30,8c1f646190001743,total_volume,8040.0,1637,1634,
2026-06-17 04:23:30,8c1f646190001743,water_temp_max,22.5,1637,1634,
2026-06-17 04:23:30,8c1f646190001743,leak_status,2.0,1637,1634,
2026-06-17 04:23:30,8c1f646190001743,payload,1.0,1637,1634,19a709030000681f000000000000209909035f022c0202e5ec555556
2026-06-17 04:23:30,8c1f646190001743,spreading_factor,7.0,1637,1634,
2026-06-17 04:23:30,8c1f646190001743,battery,3632.0,1637,1634,
2026-06-17 04:23:30,8c1f646190001743,frame_counter,1982.0,1637,1634,
2026-06-17 04:24:32,8c1f6461900015ed,gateway_snr,11.199999809265137,1637,1634,24e124fffef94d5c
2026-06-17 04:24:32,8c1f6461900015ed,payload,1.0,1637,1634,65a509030000eb6400000ea409008a970903ec004f0202e3ed525252
2026-06-17 04:24:32,8c1f6461900015ed,frame_counter,6142.0,1637,1634,
2026-06-17 04:24:32,8c1f6461900015ed,bandwidth,125000.0,1637,1634,
2026-06-17 04:24:32,8c1f6461900015ed,gateway_rssi,-94.0,1637,1634,24e124fffef94d5c
2026-06-17 04:24:32,8c1f6461900015ed,ambient_temp,21.0,1637,1634,
2026-06-17 04:24:32,8c1f6461900015ed,leak_status,2.0,1637,1634,
2026-06-17 04:24:32,8c1f6461900015ed,error_code,0.0,1637,1634,
2026-06-17 04:24:32,8c1f6461900015ed,spreading_factor,7.0,1637,1634,
2026-06-17 04:24:32,8c1f6461900015ed,battery,3616.0,1637,1634,
2026-06-17 04:24:32,8c1f6461900015ed,water_temp_min,21.0,1637,1634,
2026-06-17 04:24:32,8c1f6461900015ed,total_volume,25835.0,1637,1634,
2026-06-17 04:24:32,8c1f6461900015ed,water_temp_max,21.0,1637,1634,
2026-06-17 04:24:32,8c1f6461900015ed,battery_recovered,3696.0,1637,1634,
2026-06-17 04:25:09,8c1f6461900018f5,battery,3600.0,1637,1634,
2026-06-17 04:25:09,8c1f6461900018f5,leak_status,2.0,1637,1634,
2026-06-17 04:25:09,8c1f6461900018f5,water_temp_min,21.5,1637,1634,
2026-06-17 04:25:09,8c1f6461900018f5,total_volume,51587.0,1637,1634,
2026-06-17 04:25:09,8c1f6461900018f5,ambient_temp,22.5,1637,1634,
2026-06-17 04:25:09,8c1f6461900018f5,frame_counter,7695.0,1637,1634,
2026-06-17 04:25:09,8c1f6461900018f5,payload,1.0,1637,1634,ed8e0903000083c90000c5d90400098109038700fe0b02e1e9535455
2026-06-17 04:25:09,8c1f6461900018f5,bandwidth,125000.0,1637,1634,
2026-06-17 04:25:09,8c1f6461900018f5,battery_recovered,3664.0,1637,1634,
2026-06-17 04:25:09,8c1f6461900018f5,water_temp_max,22.0,1637,1634,
2026-06-17 04:25:09,8c1f6461900018f5,gateway_rssi,-104.0,1637,1634,24e124fffef949f8
2026-06-17 04:25:09,8c1f6461900018f5,gateway_snr,8.800000190734863,1637,1634,24e124fffef949f8
2026-06-17 04:25:09,8c1f6461900018f5,error_code,0.0,1637,1634,
2026-06-17 04:25:09,8c1f6461900018f5,spreading_factor,7.0,1637,1634,
2026-06-17 04:26:18,8c1f6461900019c7,battery,3568.0,1637,1634,
2026-06-17 04:26:18,8c1f6461900019c7,frame_counter,5923.0,1637,1634,
2026-06-17 04:26:18,8c1f6461900019c7,leak_status,2.0,1637,1634,
2026-06-17 04:26:18,8c1f6461900019c7,ambient_temp,22.0,1637,1634,
2026-06-17 04:26:18,8c1f6461900019c7,gateway_snr,3.5,1637,1634,24e124fffef94d5c
2026-06-17 04:26:18,8c1f6461900019c7,total_volume,22411.0,1637,1634,
2026-06-17 04:26:18,8c1f6461900019c7,water_temp_min,22.0,1637,1634,
2026-06-17 04:26:18,8c1f6461900019c7,bandwidth,125000.0,1637,1634,
2026-06-17 04:26:18,8c1f6461900019c7,spreading_factor,7.0,1637,1634,
2026-06-17 04:26:18,8c1f6461900019c7,payload,1.0,1637,1634,9e78090300008b57000052480800b96a090366fdaf0202dde7545554
2026-06-17 04:26:18,8c1f6461900019c7,gateway_rssi,-104.0,1637,1634,24e124fffef94d5c
2026-06-17 04:26:18,8c1f6461900019c7,water_temp_max,22.5,1637,1634,
2026-06-17 04:26:18,8c1f6461900019c7,error_code,0.0,1637,1634,
2026-06-17 04:26:18,8c1f6461900019c7,battery_recovered,3648.0,1637,1634,
2026-06-17 04:26:50,8c1f646190001baf,water_temp_max,22.0,1637,1634,
2026-06-17 04:26:50,8c1f646190001baf,bandwidth,125000.0,1637,1634,
2026-06-17 04:26:50,8c1f646190001baf,battery,3624.0,1637,1634,
2026-06-17 04:26:50,8c1f646190001baf,gateway_rssi,-103.0,1637,1634,24e124fffef94d5c
2026-06-17 04:26:50,8c1f646190001baf,ambient_temp,22.0,1637,1634,
2026-06-17 04:26:50,8c1f646190001baf,frame_counter,6729.0,1637,1634,
2026-06-17 04:26:50,8c1f646190001baf,total_volume,53789.0,1637,1634,
2026-06-17 04:26:50,8c1f646190001baf,error_code,0.0,1637,1634,
2026-06-17 04:26:50,8c1f646190001baf,water_temp_min,21.5,1637,1634,
2026-06-17 04:26:50,8c1f646190001baf,spreading_factor,7.0,1637,1634,
2026-06-17 04:26:50,8c1f646190001baf,battery_recovered,3656.0,1637,1634,
2026-06-17 04:26:50,8c1f646190001baf,payload,1.0,1637,1634,e39e090300001dd20000bca805000e9109032bfc451102e4e8535454
2026-06-17 04:26:50,8c1f646190001baf,leak_status,2.0,1637,1634,
2026-06-17 04:26:50,8c1f646190001baf,gateway_snr,4.5,1637,1634,24e124fffef94d5c
2026-06-17 04:27:10,8c1f646190001790,leak_status,2.0,1637,1634,
2026-06-17 04:27:10,8c1f646190001790,battery_recovered,3696.0,1637,1634,
2026-06-17 04:27:10,8c1f646190001790,ambient_temp,21.5,1637,1634,
2026-06-17 04:27:10,8c1f646190001790,frame_counter,3633.0,1637,1634,
2026-06-17 04:27:10,8c1f646190001790,gateway_rssi,-110.0,1637,1634,24e124fffef949f8
2026-06-17 04:27:10,8c1f646190001790,error_code,0.0,1637,1634,
2026-06-17 04:27:10,8c1f646190001790,water_temp_min,21.0,1637,1634,
2026-06-17 04:27:10,8c1f646190001790,battery,3664.0,1637,1634,
2026-06-17 04:27:10,8c1f646190001790,payload,1.0,1637,1634,8eb10903000049230000db34030098a3090377fdc50202e9ed525253
2026-06-17 04:27:10,8c1f646190001790,water_temp_max,21.0,1637,1634,
2026-06-17 04:27:10,8c1f646190001790,gateway_snr,2.200000047683716,1637,1634,24e124fffef949f8
2026-06-17 04:27:10,8c1f646190001790,total_volume,9033.0,1637,1634,
2026-06-17 04:27:10,8c1f646190001790,spreading_factor,7.0,1637,1634,
2026-06-17 04:27:10,8c1f646190001790,bandwidth,125000.0,1637,1634,
2026-06-17 04:27:21,8c1f6461900021a9,ambient_temp,21.0,1637,1634,
2026-06-17 04:27:21,8c1f6461900021a9,battery_recovered,3664.0,1637,1634,
2026-06-17 04:27:21,8c1f6461900021a9,water_temp_max,20.5,1637,1634,
2026-06-17 04:27:21,8c1f6461900021a9,battery,3600.0,1637,1634,
2026-06-17 04:27:21,8c1f6461900021a9,gateway_rssi,-110.0,1637,1634,24e124fffef949f8
2026-06-17 04:27:21,8c1f6461900021a9,leak_status,2.0,1637,1634,
2026-06-17 04:27:21,8c1f6461900021a9,water_temp_min,20.5,1637,1634,
2026-06-17 04:27:21,8c1f6461900021a9,spreading_factor,7.0,1637,1634,
2026-06-17 04:27:21,8c1f6461900021a9,payload,1.0,1637,1634,6c9e0903000009cb0000f8f811006f900903cafde10302e1e9515152
2026-06-17 04:27:21,8c1f6461900021a9,frame_counter,7887.0,1637,1634,
2026-06-17 04:27:21,8c1f6461900021a9,total_volume,51977.0,1637,1634,
2026-06-17 04:27:21,8c1f6461900021a9,gateway_snr,2.799999952316284,1637,1634,24e124fffef949f8
2026-06-17 04:27:21,8c1f6461900021a9,bandwidth,125000.0,1637,1634,
2026-06-17 04:27:21,8c1f6461900021a9,error_code,0.0,1637,1634,
2026-06-17 04:28:48,8c1f646190002012,frame_counter,2855.0,1637,1634,
2026-06-17 04:28:48,8c1f646190002012,gateway_snr,6.5,1637,1634,24e124fffef949f8
2026-06-17 04:28:48,8c1f646190002012,spreading_factor,7.0,1637,1634,
2026-06-17 04:28:48,8c1f646190002012,ambient_temp,22.0,1637,1634,
2026-06-17 04:28:48,8c1f646190002012,error_code,0.0,1637,1634,
2026-06-17 04:28:48,8c1f646190002012,water_temp_max,22.0,1637,1634,
2026-06-17 04:28:48,8c1f646190002012,battery_recovered,3664.0,1637,1634,
2026-06-17 04:28:48,8c1f646190002012,leak_status,2.0,1637,1634,
2026-06-17 04:28:48,8c1f646190002012,battery,3648.0,1637,1634,
2026-06-17 04:28:48,8c1f646190002012,payload,1.0,1637,1634,217d090300006f520000e1cd0700336f0903d4fc3c0402e7e9545454
2026-06-17 04:28:48,8c1f646190002012,gateway_rssi,-105.0,1637,1634,24e124fffef949f8
2026-06-17 04:28:48,8c1f646190002012,total_volume,21103.0,1637,1634,
2026-06-17 04:28:48,8c1f646190002012,bandwidth,125000.0,1637,1634,
2026-06-17 04:28:48,8c1f646190002012,water_temp_min,22.0,1637,1634,
2026-06-17 04:32:07,8c1f646190001af8,bandwidth,125000.0,1637,1634,
2026-06-17 04:32:07,8c1f646190001af8,gateway_rssi,-104.0,1637,1634,24e124fffef94d5c
2026-06-17 04:32:07,8c1f646190001af8,frame_counter,7616.0,1637,1634,
2026-06-17 04:32:07,8c1f646190001af8,payload,1.0,1637,1634,317f090300007063000026000000387109033a02be0202dee8535352
2026-06-17 04:32:07,8c1f646190001af8,error_code,0.0,1637,1634,
2026-06-17 04:32:07,8c1f646190001af8,water_temp_min,21.5,1637,1634,
2026-06-17 04:32:07,8c1f646190001af8,water_temp_max,21.5,1637,1634,
2026-06-17 04:32:07,8c1f646190001af8,gateway_snr,3.200000047683716,1637,1634,24e124fffef94d5c
2026-06-17 04:32:07,8c1f646190001af8,battery,3576.0,1637,1634,
2026-06-17 04:32:07,8c1f646190001af8,spreading_factor,7.0,1637,1634,
2026-06-17 04:32:07,8c1f646190001af8,total_volume,25456.0,1637,1634,
2026-06-17 04:32:07,8c1f646190001af8,leak_status,2.0,1637,1634,
2026-06-17 04:32:07,8c1f646190001af8,battery_recovered,3656.0,1637,1634,
2026-06-17 04:32:07,8c1f646190001af8,ambient_temp,21.0,1637,1634,
2026-06-17 04:32:46,8c1f6461900017e3,total_volume,68837.0,1637,1634,
2026-06-17 04:32:46,8c1f6461900017e3,spreading_factor,7.0,1637,1634,
2026-06-17 04:32:46,8c1f6461900017e3,water_temp_max,26.0,1637,1634,
2026-06-17 04:32:46,8c1f6461900017e3,battery_recovered,3664.0,1637,1634,
2026-06-17 04:32:46,8c1f6461900017e3,battery,3640.0,1637,1634,
2026-06-17 04:32:46,8c1f6461900017e3,water_temp_min,26.0,1637,1634,
2026-06-17 04:32:46,8c1f6461900017e3,payload,1.0,1637,1634,1fa609030000e50c0100e401000043980903a6fff20e02e6e95c5c57
2026-06-17 04:32:46,8c1f6461900017e3,gateway_snr,2.200000047683716,1637,1634,24e124fffef949f8
2026-06-17 04:32:46,8c1f6461900017e3,ambient_temp,23.5,1637,1634,
2026-06-17 04:32:46,8c1f6461900017e3,leak_status,2.0,1637,1634,
2026-06-17 04:32:46,8c1f6461900017e3,frame_counter,3597.0,1637,1634,
2026-06-17 04:32:46,8c1f6461900017e3,gateway_rssi,-106.0,1637,1634,24e124fffef949f8
2026-06-17 04:32:46,8c1f6461900017e3,error_code,0.0,1637,1634,
2026-06-17 04:32:46,8c1f6461900017e3,bandwidth,125000.0,1637,1634,
2026-06-17 04:33:11,24e124725d489523,bandwidth,125000.0,1637,1634,
2026-06-17 04:33:11,24e124725d489523,gateway_snr,5.800000190734863,1637,1634,24e124fffef949f8
2026-06-17 04:33:11,24e124725d489523,battery,39.0,1637,1634,
2026-06-17 04:33:11,24e124725d489523,frame_counter,7493.0,1637,1634,
2026-06-17 04:33:11,24e124725d489523,payload,85.0,1637,1634,0175270367cc00046862
2026-06-17 04:33:11,24e124725d489523,temperature,20.4,1637,1634,
2026-06-17 04:33:11,24e124725d489523,humidity,49.0,1637,1634,
2026-06-17 04:33:11,24e124725d489523,spreading_factor,7.0,1637,1634,
2026-06-17 04:33:11,24e124725d489523,gateway_rssi,-107.0,1637,1634,24e124fffef949f8
2026-06-17 04:33:15,8c1f6461900021c1,total_volume,114954.0,1637,1634,
2026-06-17 04:33:15,8c1f6461900021c1,gateway_rssi,-105.0,1637,1634,24e124fffef94d5c
2026-06-17 04:33:15,8c1f6461900021c1,bandwidth,125000.0,1637,1634,
2026-06-17 04:33:15,8c1f6461900021c1,spreading_factor,7.0,1637,1634,
2026-06-17 04:33:15,8c1f6461900021c1,ambient_temp,20.0,1637,1634,
2026-06-17 04:33:15,8c1f6461900021c1,battery,3592.0,1637,1634,
2026-06-17 04:33:15,8c1f6461900021c1,gateway_snr,2.200000047683716,1637,1634,24e124fffef94d5c
2026-06-17 04:33:15,8c1f6461900021c1,error_code,0.0,1637,1634,
2026-06-17 04:33:15,8c1f6461900021c1,leak_status,0.0,1637,1634,
2026-06-17 04:33:15,8c1f6461900021c1,payload,1.0,1637,1634,a2b7090300000ac101001af30500000000000000000000e0e84f5050
2026-06-17 04:33:15,8c1f6461900021c1,water_temp_max,20.0,1637,1634,
2026-06-17 04:33:15,8c1f6461900021c1,battery_recovered,3656.0,1637,1634,
2026-06-17 04:33:15,8c1f6461900021c1,water_temp_min,19.5,1637,1634,
2026-06-17 04:33:15,8c1f6461900021c1,frame_counter,7662.0,1637,1634,
2026-06-17 04:35:28,8c1f6461900020a5,water_temp_max,23.5,1637,1634,
2026-06-17 04:35:28,8c1f6461900020a5,spreading_factor,7.0,1637,1634,
2026-06-17 04:35:28,8c1f6461900020a5,payload,1.0,1637,1634,e4c109030000233c0000000000000eb40903adfdc50302dfe8565757
2026-06-17 04:35:28,8c1f6461900020a5,gateway_rssi,-101.0,1637,1634,24e124fffef94d5c
2026-06-17 04:35:28,8c1f6461900020a5,water_temp_min,23.0,1637,1634,
2026-06-17 04:35:28,8c1f6461900020a5,battery,3584.0,1637,1634,
2026-06-17 04:35:28,8c1f6461900020a5,ambient_temp,23.5,1637,1634,
2026-06-17 04:35:28,8c1f6461900020a5,total_volume,15395.0,1637,1634,
2026-06-17 04:35:28,8c1f6461900020a5,gateway_snr,6.199999809265137,1637,1634,24e124fffef94d5c
2026-06-17 04:35:28,8c1f6461900020a5,error_code,0.0,1637,1634,
2026-06-17 04:35:28,8c1f6461900020a5,leak_status,2.0,1637,1634,
2026-06-17 04:35:28,8c1f6461900020a5,frame_counter,7604.0,1637,1634,
2026-06-17 04:35:28,8c1f6461900020a5,bandwidth,125000.0,1637,1634,
2026-06-17 04:35:28,8c1f6461900020a5,battery_recovered,3656.0,1637,1634,
2026-06-17 04:36:31,8c1f646190001ba9,gateway_snr,4.5,1637,1634,24e124fffef949f8
2026-06-17 04:36:31,8c1f646190001ba9,spreading_factor,7.0,1637,1634,
2026-06-17 04:36:31,8c1f646190001ba9,water_temp_max,22.0,1637,1634,
2026-06-17 04:36:31,8c1f646190001ba9,leak_status,2.0,1637,1634,
2026-06-17 04:36:31,8c1f646190001ba9,battery,3600.0,1637,1634,
2026-06-17 04:36:31,8c1f646190001ba9,payload,1.0,1637,1634,76a9090300001b7c0000a1430b00a09b09036502620202e1ea535455
2026-06-17 04:36:31,8c1f646190001ba9,water_temp_min,21.5,1637,1634,
2026-06-17 04:36:31,8c1f646190001ba9,battery_recovered,3672.0,1637,1634,
2026-06-17 04:36:31,8c1f646190001ba9,total_volume,31771.0,1637,1634,
2026-06-17 04:36:31,8c1f646190001ba9,frame_counter,7073.0,1637,1634,
2026-06-17 04:36:31,8c1f646190001ba9,error_code,0.0,1637,1634,
2026-06-17 04:36:31,8c1f646190001ba9,bandwidth,125000.0,1637,1634,
2026-06-17 04:36:31,8c1f646190001ba9,gateway_rssi,-107.0,1637,1634,24e124fffef949f8
2026-06-17 04:36:31,8c1f646190001ba9,ambient_temp,22.5,1637,1634,
2026-06-17 04:36:51,8c1f6461900018ba,ambient_temp,20.5,1637,1634,
2026-06-17 04:36:51,8c1f6461900018ba,bandwidth,125000.0,1637,1634,
2026-06-17 04:36:51,8c1f6461900018ba,payload,1.0,1637,1634,587109030000ad1d000000000000506309039904b50202dfea525251
2026-06-17 04:36:51,8c1f6461900018ba,leak_status,2.0,1637,1634,
2026-06-17 04:36:51,8c1f6461900018ba,gateway_snr,5.199999809265137,1637,1634,24e124fffef94d5c
2026-06-17 04:36:51,8c1f6461900018ba,gateway_rssi,-104.0,1637,1634,24e124fffef94d5c
2026-06-17 04:36:51,8c1f6461900018ba,total_volume,7597.0,1637,1634,
2026-06-17 04:36:51,8c1f6461900018ba,frame_counter,5749.0,1637,1634,
2026-06-17 04:36:51,8c1f6461900018ba,battery_recovered,3672.0,1637,1634,
2026-06-17 04:36:51,8c1f6461900018ba,water_temp_max,21.0,1637,1634,
2026-06-17 04:36:51,8c1f6461900018ba,error_code,0.0,1637,1634,
2026-06-17 04:36:51,8c1f6461900018ba,battery,3584.0,1637,1634,
2026-06-17 04:36:51,8c1f6461900018ba,spreading_factor,7.0,1637,1634,
2026-06-17 04:36:51,8c1f6461900018ba,water_temp_min,21.0,1637,1634,
2026-06-17 04:37:56,8c1f646190001fcb,battery_recovered,3696.0,1637,1634,
2026-06-17 04:37:56,8c1f646190001fcb,leak_status,2.0,1637,1634,
2026-06-17 04:37:56,8c1f646190001fcb,payload,1.0,1637,1634,615e0d0300006f5d00000000000063500d0335044e0602e5ed545554
2026-06-17 04:37:56,8c1f646190001fcb,error_code,0.0,1637,1634,
2026-06-17 04:37:56,8c1f646190001fcb,water_temp_max,22.5,1637,1634,
2026-06-17 04:37:56,8c1f646190001fcb,water_temp_min,22.0,1637,1634,
2026-06-17 04:37:56,8c1f646190001fcb,total_volume,23919.0,1637,1634,
2026-06-17 04:37:56,8c1f646190001fcb,frame_counter,7387.0,1637,1634,
2026-06-17 04:37:56,8c1f646190001fcb,spreading_factor,7.0,1637,1634,
2026-06-17 04:37:56,8c1f646190001fcb,ambient_temp,22.0,1637,1634,
2026-06-17 04:37:56,8c1f646190001fcb,bandwidth,125000.0,1637,1634,
2026-06-17 04:37:56,8c1f646190001fcb,gateway_rssi,-107.0,1637,1634,24e124fffef94d5c
2026-06-17 04:37:56,8c1f646190001fcb,gateway_snr,-0.2000000029802322,1637,1634,24e124fffef94d5c
2026-06-17 04:37:56,8c1f646190001fcb,battery,3632.0,1637,1634,
2026-06-17 04:38:11,8c1f646190002244,water_temp_min,22.0,1637,1634,
2026-06-17 04:38:11,8c1f646190002244,battery_recovered,3680.0,1637,1634,
2026-06-17 04:38:11,8c1f646190002244,gateway_rssi,-103.0,1637,1634,24e124fffef94d5c
2026-06-17 04:38:11,8c1f646190002244,payload,1.0,1637,1634,0f7b0903000000b9010003000000000000000000000000e2eb545555
2026-06-17 04:38:11,8c1f646190002244,frame_counter,6474.0,1637,1634,
2026-06-17 04:38:11,8c1f646190002244,bandwidth,125000.0,1637,1634,
2026-06-17 04:38:11,8c1f646190002244,ambient_temp,22.5,1637,1634,
2026-06-17 04:38:11,8c1f646190002244,spreading_factor,7.0,1637,1634,
2026-06-17 04:38:11,8c1f646190002244,water_temp_max,22.5,1637,1634,
2026-06-17 04:38:11,8c1f646190002244,leak_status,0.0,1637,1634,
2026-06-17 04:38:11,8c1f646190002244,battery,3608.0,1637,1634,
2026-06-17 04:38:11,8c1f646190002244,gateway_snr,4.5,1637,1634,24e124fffef94d5c
2026-06-17 04:38:11,8c1f646190002244,error_code,0.0,1637,1634,
2026-06-17 04:38:11,8c1f646190002244,total_volume,112896.0,1637,1634,
2026-06-17 04:39:36,8c1f6461900021bd,ambient_temp,21.5,1637,1634,
2026-06-17 04:39:36,8c1f6461900021bd,frame_counter,6631.0,1637,1634,
2026-06-17 04:39:36,8c1f6461900021bd,leak_status,0.0,1637,1634,
2026-06-17 04:39:36,8c1f6461900021bd,water_temp_min,21.5,1637,1634,
2026-06-17 04:39:36,8c1f6461900021bd,error_code,0.0,1637,1634,
2026-06-17 04:39:36,8c1f6461900021bd,total_volume,71793.0,1637,1634,
2026-06-17 04:39:36,8c1f6461900021bd,payload,1.0,1637,1634,9eb2090300007118010000000000000000000000000000dee8535353
2026-06-17 04:39:36,8c1f6461900021bd,battery,3576.0,1637,1634,
2026-06-17 04:39:36,8c1f6461900021bd,bandwidth,125000.0,1637,1634,
2026-06-17 04:39:36,8c1f6461900021bd,gateway_rssi,-106.0,1637,1634,24e124fffef94d5c
2026-06-17 04:39:36,8c1f6461900021bd,spreading_factor,7.0,1637,1634,
2026-06-17 04:39:36,8c1f6461900021bd,water_temp_max,21.5,1637,1634,
2026-06-17 04:39:36,8c1f6461900021bd,gateway_snr,2.200000047683716,1637,1634,24e124fffef94d5c
2026-06-17 04:39:36,8c1f6461900021bd,battery_recovered,3656.0,1637,1634,
2026-06-17 04:43:14,24e124725d489523,spreading_factor,7.0,1637,1634,
2026-06-17 04:43:14,24e124725d489523,battery,39.0,1637,1634,
2026-06-17 04:43:14,24e124725d489523,frame_counter,7494.0,1637,1634,
2026-06-17 04:43:14,24e124725d489523,humidity,49.0,1637,1634,
2026-06-17 04:43:14,24e124725d489523,temperature,20.4,1637,1634,
2026-06-17 04:43:14,24e124725d489523,bandwidth,125000.0,1637,1634,
2026-06-17 04:43:14,24e124725d489523,payload,85.0,1637,1634,0175270367cc00046862
2026-06-17 04:43:14,24e124725d489523,gateway_rssi,-107.0,1637,1634,24e124fffef949f8
2026-06-17 04:43:14,24e124725d489523,gateway_snr,5.5,1637,1634,24e124fffef949f8
2026-06-17 04:45:46,8c1f64619000227c,leak_status,2.0,1637,1634,
2026-06-17 04:45:46,8c1f64619000227c,gateway_snr,0.0,1637,1634,24e124fffef949f8
2026-06-17 04:45:46,8c1f64619000227c,total_volume,12937.0,1637,1634,
2026-06-17 04:45:46,8c1f64619000227c,water_temp_min,22.5,1637,1634,
2026-06-17 04:45:46,8c1f64619000227c,payload,1.0,1637,1634,70890903000089320000e7ad0400747b090365ffe40002dee9555656
2026-06-17 04:45:46,8c1f64619000227c,ambient_temp,23.0,1637,1634,
2026-06-17 04:45:46,8c1f64619000227c,spreading_factor,7.0,1637,1634,
2026-06-17 04:45:46,8c1f64619000227c,frame_counter,7519.0,1637,1634,
2026-06-17 04:45:46,8c1f64619000227c,battery,3576.0,1637,1634,
2026-06-17 04:45:46,8c1f64619000227c,error_code,0.0,1637,1634,
2026-06-17 04:45:46,8c1f64619000227c,water_temp_max,23.0,1637,1634,
2026-06-17 04:45:46,8c1f64619000227c,battery_recovered,3664.0,1637,1634,
2026-06-17 04:45:46,8c1f64619000227c,bandwidth,125000.0,1637,1634,
2026-06-17 04:45:46,8c1f64619000227c,gateway_rssi,-112.0,1637,1634,24e124fffef949f8
2026-06-17 04:46:16,8c1f64619000171c,ambient_temp,22.5,1637,1634,
2026-06-17 04:46:16,8c1f64619000171c,gateway_snr,2.5,1637,1634,24e124fffef949f8
2026-06-17 04:46:16,8c1f64619000171c,gateway_rssi,-108.0,1637,1634,24e124fffef949f8
2026-06-17 04:46:16,8c1f64619000171c,battery_recovered,3672.0,1637,1634,
2026-06-17 04:46:16,8c1f64619000171c,payload,1.0,1637,1634,59670d030000194600001200000077590d03d3009d0202e6ea565655
2026-06-17 04:46:16,8c1f64619000171c,water_temp_min,23.0,1637,1634,
2026-06-17 04:46:16,8c1f64619000171c,bandwidth,125000.0,1637,1634,
2026-06-17 04:46:16,8c1f64619000171c,leak_status,2.0,1637,1634,
2026-06-17 04:46:16,8c1f64619000171c,total_volume,17945.0,1637,1634,
2026-06-17 04:46:16,8c1f64619000171c,error_code,0.0,1637,1634,
2026-06-17 04:46:16,8c1f64619000171c,water_temp_max,23.0,1637,1634,
2026-06-17 04:46:16,8c1f64619000171c,spreading_factor,7.0,1637,1634,
2026-06-17 04:46:16,8c1f64619000171c,battery,3640.0,1637,1634,
2026-06-17 04:46:16,8c1f64619000171c,frame_counter,3604.0,1637,1634,
2026-06-17 04:46:17,8c1f646190001c1f,water_temp_max,23.5,1637,1634,
2026-06-17 04:46:17,8c1f646190001c1f,battery,3624.0,1637,1634,
2026-06-17 04:46:17,8c1f646190001c1f,error_code,0.0,1637,1634,
2026-06-17 04:46:17,8c1f646190001c1f,bandwidth,125000.0,1637,1634,
2026-06-17 04:46:17,8c1f646190001c1f,ambient_temp,23.0,1637,1634,
2026-06-17 04:46:17,8c1f646190001c1f,total_volume,44061.0,1637,1634,
2026-06-17 04:46:17,8c1f646190001c1f,battery_recovered,3688.0,1637,1634,
2026-06-17 04:46:17,8c1f646190001c1f,spreading_factor,7.0,1637,1634,
2026-06-17 04:46:17,8c1f646190001c1f,water_temp_min,23.5,1637,1634,
2026-06-17 04:46:17,8c1f646190001c1f,gateway_snr,6.199999809265137,1637,1634,24e124fffef949f8
2026-06-17 04:46:17,8c1f646190001c1f,gateway_rssi,-107.0,1637,1634,24e124fffef949f8
2026-06-17 04:46:17,8c1f646190001c1f,payload,1.0,1637,1634,6dac090300001dac0000000000006a9e0903da00761302e4ec575756
2026-06-17 04:46:17,8c1f646190001c1f,frame_counter,1937.0,1637,1634,
2026-06-17 04:46:17,8c1f646190001c1f,leak_status,2.0,1637,1634,
2026-06-17 04:47:56,8c1f646190001fc1,water_temp_min,24.5,1637,1634,
2026-06-17 04:47:56,8c1f646190001fc1,gateway_snr,10.199999809265137,1637,1634,24e124fffef94d5c
2026-06-17 04:47:56,8c1f646190001fc1,battery,3576.0,1637,1634,
2026-06-17 04:47:56,8c1f646190001fc1,battery_recovered,3640.0,1637,1634,
2026-06-17 04:47:56,8c1f646190001fc1,water_temp_max,46.5,1637,1634,
2026-06-17 04:47:56,8c1f646190001fc1,total_volume,50569.0,1637,1634,
2026-06-17 04:47:56,8c1f646190001fc1,bandwidth,125000.0,1637,1634,
2026-06-17 04:47:56,8c1f646190001fc1,error_code,0.0,1637,1634,
2026-06-17 04:47:56,8c1f646190001fc1,spreading_factor,7.0,1637,1634,
2026-06-17 04:47:56,8c1f646190001fc1,payload,1.0,1637,1634,43b20903000089c50000871c0a00c9aa09030f015b0702dee6598555
2026-06-17 04:47:56,8c1f646190001fc1,gateway_rssi,-96.0,1637,1634,24e124fffef94d5c
2026-06-17 04:47:56,8c1f646190001fc1,ambient_temp,22.5,1637,1634,
2026-06-17 04:47:56,8c1f646190001fc1,frame_counter,6893.0,1637,1634,
2026-06-17 04:47:56,8c1f646190001fc1,leak_status,2.0,1637,1634,
2026-06-17 04:49:24,8c1f646190001501,water_temp_max,22.0,1637,1634,
2026-06-17 04:49:24,8c1f646190001501,battery_recovered,3696.0,1637,1634,
2026-06-17 04:49:24,8c1f646190001501,battery,3672.0,1637,1634,
2026-06-17 04:49:24,8c1f646190001501,error_code,0.0,1637,1634,
2026-06-17 04:49:24,8c1f646190001501,gateway_snr,10.800000190734863,1637,1634,24e124fffef949f8
2026-06-17 04:49:24,8c1f646190001501,payload,1.0,1637,1634,b2b00e030000ce540000028e0600afa20e032801cb0402eaed535454
2026-06-17 04:49:24,8c1f646190001501,spreading_factor,7.0,1637,1634,
2026-06-17 04:49:24,8c1f646190001501,leak_status,2.0,1637,1634,
2026-06-17 04:49:24,8c1f646190001501,water_temp_min,21.5,1637,1634,
2026-06-17 04:49:24,8c1f646190001501,frame_counter,3292.0,1637,1634,
2026-06-17 04:49:24,8c1f646190001501,total_volume,21710.0,1637,1634,
2026-06-17 04:49:24,8c1f646190001501,ambient_temp,22.0,1637,1634,
2026-06-17 04:49:24,8c1f646190001501,gateway_rssi,-101.0,1637,1634,24e124fffef949f8
2026-06-17 04:49:24,8c1f646190001501,bandwidth,125000.0,1637,1634,
2026-06-17 04:49:30,8c1f646190001bea,total_volume,34015.0,1637,1634,
2026-06-17 04:49:30,8c1f646190001bea,frame_counter,7690.0,1637,1634,
2026-06-17 04:49:30,8c1f646190001bea,water_temp_min,22.0,1637,1634,
2026-06-17 04:49:30,8c1f646190001bea,ambient_temp,22.0,1637,1634,
2026-06-17 04:49:30,8c1f646190001bea,battery_recovered,3656.0,1637,1634,
2026-06-17 04:49:30,8c1f646190001bea,water_temp_max,22.0,1637,1634,
2026-06-17 04:49:30,8c1f646190001bea,error_code,0.0,1637,1634,
2026-06-17 04:49:30,8c1f646190001bea,battery,3592.0,1637,1634,
2026-06-17 04:49:30,8c1f646190001bea,spreading_factor,7.0,1637,1634,
2026-06-17 04:49:30,8c1f646190001bea,leak_status,2.0,1637,1634,
2026-06-17 04:49:30,8c1f646190001bea,gateway_snr,0.800000011920929,1637,1634,24e124fffef94d5c
2026-06-17 04:49:30,8c1f646190001bea,gateway_rssi,-108.0,1637,1634,24e124fffef94d5c
2026-06-17 04:49:30,8c1f646190001bea,payload,1.0,1637,1634,1e9d09030000df840000206c0c003e8f090370feb60102e0e8545454
2026-06-17 04:49:30,8c1f646190001bea,bandwidth,125000.0,1637,1634,
2026-06-17 04:51:44,8c1f646190001833,bandwidth,125000.0,1637,1634,
2026-06-17 04:51:44,8c1f646190001833,water_temp_min,21.5,1637,1634,
2026-06-17 04:51:44,8c1f646190001833,gateway_rssi,-106.0,1637,1634,24e124fffef94d5c
2026-06-17 04:51:44,8c1f646190001833,error_code,0.0,1637,1634,
2026-06-17 04:51:44,8c1f646190001833,battery,3592.0,1637,1634,
2026-06-17 04:51:44,8c1f646190001833,frame_counter,5847.0,1637,1634,
2026-06-17 04:51:44,8c1f646190001833,payload,1.0,1637,1634,5d7509030000262e0000000000006d6709034e05450102e0ea535354
2026-06-17 04:51:44,8c1f646190001833,total_volume,11814.0,1637,1634,
2026-06-17 04:51:44,8c1f646190001833,gateway_snr,3.0,1637,1634,24e124fffef94d5c
2026-06-17 04:51:44,8c1f646190001833,spreading_factor,7.0,1637,1634,
2026-06-17 04:51:44,8c1f646190001833,ambient_temp,22.0,1637,1634,
2026-06-17 04:51:44,8c1f646190001833,leak_status,2.0,1637,1634,
2026-06-17 04:51:44,8c1f646190001833,battery_recovered,3672.0,1637,1634,
2026-06-17 04:51:44,8c1f646190001833,water_temp_max,21.5,1637,1634,
2026-06-17 04:53:11,24e124725d489523,humidity,49.0,1637,1634,
2026-06-17 04:53:11,24e124725d489523,payload,85.0,1637,1634,0175270367cd00046862
2026-06-17 04:53:11,24e124725d489523,battery,39.0,1637,1634,
2026-06-17 04:53:11,24e124725d489523,frame_counter,7495.0,1637,1634,
2026-06-17 04:53:11,24e124725d489523,gateway_snr,-2.5,1637,1634,24e124fffef949f8
2026-06-17 04:53:11,24e124725d489523,gateway_rssi,-112.0,1637,1634,24e124fffef949f8
2026-06-17 04:53:11,24e124725d489523,spreading_factor,7.0,1637,1634,
2026-06-17 04:53:11,24e124725d489523,temperature,20.5,1637,1634,
2026-06-17 04:53:11,24e124725d489523,bandwidth,125000.0,1637,1634,
2026-06-17 04:54:33,8c1f6461900021e8,gateway_snr,2.200000047683716,1637,1634,24e124fffef949f8
2026-06-17 04:54:33,8c1f6461900021e8,bandwidth,125000.0,1637,1634,
2026-06-17 04:54:33,8c1f6461900021e8,battery,3648.0,1637,1634,
2026-06-17 04:54:33,8c1f6461900021e8,ambient_temp,23.5,1637,1634,
2026-06-17 04:54:33,8c1f6461900021e8,leak_status,2.0,1637,1634,
2026-06-17 04:54:33,8c1f6461900021e8,payload,1.0,1637,1634,02bf0903000093b600007d6107001db109035a01b10902e7eb5a5a57
2026-06-17 04:54:33,8c1f6461900021e8,water_temp_min,25.0,1637,1634,
2026-06-17 04:54:33,8c1f6461900021e8,spreading_factor,7.0,1637,1634,
2026-06-17 04:54:33,8c1f6461900021e8,gateway_rssi,-108.0,1637,1634,24e124fffef949f8
2026-06-17 04:54:33,8c1f6461900021e8,frame_counter,3450.0,1637,1634,
2026-06-17 04:54:33,8c1f6461900021e8,total_volume,46739.0,1637,1634,
2026-06-17 04:54:33,8c1f6461900021e8,error_code,0.0,1637,1634,
2026-06-17 04:54:33,8c1f6461900021e8,battery_recovered,3680.0,1637,1634,
2026-06-17 04:54:33,8c1f6461900021e8,water_temp_max,25.0,1637,1634,
2026-06-17 04:54:45,8c1f646190001ebd,battery_recovered,3696.0,1637,1634,
2026-06-17 04:54:45,8c1f646190001ebd,water_temp_max,23.0,1637,1634,
2026-06-17 04:54:45,8c1f646190001ebd,ambient_temp,22.0,1637,1634,
2026-06-17 04:54:45,8c1f646190001ebd,gateway_rssi,-105.0,1637,1634,24e124fffef949f8
2026-06-17 04:54:45,8c1f646190001ebd,battery,3616.0,1637,1634,
2026-06-17 04:54:45,8c1f646190001ebd,frame_counter,7922.0,1637,1634,
2026-06-17 04:54:45,8c1f646190001ebd,spreading_factor,7.0,1637,1634,
2026-06-17 04:54:45,8c1f646190001ebd,gateway_snr,5.199999809265137,1637,1634,24e124fffef949f8
2026-06-17 04:54:45,8c1f646190001ebd,error_code,0.0,1637,1634,
2026-06-17 04:54:45,8c1f646190001ebd,payload,1.0,1637,1634,e1b509030000d86a000000000000e5a70903e806a70b02e3ed565654
2026-06-17 04:54:45,8c1f646190001ebd,water_temp_min,23.0,1637,1634,
2026-06-17 04:54:45,8c1f646190001ebd,bandwidth,125000.0,1637,1634,
2026-06-17 04:54:45,8c1f646190001ebd,total_volume,27352.0,1637,1634,
2026-06-17 04:54:45,8c1f646190001ebd,leak_status,2.0,1637,1634,
2026-06-17 04:55:56,8c1f6461900021c5,battery_recovered,3664.0,1637,1634,
2026-06-17 04:55:56,8c1f6461900021c5,total_volume,12224.0,1637,1634,
2026-06-17 04:55:56,8c1f6461900021c5,error_code,0.0,1637,1634,
2026-06-17 04:55:56,8c1f6461900021c5,ambient_temp,22.0,1637,1634,
2026-06-17 04:55:56,8c1f6461900021c5,leak_status,2.0,1637,1634,
2026-06-17 04:55:56,8c1f6461900021c5,gateway_snr,2.5,1637,1634,24e124fffef949f8
2026-06-17 04:55:56,8c1f6461900021c5,gateway_rssi,-108.0,1637,1634,24e124fffef949f8
2026-06-17 04:55:56,8c1f6461900021c5,water_temp_max,21.5,1637,1634,
2026-06-17 04:55:56,8c1f6461900021c5,frame_counter,6816.0,1637,1634,
2026-06-17 04:55:56,8c1f6461900021c5,payload,1.0,1637,1634,44ab09030000c02f0000000000005d9d090304e4c90102e1e9525354
2026-06-17 04:55:56,8c1f6461900021c5,water_temp_min,21.0,1637,1634,
2026-06-17 04:55:56,8c1f6461900021c5,battery,3600.0,1637,1634,
2026-06-17 04:55:56,8c1f6461900021c5,spreading_factor,7.0,1637,1634,
2026-06-17 04:55:56,8c1f6461900021c5,bandwidth,125000.0,1637,1634,
2026-06-17 04:56:42,8c1f646190001901,gateway_snr,6.800000190734863,1637,1634,24e124fffef94d5c
2026-06-17 04:56:42,8c1f646190001901,bandwidth,125000.0,1637,1634,
2026-06-17 04:56:42,8c1f646190001901,payload,1.0,1637,1634,02b009030000df340000050000000ca20903ddff400302dfeb535453
2026-06-17 04:56:42,8c1f646190001901,ambient_temp,21.5,1637,1634,
2026-06-17 04:56:42,8c1f646190001901,water_temp_max,22.0,1637,1634,
2026-06-17 04:56:42,8c1f646190001901,battery,3584.0,1637,1634,
2026-06-17 04:56:42,8c1f646190001901,total_volume,13535.0,1637,1634,
2026-06-17 04:56:42,8c1f646190001901,gateway_rssi,-102.0,1637,1634,24e124fffef94d5c
2026-06-17 04:56:42,8c1f646190001901,error_code,0.0,1637,1634,
2026-06-17 04:56:42,8c1f646190001901,water_temp_min,21.5,1637,1634,
2026-06-17 04:56:42,8c1f646190001901,spreading_factor,7.0,1637,1634,
2026-06-17 04:56:42,8c1f646190001901,battery_recovered,3680.0,1637,1634,
2026-06-17 04:56:42,8c1f646190001901,frame_counter,7664.0,1637,1634,
2026-06-17 04:56:42,8c1f646190001901,leak_status,2.0,1637,1634,
2026-06-17 04:57:54,8c1f646190001592,water_temp_max,55.0,1637,1634,
2026-06-17 04:57:54,8c1f646190001592,battery_recovered,3672.0,1637,1634,
2026-06-17 04:57:54,8c1f646190001592,error_code,0.0,1637,1634,
2026-06-17 04:57:54,8c1f646190001592,spreading_factor,7.0,1637,1634,
2026-06-17 04:57:54,8c1f646190001592,gateway_rssi,-103.0,1637,1634,24e124fffef949f8
2026-06-17 04:57:54,8c1f646190001592,total_volume,33692.0,1637,1634,
2026-06-17 04:57:54,8c1f646190001592,frame_counter,3620.0,1637,1634,
2026-06-17 04:57:54,8c1f646190001592,payload,1.0,1637,1634,4a8f090300009c8300001dbc0b003f8109032400540402e1ea549659
2026-06-17 04:57:54,8c1f646190001592,water_temp_min,22.0,1637,1634,
2026-06-17 04:57:54,8c1f646190001592,gateway_snr,7.800000190734863,1637,1634,24e124fffef949f8
2026-06-17 04:57:54,8c1f646190001592,bandwidth,125000.0,1637,1634,
2026-06-17 04:57:54,8c1f646190001592,ambient_temp,24.5,1637,1634,
2026-06-17 04:57:54,8c1f646190001592,leak_status,2.0,1637,1634,
2026-06-17 04:57:54,8c1f646190001592,battery,3600.0,1637,1634,
2026-06-17 04:58:28,8c1f646190001c9b,total_volume,46747.0,1637,1634,
2026-06-17 04:58:28,8c1f646190001c9b,frame_counter,7508.0,1637,1634,
2026-06-17 04:58:28,8c1f646190001c9b,water_temp_min,41.5,1637,1634,
2026-06-17 04:58:28,8c1f646190001c9b,bandwidth,125000.0,1637,1634,
2026-06-17 04:58:28,8c1f646190001c9b,gateway_rssi,-104.0,1637,1634,24e124fffef94d5c
2026-06-17 04:58:28,8c1f646190001c9b,water_temp_max,41.5,1637,1634,
2026-06-17 04:58:28,8c1f646190001c9b,leak_status,2.0,1637,1634,
2026-06-17 04:58:28,8c1f646190001c9b,spreading_factor,7.0,1637,1634,
2026-06-17 04:58:28,8c1f646190001c9b,payload,1.0,1637,1634,4aaa090300009bb60000ed930e003f9c0903da04fa0702e0e87b7b5a
2026-06-17 04:58:28,8c1f646190001c9b,battery_recovered,3656.0,1637,1634,
2026-06-17 04:58:28,8c1f646190001c9b,ambient_temp,25.0,1637,1634,
2026-06-17 04:58:28,8c1f646190001c9b,error_code,0.0,1637,1634,
2026-06-17 04:58:28,8c1f646190001c9b,battery,3592.0,1637,1634,
2026-06-17 04:58:28,8c1f646190001c9b,gateway_snr,5.0,1637,1634,24e124fffef94d5c
2026-06-17 04:58:57,8c1f646190001947,gateway_snr,4.199999809265137,1637,1634,24e124fffef94d5c
2026-06-17 04:58:57,8c1f646190001947,battery,3584.0,1637,1634,
2026-06-17 04:58:57,8c1f646190001947,water_temp_max,22.5,1637,1634,
2026-06-17 04:58:57,8c1f646190001947,ambient_temp,22.0,1637,1634,
2026-06-17 04:58:57,8c1f646190001947,payload,1.0,1637,1634,bac9090300007295000000000000b3bb090363026b0902dfe8545554
2026-06-17 04:58:57,8c1f646190001947,leak_status,2.0,1637,1634,
2026-06-17 04:58:57,8c1f646190001947,spreading_factor,7.0,1637,1634,
2026-06-17 04:58:57,8c1f646190001947,battery_recovered,3656.0,1637,1634,
2026-06-17 04:58:57,8c1f646190001947,gateway_rssi,-105.0,1637,1634,24e124fffef94d5c
2026-06-17 04:58:57,8c1f646190001947,bandwidth,125000.0,1637,1634,
2026-06-17 04:58:57,8c1f646190001947,frame_counter,7364.0,1637,1634,
2026-06-17 04:58:57,8c1f646190001947,error_code,0.0,1637,1634,
2026-06-17 04:58:57,8c1f646190001947,total_volume,38258.0,1637,1634,
2026-06-17 04:58:57,8c1f646190001947,water_temp_min,22.0,1637,1634,
2026-06-17 04:59:23,8c1f64619000177c,battery_recovered,3680.0,1637,1634,
2026-06-17 04:59:23,8c1f64619000177c,ambient_temp,22.5,1637,1634,
2026-06-17 04:59:23,8c1f64619000177c,error_code,0.0,1637,1634,
2026-06-17 04:59:23,8c1f64619000177c,leak_status,0.0,1637,1634,
2026-06-17 04:59:23,8c1f64619000177c,frame_counter,6447.0,1637,1634,
2026-06-17 04:59:23,8c1f64619000177c,battery,3616.0,1637,1634,
2026-06-17 04:59:23,8c1f64619000177c,spreading_factor,7.0,1637,1634,
2026-06-17 04:59:23,8c1f64619000177c,water_temp_min,21.5,1637,1634,
2026-06-17 04:59:23,8c1f64619000177c,gateway_snr,9.0,1637,1634,24e124fffef949f8
2026-06-17 04:59:23,8c1f64619000177c,bandwidth,125000.0,1637,1634,
2026-06-17 04:59:23,8c1f64619000177c,total_volume,57753.0,1637,1634,
2026-06-17 04:59:23,8c1f64619000177c,gateway_rssi,-100.0,1637,1634,24e124fffef949f8
2026-06-17 04:59:23,8c1f64619000177c,payload,1.0,1637,1634,85900903000099e1000000000000000000000000000000e3eb535355
2026-06-17 04:59:23,8c1f64619000177c,water_temp_max,21.5,1637,1634,
2026-06-17 04:59:45,8c1f646190001c1c,spreading_factor,7.0,1637,1634,
2026-06-17 04:59:45,8c1f646190001c1c,total_volume,39220.0,1637,1634,
2026-06-17 04:59:45,8c1f646190001c1c,ambient_temp,22.0,1637,1634,
2026-06-17 04:59:45,8c1f646190001c1c,bandwidth,125000.0,1637,1634,
2026-06-17 04:59:45,8c1f646190001c1c,frame_counter,3668.0,1637,1634,
2026-06-17 04:59:45,8c1f646190001c1c,battery_recovered,3656.0,1637,1634,
2026-06-17 04:59:45,8c1f646190001c1c,water_temp_max,22.0,1637,1634,
2026-06-17 04:59:45,8c1f646190001c1c,payload,1.0,1637,1634,94890d030000349900004d0b0b00c47b0d037bfe020702e4e8545454
2026-06-17 04:59:45,8c1f646190001c1c,gateway_rssi,-111.0,1637,1634,24e124fffef949f8
2026-06-17 04:59:45,8c1f646190001c1c,leak_status,2.0,1637,1634,
2026-06-17 04:59:45,8c1f646190001c1c,error_code,0.0,1637,1634,
2026-06-17 04:59:45,8c1f646190001c1c,battery,3624.0,1637,1634,
2026-06-17 04:59:45,8c1f646190001c1c,gateway_snr,-1.0,1637,1634,24e124fffef949f8
2026-06-17 04:59:45,8c1f646190001c1c,water_temp_min,22.0,1637,1634,
2026-06-17 05:01:15,8c1f6461900021db,total_volume,15057.0,1637,1634,
2026-06-17 05:01:15,8c1f6461900021db,payload,1.0,1637,1634,c28709030000d13a0000694f0500c57909033dfe050102dde9515152
2026-06-17 05:01:15,8c1f6461900021db,spreading_factor,7.0,1637,1634,
2026-06-17 05:01:15,8c1f6461900021db,error_code,0.0,1637,1634,
2026-06-17 05:01:15,8c1f6461900021db,ambient_temp,21.0,1637,1634,
2026-06-17 05:01:15,8c1f6461900021db,frame_counter,7756.0,1637,1634,
2026-06-17 05:01:15,8c1f6461900021db,water_temp_min,20.5,1637,1634,
2026-06-17 05:01:15,8c1f6461900021db,leak_status,2.0,1637,1634,
2026-06-17 05:01:15,8c1f6461900021db,gateway_snr,2.200000047683716,1637,1634,24e124fffef94d5c
2026-06-17 05:01:15,8c1f6461900021db,battery_recovered,3664.0,1637,1634,
2026-06-17 05:01:15,8c1f6461900021db,battery,3568.0,1637,1634,
2026-06-17 05:01:15,8c1f6461900021db,gateway_rssi,-105.0,1637,1634,24e124fffef94d5c
2026-06-17 05:01:15,8c1f6461900021db,water_temp_max,20.5,1637,1634,
2026-06-17 05:01:15,8c1f6461900021db,bandwidth,125000.0,1637,1634,
2026-06-17 05:02:52,8c1f6461900020d1,bandwidth,125000.0,1637,1634,
2026-06-17 05:02:52,8c1f6461900020d1,error_code,0.0,1637,1634,
2026-06-17 05:02:52,8c1f6461900020d1,spreading_factor,7.0,1637,1634,
2026-06-17 05:02:52,8c1f6461900020d1,battery_recovered,3648.0,1637,1634,
2026-06-17 05:02:52,8c1f6461900020d1,frame_counter,6346.0,1637,1634,
2026-06-17 05:02:52,8c1f6461900020d1,total_volume,13636.0,1637,1634,
2026-06-17 05:02:52,8c1f6461900020d1,gateway_rssi,-106.0,1637,1634,24e124fffef949f8
2026-06-17 05:02:52,8c1f6461900020d1,leak_status,2.0,1637,1634,
2026-06-17 05:02:52,8c1f6461900020d1,water_temp_min,22.5,1637,1634,
2026-06-17 05:02:52,8c1f6461900020d1,water_temp_max,23.0,1637,1634,
2026-06-17 05:02:52,8c1f6461900020d1,ambient_temp,23.5,1637,1634,
2026-06-17 05:02:52,8c1f6461900020d1,payload,1.0,1637,1634,638c0903000044350000e6fd0400707e09036701450102dee7555657
2026-06-17 05:02:52,8c1f6461900020d1,battery,3576.0,1637,1634,
2026-06-17 05:02:52,8c1f6461900020d1,gateway_snr,6.199999809265137,1637,1634,24e124fffef949f8
2026-06-17 05:03:37,8c1f6461900019cb,bandwidth,125000.0,1637,1634,
2026-06-17 05:03:37,8c1f6461900019cb,water_temp_min,20.0,1637,1634,
2026-06-17 05:03:37,8c1f6461900019cb,water_temp_max,20.5,1637,1634,
2026-06-17 05:03:37,8c1f6461900019cb,spreading_factor,7.0,1637,1634,
2026-06-17 05:03:37,8c1f6461900019cb,gateway_rssi,-105.0,1637,1634,24e124fffef94d5c
2026-06-17 05:03:37,8c1f6461900019cb,payload,1.0,1637,1634,028d090300003e29000000000000ff7e09036aff500402dfec505150
2026-06-17 05:03:37,8c1f6461900019cb,gateway_snr,1.5,1637,1634,24e124fffef94d5c
2026-06-17 05:03:37,8c1f6461900019cb,battery_recovered,3688.0,1637,1634,
2026-06-17 05:03:37,8c1f6461900019cb,frame_counter,7814.0,1637,1634,
2026-06-17 05:03:37,8c1f6461900019cb,leak_status,2.0,1637,1634,
2026-06-17 05:03:37,8c1f6461900019cb,total_volume,10558.0,1637,1634,
2026-06-17 05:03:37,8c1f6461900019cb,error_code,0.0,1637,1634,
2026-06-17 05:03:37,8c1f6461900019cb,ambient_temp,20.0,1637,1634,
2026-06-17 05:03:37,8c1f6461900019cb,battery,3584.0,1637,1634,
2026-06-17 05:03:44,8c1f64619000170a,error_code,0.0,1637,1634,
2026-06-17 05:03:44,8c1f64619000170a,gateway_snr,5.0,1637,1634,24e124fffef94d5c
2026-06-17 05:03:44,8c1f64619000170a,leak_status,2.0,1637,1634,
2026-06-17 05:03:44,8c1f64619000170a,ambient_temp,23.5,1637,1634,
2026-06-17 05:03:44,8c1f64619000170a,water_temp_max,23.5,1637,1634,
2026-06-17 05:03:44,8c1f64619000170a,total_volume,154779.0,1637,1634,
2026-06-17 05:03:44,8c1f64619000170a,bandwidth,125000.0,1637,1634,
2026-06-17 05:03:44,8c1f64619000170a,frame_counter,6653.0,1637,1634,
2026-06-17 05:03:44,8c1f64619000170a,payload,1.0,1637,1634,b5cf090300009b5c02007c27060035c60903ec23870b02e1e9565757
2026-06-17 05:03:44,8c1f64619000170a,battery_recovered,3664.0,1637,1634,
2026-06-17 05:03:44,8c1f64619000170a,battery,3600.0,1637,1634,
2026-06-17 05:03:44,8c1f64619000170a,gateway_rssi,-103.0,1637,1634,24e124fffef94d5c
2026-06-17 05:03:44,8c1f64619000170a,spreading_factor,7.0,1637,1634,
2026-06-17 05:03:44,8c1f64619000170a,water_temp_min,23.0,1637,1634,
2026-06-17 05:04:42,8c1f6461900021da,error_code,0.0,1637,1634,
2026-06-17 05:04:42,8c1f6461900021da,payload,1.0,1637,1634,856d090300009e600000f7900800905f0903c5071d0302e0e9545554
2026-06-17 05:04:42,8c1f6461900021da,total_volume,24734.0,1637,1634,
2026-06-17 05:04:42,8c1f6461900021da,battery,3592.0,1637,1634,
2026-06-17 05:04:42,8c1f6461900021da,water_temp_max,22.5,1637,1634,
2026-06-17 05:04:42,8c1f6461900021da,water_temp_min,22.0,1637,1634,
2026-06-17 05:04:42,8c1f6461900021da,gateway_rssi,-101.0,1637,1634,24e124fffef94d5c
2026-06-17 05:04:42,8c1f6461900021da,bandwidth,125000.0,1637,1634,
2026-06-17 05:04:42,8c1f6461900021da,leak_status,2.0,1637,1634,
2026-06-17 05:04:42,8c1f6461900021da,frame_counter,7489.0,1637,1634,
2026-06-17 05:04:42,8c1f6461900021da,spreading_factor,7.0,1637,1634,
2026-06-17 05:04:42,8c1f6461900021da,gateway_snr,5.800000190734863,1637,1634,24e124fffef94d5c
2026-06-17 05:04:42,8c1f6461900021da,ambient_temp,22.0,1637,1634,
2026-06-17 05:04:42,8c1f6461900021da,battery_recovered,3664.0,1637,1634,
2026-06-17 05:05:04,8c1f646190001963,payload,1.0,1637,1634,ccc709030000bd3d000000000000ddb90903e706f90802e1eb535353
2026-06-17 05:05:04,8c1f646190001963,battery_recovered,3680.0,1637,1634,
2026-06-17 05:05:04,8c1f646190001963,gateway_snr,8.800000190734863,1637,1634,24e124fffef94d5c
2026-06-17 05:05:04,8c1f646190001963,water_temp_min,21.5,1637,1634,
2026-06-17 05:05:04,8c1f646190001963,leak_status,2.0,1637,1634,
2026-06-17 05:05:04,8c1f646190001963,spreading_factor,7.0,1637,1634,
2026-06-17 05:05:04,8c1f646190001963,water_temp_max,21.5,1637,1634,
2026-06-17 05:05:04,8c1f646190001963,total_volume,15805.0,1637,1634,
2026-06-17 05:05:04,8c1f646190001963,bandwidth,125000.0,1637,1634,
2026-06-17 05:05:04,8c1f646190001963,error_code,0.0,1637,1634,
2026-06-17 05:05:04,8c1f646190001963,ambient_temp,21.5,1637,1634,
2026-06-17 05:05:04,8c1f646190001963,battery,3600.0,1637,1634,
2026-06-17 05:05:04,8c1f646190001963,gateway_rssi,-96.0,1637,1634,24e124fffef94d5c
2026-06-17 05:05:04,8c1f646190001963,frame_counter,7735.0,1637,1634,
2026-06-17 05:06:39,8c1f646190001e41,bandwidth,125000.0,1637,1634,
2026-06-17 05:06:39,8c1f646190001e41,ambient_temp,24.5,1637,1634,
2026-06-17 05:06:39,8c1f646190001e41,battery_recovered,3688.0,1637,1634,
2026-06-17 05:06:39,8c1f646190001e41,error_code,0.0,1637,1634,
2026-06-17 05:06:39,8c1f646190001e41,gateway_rssi,-107.0,1637,1634,24e124fffef949f8
2026-06-17 05:06:39,8c1f646190001e41,gateway_snr,5.199999809265137,1637,1634,24e124fffef949f8
2026-06-17 05:06:39,8c1f646190001e41,water_temp_min,44.0,1637,1634,
2026-06-17 05:06:39,8c1f646190001e41,frame_counter,3562.0,1637,1634,
2026-06-17 05:06:39,8c1f646190001e41,total_volume,42481.0,1637,1634,
2026-06-17 05:06:39,8c1f646190001e41,spreading_factor,7.0,1637,1634,
2026-06-17 05:06:39,8c1f646190001e41,payload,1.0,1637,1634,f9bd09030000f1a500005c110f00ffaf09031aff880102e8ec808159
2026-06-17 05:06:39,8c1f646190001e41,water_temp_max,44.5,1637,1634,
2026-06-17 05:06:39,8c1f646190001e41,battery,3656.0,1637,1634,
2026-06-17 05:06:39,8c1f646190001e41,leak_status,2.0,1637,1634,
2026-06-17 05:07:33,8c1f646190002120,total_volume,42375.0,1637,1634,
2026-06-17 05:07:33,8c1f646190002120,gateway_rssi,-102.0,1637,1634,24e124fffef949f8
2026-06-17 05:07:33,8c1f646190002120,spreading_factor,7.0,1637,1634,
2026-06-17 05:07:33,8c1f646190002120,payload,1.0,1637,1634,76aa0903000087a50000f5e70d00859c0903ab006c0002e8eb545454
2026-06-17 05:07:33,8c1f646190002120,water_temp_max,22.0,1637,1634,
2026-06-17 05:07:33,8c1f646190002120,error_code,0.0,1637,1634,
2026-06-17 05:07:33,8c1f646190002120,bandwidth,125000.0,1637,1634,
2026-06-17 05:07:33,8c1f646190002120,battery_recovered,3680.0,1637,1634,
2026-06-17 05:07:33,8c1f646190002120,ambient_temp,22.0,1637,1634,
2026-06-17 05:07:33,8c1f646190002120,gateway_snr,7.5,1637,1634,24e124fffef949f8
2026-06-17 05:07:33,8c1f646190002120,battery,3656.0,1637,1634,
2026-06-17 05:07:33,8c1f646190002120,leak_status,2.0,1637,1634,
2026-06-17 05:07:33,8c1f646190002120,water_temp_min,22.0,1637,1634,
2026-06-17 05:07:33,8c1f646190002120,frame_counter,3619.0,1637,1634,
2026-06-17 05:08:06,8c1f6461900015c1,frame_counter,7605.0,1637,1634,
2026-06-17 05:08:06,8c1f6461900015c1,battery_recovered,3688.0,1637,1634,
2026-06-17 05:08:06,8c1f6461900015c1,gateway_snr,10.199999809265137,1637,1634,24e124fffef94d5c
2026-06-17 05:08:06,8c1f6461900015c1,leak_status,2.0,1637,1634,
2026-06-17 05:08:06,8c1f6461900015c1,ambient_temp,22.0,1637,1634,
2026-06-17 05:08:06,8c1f6461900015c1,bandwidth,125000.0,1637,1634,
2026-06-17 05:08:06,8c1f6461900015c1,payload,1.0,1637,1634,aa8409030000454a00000000000078780903beff970102e0ec4e5454
2026-06-17 05:08:06,8c1f6461900015c1,battery,3592.0,1637,1634,
2026-06-17 05:08:06,8c1f6461900015c1,water_temp_min,19.0,1637,1634,
2026-06-17 05:08:06,8c1f6461900015c1,water_temp_max,22.0,1637,1634,
2026-06-17 05:08:06,8c1f6461900015c1,gateway_rssi,-94.0,1637,1634,24e124fffef94d5c
2026-06-17 05:08:06,8c1f6461900015c1,error_code,0.0,1637,1634,
2026-06-17 05:08:06,8c1f6461900015c1,total_volume,19013.0,1637,1634,
2026-06-17 05:08:06,8c1f6461900015c1,spreading_factor,7.0,1637,1634,
2026-06-17 05:09:45,8c1f64619000228d,payload,1.0,1637,1634,f0770903000090460000000000000a6a0903b309d80902dee7545454
2026-06-17 05:09:45,8c1f64619000228d,bandwidth,125000.0,1637,1634,
2026-06-17 05:09:45,8c1f64619000228d,water_temp_max,22.0,1637,1634,
2026-06-17 05:09:45,8c1f64619000228d,error_code,0.0,1637,1634,
2026-06-17 05:09:45,8c1f64619000228d,gateway_rssi,-98.0,1637,1634,24e124fffef94d5c
2026-06-17 05:09:45,8c1f64619000228d,leak_status,2.0,1637,1634,
2026-06-17 05:09:45,8c1f64619000228d,total_volume,18064.0,1637,1634,
2026-06-17 05:09:45,8c1f64619000228d,ambient_temp,22.0,1637,1634,
2026-06-17 05:09:45,8c1f64619000228d,battery_recovered,3648.0,1637,1634,
2026-06-17 05:09:45,8c1f64619000228d,spreading_factor,7.0,1637,1634,
2026-06-17 05:09:45,8c1f64619000228d,gateway_snr,8.5,1637,1634,24e124fffef94d5c
2026-06-17 05:09:45,8c1f64619000228d,battery,3576.0,1637,1634,
2026-06-17 05:09:45,8c1f64619000228d,frame_counter,6427.0,1637,1634,
2026-06-17 05:09:45,8c1f64619000228d,water_temp_min,22.0,1637,1634,
2026-06-17 05:11:20,8c1f646190002222,leak_status,2.0,1637,1634,
2026-06-17 05:11:20,8c1f646190002222,total_volume,30820.0,1637,1634,
2026-06-17 05:11:20,8c1f646190002222,water_temp_max,22.0,1637,1634,
2026-06-17 05:11:20,8c1f646190002222,ambient_temp,22.0,1637,1634,
2026-06-17 05:11:20,8c1f646190002222,gateway_rssi,-108.0,1637,1634,24e124fffef949f8
2026-06-17 05:11:20,8c1f646190002222,gateway_snr,5.199999809265137,1637,1634,24e124fffef949f8
2026-06-17 05:11:20,8c1f646190002222,payload,1.0,1637,1634,417c090300006478000008000000386e09034b02a00002e9ec545454
2026-06-17 05:11:20,8c1f646190002222,bandwidth,125000.0,1637,1634,
2026-06-17 05:11:20,8c1f646190002222,spreading_factor,7.0,1637,1634,
2026-06-17 05:11:20,8c1f646190002222,error_code,0.0,1637,1634,
2026-06-17 05:11:20,8c1f646190002222,battery_recovered,3688.0,1637,1634,
2026-06-17 05:11:20,8c1f646190002222,water_temp_min,22.0,1637,1634,
2026-06-17 05:11:20,8c1f646190002222,frame_counter,3638.0,1637,1634,
2026-06-17 05:11:20,8c1f646190002222,battery,3664.0,1637,1634,
2026-06-17 05:11:39,8c1f646190001b91,spreading_factor,7.0,1637,1634,
2026-06-17 05:11:39,8c1f646190001b91,gateway_rssi,-102.0,1637,1634,24e124fffef94d5c
2026-06-17 05:11:39,8c1f646190001b91,gateway_snr,7.0,1637,1634,24e124fffef94d5c
2026-06-17 05:11:39,8c1f646190001b91,water_temp_min,22.0,1637,1634,
2026-06-17 05:11:39,8c1f646190001b91,leak_status,2.0,1637,1634,
2026-06-17 05:11:39,8c1f646190001b91,total_volume,46881.0,1637,1634,
2026-06-17 05:11:39,8c1f646190001b91,error_code,0.0,1637,1634,
2026-06-17 05:11:39,8c1f646190001b91,battery_recovered,3664.0,1637,1634,
2026-06-17 05:11:39,8c1f646190001b91,frame_counter,6537.0,1637,1634,
2026-06-17 05:11:39,8c1f646190001b91,water_temp_max,22.0,1637,1634,
2026-06-17 05:11:39,8c1f646190001b91,payload,1.0,1637,1634,32ab0903000021b70000a2cb0e00579d0903b200b10302dce9545454
2026-06-17 05:11:39,8c1f646190001b91,bandwidth,125000.0,1637,1634,
2026-06-17 05:11:39,8c1f646190001b91,battery,3560.0,1637,1634,
2026-06-17 05:11:39,8c1f646190001b91,ambient_temp,22.0,1637,1634,
2026-06-17 05:12:15,8c1f6461900019cf,gateway_snr,9.199999809265137,1637,1634,24e124fffef949f8
2026-06-17 05:12:15,8c1f6461900019cf,bandwidth,125000.0,1637,1634,
2026-06-17 05:12:15,8c1f6461900019cf,leak_status,0.0,1637,1634,
2026-06-17 05:12:15,8c1f6461900019cf,total_volume,68337.0,1637,1634,
2026-06-17 05:12:15,8c1f6461900019cf,error_code,0.0,1637,1634,
2026-06-17 05:12:15,8c1f6461900019cf,water_temp_min,21.5,1637,1634,
2026-06-17 05:12:15,8c1f6461900019cf,battery,3632.0,1637,1634,
2026-06-17 05:12:15,8c1f6461900019cf,ambient_temp,21.5,1637,1634,
2026-06-17 05:12:15,8c1f6461900019cf,gateway_rssi,-102.0,1637,1634,24e124fffef949f8
2026-06-17 05:12:15,8c1f6461900019cf,payload,1.0,1637,1634,c1b509030000f10a010000000000000000000000000000e5e8535453
2026-06-17 05:12:15,8c1f6461900019cf,battery_recovered,3656.0,1637,1634,
2026-06-17 05:12:15,8c1f6461900019cf,frame_counter,3552.0,1637,1634,
2026-06-17 05:12:15,8c1f6461900019cf,water_temp_max,22.0,1637,1634,
2026-06-17 05:12:15,8c1f6461900019cf,spreading_factor,7.0,1637,1634,
2026-06-17 05:12:39,8c1f646190002206,total_volume,201598.0,1637,1634,
2026-06-17 05:12:39,8c1f646190002206,error_code,0.0,1637,1634,
2026-06-17 05:12:39,8c1f646190002206,payload,1.0,1637,1634,49b8090300007e130300c74f0f00000000000000000000e1ea545454
2026-06-17 05:12:39,8c1f646190002206,gateway_snr,6.5,1637,1634,24e124fffef94d5c
2026-06-17 05:12:39,8c1f646190002206,spreading_factor,7.0,1637,1634,
2026-06-17 05:12:39,8c1f646190002206,bandwidth,125000.0,1637,1634,
2026-06-17 05:12:39,8c1f646190002206,battery_recovered,3672.0,1637,1634,
2026-06-17 05:12:39,8c1f646190002206,water_temp_min,22.0,1637,1634,
2026-06-17 05:12:39,8c1f646190002206,battery,3600.0,1637,1634,
2026-06-17 05:12:39,8c1f646190002206,gateway_rssi,-102.0,1637,1634,24e124fffef94d5c
2026-06-17 05:12:39,8c1f646190002206,water_temp_max,22.0,1637,1634,
2026-06-17 05:12:39,8c1f646190002206,leak_status,0.0,1637,1634,
2026-06-17 05:12:39,8c1f646190002206,ambient_temp,22.0,1637,1634,
2026-06-17 05:12:39,8c1f646190002206,frame_counter,7009.0,1637,1634,
2026-06-17 05:13:14,24e124725d489523,frame_counter,7497.0,1637,1634,
2026-06-17 05:13:14,24e124725d489523,payload,85.0,1637,1634,0175270367d000046861
2026-06-17 05:13:14,24e124725d489523,humidity,48.5,1637,1634,
2026-06-17 05:13:14,24e124725d489523,spreading_factor,7.0,1637,1634,
2026-06-17 05:13:14,24e124725d489523,battery,39.0,1637,1634,
2026-06-17 05:13:14,24e124725d489523,gateway_snr,3.799999952316284,1637,1634,24e124fffef949f8
2026-06-17 05:13:14,24e124725d489523,bandwidth,125000.0,1637,1634,
2026-06-17 05:13:14,24e124725d489523,temperature,20.8,1637,1634,
2026-06-17 05:13:14,24e124725d489523,gateway_rssi,-109.0,1637,1634,24e124fffef949f8
2026-06-17 05:14:14,8c1f646190001bf1,gateway_rssi,-103.0,1637,1634,24e124fffef94d5c
2026-06-17 05:14:14,8c1f646190001bf1,battery_recovered,3672.0,1637,1634,
2026-06-17 05:14:14,8c1f646190001bf1,water_temp_min,23.5,1637,1634,
2026-06-17 05:14:14,8c1f646190001bf1,leak_status,2.0,1637,1634,
2026-06-17 05:14:14,8c1f646190001bf1,bandwidth,125000.0,1637,1634,
2026-06-17 05:14:14,8c1f646190001bf1,payload,1.0,1637,1634,21c109030000ab820000248d0b004cb30903d601080102e2ea576154
2026-06-17 05:14:14,8c1f646190001bf1,total_volume,33451.0,1637,1634,
2026-06-17 05:14:14,8c1f646190001bf1,gateway_snr,5.199999809265137,1637,1634,24e124fffef94d5c
2026-06-17 05:14:14,8c1f646190001bf1,water_temp_max,28.5,1637,1634,
2026-06-17 05:14:14,8c1f646190001bf1,battery,3608.0,1637,1634,
2026-06-17 05:14:14,8c1f646190001bf1,frame_counter,6324.0,1637,1634,
2026-06-17 05:14:14,8c1f646190001bf1,error_code,0.0,1637,1634,
2026-06-17 05:14:14,8c1f646190001bf1,ambient_temp,22.0,1637,1634,
2026-06-17 05:14:14,8c1f646190001bf1,spreading_factor,7.0,1637,1634,
2026-06-17 05:14:22,8c1f646190001dd8,frame_counter,3739.0,1637,1634,
2026-06-17 05:14:22,8c1f646190001dd8,ambient_temp,22.0,1637,1634,
2026-06-17 05:14:22,8c1f646190001dd8,gateway_snr,1.5,1637,1634,24e124fffef949f8
2026-06-17 05:14:22,8c1f646190001dd8,payload,1.0,1637,1634,9ba709030000afda000008e01100be9909030501230202e4e9545454
2026-06-17 05:14:22,8c1f646190001dd8,battery_recovered,3664.0,1637,1634,
2026-06-17 05:14:22,8c1f646190001dd8,total_volume,55983.0,1637,1634,
2026-06-17 05:14:22,8c1f646190001dd8,error_code,0.0,1637,1634,
2026-06-17 05:14:22,8c1f646190001dd8,gateway_rssi,-110.0,1637,1634,24e124fffef949f8
2026-06-17 05:14:22,8c1f646190001dd8,spreading_factor,7.0,1637,1634,
2026-06-17 05:14:22,8c1f646190001dd8,battery,3624.0,1637,1634,
2026-06-17 05:14:22,8c1f646190001dd8,water_temp_max,22.0,1637,1634,
2026-06-17 05:14:22,8c1f646190001dd8,leak_status,2.0,1637,1634,
2026-06-17 05:14:22,8c1f646190001dd8,water_temp_min,22.0,1637,1634,
2026-06-17 05:14:22,8c1f646190001dd8,bandwidth,125000.0,1637,1634,
2026-06-17 05:14:32,8c1f6461900021e0,gateway_rssi,-104.0,1637,1634,24e124fffef949f8
2026-06-17 05:14:32,8c1f6461900021e0,error_code,0.0,1637,1634,
2026-06-17 05:14:32,8c1f6461900021e0,water_temp_min,22.0,1637,1634,
2026-06-17 05:14:32,8c1f6461900021e0,battery_recovered,3696.0,1637,1634,
2026-06-17 05:14:32,8c1f6461900021e0,ambient_temp,22.0,1637,1634,
2026-06-17 05:14:32,8c1f6461900021e0,bandwidth,125000.0,1637,1634,
2026-06-17 05:14:32,8c1f6461900021e0,total_volume,77165.0,1637,1634,
2026-06-17 05:14:32,8c1f6461900021e0,battery,3664.0,1637,1634,
2026-06-17 05:14:32,8c1f6461900021e0,water_temp_max,22.0,1637,1634,
2026-06-17 05:14:32,8c1f6461900021e0,frame_counter,2243.0,1637,1634,
2026-06-17 05:14:32,8c1f6461900021e0,spreading_factor,7.0,1637,1634,
2026-06-17 05:14:32,8c1f6461900021e0,gateway_snr,6.199999809265137,1637,1634,24e124fffef949f8
2026-06-17 05:14:32,8c1f6461900021e0,leak_status,0.0,1637,1634,
2026-06-17 05:14:32,8c1f6461900021e0,payload,1.0,1637,1634,ea87090300006d2d010000000000000000000000000000e9ed545454
2026-06-17 05:15:43,8c1f646190001968,total_volume,71245.0,1637,1634,
2026-06-17 05:15:43,8c1f646190001968,battery_recovered,3680.0,1637,1634,
2026-06-17 05:15:43,8c1f646190001968,gateway_snr,6.199999809265137,1637,1634,24e124fffef949f8
2026-06-17 05:15:43,8c1f646190001968,payload,1.0,1637,1634,26a0090300004d160100af2918002f920903f3ef090202e8eb555656
2026-06-17 05:15:43,8c1f646190001968,gateway_rssi,-106.0,1637,1634,24e124fffef949f8
2026-06-17 05:15:43,8c1f646190001968,battery,3656.0,1637,1634,
2026-06-17 05:15:43,8c1f646190001968,water_temp_max,23.0,1637,1634,
2026-06-17 05:15:43,8c1f646190001968,frame_counter,3621.0,1637,1634,
2026-06-17 05:15:43,8c1f646190001968,leak_status,2.0,1637,1634,
2026-06-17 05:15:43,8c1f646190001968,ambient_temp,23.0,1637,1634,
2026-06-17 05:15:43,8c1f646190001968,spreading_factor,7.0,1637,1634,
2026-06-17 05:15:43,8c1f646190001968,bandwidth,125000.0,1637,1634,
2026-06-17 05:15:43,8c1f646190001968,water_temp_min,22.5,1637,1634,
2026-06-17 05:15:43,8c1f646190001968,error_code,0.0,1637,1634,
2026-06-17 05:17:00,8c1f646190002291,battery,3584.0,1637,1634,
2026-06-17 05:17:00,8c1f646190002291,ambient_temp,21.0,1637,1634,
2026-06-17 05:17:00,8c1f646190002291,water_temp_min,21.0,1637,1634,
2026-06-17 05:17:00,8c1f646190002291,frame_counter,6853.0,1637,1634,
2026-06-17 05:17:00,8c1f646190002291,total_volume,398898.0,1637,1634,
2026-06-17 05:17:00,8c1f646190002291,spreading_factor,7.0,1637,1634,
2026-06-17 05:17:00,8c1f646190002291,gateway_snr,0.0,1637,1634,24e124fffef949f8
2026-06-17 05:17:00,8c1f646190002291,bandwidth,125000.0,1637,1634,
2026-06-17 05:17:00,8c1f646190002291,battery_recovered,3664.0,1637,1634,
2026-06-17 05:17:00,8c1f646190002291,water_temp_max,21.0,1637,1634,
2026-06-17 05:17:00,8c1f646190002291,gateway_rssi,-112.0,1637,1634,24e124fffef949f8
2026-06-17 05:17:00,8c1f646190002291,error_code,0.0,1637,1634,
2026-06-17 05:17:00,8c1f646190002291,payload,1.0,1637,1634,a8d5090300003216060000000000861609035a02000003dfe9525252
2026-06-17 05:17:00,8c1f646190002291,leak_status,3.0,1637,1634,
2026-06-17 05:19:36,8c1f64619000160f,battery_recovered,3672.0,1637,1634,
2026-06-17 05:19:36,8c1f64619000160f,battery,3648.0,1637,1634,
2026-06-17 05:19:36,8c1f64619000160f,frame_counter,3636.0,1637,1634,
2026-06-17 05:19:36,8c1f64619000160f,total_volume,119899.0,1637,1634,
2026-06-17 05:19:36,8c1f64619000160f,payload,1.0,1637,1634,64900d0300005bd4010008000000000000000000000000e7ea555555
2026-06-17 05:19:36,8c1f64619000160f,leak_status,0.0,1637,1634,
2026-06-17 05:19:36,8c1f64619000160f,error_code,0.0,1637,1634,
2026-06-17 05:19:36,8c1f64619000160f,ambient_temp,22.5,1637,1634,
2026-06-17 05:19:36,8c1f64619000160f,water_temp_min,22.5,1637,1634,
2026-06-17 05:19:36,8c1f64619000160f,bandwidth,125000.0,1637,1634,
2026-06-17 05:19:36,8c1f64619000160f,gateway_rssi,-108.0,1637,1634,24e124fffef949f8
2026-06-17 05:19:36,8c1f64619000160f,water_temp_max,22.5,1637,1634,
2026-06-17 05:19:36,8c1f64619000160f,spreading_factor,7.0,1637,1634,
2026-06-17 05:19:36,8c1f64619000160f,gateway_snr,4.5,1637,1634,24e124fffef949f8
2026-06-17 05:22:03,8c1f646190001ec9,spreading_factor,7.0,1637,1634,
2026-06-17 05:22:03,8c1f646190001ec9,bandwidth,125000.0,1637,1634,
2026-06-17 05:22:03,8c1f646190001ec9,water_temp_max,21.5,1637,1634,
2026-06-17 05:22:03,8c1f646190001ec9,payload,1.0,1637,1634,068809030000fc860000f75a0b00327a09033504480202e1e9535352
2026-06-17 05:22:03,8c1f646190001ec9,battery,3600.0,1637,1634,
2026-06-17 05:22:03,8c1f646190001ec9,error_code,0.0,1637,1634,
2026-06-17 05:22:03,8c1f646190001ec9,gateway_rssi,-104.0,1637,1634,24e124fffef94d5c
2026-06-17 05:22:03,8c1f646190001ec9,water_temp_min,21.5,1637,1634,
2026-06-17 05:22:03,8c1f646190001ec9,frame_counter,6556.0,1637,1634,
2026-06-17 05:22:03,8c1f646190001ec9,ambient_temp,21.0,1637,1634,
2026-06-17 05:22:03,8c1f646190001ec9,leak_status,2.0,1637,1634,
2026-06-17 05:22:03,8c1f646190001ec9,total_volume,34556.0,1637,1634,
2026-06-17 05:22:03,8c1f646190001ec9,gateway_snr,4.5,1637,1634,24e124fffef94d5c
2026-06-17 05:22:03,8c1f646190001ec9,battery_recovered,3664.0,1637,1634,
2026-06-17 05:22:37,8c1f6461900015ba,error_code,0.0,1637,1634,
2026-06-17 05:22:37,8c1f6461900015ba,payload,1.0,1637,1634,debe09030000911b000000000000eab00903e0fea20302e6eb525252
2026-06-17 05:22:37,8c1f6461900015ba,bandwidth,125000.0,1637,1634,
2026-06-17 05:22:37,8c1f6461900015ba,total_volume,7057.0,1637,1634,
2026-06-17 05:22:37,8c1f6461900015ba,gateway_snr,6.0,1637,1634,24e124fffef949f8
2026-06-17 05:22:37,8c1f6461900015ba,spreading_factor,7.0,1637,1634,
2026-06-17 05:22:37,8c1f6461900015ba,gateway_rssi,-106.0,1637,1634,24e124fffef949f8
2026-06-17 05:22:37,8c1f6461900015ba,water_temp_min,21.0,1637,1634,
2026-06-17 05:22:37,8c1f6461900015ba,leak_status,2.0,1637,1634,
2026-06-17 05:22:37,8c1f6461900015ba,battery_recovered,3680.0,1637,1634,
2026-06-17 05:22:37,8c1f6461900015ba,water_temp_max,21.0,1637,1634,
2026-06-17 05:22:37,8c1f6461900015ba,frame_counter,7261.0,1637,1634,
2026-06-17 05:22:37,8c1f6461900015ba,ambient_temp,21.0,1637,1634,
2026-06-17 05:22:37,8c1f6461900015ba,battery,3640.0,1637,1634,
2026-06-17 05:23:12,24e124725d489523,battery,39.0,1637,1634,
2026-06-17 05:23:12,24e124725d489523,spreading_factor,7.0,1637,1634,
2026-06-17 05:23:12,24e124725d489523,bandwidth,125000.0,1637,1634,
2026-06-17 05:23:12,24e124725d489523,gateway_rssi,-108.0,1637,1634,24e124fffef949f8
2026-06-17 05:23:12,24e124725d489523,frame_counter,7498.0,1637,1634,
2026-06-17 05:23:12,24e124725d489523,payload,85.0,1637,1634,0175270367d000046861
2026-06-17 05:23:12,24e124725d489523,temperature,20.8,1637,1634,
2026-06-17 05:23:12,24e124725d489523,humidity,48.5,1637,1634,
2026-06-17 05:23:12,24e124725d489523,gateway_snr,5.5,1637,1634,24e124fffef949f8
2026-06-17 05:24:32,8c1f6461900015ed,leak_status,2.0,1637,1634,
2026-06-17 05:24:32,8c1f6461900015ed,water_temp_max,21.0,1637,1634,
2026-06-17 05:24:32,8c1f6461900015ed,gateway_snr,10.5,1637,1634,24e124fffef94d5c
2026-06-17 05:24:32,8c1f6461900015ed,frame_counter,6143.0,1637,1634,
2026-06-17 05:24:32,8c1f6461900015ed,error_code,0.0,1637,1634,
2026-06-17 05:24:32,8c1f6461900015ed,gateway_rssi,-96.0,1637,1634,24e124fffef94d5c
2026-06-17 05:24:32,8c1f6461900015ed,ambient_temp,21.0,1637,1634,
2026-06-17 05:24:32,8c1f6461900015ed,battery,3616.0,1637,1634,
2026-06-17 05:24:32,8c1f6461900015ed,spreading_factor,7.0,1637,1634,
2026-06-17 05:24:32,8c1f6461900015ed,payload,1.0,1637,1634,75b309030000eb6400000ea409008ba5090363ff6c0202e3eb525252
2026-06-17 05:24:32,8c1f6461900015ed,water_temp_min,21.0,1637,1634,
2026-06-17 05:24:32,8c1f6461900015ed,battery_recovered,3680.0,1637,1634,
2026-06-17 05:24:32,8c1f6461900015ed,bandwidth,125000.0,1637,1634,
2026-06-17 05:24:32,8c1f6461900015ed,total_volume,25835.0,1637,1634,
2026-06-17 05:25:09,8c1f6461900018f5,frame_counter,7696.0,1637,1634,
2026-06-17 05:25:09,8c1f6461900018f5,battery,3600.0,1637,1634,
2026-06-17 05:25:09,8c1f6461900018f5,gateway_rssi,-104.0,1637,1634,24e124fffef949f8
2026-06-17 05:25:09,8c1f6461900018f5,battery_recovered,3664.0,1637,1634,
2026-06-17 05:25:09,8c1f6461900018f5,bandwidth,125000.0,1637,1634,
2026-06-17 05:25:09,8c1f6461900018f5,ambient_temp,22.5,1637,1634,
2026-06-17 05:25:09,8c1f6461900018f5,gateway_snr,7.5,1637,1634,24e124fffef949f8
2026-06-17 05:25:09,8c1f6461900018f5,total_volume,51589.0,1637,1634,
2026-06-17 05:25:09,8c1f6461900018f5,water_temp_min,21.5,1637,1634,
2026-06-17 05:25:09,8c1f6461900018f5,leak_status,2.0,1637,1634,
2026-06-17 05:25:09,8c1f6461900018f5,water_temp_max,22.0,1637,1634,
2026-06-17 05:25:09,8c1f6461900018f5,payload,1.0,1637,1634,fd9c0903000085c90000c5d904000a8f09031600ed0f02e1e9535455
2026-06-17 05:25:09,8c1f6461900018f5,error_code,0.0,1637,1634,
2026-06-17 05:25:09,8c1f6461900018f5,spreading_factor,7.0,1637,1634,
2026-06-17 05:26:17,8c1f6461900019c7,gateway_rssi,-104.0,1637,1634,24e124fffef94d5c
2026-06-17 05:26:17,8c1f6461900019c7,battery_recovered,3648.0,1637,1634,
2026-06-17 05:26:17,8c1f6461900019c7,frame_counter,5924.0,1637,1634,
2026-06-17 05:26:17,8c1f6461900019c7,leak_status,2.0,1637,1634,
2026-06-17 05:26:17,8c1f6461900019c7,water_temp_max,22.5,1637,1634,
2026-06-17 05:26:17,8c1f6461900019c7,total_volume,22411.0,1637,1634,
2026-06-17 05:26:17,8c1f6461900019c7,battery,3568.0,1637,1634,
2026-06-17 05:26:17,8c1f6461900019c7,ambient_temp,22.5,1637,1634,
2026-06-17 05:26:17,8c1f6461900019c7,spreading_factor,7.0,1637,1634,
2026-06-17 05:26:17,8c1f6461900019c7,bandwidth,125000.0,1637,1634,
2026-06-17 05:26:17,8c1f6461900019c7,payload,1.0,1637,1634,ae86090300008b57000052480800ba780903a5ff840202dde7555555
2026-06-17 05:26:17,8c1f6461900019c7,water_temp_min,22.5,1637,1634,
2026-06-17 05:26:17,8c1f6461900019c7,gateway_snr,3.0,1637,1634,24e124fffef94d5c
2026-06-17 05:26:17,8c1f6461900019c7,error_code,0.0,1637,1634,
2026-06-17 05:26:50,8c1f646190001baf,gateway_snr,3.200000047683716,1637,1634,24e124fffef94d5c
2026-06-17 05:26:50,8c1f646190001baf,leak_status,2.0,1637,1634,
2026-06-17 05:26:50,8c1f646190001baf,battery,3584.0,1637,1634,
2026-06-17 05:26:50,8c1f646190001baf,water_temp_max,52.0,1637,1634,
2026-06-17 05:26:50,8c1f646190001baf,gateway_rssi,-104.0,1637,1634,24e124fffef94d5c
2026-06-17 05:26:50,8c1f646190001baf,total_volume,53796.0,1637,1634,
2026-06-17 05:26:50,8c1f646190001baf,frame_counter,6730.0,1637,1634,
2026-06-17 05:26:50,8c1f646190001baf,payload,1.0,1637,1634,f3ac0903000024d200001ba905000f9f090306fc1f1302dfe8539056
2026-06-17 05:26:50,8c1f646190001baf,bandwidth,125000.0,1637,1634,
2026-06-17 05:26:50,8c1f646190001baf,spreading_factor,7.0,1637,1634,
2026-06-17 05:26:50,8c1f646190001baf,battery_recovered,3656.0,1637,1634,
2026-06-17 05:26:50,8c1f646190001baf,ambient_temp,23.0,1637,1634,
2026-06-17 05:26:50,8c1f646190001baf,water_temp_min,21.5,1637,1634,
2026-06-17 05:26:50,8c1f646190001baf,error_code,0.0,1637,1634,
2026-06-17 05:27:10,8c1f646190001790,frame_counter,3634.0,1637,1634,
2026-06-17 05:27:10,8c1f646190001790,gateway_rssi,-110.0,1637,1634,24e124fffef949f8
2026-06-17 05:27:10,8c1f646190001790,battery,3664.0,1637,1634,
2026-06-17 05:27:10,8c1f646190001790,ambient_temp,21.5,1637,1634,
2026-06-17 05:27:10,8c1f646190001790,battery_recovered,3696.0,1637,1634,
2026-06-17 05:27:10,8c1f646190001790,error_code,0.0,1637,1634,
2026-06-17 05:27:10,8c1f646190001790,spreading_factor,7.0,1637,1634,
2026-06-17 05:27:10,8c1f646190001790,leak_status,2.0,1637,1634,
2026-06-17 05:27:10,8c1f646190001790,payload,1.0,1637,1634,9ebf0903000049230000db34030099b10903dbfd4d0202e9ed525253
2026-06-17 05:27:10,8c1f646190001790,gateway_snr,3.200000047683716,1637,1634,24e124fffef949f8
2026-06-17 05:27:10,8c1f646190001790,water_temp_max,21.0,1637,1634,
2026-06-17 05:27:10,8c1f646190001790,bandwidth,125000.0,1637,1634,
2026-06-17 05:27:10,8c1f646190001790,total_volume,9033.0,1637,1634,
2026-06-17 05:27:10,8c1f646190001790,water_temp_min,21.0,1637,1634,
2026-06-17 05:27:20,8c1f6461900021a9,water_temp_min,20.5,1637,1634,
2026-06-17 05:27:20,8c1f6461900021a9,error_code,0.0,1637,1634,
2026-06-17 05:27:20,8c1f6461900021a9,water_temp_max,20.5,1637,1634,
2026-06-17 05:27:20,8c1f6461900021a9,payload,1.0,1637,1634,7cac0903000009cb0000f8f81100709e090389fddb0302e2e9515152
2026-06-17 05:27:20,8c1f6461900021a9,leak_status,2.0,1637,1634,
2026-06-17 05:27:20,8c1f6461900021a9,ambient_temp,21.0,1637,1634,
2026-06-17 05:27:20,8c1f6461900021a9,battery_recovered,3664.0,1637,1634,
2026-06-17 05:27:20,8c1f6461900021a9,spreading_factor,7.0,1637,1634,
2026-06-17 05:27:20,8c1f6461900021a9,bandwidth,125000.0,1637,1634,
2026-06-17 05:27:20,8c1f6461900021a9,gateway_snr,2.0,1637,1634,24e124fffef949f8
2026-06-17 05:27:20,8c1f6461900021a9,gateway_rssi,-110.0,1637,1634,24e124fffef949f8
2026-06-17 05:27:20,8c1f6461900021a9,total_volume,51977.0,1637,1634,
2026-06-17 05:27:20,8c1f6461900021a9,frame_counter,7888.0,1637,1634,
2026-06-17 05:27:20,8c1f6461900021a9,battery,3608.0,1637,1634,
2026-06-17 05:28:48,8c1f646190002012,bandwidth,125000.0,1637,1634,
2026-06-17 05:28:48,8c1f646190002012,payload,1.0,1637,1634,318b090300006f520000e1cd0700347d0903aafeb90302e7e9545554
2026-06-17 05:28:48,8c1f646190002012,leak_status,2.0,1637,1634,
2026-06-17 05:28:48,8c1f646190002012,ambient_temp,22.0,1637,1634,
2026-06-17 05:28:48,8c1f646190002012,gateway_rssi,-105.0,1637,1634,24e124fffef949f8
2026-06-17 05:28:48,8c1f646190002012,total_volume,21103.0,1637,1634,
2026-06-17 05:28:48,8c1f646190002012,battery_recovered,3664.0,1637,1634,
2026-06-17 05:28:48,8c1f646190002012,gateway_snr,6.800000190734863,1637,1634,24e124fffef949f8
2026-06-17 05:28:48,8c1f646190002012,spreading_factor,7.0,1637,1634,
2026-06-17 05:28:48,8c1f646190002012,error_code,0.0,1637,1634,
2026-06-17 05:28:48,8c1f646190002012,water_temp_min,22.0,1637,1634,
2026-06-17 05:28:48,8c1f646190002012,water_temp_max,22.5,1637,1634,
2026-06-17 05:28:48,8c1f646190002012,battery,3648.0,1637,1634,
2026-06-17 05:28:48,8c1f646190002012,frame_counter,2856.0,1637,1634,
2026-06-17 05:32:07,8c1f646190001af8,spreading_factor,7.0,1637,1634,
2026-06-17 05:32:07,8c1f646190001af8,ambient_temp,21.0,1637,1634,
2026-06-17 05:32:07,8c1f646190001af8,leak_status,2.0,1637,1634,
2026-06-17 05:32:07,8c1f646190001af8,frame_counter,7617.0,1637,1634,
2026-06-17 05:32:07,8c1f646190001af8,payload,1.0,1637,1634,418d090300007063000026000000397f09031701670202dee8535452
2026-06-17 05:32:07,8c1f646190001af8,gateway_rssi,-104.0,1637,1634,24e124fffef94d5c
2026-06-17 05:32:07,8c1f646190001af8,battery_recovered,3656.0,1637,1634,
2026-06-17 05:32:07,8c1f646190001af8,gateway_snr,3.799999952316284,1637,1634,24e124fffef94d5c
2026-06-17 05:32:07,8c1f646190001af8,water_temp_min,21.5,1637,1634,
2026-06-17 05:32:07,8c1f646190001af8,bandwidth,125000.0,1637,1634,
2026-06-17 05:32:07,8c1f646190001af8,battery,3576.0,1637,1634,
2026-06-17 05:32:07,8c1f646190001af8,total_volume,25456.0,1637,1634,
2026-06-17 05:32:07,8c1f646190001af8,water_temp_max,22.0,1637,1634,
2026-06-17 05:32:07,8c1f646190001af8,error_code,0.0,1637,1634,
2026-06-17 05:32:46,8c1f6461900017e3,payload,1.0,1637,1634,2fb409030000e70c0100e401000044a60903cbfbbb1002e7e95c5c58
2026-06-17 05:32:46,8c1f6461900017e3,spreading_factor,7.0,1637,1634,
2026-06-17 05:32:46,8c1f6461900017e3,battery,3648.0,1637,1634,
2026-06-17 05:32:46,8c1f6461900017e3,water_temp_max,26.0,1637,1634,
2026-06-17 05:32:46,8c1f6461900017e3,total_volume,68839.0,1637,1634,
2026-06-17 05:32:46,8c1f6461900017e3,error_code,0.0,1637,1634,
2026-06-17 05:32:46,8c1f6461900017e3,water_temp_min,26.0,1637,1634,
2026-06-17 05:32:46,8c1f6461900017e3,leak_status,2.0,1637,1634,
2026-06-17 05:32:46,8c1f6461900017e3,ambient_temp,24.0,1637,1634,
2026-06-17 05:32:46,8c1f6461900017e3,gateway_rssi,-111.0,1637,1634,24e124fffef949f8
2026-06-17 05:32:46,8c1f6461900017e3,frame_counter,3598.0,1637,1634,
2026-06-17 05:32:46,8c1f6461900017e3,battery_recovered,3664.0,1637,1634,
2026-06-17 05:32:46,8c1f6461900017e3,gateway_snr,0.5,1637,1634,24e124fffef949f8
2026-06-17 05:32:46,8c1f6461900017e3,bandwidth,125000.0,1637,1634,
2026-06-17 05:33:13,24e124725d489523,bandwidth,125000.0,1637,1634,
2026-06-17 05:33:13,24e124725d489523,temperature,20.7,1637,1634,
2026-06-17 05:33:13,24e124725d489523,gateway_snr,3.200000047683716,1637,1634,24e124fffef949f8
2026-06-17 05:33:13,24e124725d489523,humidity,48.0,1637,1634,
2026-06-17 05:33:13,24e124725d489523,payload,85.0,1637,1634,0175270367cf00046860
2026-06-17 05:33:13,24e124725d489523,gateway_rssi,-110.0,1637,1634,24e124fffef949f8
2026-06-17 05:33:13,24e124725d489523,spreading_factor,7.0,1637,1634,
2026-06-17 05:33:13,24e124725d489523,battery,39.0,1637,1634,
2026-06-17 05:33:13,24e124725d489523,frame_counter,7499.0,1637,1634,
2026-06-17 05:33:15,8c1f6461900021c1,ambient_temp,20.0,1637,1634,
2026-06-17 05:33:15,8c1f6461900021c1,payload,1.0,1637,1634,b2c50903000016c101001af30500000000000000000000e0e94f5050
2026-06-17 05:33:15,8c1f6461900021c1,leak_status,0.0,1637,1634,
2026-06-17 05:33:15,8c1f6461900021c1,error_code,0.0,1637,1634,
2026-06-17 05:33:15,8c1f6461900021c1,water_temp_min,19.5,1637,1634,
2026-06-17 05:33:15,8c1f6461900021c1,bandwidth,125000.0,1637,1634,
2026-06-17 05:33:15,8c1f6461900021c1,frame_counter,7663.0,1637,1634,
2026-06-17 05:33:15,8c1f6461900021c1,battery_recovered,3664.0,1637,1634,
2026-06-17 05:33:15,8c1f6461900021c1,spreading_factor,7.0,1637,1634,
2026-06-17 05:33:15,8c1f6461900021c1,total_volume,114966.0,1637,1634,
2026-06-17 05:33:15,8c1f6461900021c1,gateway_snr,0.800000011920929,1637,1634,24e124fffef94d5c
2026-06-17 05:33:15,8c1f6461900021c1,water_temp_max,20.0,1637,1634,
2026-06-17 05:33:15,8c1f6461900021c1,gateway_rssi,-106.0,1637,1634,24e124fffef94d5c
2026-06-17 05:33:15,8c1f6461900021c1,battery,3592.0,1637,1634,
2026-06-17 05:34:20,8c1f6461900021e2,spreading_factor,7.0,1637,1634,
2026-06-17 05:34:20,8c1f6461900021e2,water_temp_min,17.0,1637,1634,
2026-06-17 05:34:20,8c1f6461900021e2,gateway_rssi,-105.0,1637,1634,24e124fffef949f8
2026-06-17 05:34:20,8c1f6461900021e2,battery_recovered,3672.0,1637,1634,
2026-06-17 05:34:20,8c1f6461900021e2,payload,1.0,1637,1634,07c609030000d5dd0000320000005fc30903d609940e02e5ea4a5759
2026-06-17 05:34:20,8c1f6461900021e2,total_volume,56789.0,1637,1634,
2026-06-17 05:34:20,8c1f6461900021e2,error_code,0.0,1637,1634,
2026-06-17 05:34:20,8c1f6461900021e2,ambient_temp,24.5,1637,1634,
2026-06-17 05:34:20,8c1f6461900021e2,water_temp_max,23.5,1637,1634,
2026-06-17 05:34:20,8c1f6461900021e2,battery,3632.0,1637,1634,
2026-06-17 05:34:20,8c1f6461900021e2,gateway_snr,7.5,1637,1634,24e124fffef949f8
2026-06-17 05:34:20,8c1f6461900021e2,bandwidth,125000.0,1637,1634,
2026-06-17 05:34:20,8c1f6461900021e2,frame_counter,3641.0,1637,1634,
2026-06-17 05:34:20,8c1f6461900021e2,leak_status,2.0,1637,1634,
2026-06-17 05:35:28,8c1f6461900020a5,spreading_factor,7.0,1637,1634,
2026-06-17 05:35:28,8c1f6461900020a5,gateway_snr,6.800000190734863,1637,1634,24e124fffef94d5c
2026-06-17 05:35:28,8c1f6461900020a5,bandwidth,125000.0,1637,1634,
2026-06-17 05:35:28,8c1f6461900020a5,leak_status,2.0,1637,1634,
2026-06-17 05:35:28,8c1f6461900020a5,battery_recovered,3656.0,1637,1634,
2026-06-17 05:35:28,8c1f6461900020a5,gateway_rssi,-100.0,1637,1634,24e124fffef94d5c
2026-06-17 05:35:28,8c1f6461900020a5,water_temp_min,22.0,1637,1634,
2026-06-17 05:35:28,8c1f6461900020a5,ambient_temp,23.5,1637,1634,
2026-06-17 05:35:28,8c1f6461900020a5,frame_counter,7605.0,1637,1634,
2026-06-17 05:35:28,8c1f6461900020a5,error_code,0.0,1637,1634,
2026-06-17 05:35:28,8c1f6461900020a5,water_temp_max,25.0,1637,1634,
2026-06-17 05:35:28,8c1f6461900020a5,battery,3592.0,1637,1634,
2026-06-17 05:35:28,8c1f6461900020a5,total_volume,15397.0,1637,1634,
2026-06-17 05:35:28,8c1f6461900020a5,payload,1.0,1637,1634,f4cf09030000253c0000000000000fc209031200df0402e0e8545a57
2026-06-17 05:36:31,8c1f646190001ba9,gateway_snr,4.199999809265137,1637,1634,24e124fffef949f8
2026-06-17 05:36:31,8c1f646190001ba9,spreading_factor,7.0,1637,1634,
2026-06-17 05:36:31,8c1f646190001ba9,error_code,0.0,1637,1634,
2026-06-17 05:36:31,8c1f646190001ba9,battery,3600.0,1637,1634,
2026-06-17 05:36:31,8c1f646190001ba9,total_volume,31771.0,1637,1634,
2026-06-17 05:36:31,8c1f646190001ba9,gateway_rssi,-109.0,1637,1634,24e124fffef949f8
2026-06-17 05:36:31,8c1f646190001ba9,battery_recovered,3672.0,1637,1634,
2026-06-17 05:36:31,8c1f646190001ba9,water_temp_max,22.0,1637,1634,
2026-06-17 05:36:31,8c1f646190001ba9,frame_counter,7074.0,1637,1634,
2026-06-17 05:36:31,8c1f646190001ba9,bandwidth,125000.0,1637,1634,
2026-06-17 05:36:31,8c1f646190001ba9,ambient_temp,22.0,1637,1634,
2026-06-17 05:36:31,8c1f646190001ba9,water_temp_min,21.5,1637,1634,
2026-06-17 05:36:31,8c1f646190001ba9,payload,1.0,1637,1634,86b7090300001b7c0000a1430b00a1a90903fc02210202e1ea535454
2026-06-17 05:36:31,8c1f646190001ba9,leak_status,2.0,1637,1634,
2026-06-17 05:36:51,8c1f6461900018ba,payload,1.0,1637,1634,687f09030000ad1d000000000000917109039c00c90202dfea525251
2026-06-17 05:36:51,8c1f6461900018ba,water_temp_max,21.0,1637,1634,
2026-06-17 05:36:51,8c1f6461900018ba,water_temp_min,21.0,1637,1634,
2026-06-17 05:36:51,8c1f6461900018ba,error_code,0.0,1637,1634,
2026-06-17 05:36:51,8c1f6461900018ba,spreading_factor,7.0,1637,1634,
2026-06-17 05:36:51,8c1f6461900018ba,battery_recovered,3672.0,1637,1634,
2026-06-17 05:36:51,8c1f6461900018ba,leak_status,2.0,1637,1634,
2026-06-17 05:36:51,8c1f6461900018ba,frame_counter,5750.0,1637,1634,
2026-06-17 05:36:51,8c1f6461900018ba,bandwidth,125000.0,1637,1634,
2026-06-17 05:36:51,8c1f6461900018ba,total_volume,7597.0,1637,1634,
2026-06-17 05:36:51,8c1f6461900018ba,gateway_snr,5.0,1637,1634,24e124fffef94d5c
2026-06-17 05:36:51,8c1f6461900018ba,ambient_temp,20.5,1637,1634,
2026-06-17 05:36:51,8c1f6461900018ba,gateway_rssi,-104.0,1637,1634,24e124fffef94d5c
2026-06-17 05:36:51,8c1f6461900018ba,battery,3584.0,1637,1634,
2026-06-17 05:37:56,8c1f646190001fcb,spreading_factor,7.0,1637,1634,
2026-06-17 05:37:56,8c1f646190001fcb,total_volume,23919.0,1637,1634,
2026-06-17 05:37:56,8c1f646190001fcb,water_temp_max,22.5,1637,1634,
2026-06-17 05:37:56,8c1f646190001fcb,battery,3632.0,1637,1634,
2026-06-17 05:37:56,8c1f646190001fcb,error_code,0.0,1637,1634,
2026-06-17 05:37:56,8c1f646190001fcb,ambient_temp,22.0,1637,1634,
2026-06-17 05:37:56,8c1f646190001fcb,leak_status,2.0,1637,1634,
2026-06-17 05:37:56,8c1f646190001fcb,battery_recovered,3696.0,1637,1634,
2026-06-17 05:37:56,8c1f646190001fcb,frame_counter,7388.0,1637,1634,
2026-06-17 05:37:56,8c1f646190001fcb,water_temp_min,22.0,1637,1634,
2026-06-17 05:37:56,8c1f646190001fcb,bandwidth,125000.0,1637,1634,
2026-06-17 05:37:56,8c1f646190001fcb,payload,1.0,1637,1634,716c0d0300006f5d000000000000635e0d03cb02ed0502e5ed545554
2026-06-17 05:37:56,8c1f646190001fcb,gateway_rssi,-107.0,1637,1634,24e124fffef94d5c
2026-06-17 05:37:56,8c1f646190001fcb,gateway_snr,-1.5,1637,1634,24e124fffef94d5c
2026-06-17 05:38:11,8c1f646190002244,frame_counter,6477.0,1637,1634,
2026-06-17 05:38:11,8c1f646190002244,water_temp_max,23.0,1637,1634,
2026-06-17 05:38:11,8c1f646190002244,gateway_rssi,-103.0,1637,1634,24e124fffef94d5c
2026-06-17 05:38:11,8c1f646190002244,payload,1.0,1637,1634,1f890903000008b9010003000000000000000000000000e3ea555655
2026-06-17 05:38:11,8c1f646190002244,total_volume,112904.0,1637,1634,
2026-06-17 05:38:11,8c1f646190002244,battery_recovered,3672.0,1637,1634,
2026-06-17 05:38:11,8c1f646190002244,error_code,0.0,1637,1634,
2026-06-17 05:38:11,8c1f646190002244,spreading_factor,7.0,1637,1634,
2026-06-17 05:38:11,8c1f646190002244,water_temp_min,22.5,1637,1634,
2026-06-17 05:38:11,8c1f646190002244,gateway_snr,4.0,1637,1634,24e124fffef94d5c
2026-06-17 05:38:11,8c1f646190002244,ambient_temp,22.5,1637,1634,
2026-06-17 05:38:11,8c1f646190002244,bandwidth,125000.0,1637,1634,
2026-06-17 05:38:11,8c1f646190002244,leak_status,0.0,1637,1634,
2026-06-17 05:38:11,8c1f646190002244,battery,3616.0,1637,1634,
2026-06-17 05:39:36,8c1f6461900021bd,error_code,0.0,1637,1634,
2026-06-17 05:39:36,8c1f6461900021bd,water_temp_max,22.0,1637,1634,
2026-06-17 05:39:36,8c1f6461900021bd,leak_status,0.0,1637,1634,
2026-06-17 05:39:36,8c1f6461900021bd,water_temp_min,16.0,1637,1634,
2026-06-17 05:39:36,8c1f6461900021bd,battery,3576.0,1637,1634,
2026-06-17 05:39:36,8c1f6461900021bd,frame_counter,6632.0,1637,1634,
2026-06-17 05:39:36,8c1f6461900021bd,payload,1.0,1637,1634,aec0090300007918010000000000000000000000000000dee8485454
2026-06-17 05:39:36,8c1f6461900021bd,gateway_snr,1.5,1637,1634,24e124fffef94d5c
2026-06-17 05:39:36,8c1f6461900021bd,gateway_rssi,-106.0,1637,1634,24e124fffef94d5c
2026-06-17 05:39:36,8c1f6461900021bd,bandwidth,125000.0,1637,1634,
2026-06-17 05:39:36,8c1f6461900021bd,spreading_factor,7.0,1637,1634,
2026-06-17 05:39:36,8c1f6461900021bd,battery_recovered,3656.0,1637,1634,
2026-06-17 05:39:36,8c1f6461900021bd,total_volume,71801.0,1637,1634,
2026-06-17 05:39:36,8c1f6461900021bd,ambient_temp,22.0,1637,1634,
2026-06-17 05:43:13,24e124725d489523,frame_counter,7500.0,1637,1634,
2026-06-17 05:43:13,24e124725d489523,spreading_factor,7.0,1637,1634,
2026-06-17 05:43:13,24e124725d489523,battery,39.0,1637,1634,
2026-06-17 05:43:13,24e124725d489523,gateway_snr,3.5,1637,1634,24e124fffef949f8
2026-06-17 05:43:13,24e124725d489523,humidity,47.5,1637,1634,
2026-06-17 05:43:13,24e124725d489523,bandwidth,125000.0,1637,1634,
2026-06-17 05:43:13,24e124725d489523,temperature,20.6,1637,1634,
2026-06-17 05:43:13,24e124725d489523,payload,85.0,1637,1634,0175270367ce0004685f
2026-06-17 05:43:13,24e124725d489523,gateway_rssi,-109.0,1637,1634,24e124fffef949f8
2026-06-17 05:45:46,8c1f64619000227c,battery,3576.0,1637,1634,
2026-06-17 05:45:46,8c1f64619000227c,frame_counter,7520.0,1637,1634,
2026-06-17 05:45:46,8c1f64619000227c,water_temp_max,23.0,1637,1634,
2026-06-17 05:45:46,8c1f64619000227c,ambient_temp,23.5,1637,1634,
2026-06-17 05:45:46,8c1f64619000227c,battery_recovered,3664.0,1637,1634,
2026-06-17 05:45:46,8c1f64619000227c,total_volume,12937.0,1637,1634,
2026-06-17 05:45:46,8c1f64619000227c,water_temp_min,22.5,1637,1634,
2026-06-17 05:45:46,8c1f64619000227c,leak_status,2.0,1637,1634,
2026-06-17 05:45:46,8c1f64619000227c,spreading_factor,7.0,1637,1634,
2026-06-17 05:45:46,8c1f64619000227c,bandwidth,125000.0,1637,1634,
2026-06-17 05:45:46,8c1f64619000227c,error_code,0.0,1637,1634,
2026-06-17 05:45:46,8c1f64619000227c,gateway_rssi,-110.0,1637,1634,24e124fffef949f8
2026-06-17 05:45:46,8c1f64619000227c,payload,1.0,1637,1634,80970903000089320000e7ad04007589090340fec10002dee9555657
2026-06-17 05:45:46,8c1f64619000227c,gateway_snr,1.5,1637,1634,24e124fffef949f8
2026-06-17 05:46:16,8c1f64619000171c,gateway_rssi,-109.0,1637,1634,24e124fffef949f8
2026-06-17 05:46:16,8c1f64619000171c,gateway_snr,2.200000047683716,1637,1634,24e124fffef949f8
2026-06-17 05:46:16,8c1f64619000171c,leak_status,2.0,1637,1634,
2026-06-17 05:46:16,8c1f64619000171c,battery,3640.0,1637,1634,
2026-06-17 05:46:16,8c1f64619000171c,spreading_factor,7.0,1637,1634,
2026-06-17 05:46:16,8c1f64619000171c,total_volume,17945.0,1637,1634,
2026-06-17 05:46:16,8c1f64619000171c,water_temp_min,23.0,1637,1634,
2026-06-17 05:46:16,8c1f64619000171c,water_temp_max,24.0,1637,1634,
2026-06-17 05:46:16,8c1f64619000171c,ambient_temp,23.0,1637,1634,
2026-06-17 05:46:16,8c1f64619000171c,frame_counter,3605.0,1637,1634,
2026-06-17 05:46:16,8c1f64619000171c,error_code,0.0,1637,1634,
2026-06-17 05:46:16,8c1f64619000171c,bandwidth,125000.0,1637,1634,
2026-06-17 05:46:16,8c1f64619000171c,payload,1.0,1637,1634,69750d030000194600001200000078670d030a03630202e6ea565856
2026-06-17 05:46:16,8c1f64619000171c,battery_recovered,3672.0,1637,1634,
2026-06-17 05:46:17,8c1f646190001c1f,water_temp_min,23.5,1637,1634,
2026-06-17 05:46:17,8c1f646190001c1f,gateway_snr,-8.199999809265137,1637,1634,24e124fffef949f8
2026-06-17 05:46:17,8c1f646190001c1f,leak_status,2.0,1637,1634,
2026-06-17 05:46:17,8c1f646190001c1f,payload,1.0,1637,1634,7dba0903000020ac000000000000f7af09030c027d1102e4ec575856
2026-06-17 05:46:17,8c1f646190001c1f,error_code,0.0,1637,1634,
2026-06-17 05:46:17,8c1f646190001c1f,battery,3624.0,1637,1634,
2026-06-17 05:46:17,8c1f646190001c1f,water_temp_max,24.0,1637,1634,
2026-06-17 05:46:17,8c1f646190001c1f,spreading_factor,7.0,1637,1634,
2026-06-17 05:46:17,8c1f646190001c1f,bandwidth,125000.0,1637,1634,
2026-06-17 05:46:17,8c1f646190001c1f,battery_recovered,3688.0,1637,1634,
2026-06-17 05:46:17,8c1f646190001c1f,total_volume,44064.0,1637,1634,
2026-06-17 05:46:17,8c1f646190001c1f,gateway_rssi,-99.0,1637,1634,24e124fffef949f8
2026-06-17 05:46:17,8c1f646190001c1f,ambient_temp,23.0,1637,1634,
2026-06-17 05:46:17,8c1f646190001c1f,frame_counter,1938.0,1637,1634,
2026-06-17 05:47:55,8c1f646190001fc1,water_temp_min,22.0,1637,1634,
2026-06-17 05:47:55,8c1f646190001fc1,payload,1.0,1637,1634,53c0090300008ac50000871c0a004ab20903ab03a10902dee6545954
2026-06-17 05:47:55,8c1f646190001fc1,gateway_snr,11.0,1637,1634,24e124fffef94d5c
2026-06-17 05:47:55,8c1f646190001fc1,gateway_rssi,-95.0,1637,1634,24e124fffef94d5c
2026-06-17 05:47:55,8c1f646190001fc1,bandwidth,125000.0,1637,1634,
2026-06-17 05:47:55,8c1f646190001fc1,battery,3576.0,1637,1634,
2026-06-17 05:47:55,8c1f646190001fc1,spreading_factor,7.0,1637,1634,
2026-06-17 05:47:55,8c1f646190001fc1,ambient_temp,22.0,1637,1634,
2026-06-17 05:47:55,8c1f646190001fc1,error_code,0.0,1637,1634,
2026-06-17 05:47:55,8c1f646190001fc1,total_volume,50570.0,1637,1634,
2026-06-17 05:47:55,8c1f646190001fc1,frame_counter,6894.0,1637,1634,
2026-06-17 05:47:55,8c1f646190001fc1,leak_status,2.0,1637,1634,
2026-06-17 05:47:55,8c1f646190001fc1,water_temp_max,24.5,1637,1634,
2026-06-17 05:47:55,8c1f646190001fc1,battery_recovered,3640.0,1637,1634,
2026-06-17 05:49:24,8c1f646190001501,ambient_temp,22.0,1637,1634,
2026-06-17 05:49:24,8c1f646190001501,gateway_snr,10.800000190734863,1637,1634,24e124fffef949f8
2026-06-17 05:49:24,8c1f646190001501,water_temp_min,22.0,1637,1634,
2026-06-17 05:49:24,8c1f646190001501,spreading_factor,7.0,1637,1634,
2026-06-17 05:49:24,8c1f646190001501,payload,1.0,1637,1634,c2be0e030000ce540000028e0600f0b00e0374fe3d0402eaed545454
2026-06-17 05:49:24,8c1f646190001501,battery_recovered,3696.0,1637,1634,
2026-06-17 05:49:24,8c1f646190001501,error_code,0.0,1637,1634,
2026-06-17 05:49:24,8c1f646190001501,frame_counter,3293.0,1637,1634,
2026-06-17 05:49:24,8c1f646190001501,gateway_rssi,-100.0,1637,1634,24e124fffef949f8
2026-06-17 05:49:24,8c1f646190001501,total_volume,21710.0,1637,1634,
2026-06-17 05:49:24,8c1f646190001501,leak_status,2.0,1637,1634,
2026-06-17 05:49:24,8c1f646190001501,battery,3672.0,1637,1634,
2026-06-17 05:49:24,8c1f646190001501,bandwidth,125000.0,1637,1634,
2026-06-17 05:49:24,8c1f646190001501,water_temp_max,22.0,1637,1634,
2026-06-17 05:49:30,8c1f646190001bea,gateway_rssi,-107.0,1637,1634,24e124fffef94d5c
2026-06-17 05:49:30,8c1f646190001bea,error_code,0.0,1637,1634,
2026-06-17 05:49:30,8c1f646190001bea,frame_counter,7691.0,1637,1634,
2026-06-17 05:49:30,8c1f646190001bea,leak_status,2.0,1637,1634,
2026-06-17 05:49:30,8c1f646190001bea,water_temp_min,22.0,1637,1634,
2026-06-17 05:49:30,8c1f646190001bea,water_temp_max,22.5,1637,1634,
2026-06-17 05:49:30,8c1f646190001bea,spreading_factor,7.0,1637,1634,
2026-06-17 05:49:30,8c1f646190001bea,total_volume,34015.0,1637,1634,
2026-06-17 05:49:30,8c1f646190001bea,ambient_temp,22.0,1637,1634,
2026-06-17 05:49:30,8c1f646190001bea,bandwidth,125000.0,1637,1634,
2026-06-17 05:49:30,8c1f646190001bea,battery_recovered,3656.0,1637,1634,
2026-06-17 05:49:30,8c1f646190001bea,battery,3592.0,1637,1634,
2026-06-17 05:49:30,8c1f646190001bea,payload,1.0,1637,1634,2eab09030000df840000206c0c003f9d090352fed80102e0e8545554
2026-06-17 05:49:30,8c1f646190001bea,gateway_snr,0.5,1637,1634,24e124fffef94d5c
2026-06-17 05:51:44,8c1f646190001833,spreading_factor,7.0,1637,1634,
2026-06-17 05:51:44,8c1f646190001833,frame_counter,5850.0,1637,1634,
2026-06-17 05:51:44,8c1f646190001833,payload,1.0,1637,1634,6d8309030000262e0000000000006e7509030004470102e2ec535454
2026-06-17 05:51:44,8c1f646190001833,leak_status,2.0,1637,1634,
2026-06-17 05:51:44,8c1f646190001833,total_volume,11814.0,1637,1634,
2026-06-17 05:51:44,8c1f646190001833,ambient_temp,22.0,1637,1634,
2026-06-17 05:51:44,8c1f646190001833,battery_recovered,3688.0,1637,1634,
2026-06-17 05:51:44,8c1f646190001833,water_temp_max,22.0,1637,1634,
2026-06-17 05:51:44,8c1f646190001833,battery,3608.0,1637,1634,
2026-06-17 05:51:44,8c1f646190001833,error_code,0.0,1637,1634,
2026-06-17 05:51:44,8c1f646190001833,water_temp_min,21.5,1637,1634,
2026-06-17 05:51:44,8c1f646190001833,gateway_rssi,-106.0,1637,1634,24e124fffef94d5c
2026-06-17 05:51:44,8c1f646190001833,gateway_snr,2.5,1637,1634,24e124fffef94d5c
2026-06-17 05:51:44,8c1f646190001833,bandwidth,125000.0,1637,1634,
2026-06-17 05:53:12,24e124725d489523,humidity,47.5,1637,1634,
2026-06-17 05:53:12,24e124725d489523,gateway_snr,-2.5,1637,1634,24e124fffef949f8
2026-06-17 05:53:12,24e124725d489523,bandwidth,125000.0,1637,1634,
2026-06-17 05:53:12,24e124725d489523,frame_counter,7501.0,1637,1634,
2026-06-17 05:53:12,24e124725d489523,gateway_rssi,-107.0,1637,1634,24e124fffef949f8
2026-06-17 05:53:12,24e124725d489523,payload,85.0,1637,1634,0175270367ce0004685f
2026-06-17 05:53:12,24e124725d489523,temperature,20.6,1637,1634,
2026-06-17 05:53:12,24e124725d489523,battery,39.0,1637,1634,
2026-06-17 05:53:12,24e124725d489523,spreading_factor,7.0,1637,1634,
2026-06-17 05:54:33,8c1f6461900021e8,battery,3648.0,1637,1634,
2026-06-17 05:54:33,8c1f6461900021e8,ambient_temp,23.5,1637,1634,
2026-06-17 05:54:33,8c1f6461900021e8,payload,1.0,1637,1634,12cd0903000094b600007d6107001ebf09035200160a02e7eb5a5b57
2026-06-17 05:54:33,8c1f6461900021e8,gateway_snr,3.200000047683716,1637,1634,24e124fffef949f8
2026-06-17 05:54:33,8c1f6461900021e8,battery_recovered,3680.0,1637,1634,
2026-06-17 05:54:33,8c1f6461900021e8,water_temp_max,25.5,1637,1634,
2026-06-17 05:54:33,8c1f6461900021e8,water_temp_min,25.0,1637,1634,
2026-06-17 05:54:33,8c1f6461900021e8,leak_status,2.0,1637,1634,
2026-06-17 05:54:33,8c1f6461900021e8,bandwidth,125000.0,1637,1634,
2026-06-17 05:54:33,8c1f6461900021e8,error_code,0.0,1637,1634,
2026-06-17 05:54:33,8c1f6461900021e8,spreading_factor,7.0,1637,1634,
2026-06-17 05:54:33,8c1f6461900021e8,frame_counter,3451.0,1637,1634,
2026-06-17 05:54:33,8c1f6461900021e8,total_volume,46740.0,1637,1634,
2026-06-17 05:54:33,8c1f6461900021e8,gateway_rssi,-109.0,1637,1634,24e124fffef949f8
2026-06-17 05:54:45,8c1f646190001ebd,leak_status,2.0,1637,1634,
2026-06-17 05:54:45,8c1f646190001ebd,battery,3616.0,1637,1634,
2026-06-17 05:54:45,8c1f646190001ebd,spreading_factor,7.0,1637,1634,
2026-06-17 05:54:45,8c1f646190001ebd,gateway_rssi,-106.0,1637,1634,24e124fffef949f8
2026-06-17 05:54:45,8c1f646190001ebd,total_volume,27353.0,1637,1634,
2026-06-17 05:54:45,8c1f646190001ebd,gateway_snr,6.199999809265137,1637,1634,24e124fffef949f8
2026-06-17 05:54:45,8c1f646190001ebd,ambient_temp,22.5,1637,1634,
2026-06-17 05:54:45,8c1f646190001ebd,battery_recovered,3696.0,1637,1634,
2026-06-17 05:54:45,8c1f646190001ebd,frame_counter,7923.0,1637,1634,
2026-06-17 05:54:45,8c1f646190001ebd,payload,1.0,1637,1634,f1c309030000d96a000000000000e6b5090378ff5e0802e3ed565755
2026-06-17 05:54:45,8c1f646190001ebd,bandwidth,125000.0,1637,1634,
2026-06-17 05:54:45,8c1f646190001ebd,water_temp_min,23.0,1637,1634,
2026-06-17 05:54:45,8c1f646190001ebd,error_code,0.0,1637,1634,
2026-06-17 05:54:45,8c1f646190001ebd,water_temp_max,23.5,1637,1634,
2026-06-17 05:55:56,8c1f6461900021c5,spreading_factor,7.0,1637,1634,
2026-06-17 05:55:56,8c1f6461900021c5,error_code,0.0,1637,1634,
2026-06-17 05:55:56,8c1f6461900021c5,total_volume,12224.0,1637,1634,
2026-06-17 05:55:56,8c1f6461900021c5,payload,1.0,1637,1634,54b909030000c02f0000000000005eab090347e3da0102e1e9535354
2026-06-17 05:55:56,8c1f6461900021c5,ambient_temp,22.0,1637,1634,
2026-06-17 05:55:56,8c1f6461900021c5,battery,3600.0,1637,1634,
2026-06-17 05:55:56,8c1f6461900021c5,gateway_rssi,-109.0,1637,1634,24e124fffef949f8
2026-06-17 05:55:56,8c1f6461900021c5,water_temp_max,21.5,1637,1634,
2026-06-17 05:55:56,8c1f6461900021c5,leak_status,2.0,1637,1634,
2026-06-17 05:55:56,8c1f6461900021c5,gateway_snr,1.2000000476837158,1637,1634,24e124fffef949f8
2026-06-17 05:55:56,8c1f6461900021c5,water_temp_min,21.5,1637,1634,
2026-06-17 05:55:56,8c1f6461900021c5,battery_recovered,3664.0,1637,1634,
2026-06-17 05:55:56,8c1f6461900021c5,frame_counter,6817.0,1637,1634,
2026-06-17 05:55:56,8c1f6461900021c5,bandwidth,125000.0,1637,1634,
2026-06-17 05:56:42,8c1f646190001901,battery,3584.0,1637,1634,
2026-06-17 05:56:42,8c1f646190001901,water_temp_min,22.0,1637,1634,
2026-06-17 05:56:42,8c1f646190001901,bandwidth,125000.0,1637,1634,
2026-06-17 05:56:42,8c1f646190001901,gateway_snr,6.199999809265137,1637,1634,24e124fffef94d5c
2026-06-17 05:56:42,8c1f646190001901,ambient_temp,21.5,1637,1634,
2026-06-17 05:56:42,8c1f646190001901,battery_recovered,3680.0,1637,1634,
2026-06-17 05:56:42,8c1f646190001901,gateway_rssi,-102.0,1637,1634,24e124fffef94d5c
2026-06-17 05:56:42,8c1f646190001901,leak_status,2.0,1637,1634,
2026-06-17 05:56:42,8c1f646190001901,water_temp_max,22.0,1637,1634,
2026-06-17 05:56:42,8c1f646190001901,payload,1.0,1637,1634,12be09030000df340000050000000db009039300a70202dfeb545453
2026-06-17 05:56:42,8c1f646190001901,spreading_factor,7.0,1637,1634,
2026-06-17 05:56:42,8c1f646190001901,total_volume,13535.0,1637,1634,
2026-06-17 05:56:42,8c1f646190001901,frame_counter,7665.0,1637,1634,
2026-06-17 05:56:42,8c1f646190001901,error_code,0.0,1637,1634,
2026-06-17 05:57:54,8c1f646190001592,battery_recovered,3664.0,1637,1634,
2026-06-17 05:57:54,8c1f646190001592,gateway_rssi,-102.0,1637,1634,24e124fffef949f8
2026-06-17 05:57:54,8c1f646190001592,water_temp_min,26.0,1637,1634,
2026-06-17 05:57:54,8c1f646190001592,ambient_temp,24.5,1637,1634,
2026-06-17 05:57:54,8c1f646190001592,battery,3616.0,1637,1634,
2026-06-17 05:57:54,8c1f646190001592,gateway_snr,4.5,1637,1634,24e124fffef949f8
2026-06-17 05:57:54,8c1f646190001592,bandwidth,125000.0,1637,1634,
2026-06-17 05:57:54,8c1f646190001592,leak_status,2.0,1637,1634,
2026-06-17 05:57:54,8c1f646190001592,payload,1.0,1637,1634,5a9d090300009c8300001dbc0b002e95090339fe190302e3e95c8259
2026-06-17 05:57:54,8c1f646190001592,water_temp_max,45.0,1637,1634,
2026-06-17 05:57:54,8c1f646190001592,error_code,0.0,1637,1634,
2026-06-17 05:57:54,8c1f646190001592,frame_counter,3623.0,1637,1634,
2026-06-17 05:57:54,8c1f646190001592,spreading_factor,7.0,1637,1634,
2026-06-17 05:57:54,8c1f646190001592,total_volume,33692.0,1637,1634,
2026-06-17 05:58:28,8c1f646190001c9b,battery,3592.0,1637,1634,
2026-06-17 05:58:28,8c1f646190001c9b,water_temp_max,42.0,1637,1634,
2026-06-17 05:58:28,8c1f646190001c9b,ambient_temp,25.0,1637,1634,
2026-06-17 05:58:28,8c1f646190001c9b,spreading_factor,7.0,1637,1634,
2026-06-17 05:58:28,8c1f646190001c9b,water_temp_min,41.5,1637,1634,
2026-06-17 05:58:28,8c1f646190001c9b,error_code,0.0,1637,1634,
2026-06-17 05:58:28,8c1f646190001c9b,frame_counter,7509.0,1637,1634,
2026-06-17 05:58:28,8c1f646190001c9b,payload,1.0,1637,1634,5ab8090300009cb60000f5930e0080aa09034a03150702e0e97b7c5a
2026-06-17 05:58:28,8c1f646190001c9b,bandwidth,125000.0,1637,1634,
2026-06-17 05:58:28,8c1f646190001c9b,battery_recovered,3664.0,1637,1634,
2026-06-17 05:58:28,8c1f646190001c9b,gateway_snr,3.200000047683716,1637,1634,24e124fffef94d5c
2026-06-17 05:58:28,8c1f646190001c9b,leak_status,2.0,1637,1634,
2026-06-17 05:58:28,8c1f646190001c9b,total_volume,46748.0,1637,1634,
2026-06-17 05:58:28,8c1f646190001c9b,gateway_rssi,-104.0,1637,1634,24e124fffef94d5c
2026-06-17 05:58:57,8c1f646190001947,water_temp_min,22.0,1637,1634,
2026-06-17 05:58:57,8c1f646190001947,frame_counter,7365.0,1637,1634,
2026-06-17 05:58:57,8c1f646190001947,total_volume,38259.0,1637,1634,
2026-06-17 05:58:57,8c1f646190001947,battery_recovered,3656.0,1637,1634,
2026-06-17 05:58:57,8c1f646190001947,battery,3584.0,1637,1634,
2026-06-17 05:58:57,8c1f646190001947,payload,1.0,1637,1634,cad7090300007395000000000000f4c90903a8052d0a02dfe8545554
2026-06-17 05:58:57,8c1f646190001947,leak_status,2.0,1637,1634,
2026-06-17 05:58:57,8c1f646190001947,water_temp_max,22.5,1637,1634,
2026-06-17 05:58:57,8c1f646190001947,ambient_temp,22.0,1637,1634,
2026-06-17 05:58:57,8c1f646190001947,spreading_factor,7.0,1637,1634,
2026-06-17 05:58:57,8c1f646190001947,bandwidth,125000.0,1637,1634,
2026-06-17 05:58:57,8c1f646190001947,gateway_rssi,-104.0,1637,1634,24e124fffef94d5c
2026-06-17 05:58:57,8c1f646190001947,gateway_snr,4.199999809265137,1637,1634,24e124fffef94d5c
2026-06-17 05:58:57,8c1f646190001947,error_code,0.0,1637,1634,
2026-06-17 05:59:23,8c1f64619000177c,gateway_snr,10.5,1637,1634,24e124fffef949f8
2026-06-17 05:59:23,8c1f64619000177c,battery,3616.0,1637,1634,
2026-06-17 05:59:23,8c1f64619000177c,spreading_factor,7.0,1637,1634,
2026-06-17 05:59:23,8c1f64619000177c,ambient_temp,22.0,1637,1634,
2026-06-17 05:59:23,8c1f64619000177c,water_temp_min,21.5,1637,1634,
2026-06-17 05:59:23,8c1f64619000177c,battery_recovered,3680.0,1637,1634,
2026-06-17 05:59:23,8c1f64619000177c,bandwidth,125000.0,1637,1634,
2026-06-17 05:59:23,8c1f64619000177c,error_code,0.0,1637,1634,
2026-06-17 05:59:23,8c1f64619000177c,frame_counter,6448.0,1637,1634,
2026-06-17 05:59:23,8c1f64619000177c,leak_status,0.0,1637,1634,
2026-06-17 05:59:23,8c1f64619000177c,gateway_rssi,-99.0,1637,1634,24e124fffef949f8
2026-06-17 05:59:23,8c1f64619000177c,total_volume,57759.0,1637,1634,
2026-06-17 05:59:23,8c1f64619000177c,water_temp_max,21.5,1637,1634,
2026-06-17 05:59:23,8c1f64619000177c,payload,1.0,1637,1634,959e090300009fe1000000000000000000000000000000e3eb535354
2026-06-17 05:59:45,8c1f646190001c1c,frame_counter,3670.0,1637,1634,
2026-06-17 05:59:45,8c1f646190001c1c,ambient_temp,22.5,1637,1634,
2026-06-17 05:59:45,8c1f646190001c1c,bandwidth,125000.0,1637,1634,
2026-06-17 05:59:45,8c1f646190001c1c,error_code,0.0,1637,1634,
2026-06-17 05:59:45,8c1f646190001c1c,water_temp_max,22.5,1637,1634,
2026-06-17 05:59:45,8c1f646190001c1c,gateway_rssi,-110.0,1637,1634,24e124fffef949f8
2026-06-17 05:59:45,8c1f646190001c1c,payload,1.0,1637,1634,a4970d030000349900004d0b0b00c5890d03ec02170802e4e8545555
2026-06-17 05:59:45,8c1f646190001c1c,total_volume,39220.0,1637,1634,
2026-06-17 05:59:45,8c1f646190001c1c,spreading_factor,7.0,1637,1634,
2026-06-17 05:59:45,8c1f646190001c1c,battery_recovered,3656.0,1637,1634,
2026-06-17 05:59:45,8c1f646190001c1c,gateway_snr,2.5,1637,1634,24e124fffef949f8
2026-06-17 05:59:45,8c1f646190001c1c,water_temp_min,22.0,1637,1634,
2026-06-17 05:59:45,8c1f646190001c1c,leak_status,2.0,1637,1634,
2026-06-17 05:59:45,8c1f646190001c1c,battery,3624.0,1637,1634,
2026-06-17 06:01:15,8c1f6461900021db,leak_status,2.0,1637,1634,
2026-06-17 06:01:15,8c1f6461900021db,battery_recovered,3664.0,1637,1634,
2026-06-17 06:01:15,8c1f6461900021db,water_temp_min,20.5,1637,1634,
2026-06-17 06:01:15,8c1f6461900021db,error_code,0.0,1637,1634,
2026-06-17 06:01:15,8c1f6461900021db,frame_counter,7757.0,1637,1634,
2026-06-17 06:01:15,8c1f6461900021db,spreading_factor,7.0,1637,1634,
2026-06-17 06:01:15,8c1f6461900021db,bandwidth,125000.0,1637,1634,
2026-06-17 06:01:15,8c1f6461900021db,water_temp_max,20.5,1637,1634,
2026-06-17 06:01:15,8c1f6461900021db,payload,1.0,1637,1634,d29509030000d13a0000694f0500c6870903e7fff90002dde9515152
2026-06-17 06:01:15,8c1f6461900021db,ambient_temp,21.0,1637,1634,
2026-06-17 06:01:15,8c1f6461900021db,gateway_rssi,-105.0,1637,1634,24e124fffef94d5c
2026-06-17 06:01:15,8c1f6461900021db,battery,3568.0,1637,1634,
2026-06-17 06:01:15,8c1f6461900021db,total_volume,15057.0,1637,1634,
2026-06-17 06:01:15,8c1f6461900021db,gateway_snr,3.0,1637,1634,24e124fffef94d5c
2026-06-17 06:02:52,8c1f6461900020d1,battery_recovered,3648.0,1637,1634,
2026-06-17 06:02:52,8c1f6461900020d1,gateway_snr,5.199999809265137,1637,1634,24e124fffef949f8
2026-06-17 06:02:52,8c1f6461900020d1,gateway_rssi,-105.0,1637,1634,24e124fffef949f8
2026-06-17 06:02:52,8c1f6461900020d1,battery,3576.0,1637,1634,
2026-06-17 06:02:52,8c1f6461900020d1,leak_status,2.0,1637,1634,
2026-06-17 06:02:52,8c1f6461900020d1,spreading_factor,7.0,1637,1634,
2026-06-17 06:02:52,8c1f6461900020d1,total_volume,13636.0,1637,1634,
2026-06-17 06:02:52,8c1f6461900020d1,water_temp_max,23.0,1637,1634,
2026-06-17 06:02:52,8c1f6461900020d1,ambient_temp,24.0,1637,1634,
2026-06-17 06:02:52,8c1f6461900020d1,frame_counter,6347.0,1637,1634,
2026-06-17 06:02:52,8c1f6461900020d1,water_temp_min,22.5,1637,1634,
2026-06-17 06:02:52,8c1f6461900020d1,error_code,0.0,1637,1634,
2026-06-17 06:02:52,8c1f6461900020d1,bandwidth,125000.0,1637,1634,
2026-06-17 06:02:52,8c1f6461900020d1,payload,1.0,1637,1634,739a0903000044350000e6fd0400718c0903cc02d40102dee7555658
2026-06-17 06:03:12,24e124725d489523,temperature,20.6,1637,1634,
2026-06-17 06:03:12,24e124725d489523,spreading_factor,7.0,1637,1634,
2026-06-17 06:03:12,24e124725d489523,gateway_rssi,-108.0,1637,1634,24e124fffef949f8
2026-06-17 06:03:12,24e124725d489523,battery,39.0,1637,1634,
2026-06-17 06:03:12,24e124725d489523,bandwidth,125000.0,1637,1634,
2026-06-17 06:03:12,24e124725d489523,gateway_snr,4.199999809265137,1637,1634,24e124fffef949f8
2026-06-17 06:03:12,24e124725d489523,humidity,47.5,1637,1634,
2026-06-17 06:03:12,24e124725d489523,payload,85.0,1637,1634,0175270367ce0004685f
2026-06-17 06:03:12,24e124725d489523,frame_counter,7502.0,1637,1634,
2026-06-17 06:03:37,8c1f6461900019cb,water_temp_max,20.5,1637,1634,
2026-06-17 06:03:37,8c1f6461900019cb,battery_recovered,3688.0,1637,1634,
2026-06-17 06:03:37,8c1f6461900019cb,ambient_temp,20.0,1637,1634,
2026-06-17 06:03:37,8c1f6461900019cb,bandwidth,125000.0,1637,1634,
2026-06-17 06:03:37,8c1f6461900019cb,water_temp_min,20.0,1637,1634,
2026-06-17 06:03:37,8c1f6461900019cb,payload,1.0,1637,1634,129b090300003e29000000000000408d0903bd002f0502e0ec505150
2026-06-17 06:03:37,8c1f6461900019cb,total_volume,10558.0,1637,1634,
2026-06-17 06:03:37,8c1f6461900019cb,leak_status,2.0,1637,1634,
2026-06-17 06:03:37,8c1f6461900019cb,gateway_rssi,-103.0,1637,1634,24e124fffef94d5c
2026-06-17 06:03:37,8c1f6461900019cb,gateway_snr,4.5,1637,1634,24e124fffef94d5c
2026-06-17 06:03:37,8c1f6461900019cb,error_code,0.0,1637,1634,
2026-06-17 06:03:37,8c1f6461900019cb,battery,3592.0,1637,1634,
2026-06-17 06:03:37,8c1f6461900019cb,spreading_factor,7.0,1637,1634,
2026-06-17 06:03:37,8c1f6461900019cb,frame_counter,7815.0,1637,1634,
2026-06-17 06:03:44,8c1f64619000170a,payload,1.0,1637,1634,c5dd09030000a55c02007c2706000cdd090379212e0c02e1e9565757
2026-06-17 06:03:44,8c1f64619000170a,total_volume,154789.0,1637,1634,
2026-06-17 06:03:44,8c1f64619000170a,gateway_snr,4.5,1637,1634,24e124fffef94d5c
2026-06-17 06:03:44,8c1f64619000170a,gateway_rssi,-103.0,1637,1634,24e124fffef94d5c
2026-06-17 06:03:44,8c1f64619000170a,leak_status,2.0,1637,1634,
2026-06-17 06:03:44,8c1f64619000170a,ambient_temp,23.5,1637,1634,
2026-06-17 06:03:44,8c1f64619000170a,water_temp_min,23.0,1637,1634,
2026-06-17 06:03:44,8c1f64619000170a,battery,3600.0,1637,1634,
2026-06-17 06:03:44,8c1f64619000170a,bandwidth,125000.0,1637,1634,
2026-06-17 06:03:44,8c1f64619000170a,error_code,0.0,1637,1634,
2026-06-17 06:03:44,8c1f64619000170a,frame_counter,6654.0,1637,1634,
2026-06-17 06:03:44,8c1f64619000170a,water_temp_max,23.5,1637,1634,
2026-06-17 06:03:44,8c1f64619000170a,battery_recovered,3664.0,1637,1634,
2026-06-17 06:03:44,8c1f64619000170a,spreading_factor,7.0,1637,1634,
2026-06-17 06:04:42,8c1f6461900021da,payload,1.0,1637,1634,957b090300009e600000f7900800916d09032608ae0202e0e9545554
2026-06-17 06:04:42,8c1f6461900021da,battery_recovered,3664.0,1637,1634,
2026-06-17 06:04:42,8c1f6461900021da,bandwidth,125000.0,1637,1634,
2026-06-17 06:04:42,8c1f6461900021da,spreading_factor,7.0,1637,1634,
2026-06-17 06:04:42,8c1f6461900021da,gateway_snr,7.199999809265137,1637,1634,24e124fffef94d5c
2026-06-17 06:04:42,8c1f6461900021da,battery,3592.0,1637,1634,
2026-06-17 06:04:42,8c1f6461900021da,ambient_temp,22.0,1637,1634,
2026-06-17 06:04:42,8c1f6461900021da,frame_counter,7491.0,1637,1634,
2026-06-17 06:04:42,8c1f6461900021da,leak_status,2.0,1637,1634,
2026-06-17 06:04:42,8c1f6461900021da,water_temp_max,22.5,1637,1634,
2026-06-17 06:04:42,8c1f6461900021da,water_temp_min,22.0,1637,1634,
2026-06-17 06:04:42,8c1f6461900021da,total_volume,24734.0,1637,1634,
2026-06-17 06:04:42,8c1f6461900021da,error_code,0.0,1637,1634,
2026-06-17 06:04:42,8c1f6461900021da,gateway_rssi,-101.0,1637,1634,24e124fffef94d5c
2026-06-17 06:05:04,8c1f646190001963,battery,3600.0,1637,1634,
2026-06-17 06:05:04,8c1f646190001963,payload,1.0,1637,1634,dcd509030000be3d000000000000dec709036003110802e1eb535353
2026-06-17 06:05:04,8c1f646190001963,ambient_temp,21.5,1637,1634,
2026-06-17 06:05:04,8c1f646190001963,error_code,0.0,1637,1634,
2026-06-17 06:05:04,8c1f646190001963,bandwidth,125000.0,1637,1634,
2026-06-17 06:05:04,8c1f646190001963,frame_counter,7736.0,1637,1634,
2026-06-17 06:05:04,8c1f646190001963,gateway_rssi,-96.0,1637,1634,24e124fffef94d5c
2026-06-17 06:05:04,8c1f646190001963,gateway_snr,9.5,1637,1634,24e124fffef94d5c
2026-06-17 06:05:04,8c1f646190001963,spreading_factor,7.0,1637,1634,
2026-06-17 06:05:04,8c1f646190001963,water_temp_min,21.5,1637,1634,
2026-06-17 06:05:04,8c1f646190001963,total_volume,15806.0,1637,1634,
2026-06-17 06:05:04,8c1f646190001963,water_temp_max,21.5,1637,1634,
2026-06-17 06:05:04,8c1f646190001963,leak_status,2.0,1637,1634,
2026-06-17 06:05:04,8c1f646190001963,battery_recovered,3680.0,1637,1634,
2026-06-17 06:06:39,8c1f646190001e41,bandwidth,125000.0,1637,1634,
2026-06-17 06:06:39,8c1f646190001e41,total_volume,42481.0,1637,1634,
2026-06-17 06:06:39,8c1f646190001e41,water_temp_max,44.5,1637,1634,
2026-06-17 06:06:39,8c1f646190001e41,gateway_rssi,-107.0,1637,1634,24e124fffef949f8
2026-06-17 06:06:39,8c1f646190001e41,leak_status,2.0,1637,1634,
2026-06-17 06:06:39,8c1f646190001e41,gateway_snr,4.0,1637,1634,24e124fffef949f8
2026-06-17 06:06:39,8c1f646190001e41,payload,1.0,1637,1634,09cc09030000f1a500005c110f0000be0903defec70102e8ec808159
2026-06-17 06:06:39,8c1f646190001e41,battery,3656.0,1637,1634,
2026-06-17 06:06:39,8c1f646190001e41,error_code,0.0,1637,1634,
2026-06-17 06:06:39,8c1f646190001e41,spreading_factor,7.0,1637,1634,
2026-06-17 06:06:39,8c1f646190001e41,battery_recovered,3688.0,1637,1634,
2026-06-17 06:06:39,8c1f646190001e41,water_temp_min,44.0,1637,1634,
2026-06-17 06:06:39,8c1f646190001e41,ambient_temp,24.5,1637,1634,
2026-06-17 06:06:39,8c1f646190001e41,frame_counter,3563.0,1637,1634,
2026-06-17 06:07:33,8c1f646190002120,water_temp_min,22.0,1637,1634,
2026-06-17 06:07:33,8c1f646190002120,battery_recovered,3680.0,1637,1634,
2026-06-17 06:07:33,8c1f646190002120,leak_status,2.0,1637,1634,
2026-06-17 06:07:33,8c1f646190002120,gateway_rssi,-103.0,1637,1634,24e124fffef949f8
2026-06-17 06:07:33,8c1f646190002120,ambient_temp,21.5,1637,1634,
2026-06-17 06:07:33,8c1f646190002120,spreading_factor,7.0,1637,1634,
2026-06-17 06:07:33,8c1f646190002120,error_code,0.0,1637,1634,
2026-06-17 06:07:33,8c1f646190002120,battery,3656.0,1637,1634,
2026-06-17 06:07:33,8c1f646190002120,bandwidth,125000.0,1637,1634,
2026-06-17 06:07:33,8c1f646190002120,frame_counter,3620.0,1637,1634,
2026-06-17 06:07:33,8c1f646190002120,gateway_snr,9.199999809265137,1637,1634,24e124fffef949f8
2026-06-17 06:07:33,8c1f646190002120,water_temp_max,22.0,1637,1634,
2026-06-17 06:07:33,8c1f646190002120,payload,1.0,1637,1634,86b80903000087a50000f5e70d0086aa0903d4ff830002e8eb545453
2026-06-17 06:07:33,8c1f646190002120,total_volume,42375.0,1637,1634,
2026-06-17 06:08:06,8c1f6461900015c1,gateway_snr,11.199999809265137,1637,1634,24e124fffef94d5c
2026-06-17 06:08:06,8c1f6461900015c1,payload,1.0,1637,1634,ba9209030000454a000000000000b9840903fbff470102e0ec535453
2026-06-17 06:08:06,8c1f6461900015c1,water_temp_max,22.0,1637,1634,
2026-06-17 06:08:06,8c1f6461900015c1,total_volume,19013.0,1637,1634,
2026-06-17 06:08:06,8c1f6461900015c1,water_temp_min,21.5,1637,1634,
2026-06-17 06:08:06,8c1f6461900015c1,bandwidth,125000.0,1637,1634,
2026-06-17 06:08:06,8c1f6461900015c1,battery_recovered,3688.0,1637,1634,
2026-06-17 06:08:06,8c1f6461900015c1,battery,3592.0,1637,1634,
2026-06-17 06:08:06,8c1f6461900015c1,gateway_rssi,-94.0,1637,1634,24e124fffef94d5c
2026-06-17 06:08:06,8c1f6461900015c1,spreading_factor,7.0,1637,1634,
2026-06-17 06:08:06,8c1f6461900015c1,leak_status,2.0,1637,1634,
2026-06-17 06:08:06,8c1f6461900015c1,frame_counter,7606.0,1637,1634,
2026-06-17 06:08:06,8c1f6461900015c1,error_code,0.0,1637,1634,
2026-06-17 06:08:06,8c1f6461900015c1,ambient_temp,21.5,1637,1634,
2026-06-17 06:09:45,8c1f64619000228d,gateway_rssi,-98.0,1637,1634,24e124fffef94d5c
2026-06-17 06:09:45,8c1f64619000228d,frame_counter,6428.0,1637,1634,
2026-06-17 06:09:45,8c1f64619000228d,ambient_temp,22.0,1637,1634,
2026-06-17 06:09:45,8c1f64619000228d,payload,1.0,1637,1634,00860903000092460000000000000b780903bc09320b02dee7545554
2026-06-17 06:09:45,8c1f64619000228d,bandwidth,125000.0,1637,1634,
2026-06-17 06:09:45,8c1f64619000228d,error_code,0.0,1637,1634,
2026-06-17 06:09:45,8c1f64619000228d,battery,3576.0,1637,1634,
2026-06-17 06:09:45,8c1f64619000228d,water_temp_max,22.5,1637,1634,
2026-06-17 06:09:45,8c1f64619000228d,spreading_factor,7.0,1637,1634,
2026-06-17 06:09:45,8c1f64619000228d,gateway_snr,9.199999809265137,1637,1634,24e124fffef94d5c
2026-06-17 06:09:45,8c1f64619000228d,leak_status,2.0,1637,1634,
2026-06-17 06:09:45,8c1f64619000228d,total_volume,18066.0,1637,1634,
2026-06-17 06:09:45,8c1f64619000228d,water_temp_min,22.0,1637,1634,
2026-06-17 06:09:45,8c1f64619000228d,battery_recovered,3648.0,1637,1634,
2026-06-17 06:11:20,8c1f646190002222,payload,1.0,1637,1634,518a090300006478000008000000797c0903b1029f0002e9ec545554
2026-06-17 06:11:20,8c1f646190002222,battery,3664.0,1637,1634,
2026-06-17 06:11:20,8c1f646190002222,gateway_snr,-3.5,1637,1634,24e124fffef949f8
2026-06-17 06:11:20,8c1f646190002222,bandwidth,125000.0,1637,1634,
2026-06-17 06:11:20,8c1f646190002222,leak_status,2.0,1637,1634,
2026-06-17 06:11:20,8c1f646190002222,total_volume,30820.0,1637,1634,
2026-06-17 06:11:20,8c1f646190002222,water_temp_min,22.0,1637,1634,
2026-06-17 06:11:20,8c1f646190002222,gateway_rssi,-105.0,1637,1634,24e124fffef949f8
2026-06-17 06:11:20,8c1f646190002222,ambient_temp,22.0,1637,1634,
2026-06-17 06:11:20,8c1f646190002222,water_temp_max,22.5,1637,1634,
2026-06-17 06:11:20,8c1f646190002222,error_code,0.0,1637,1634,
2026-06-17 06:11:20,8c1f646190002222,spreading_factor,7.0,1637,1634,
2026-06-17 06:11:20,8c1f646190002222,battery_recovered,3688.0,1637,1634,
2026-06-17 06:11:20,8c1f646190002222,frame_counter,3639.0,1637,1634,
2026-06-17 06:11:39,8c1f646190001b91,spreading_factor,7.0,1637,1634,
2026-06-17 06:11:39,8c1f646190001b91,water_temp_min,22.0,1637,1634,
2026-06-17 06:11:39,8c1f646190001b91,ambient_temp,22.0,1637,1634,
2026-06-17 06:11:39,8c1f646190001b91,payload,1.0,1637,1634,42b90903000021b70000a2cb0e0058ab09033600460302dce8545454
2026-06-17 06:11:39,8c1f646190001b91,water_temp_max,22.0,1637,1634,
2026-06-17 06:11:39,8c1f646190001b91,battery,3560.0,1637,1634,
2026-06-17 06:11:39,8c1f646190001b91,bandwidth,125000.0,1637,1634,
2026-06-17 06:11:39,8c1f646190001b91,frame_counter,6538.0,1637,1634,
2026-06-17 06:11:39,8c1f646190001b91,leak_status,2.0,1637,1634,
2026-06-17 06:11:39,8c1f646190001b91,gateway_rssi,-100.0,1637,1634,24e124fffef94d5c
2026-06-17 06:11:39,8c1f646190001b91,gateway_snr,6.800000190734863,1637,1634,24e124fffef94d5c
2026-06-17 06:11:39,8c1f646190001b91,battery_recovered,3656.0,1637,1634,
2026-06-17 06:11:39,8c1f646190001b91,total_volume,46881.0,1637,1634,
2026-06-17 06:11:39,8c1f646190001b91,error_code,0.0,1637,1634,
2026-06-17 06:12:15,8c1f6461900019cf,leak_status,0.0,1637,1634,
2026-06-17 06:12:15,8c1f6461900019cf,battery,3632.0,1637,1634,
2026-06-17 06:12:15,8c1f6461900019cf,gateway_rssi,-101.0,1637,1634,24e124fffef949f8
2026-06-17 06:12:15,8c1f6461900019cf,total_volume,68341.0,1637,1634,
2026-06-17 06:12:15,8c1f6461900019cf,battery_recovered,3656.0,1637,1634,
2026-06-17 06:12:15,8c1f6461900019cf,bandwidth,125000.0,1637,1634,
2026-06-17 06:12:15,8c1f6461900019cf,ambient_temp,21.5,1637,1634,
2026-06-17 06:12:15,8c1f6461900019cf,water_temp_min,22.0,1637,1634,
2026-06-17 06:12:15,8c1f6461900019cf,frame_counter,3553.0,1637,1634,
2026-06-17 06:12:15,8c1f6461900019cf,water_temp_max,22.0,1637,1634,
2026-06-17 06:12:15,8c1f6461900019cf,gateway_snr,6.0,1637,1634,24e124fffef949f8
2026-06-17 06:12:15,8c1f6461900019cf,error_code,0.0,1637,1634,
2026-06-17 06:12:15,8c1f6461900019cf,spreading_factor,7.0,1637,1634,
2026-06-17 06:12:15,8c1f6461900019cf,payload,1.0,1637,1634,d1c309030000f50a010000000000000000000000000000e5e8545453
2026-06-17 06:12:39,8c1f646190002206,frame_counter,7010.0,1637,1634,
2026-06-17 06:12:39,8c1f646190002206,water_temp_max,22.5,1637,1634,
2026-06-17 06:12:39,8c1f646190002206,gateway_rssi,-102.0,1637,1634,24e124fffef94d5c
2026-06-17 06:12:39,8c1f646190002206,spreading_factor,7.0,1637,1634,
2026-06-17 06:12:39,8c1f646190002206,payload,1.0,1637,1634,59c60903000087130300c74f0f00000000000000000000e1ea545554
2026-06-17 06:12:39,8c1f646190002206,gateway_snr,5.5,1637,1634,24e124fffef94d5c
2026-06-17 06:12:39,8c1f646190002206,bandwidth,125000.0,1637,1634,
2026-06-17 06:12:39,8c1f646190002206,error_code,0.0,1637,1634,
2026-06-17 06:12:39,8c1f646190002206,battery_recovered,3672.0,1637,1634,
2026-06-17 06:12:39,8c1f646190002206,ambient_temp,22.0,1637,1634,
2026-06-17 06:12:39,8c1f646190002206,total_volume,201607.0,1637,1634,
2026-06-17 06:12:39,8c1f646190002206,water_temp_min,22.0,1637,1634,
2026-06-17 06:12:39,8c1f646190002206,battery,3600.0,1637,1634,
2026-06-17 06:12:39,8c1f646190002206,leak_status,0.0,1637,1634,
2026-06-17 06:13:13,24e124725d489523,battery,39.0,1637,1634,
2026-06-17 06:13:13,24e124725d489523,payload,85.0,1637,1634,0175270367cd0004685f
2026-06-17 06:13:13,24e124725d489523,gateway_snr,10.0,1637,1634,24e124fffef949f8
2026-06-17 06:13:13,24e124725d489523,temperature,20.5,1637,1634,
2026-06-17 06:13:13,24e124725d489523,spreading_factor,7.0,1637,1634,
2026-06-17 06:13:13,24e124725d489523,bandwidth,125000.0,1637,1634,
2026-06-17 06:13:13,24e124725d489523,frame_counter,7503.0,1637,1634,
2026-06-17 06:13:13,24e124725d489523,gateway_rssi,-102.0,1637,1634,24e124fffef949f8
2026-06-17 06:13:13,24e124725d489523,humidity,47.5,1637,1634,
2026-06-17 06:14:14,8c1f646190001bf1,water_temp_min,23.0,1637,1634,
2026-06-17 06:14:14,8c1f646190001bf1,frame_counter,6325.0,1637,1634,
2026-06-17 06:14:14,8c1f646190001bf1,battery_recovered,3672.0,1637,1634,
2026-06-17 06:14:14,8c1f646190001bf1,payload,1.0,1637,1634,31cf09030000b3820000cb8d0b004dc1090372022f0102e1ea569357
2026-06-17 06:14:14,8c1f646190001bf1,battery,3600.0,1637,1634,
2026-06-17 06:14:14,8c1f646190001bf1,total_volume,33459.0,1637,1634,
2026-06-17 06:14:14,8c1f646190001bf1,gateway_snr,6.5,1637,1634,24e124fffef94d5c
2026-06-17 06:14:14,8c1f646190001bf1,ambient_temp,23.5,1637,1634,
2026-06-17 06:14:14,8c1f646190001bf1,error_code,0.0,1637,1634,
2026-06-17 06:14:14,8c1f646190001bf1,spreading_factor,7.0,1637,1634,
2026-06-17 06:14:14,8c1f646190001bf1,water_temp_max,53.5,1637,1634,
2026-06-17 06:14:14,8c1f646190001bf1,leak_status,2.0,1637,1634,
2026-06-17 06:14:14,8c1f646190001bf1,bandwidth,125000.0,1637,1634,
2026-06-17 06:14:14,8c1f646190001bf1,gateway_rssi,-102.0,1637,1634,24e124fffef94d5c
2026-06-17 06:14:22,8c1f646190001dd8,frame_counter,3740.0,1637,1634,
2026-06-17 06:14:22,8c1f646190001dd8,spreading_factor,7.0,1637,1634,
2026-06-17 06:14:22,8c1f646190001dd8,water_temp_min,22.0,1637,1634,
2026-06-17 06:14:22,8c1f646190001dd8,leak_status,2.0,1637,1634,
2026-06-17 06:14:22,8c1f646190001dd8,water_temp_max,22.0,1637,1634,
2026-06-17 06:14:22,8c1f646190001dd8,bandwidth,125000.0,1637,1634,
2026-06-17 06:14:22,8c1f646190001dd8,battery_recovered,3664.0,1637,1634,
2026-06-17 06:14:22,8c1f646190001dd8,battery,3616.0,1637,1634,
2026-06-17 06:14:22,8c1f646190001dd8,gateway_rssi,-110.0,1637,1634,24e124fffef949f8
2026-06-17 06:14:22,8c1f646190001dd8,gateway_snr,-1.2000000476837158,1637,1634,24e124fffef949f8
2026-06-17 06:14:22,8c1f646190001dd8,payload,1.0,1637,1634,abb509030000afda000008e01100bfa70903a001750202e3e9545454
2026-06-17 06:14:22,8c1f646190001dd8,ambient_temp,22.0,1637,1634,
2026-06-17 06:14:22,8c1f646190001dd8,error_code,0.0,1637,1634,
2026-06-17 06:14:22,8c1f646190001dd8,total_volume,55983.0,1637,1634,
2026-06-17 06:14:32,8c1f6461900021e0,total_volume,77171.0,1637,1634,
2026-06-17 06:14:32,8c1f6461900021e0,frame_counter,2244.0,1637,1634,
2026-06-17 06:14:32,8c1f6461900021e0,ambient_temp,22.0,1637,1634,
2026-06-17 06:14:32,8c1f6461900021e0,battery,3664.0,1637,1634,
2026-06-17 06:14:32,8c1f6461900021e0,payload,1.0,1637,1634,fa9509030000732d010000000000000000000000000000e9ed545554
2026-06-17 06:14:32,8c1f6461900021e0,water_temp_max,22.5,1637,1634,
2026-06-17 06:14:32,8c1f6461900021e0,water_temp_min,22.0,1637,1634,
2026-06-17 06:14:32,8c1f6461900021e0,error_code,0.0,1637,1634,
2026-06-17 06:14:32,8c1f6461900021e0,gateway_snr,8.0,1637,1634,24e124fffef949f8
2026-06-17 06:14:32,8c1f6461900021e0,gateway_rssi,-104.0,1637,1634,24e124fffef949f8
2026-06-17 06:14:32,8c1f6461900021e0,battery_recovered,3696.0,1637,1634,
2026-06-17 06:14:32,8c1f6461900021e0,bandwidth,125000.0,1637,1634,
2026-06-17 06:14:32,8c1f6461900021e0,leak_status,0.0,1637,1634,
2026-06-17 06:14:32,8c1f6461900021e0,spreading_factor,7.0,1637,1634,
2026-06-17 06:15:43,8c1f646190001968,payload,1.0,1637,1634,36ae0903000051160100f729180030a009033bf0690202e8eb558b58
2026-06-17 06:15:43,8c1f646190001968,battery_recovered,3680.0,1637,1634,
2026-06-17 06:15:43,8c1f646190001968,leak_status,2.0,1637,1634,
2026-06-17 06:15:43,8c1f646190001968,gateway_rssi,-106.0,1637,1634,24e124fffef949f8
2026-06-17 06:15:43,8c1f646190001968,total_volume,71249.0,1637,1634,
2026-06-17 06:15:43,8c1f646190001968,ambient_temp,24.0,1637,1634,
2026-06-17 06:15:43,8c1f646190001968,battery,3656.0,1637,1634,
2026-06-17 06:15:43,8c1f646190001968,water_temp_max,49.5,1637,1634,
2026-06-17 06:15:43,8c1f646190001968,water_temp_min,22.5,1637,1634,
2026-06-17 06:15:43,8c1f646190001968,error_code,0.0,1637,1634,
2026-06-17 06:15:43,8c1f646190001968,bandwidth,125000.0,1637,1634,
2026-06-17 06:15:43,8c1f646190001968,spreading_factor,7.0,1637,1634,
2026-06-17 06:15:43,8c1f646190001968,gateway_snr,6.5,1637,1634,24e124fffef949f8
2026-06-17 06:15:43,8c1f646190001968,frame_counter,3624.0,1637,1634,
2026-06-17 06:17:00,8c1f646190002291,error_code,0.0,1637,1634,
2026-06-17 06:17:00,8c1f646190002291,gateway_snr,5.5,1637,1634,24e124fffef949f8
2026-06-17 06:17:00,8c1f646190002291,bandwidth,125000.0,1637,1634,
2026-06-17 06:17:00,8c1f646190002291,ambient_temp,21.0,1637,1634,
2026-06-17 06:17:00,8c1f646190002291,spreading_factor,7.0,1637,1634,
2026-06-17 06:17:00,8c1f646190002291,frame_counter,6854.0,1637,1634,
2026-06-17 06:17:00,8c1f646190002291,gateway_rssi,-107.0,1637,1634,24e124fffef949f8
2026-06-17 06:17:00,8c1f646190002291,payload,1.0,1637,1634,b8e3090300005e16060000000000861609035a02000003dfe9525252
2026-06-17 06:17:00,8c1f646190002291,leak_status,3.0,1637,1634,
2026-06-17 06:17:00,8c1f646190002291,battery,3584.0,1637,1634,
2026-06-17 06:17:00,8c1f646190002291,water_temp_max,21.0,1637,1634,
2026-06-17 06:17:00,8c1f646190002291,total_volume,398942.0,1637,1634,
2026-06-17 06:17:00,8c1f646190002291,water_temp_min,21.0,1637,1634,
2026-06-17 06:17:00,8c1f646190002291,battery_recovered,3664.0,1637,1634,
2026-06-17 06:19:36,8c1f64619000160f,spreading_factor,7.0,1637,1634,
2026-06-17 06:19:36,8c1f64619000160f,battery_recovered,3672.0,1637,1634,
2026-06-17 06:19:36,8c1f64619000160f,gateway_snr,3.5,1637,1634,24e124fffef949f8
2026-06-17 06:19:36,8c1f64619000160f,frame_counter,3637.0,1637,1634,
2026-06-17 06:19:36,8c1f64619000160f,error_code,0.0,1637,1634,
2026-06-17 06:19:36,8c1f64619000160f,total_volume,119908.0,1637,1634,
2026-06-17 06:19:36,8c1f64619000160f,battery,3648.0,1637,1634,
2026-06-17 06:19:36,8c1f64619000160f,water_temp_max,22.5,1637,1634,
2026-06-17 06:19:36,8c1f64619000160f,ambient_temp,23.0,1637,1634,
2026-06-17 06:19:36,8c1f64619000160f,leak_status,0.0,1637,1634,
2026-06-17 06:19:36,8c1f64619000160f,gateway_rssi,-109.0,1637,1634,24e124fffef949f8
2026-06-17 06:19:36,8c1f64619000160f,bandwidth,125000.0,1637,1634,
2026-06-17 06:19:36,8c1f64619000160f,water_temp_min,22.5,1637,1634,
2026-06-17 06:19:36,8c1f64619000160f,payload,1.0,1637,1634,749e0d03000064d4010008000000000000000000000000e7ea555556
2026-06-17 06:21:21,8c1f6461900014f5,frame_counter,3576.0,1637,1634,
2026-06-17 06:21:21,8c1f6461900014f5,bandwidth,125000.0,1637,1634,
2026-06-17 06:21:21,8c1f6461900014f5,water_temp_max,22.0,1637,1634,
2026-06-17 06:21:21,8c1f6461900014f5,spreading_factor,7.0,1637,1634,
2026-06-17 06:21:21,8c1f6461900014f5,gateway_snr,7.199999809265137,1637,1634,24e124fffef949f8
2026-06-17 06:21:21,8c1f6461900014f5,error_code,0.0,1637,1634,
2026-06-17 06:21:21,8c1f6461900014f5,battery_recovered,3664.0,1637,1634,
2026-06-17 06:21:21,8c1f6461900014f5,leak_status,2.0,1637,1634,
2026-06-17 06:21:21,8c1f6461900014f5,total_volume,22139.0,1637,1634,
2026-06-17 06:21:21,8c1f6461900014f5,gateway_rssi,-104.0,1637,1634,24e124fffef949f8
2026-06-17 06:21:21,8c1f6461900014f5,battery,3632.0,1637,1634,
2026-06-17 06:21:21,8c1f6461900014f5,ambient_temp,22.5,1637,1634,
2026-06-17 06:21:21,8c1f6461900014f5,payload,1.0,1637,1634,938d0d0300007b560000000000009a7f0d03bb00a00a02e5e9535455
2026-06-17 06:21:21,8c1f6461900014f5,water_temp_min,21.5,1637,1634,
2026-06-17 06:22:03,8c1f646190001ec9,ambient_temp,21.0,1637,1634,
2026-06-17 06:22:03,8c1f646190001ec9,leak_status,2.0,1637,1634,
2026-06-17 06:22:03,8c1f646190001ec9,spreading_factor,7.0,1637,1634,
2026-06-17 06:22:03,8c1f646190001ec9,water_temp_min,21.5,1637,1634,
2026-06-17 06:22:03,8c1f646190001ec9,total_volume,34556.0,1637,1634,
2026-06-17 06:22:03,8c1f646190001ec9,battery_recovered,3664.0,1637,1634,
2026-06-17 06:22:03,8c1f646190001ec9,payload,1.0,1637,1634,169609030000fc860000f75a0b00338809035803680202e1e9535352
2026-06-17 06:22:03,8c1f646190001ec9,frame_counter,6557.0,1637,1634,
2026-06-17 06:22:03,8c1f646190001ec9,error_code,0.0,1637,1634,
2026-06-17 06:22:03,8c1f646190001ec9,gateway_snr,5.0,1637,1634,24e124fffef94d5c
2026-06-17 06:22:03,8c1f646190001ec9,gateway_rssi,-104.0,1637,1634,24e124fffef94d5c
2026-06-17 06:22:03,8c1f646190001ec9,battery,3600.0,1637,1634,
2026-06-17 06:22:03,8c1f646190001ec9,water_temp_max,21.5,1637,1634,
2026-06-17 06:22:03,8c1f646190001ec9,bandwidth,125000.0,1637,1634,
2026-06-17 06:22:37,8c1f6461900015ba,gateway_rssi,-106.0,1637,1634,24e124fffef949f8
2026-06-17 06:22:37,8c1f6461900015ba,battery_recovered,3680.0,1637,1634,
2026-06-17 06:22:37,8c1f6461900015ba,battery,3640.0,1637,1634,
2026-06-17 06:22:37,8c1f6461900015ba,gateway_snr,5.0,1637,1634,24e124fffef949f8
2026-06-17 06:22:37,8c1f6461900015ba,leak_status,2.0,1637,1634,
2026-06-17 06:22:37,8c1f6461900015ba,payload,1.0,1637,1634,eecc09030000911b000000000000ebbe0903a4fdd30302e6eb525353
2026-06-17 06:22:37,8c1f6461900015ba,ambient_temp,21.5,1637,1634,
2026-06-17 06:22:37,8c1f6461900015ba,bandwidth,125000.0,1637,1634,
2026-06-17 06:22:37,8c1f6461900015ba,total_volume,7057.0,1637,1634,
2026-06-17 06:22:37,8c1f6461900015ba,error_code,0.0,1637,1634,
2026-06-17 06:22:37,8c1f6461900015ba,spreading_factor,7.0,1637,1634,
2026-06-17 06:22:37,8c1f6461900015ba,water_temp_min,21.0,1637,1634,
2026-06-17 06:22:37,8c1f6461900015ba,frame_counter,7262.0,1637,1634,
2026-06-17 06:22:37,8c1f6461900015ba,water_temp_max,21.5,1637,1634,
2026-06-17 06:23:12,24e124725d489523,bandwidth,125000.0,1637,1634,
2026-06-17 06:23:12,24e124725d489523,payload,85.0,1637,1634,0175270367cd0004685e
2026-06-17 06:23:12,24e124725d489523,gateway_rssi,-111.0,1637,1634,24e124fffef949f8
2026-06-17 06:23:12,24e124725d489523,humidity,47.0,1637,1634,
2026-06-17 06:23:12,24e124725d489523,spreading_factor,7.0,1637,1634,
2026-06-17 06:23:12,24e124725d489523,battery,39.0,1637,1634,
2026-06-17 06:23:12,24e124725d489523,frame_counter,7504.0,1637,1634,
2026-06-17 06:23:12,24e124725d489523,gateway_snr,1.0,1637,1634,24e124fffef949f8
2026-06-17 06:23:12,24e124725d489523,temperature,20.5,1637,1634,
2026-06-17 06:24:32,8c1f6461900015ed,battery_recovered,3680.0,1637,1634,
2026-06-17 06:24:32,8c1f6461900015ed,bandwidth,125000.0,1637,1634,
2026-06-17 06:24:32,8c1f6461900015ed,total_volume,25835.0,1637,1634,
2026-06-17 06:24:32,8c1f6461900015ed,battery,3616.0,1637,1634,
2026-06-17 06:24:32,8c1f6461900015ed,error_code,0.0,1637,1634,
2026-06-17 06:24:32,8c1f6461900015ed,payload,1.0,1637,1634,85c109030000eb6400000ea409008cb309035e01920202e3eb525352
2026-06-17 06:24:32,8c1f6461900015ed,leak_status,2.0,1637,1634,
2026-06-17 06:24:32,8c1f6461900015ed,water_temp_max,21.5,1637,1634,
2026-06-17 06:24:32,8c1f6461900015ed,water_temp_min,21.0,1637,1634,
2026-06-17 06:24:32,8c1f6461900015ed,ambient_temp,21.0,1637,1634,
2026-06-17 06:24:32,8c1f6461900015ed,gateway_snr,11.0,1637,1634,24e124fffef94d5c
2026-06-17 06:24:32,8c1f6461900015ed,gateway_rssi,-94.0,1637,1634,24e124fffef94d5c
2026-06-17 06:24:32,8c1f6461900015ed,frame_counter,6144.0,1637,1634,
2026-06-17 06:24:32,8c1f6461900015ed,spreading_factor,7.0,1637,1634,
2026-06-17 06:25:09,8c1f6461900018f5,gateway_snr,7.5,1637,1634,24e124fffef949f8
2026-06-17 06:25:09,8c1f6461900018f5,battery_recovered,3664.0,1637,1634,
2026-06-17 06:25:09,8c1f6461900018f5,bandwidth,125000.0,1637,1634,
2026-06-17 06:25:09,8c1f6461900018f5,frame_counter,7697.0,1637,1634,
2026-06-17 06:25:09,8c1f6461900018f5,total_volume,51591.0,1637,1634,
2026-06-17 06:25:09,8c1f6461900018f5,water_temp_max,22.0,1637,1634,
2026-06-17 06:25:09,8c1f6461900018f5,leak_status,2.0,1637,1634,
2026-06-17 06:25:09,8c1f6461900018f5,error_code,0.0,1637,1634,
2026-06-17 06:25:09,8c1f6461900018f5,battery,3600.0,1637,1634,
2026-06-17 06:25:09,8c1f6461900018f5,payload,1.0,1637,1634,0dab0903000087c90000c5d904000b9d09036dfb2a0e02e1e9545455
2026-06-17 06:25:09,8c1f6461900018f5,spreading_factor,7.0,1637,1634,
2026-06-17 06:25:09,8c1f6461900018f5,water_temp_min,22.0,1637,1634,
2026-06-17 06:25:09,8c1f6461900018f5,gateway_rssi,-105.0,1637,1634,24e124fffef949f8
2026-06-17 06:25:09,8c1f6461900018f5,ambient_temp,22.5,1637,1634,
2026-06-17 06:26:17,8c1f6461900019c7,gateway_snr,2.799999952316284,1637,1634,24e124fffef94d5c
2026-06-17 06:26:17,8c1f6461900019c7,total_volume,22411.0,1637,1634,
2026-06-17 06:26:17,8c1f6461900019c7,bandwidth,125000.0,1637,1634,
2026-06-17 06:26:17,8c1f6461900019c7,leak_status,2.0,1637,1634,
2026-06-17 06:26:17,8c1f6461900019c7,spreading_factor,7.0,1637,1634,
2026-06-17 06:26:17,8c1f6461900019c7,battery_recovered,3648.0,1637,1634,
2026-06-17 06:26:17,8c1f6461900019c7,battery,3568.0,1637,1634,
2026-06-17 06:26:17,8c1f6461900019c7,frame_counter,5925.0,1637,1634,
2026-06-17 06:26:17,8c1f6461900019c7,water_temp_min,22.5,1637,1634,
2026-06-17 06:26:17,8c1f6461900019c7,error_code,0.0,1637,1634,
2026-06-17 06:26:17,8c1f6461900019c7,payload,1.0,1637,1634,be94090300008b57000052480800bb860903bcfcee0202dde7555655
2026-06-17 06:26:17,8c1f6461900019c7,water_temp_max,23.0,1637,1634,
2026-06-17 06:26:17,8c1f6461900019c7,ambient_temp,22.5,1637,1634,
2026-06-17 06:26:17,8c1f6461900019c7,gateway_rssi,-106.0,1637,1634,24e124fffef94d5c
2026-06-17 06:26:50,8c1f646190001baf,water_temp_min,23.5,1637,1634,
2026-06-17 06:26:50,8c1f646190001baf,error_code,0.0,1637,1634,
2026-06-17 06:26:50,8c1f646190001baf,total_volume,53804.0,1637,1634,
2026-06-17 06:26:50,8c1f646190001baf,battery_recovered,3656.0,1637,1634,
2026-06-17 06:26:50,8c1f646190001baf,water_temp_max,33.0,1637,1634,
2026-06-17 06:26:50,8c1f646190001baf,gateway_snr,3.200000047683716,1637,1634,24e124fffef94d5c
2026-06-17 06:26:50,8c1f646190001baf,payload,1.0,1637,1634,03bb090300002cd200001fa90500000000000000000000e0e8576a56
2026-06-17 06:26:50,8c1f646190001baf,bandwidth,125000.0,1637,1634,
2026-06-17 06:26:50,8c1f646190001baf,gateway_rssi,-105.0,1637,1634,24e124fffef94d5c
2026-06-17 06:26:50,8c1f646190001baf,frame_counter,6731.0,1637,1634,
2026-06-17 06:26:50,8c1f646190001baf,battery,3592.0,1637,1634,
2026-06-17 06:26:50,8c1f646190001baf,spreading_factor,7.0,1637,1634,
2026-06-17 06:26:50,8c1f646190001baf,leak_status,0.0,1637,1634,
2026-06-17 06:26:50,8c1f646190001baf,ambient_temp,23.0,1637,1634,
2026-06-17 06:27:10,8c1f646190001790,total_volume,9033.0,1637,1634,
2026-06-17 06:27:10,8c1f646190001790,leak_status,2.0,1637,1634,
2026-06-17 06:27:10,8c1f646190001790,payload,1.0,1637,1634,aecd0903000049230000db340300dabf09035f00f70202e9ed525354
2026-06-17 06:27:10,8c1f646190001790,spreading_factor,7.0,1637,1634,
2026-06-17 06:27:10,8c1f646190001790,battery_recovered,3696.0,1637,1634,
2026-06-17 06:27:10,8c1f646190001790,bandwidth,125000.0,1637,1634,
2026-06-17 06:27:10,8c1f646190001790,error_code,0.0,1637,1634,
2026-06-17 06:27:10,8c1f646190001790,frame_counter,3635.0,1637,1634,
2026-06-17 06:27:10,8c1f646190001790,gateway_snr,2.0,1637,1634,24e124fffef949f8
2026-06-17 06:27:10,8c1f646190001790,ambient_temp,22.0,1637,1634,
2026-06-17 06:27:10,8c1f646190001790,water_temp_min,21.0,1637,1634,
2026-06-17 06:27:10,8c1f646190001790,battery,3664.0,1637,1634,
2026-06-17 06:27:10,8c1f646190001790,gateway_rssi,-110.0,1637,1634,24e124fffef949f8
2026-06-17 06:27:10,8c1f646190001790,water_temp_max,21.5,1637,1634,
2026-06-17 06:27:20,8c1f6461900021a9,gateway_snr,1.0,1637,1634,24e124fffef949f8
2026-06-17 06:27:20,8c1f6461900021a9,ambient_temp,21.0,1637,1634,
2026-06-17 06:27:20,8c1f6461900021a9,battery,3600.0,1637,1634,
2026-06-17 06:27:20,8c1f6461900021a9,leak_status,2.0,1637,1634,
2026-06-17 06:27:20,8c1f6461900021a9,payload,1.0,1637,1634,8cba0903000009cb0000f8f81100b1ac090311fd270402e1e9515152
2026-06-17 06:27:20,8c1f6461900021a9,bandwidth,125000.0,1637,1634,
2026-06-17 06:27:20,8c1f6461900021a9,frame_counter,7889.0,1637,1634,
2026-06-17 06:27:20,8c1f6461900021a9,battery_recovered,3664.0,1637,1634,
2026-06-17 06:27:20,8c1f6461900021a9,total_volume,51977.0,1637,1634,
2026-06-17 06:27:20,8c1f6461900021a9,water_temp_min,20.5,1637,1634,
2026-06-17 06:27:20,8c1f6461900021a9,water_temp_max,20.5,1637,1634,
2026-06-17 06:27:20,8c1f6461900021a9,spreading_factor,7.0,1637,1634,
2026-06-17 06:27:20,8c1f6461900021a9,gateway_rssi,-111.0,1637,1634,24e124fffef949f8
2026-06-17 06:27:20,8c1f6461900021a9,error_code,0.0,1637,1634,
2026-06-17 06:28:48,8c1f646190002012,leak_status,2.0,1637,1634,
2026-06-17 06:28:48,8c1f646190002012,gateway_rssi,-105.0,1637,1634,24e124fffef949f8
2026-06-17 06:28:48,8c1f646190002012,battery_recovered,3672.0,1637,1634,
2026-06-17 06:28:48,8c1f646190002012,gateway_snr,6.199999809265137,1637,1634,24e124fffef949f8
2026-06-17 06:28:48,8c1f646190002012,ambient_temp,22.0,1637,1634,
2026-06-17 06:28:48,8c1f646190002012,water_temp_min,22.0,1637,1634,
2026-06-17 06:28:48,8c1f646190002012,frame_counter,2857.0,1637,1634,
2026-06-17 06:28:48,8c1f646190002012,payload,1.0,1637,1634,4199090300006f520000e1cd0700358b0903e1fc280302e8ea545554
2026-06-17 06:28:48,8c1f646190002012,total_volume,21103.0,1637,1634,
2026-06-17 06:28:48,8c1f646190002012,battery,3656.0,1637,1634,
2026-06-17 06:28:48,8c1f646190002012,error_code,0.0,1637,1634,
2026-06-17 06:28:48,8c1f646190002012,spreading_factor,7.0,1637,1634,
2026-06-17 06:28:48,8c1f646190002012,bandwidth,125000.0,1637,1634,
2026-06-17 06:28:48,8c1f646190002012,water_temp_max,22.5,1637,1634,
2026-06-17 06:31:48,8c1f646190001d93,ambient_temp,27.0,1637,1634,
2026-06-17 06:31:48,8c1f646190001d93,payload,1.0,1637,1634,4abe09030000861c0100f027000067b20903760bab1702e4ed61625e
2026-06-17 06:31:48,8c1f646190001d93,bandwidth,125000.0,1637,1634,
2026-06-17 06:31:48,8c1f646190001d93,battery,3624.0,1637,1634,
2026-06-17 06:31:48,8c1f646190001d93,gateway_rssi,-111.0,1637,1634,24e124fffef94d5c
2026-06-17 06:31:48,8c1f646190001d93,battery_recovered,3696.0,1637,1634,
2026-06-17 06:31:48,8c1f646190001d93,frame_counter,5876.0,1637,1634,
2026-06-17 06:31:48,8c1f646190001d93,error_code,0.0,1637,1634,
2026-06-17 06:31:48,8c1f646190001d93,leak_status,2.0,1637,1634,
2026-06-17 06:31:48,8c1f646190001d93,water_temp_min,28.5,1637,1634,
2026-06-17 06:31:48,8c1f646190001d93,water_temp_max,29.0,1637,1634,
2026-06-17 06:31:48,8c1f646190001d93,total_volume,72838.0,1637,1634,
2026-06-17 06:31:48,8c1f646190001d93,spreading_factor,7.0,1637,1634,
2026-06-17 06:31:48,8c1f646190001d93,gateway_snr,-9.199999809265137,1637,1634,24e124fffef94d5c
2026-06-17 06:32:07,8c1f646190001af8,battery_recovered,3656.0,1637,1634,
2026-06-17 06:32:07,8c1f646190001af8,spreading_factor,7.0,1637,1634,
2026-06-17 06:32:07,8c1f646190001af8,water_temp_max,22.0,1637,1634,
2026-06-17 06:32:07,8c1f646190001af8,bandwidth,125000.0,1637,1634,
2026-06-17 06:32:07,8c1f646190001af8,total_volume,25456.0,1637,1634,
2026-06-17 06:32:07,8c1f646190001af8,battery,3584.0,1637,1634,
2026-06-17 06:32:07,8c1f646190001af8,ambient_temp,21.0,1637,1634,
2026-06-17 06:32:07,8c1f646190001af8,gateway_rssi,-104.0,1637,1634,24e124fffef94d5c
2026-06-17 06:32:07,8c1f646190001af8,leak_status,2.0,1637,1634,
2026-06-17 06:32:07,8c1f646190001af8,gateway_snr,4.199999809265137,1637,1634,24e124fffef94d5c
2026-06-17 06:32:07,8c1f646190001af8,payload,1.0,1637,1634,519b0903000070630000260000007a8d09039700930202dfe8535452
2026-06-17 06:32:07,8c1f646190001af8,frame_counter,7618.0,1637,1634,
2026-06-17 06:32:07,8c1f646190001af8,water_temp_min,21.5,1637,1634,
2026-06-17 06:32:07,8c1f646190001af8,error_code,0.0,1637,1634,
2026-06-17 06:32:46,8c1f6461900017e3,battery_recovered,3664.0,1637,1634,
2026-06-17 06:32:46,8c1f6461900017e3,bandwidth,125000.0,1637,1634,
2026-06-17 06:32:46,8c1f6461900017e3,water_temp_max,28.5,1637,1634,
2026-06-17 06:32:46,8c1f6461900017e3,battery,3640.0,1637,1634,
2026-06-17 06:32:46,8c1f6461900017e3,water_temp_min,26.0,1637,1634,
2026-06-17 06:32:46,8c1f6461900017e3,frame_counter,3599.0,1637,1634,
2026-06-17 06:32:46,8c1f6461900017e3,error_code,0.0,1637,1634,
2026-06-17 06:32:46,8c1f6461900017e3,ambient_temp,23.5,1637,1634,
2026-06-17 06:32:46,8c1f6461900017e3,payload,1.0,1637,1634,3fc209030000ea0c0100e401000045b4090325fd6a1402e6e95c6157
2026-06-17 06:32:46,8c1f6461900017e3,gateway_snr,5.5,1637,1634,24e124fffef949f8
2026-06-17 06:32:46,8c1f6461900017e3,gateway_rssi,-106.0,1637,1634,24e124fffef949f8
2026-06-17 06:32:46,8c1f6461900017e3,spreading_factor,7.0,1637,1634,
2026-06-17 06:32:46,8c1f6461900017e3,total_volume,68842.0,1637,1634,
2026-06-17 06:32:46,8c1f6461900017e3,leak_status,2.0,1637,1634,
2026-06-17 06:33:14,8c1f6461900021c1,bandwidth,125000.0,1637,1634,
2026-06-17 06:33:14,8c1f6461900021c1,battery_recovered,3664.0,1637,1634,
2026-06-17 06:33:14,24e124725d489523,spreading_factor,7.0,1637,1634,
2026-06-17 06:33:14,8c1f6461900021c1,error_code,0.0,1637,1634,
2026-06-17 06:33:14,8c1f6461900021c1,battery,3592.0,1637,1634,
2026-06-17 06:33:14,8c1f6461900021c1,water_temp_max,20.5,1637,1634,
2026-06-17 06:33:14,8c1f6461900021c1,total_volume,114980.0,1637,1634,
2026-06-17 06:33:14,24e124725d489523,battery,39.0,1637,1634,
2026-06-17 06:33:14,24e124725d489523,temperature,20.5,1637,1634,
2026-06-17 06:33:14,24e124725d489523,gateway_snr,0.2000000029802322,1637,1634,24e124fffef949f8
2026-06-17 06:33:14,24e124725d489523,payload,85.0,1637,1634,0175270367cd0004685e
2026-06-17 06:33:14,8c1f6461900021c1,ambient_temp,20.5,1637,1634,
2026-06-17 06:33:14,24e124725d489523,frame_counter,7505.0,1637,1634,
2026-06-17 06:33:14,24e124725d489523,gateway_rssi,-113.0,1637,1634,24e124fffef949f8
2026-06-17 06:33:14,8c1f6461900021c1,water_temp_min,20.0,1637,1634,
2026-06-17 06:33:14,24e124725d489523,bandwidth,125000.0,1637,1634,
2026-06-17 06:33:14,8c1f6461900021c1,frame_counter,7664.0,1637,1634,
2026-06-17 06:33:14,8c1f6461900021c1,leak_status,0.0,1637,1634,
2026-06-17 06:33:14,8c1f6461900021c1,gateway_rssi,-106.0,1637,1634,24e124fffef94d5c
2026-06-17 06:33:14,8c1f6461900021c1,gateway_snr,2.0,1637,1634,24e124fffef94d5c
2026-06-17 06:33:14,8c1f6461900021c1,spreading_factor,7.0,1637,1634,
2026-06-17 06:33:14,8c1f6461900021c1,payload,1.0,1637,1634,c2d30903000024c101001af30500000000000000000000e0e9505151
2026-06-17 06:33:14,24e124725d489523,humidity,47.0,1637,1634,
2026-06-17 06:34:20,8c1f6461900021e2,total_volume,56792.0,1637,1634,
2026-06-17 06:34:20,8c1f6461900021e2,battery,3632.0,1637,1634,
2026-06-17 06:34:20,8c1f6461900021e2,water_temp_min,23.5,1637,1634,
2026-06-17 06:34:20,8c1f6461900021e2,error_code,0.0,1637,1634,
2026-06-17 06:34:20,8c1f6461900021e2,gateway_rssi,-104.0,1637,1634,24e124fffef949f8
2026-06-17 06:34:20,8c1f6461900021e2,leak_status,2.0,1637,1634,
2026-06-17 06:34:20,8c1f6461900021e2,gateway_snr,6.199999809265137,1637,1634,24e124fffef949f8
2026-06-17 06:34:20,8c1f6461900021e2,bandwidth,125000.0,1637,1634,
2026-06-17 06:34:20,8c1f6461900021e2,payload,1.0,1637,1634,17d409030000d8dd00003200000020c60903b403b50e02e5e9575857
2026-06-17 06:34:20,8c1f6461900021e2,frame_counter,3642.0,1637,1634,
2026-06-17 06:34:20,8c1f6461900021e2,ambient_temp,23.5,1637,1634,
2026-06-17 06:34:20,8c1f6461900021e2,spreading_factor,7.0,1637,1634,
2026-06-17 06:34:20,8c1f6461900021e2,battery_recovered,3664.0,1637,1634,
2026-06-17 06:34:20,8c1f6461900021e2,water_temp_max,24.0,1637,1634,
2026-06-17 06:35:28,8c1f6461900020a5,gateway_rssi,-101.0,1637,1634,24e124fffef94d5c
2026-06-17 06:35:28,8c1f6461900020a5,battery_recovered,3656.0,1637,1634,
2026-06-17 06:35:28,8c1f6461900020a5,bandwidth,125000.0,1637,1634,
2026-06-17 06:35:28,8c1f6461900020a5,ambient_temp,24.0,1637,1634,
2026-06-17 06:35:28,8c1f6461900020a5,battery,3584.0,1637,1634,
2026-06-17 06:35:28,8c1f6461900020a5,water_temp_max,25.0,1637,1634,
2026-06-17 06:35:28,8c1f6461900020a5,frame_counter,7606.0,1637,1634,
2026-06-17 06:35:28,8c1f6461900020a5,spreading_factor,7.0,1637,1634,
2026-06-17 06:35:28,8c1f6461900020a5,error_code,0.0,1637,1634,
2026-06-17 06:35:28,8c1f6461900020a5,total_volume,15397.0,1637,1634,
2026-06-17 06:35:28,8c1f6461900020a5,leak_status,2.0,1637,1634,
2026-06-17 06:35:28,8c1f6461900020a5,water_temp_min,23.5,1637,1634,
2026-06-17 06:35:28,8c1f6461900020a5,payload,1.0,1637,1634,04de09030000253c00000000000016d70903f6fe930402dfe8575a58
2026-06-17 06:35:28,8c1f6461900020a5,gateway_snr,7.800000190734863,1637,1634,24e124fffef94d5c
2026-06-17 06:36:31,8c1f646190001ba9,gateway_snr,4.5,1637,1634,24e124fffef949f8
2026-06-17 06:36:31,8c1f646190001ba9,gateway_rssi,-107.0,1637,1634,24e124fffef949f8
2026-06-17 06:36:31,8c1f646190001ba9,bandwidth,125000.0,1637,1634,
2026-06-17 06:36:31,8c1f646190001ba9,frame_counter,7075.0,1637,1634,
2026-06-17 06:36:31,8c1f646190001ba9,ambient_temp,22.0,1637,1634,
2026-06-17 06:36:31,8c1f646190001ba9,battery_recovered,3672.0,1637,1634,
2026-06-17 06:36:31,8c1f646190001ba9,spreading_factor,7.0,1637,1634,
2026-06-17 06:36:31,8c1f646190001ba9,water_temp_max,22.0,1637,1634,
2026-06-17 06:36:31,8c1f646190001ba9,error_code,0.0,1637,1634,
2026-06-17 06:36:31,8c1f646190001ba9,total_volume,31771.0,1637,1634,
2026-06-17 06:36:31,8c1f646190001ba9,leak_status,2.0,1637,1634,
2026-06-17 06:36:31,8c1f646190001ba9,water_temp_min,22.0,1637,1634,
2026-06-17 06:36:31,8c1f646190001ba9,battery,3600.0,1637,1634,
2026-06-17 06:36:31,8c1f646190001ba9,payload,1.0,1637,1634,96c5090300001b7c0000a1430b00a2b709032501500202e1ea545454
2026-06-17 06:36:51,8c1f6461900018ba,ambient_temp,21.0,1637,1634,
2026-06-17 06:36:51,8c1f6461900018ba,total_volume,7597.0,1637,1634,
2026-06-17 06:36:51,8c1f6461900018ba,error_code,0.0,1637,1634,
2026-06-17 06:36:51,8c1f6461900018ba,gateway_snr,4.800000190734863,1637,1634,24e124fffef94d5c
2026-06-17 06:36:51,8c1f6461900018ba,water_temp_min,21.0,1637,1634,
2026-06-17 06:36:51,8c1f6461900018ba,spreading_factor,7.0,1637,1634,
2026-06-17 06:36:51,8c1f6461900018ba,payload,1.0,1637,1634,788d09030000ad1d000000000000927f09035d02850202dfea525352
2026-06-17 06:36:51,8c1f6461900018ba,battery,3584.0,1637,1634,
2026-06-17 06:36:51,8c1f6461900018ba,gateway_rssi,-104.0,1637,1634,24e124fffef94d5c
2026-06-17 06:36:51,8c1f6461900018ba,battery_recovered,3672.0,1637,1634,
2026-06-17 06:36:51,8c1f6461900018ba,leak_status,2.0,1637,1634,
2026-06-17 06:36:51,8c1f6461900018ba,frame_counter,5751.0,1637,1634,
2026-06-17 06:36:51,8c1f6461900018ba,bandwidth,125000.0,1637,1634,
2026-06-17 06:36:51,8c1f6461900018ba,water_temp_max,21.5,1637,1634,
2026-06-17 06:37:56,8c1f646190001fcb,water_temp_max,22.5,1637,1634,
2026-06-17 06:37:56,8c1f646190001fcb,gateway_rssi,-108.0,1637,1634,24e124fffef94d5c
2026-06-17 06:37:56,8c1f646190001fcb,spreading_factor,7.0,1637,1634,
2026-06-17 06:37:56,8c1f646190001fcb,ambient_temp,22.0,1637,1634,
2026-06-17 06:37:56,8c1f646190001fcb,gateway_snr,-3.799999952316284,1637,1634,24e124fffef94d5c
2026-06-17 06:37:56,8c1f646190001fcb,bandwidth,125000.0,1637,1634,
2026-06-17 06:37:56,8c1f646190001fcb,frame_counter,7389.0,1637,1634,
2026-06-17 06:37:56,8c1f646190001fcb,error_code,0.0,1637,1634,
2026-06-17 06:37:56,8c1f646190001fcb,payload,1.0,1637,1634,817a0d0300006f5d000000000000a56c0d0313020f0602e5ed545554
2026-06-17 06:37:56,8c1f646190001fcb,battery_recovered,3696.0,1637,1634,
2026-06-17 06:37:56,8c1f646190001fcb,battery,3632.0,1637,1634,
2026-06-17 06:37:56,8c1f646190001fcb,water_temp_min,22.0,1637,1634,
2026-06-17 06:37:56,8c1f646190001fcb,leak_status,2.0,1637,1634,
2026-06-17 06:37:56,8c1f646190001fcb,total_volume,23919.0,1637,1634,
2026-06-17 06:38:11,8c1f646190002244,frame_counter,6478.0,1637,1634,
2026-06-17 06:38:11,8c1f646190002244,ambient_temp,23.0,1637,1634,
2026-06-17 06:38:11,8c1f646190002244,battery_recovered,3672.0,1637,1634,
2026-06-17 06:38:11,8c1f646190002244,battery,3608.0,1637,1634,
2026-06-17 06:38:11,8c1f646190002244,gateway_rssi,-104.0,1637,1634,24e124fffef94d5c
2026-06-17 06:38:11,8c1f646190002244,payload,1.0,1637,1634,2f970903000010b9010003000000000000000000000000e2ea555656
2026-06-17 06:38:11,8c1f646190002244,spreading_factor,7.0,1637,1634,
2026-06-17 06:38:11,8c1f646190002244,error_code,0.0,1637,1634,
2026-06-17 06:38:11,8c1f646190002244,total_volume,112912.0,1637,1634,
2026-06-17 06:38:11,8c1f646190002244,water_temp_max,23.0,1637,1634,
2026-06-17 06:38:11,8c1f646190002244,leak_status,0.0,1637,1634,
2026-06-17 06:38:11,8c1f646190002244,bandwidth,125000.0,1637,1634,
2026-06-17 06:38:11,8c1f646190002244,water_temp_min,22.5,1637,1634,
2026-06-17 06:38:11,8c1f646190002244,gateway_snr,3.799999952316284,1637,1634,24e124fffef94d5c
2026-06-17 06:39:35,8c1f6461900021bd,battery_recovered,3656.0,1637,1634,
2026-06-17 06:39:35,8c1f6461900021bd,water_temp_min,21.5,1637,1634,
2026-06-17 06:39:35,8c1f6461900021bd,gateway_snr,1.2000000476837158,1637,1634,24e124fffef94d5c
2026-06-17 06:39:35,8c1f6461900021bd,gateway_rssi,-106.0,1637,1634,24e124fffef94d5c
2026-06-17 06:39:35,8c1f6461900021bd,frame_counter,6633.0,1637,1634,
2026-06-17 06:39:35,8c1f6461900021bd,water_temp_max,22.0,1637,1634,
2026-06-17 06:39:35,8c1f6461900021bd,ambient_temp,22.0,1637,1634,
2026-06-17 06:39:35,8c1f6461900021bd,leak_status,2.0,1637,1634,
2026-06-17 06:39:35,8c1f6461900021bd,battery,3576.0,1637,1634,
2026-06-17 06:39:35,8c1f6461900021bd,total_volume,71806.0,1637,1634,
2026-06-17 06:39:35,8c1f6461900021bd,payload,1.0,1637,1634,bece090300007e180100000000004ec20903c704481c02dee8535454
2026-06-17 06:39:35,8c1f6461900021bd,bandwidth,125000.0,1637,1634,
2026-06-17 06:39:35,8c1f6461900021bd,error_code,0.0,1637,1634,
2026-06-17 06:39:35,8c1f6461900021bd,spreading_factor,7.0,1637,1634,
2026-06-17 06:43:13,24e124725d489523,battery,39.0,1637,1634,
2026-06-17 06:43:13,24e124725d489523,humidity,47.0,1637,1634,
2026-06-17 06:43:13,24e124725d489523,gateway_rssi,-112.0,1637,1634,24e124fffef949f8
2026-06-17 06:43:13,24e124725d489523,payload,85.0,1637,1634,0175270367cd0004685e
2026-06-17 06:43:13,24e124725d489523,frame_counter,7506.0,1637,1634,
2026-06-17 06:43:13,24e124725d489523,temperature,20.5,1637,1634,
2026-06-17 06:43:13,24e124725d489523,gateway_snr,-1.7999999523162842,1637,1634,24e124fffef949f8
2026-06-17 06:43:13,24e124725d489523,spreading_factor,7.0,1637,1634,
2026-06-17 06:43:13,24e124725d489523,bandwidth,125000.0,1637,1634,
2026-06-17 06:45:46,8c1f64619000227c,gateway_snr,1.0,1637,1634,24e124fffef949f8
2026-06-17 06:45:46,8c1f64619000227c,leak_status,2.0,1637,1634,
2026-06-17 06:45:46,8c1f64619000227c,battery_recovered,3664.0,1637,1634,
2026-06-17 06:45:46,8c1f64619000227c,error_code,0.0,1637,1634,
2026-06-17 06:45:46,8c1f64619000227c,ambient_temp,23.0,1637,1634,
2026-06-17 06:45:46,8c1f64619000227c,water_temp_min,23.0,1637,1634,
2026-06-17 06:45:46,8c1f64619000227c,total_volume,12937.0,1637,1634,
2026-06-17 06:45:46,8c1f64619000227c,gateway_rssi,-111.0,1637,1634,24e124fffef949f8
2026-06-17 06:45:46,8c1f64619000227c,battery,3576.0,1637,1634,
2026-06-17 06:45:46,8c1f64619000227c,water_temp_max,23.0,1637,1634,
2026-06-17 06:45:46,8c1f64619000227c,payload,1.0,1637,1634,90a50903000089320000e7ad0400b6970903aeff010102dee9565656
2026-06-17 06:45:46,8c1f64619000227c,bandwidth,125000.0,1637,1634,
2026-06-17 06:45:46,8c1f64619000227c,frame_counter,7521.0,1637,1634,
2026-06-17 06:45:46,8c1f64619000227c,spreading_factor,7.0,1637,1634,
2026-06-17 06:46:16,8c1f64619000171c,battery_recovered,3672.0,1637,1634,
2026-06-17 06:46:16,8c1f64619000171c,gateway_snr,3.5,1637,1634,24e124fffef949f8
2026-06-17 06:46:16,8c1f64619000171c,water_temp_max,25.5,1637,1634,
2026-06-17 06:46:16,8c1f64619000171c,ambient_temp,24.5,1637,1634,
2026-06-17 06:46:16,8c1f64619000171c,water_temp_min,24.0,1637,1634,
2026-06-17 06:46:16,8c1f64619000171c,error_code,0.0,1637,1634,
2026-06-17 06:46:16,8c1f64619000171c,gateway_rssi,-109.0,1637,1634,24e124fffef949f8
2026-06-17 06:46:16,8c1f64619000171c,battery,3640.0,1637,1634,
2026-06-17 06:46:16,8c1f64619000171c,bandwidth,125000.0,1637,1634,
2026-06-17 06:46:16,8c1f64619000171c,frame_counter,3606.0,1637,1634,
2026-06-17 06:46:16,8c1f64619000171c,total_volume,17945.0,1637,1634,
2026-06-17 06:46:16,8c1f64619000171c,spreading_factor,7.0,1637,1634,
2026-06-17 06:46:16,8c1f64619000171c,payload,1.0,1637,1634,79830d030000194600001200000079750d0336020f0202e6ea585b59
2026-06-17 06:46:16,8c1f64619000171c,leak_status,2.0,1637,1634,
2026-06-17 06:46:17,8c1f646190001c1f,total_volume,44066.0,1637,1634,
2026-06-17 06:46:17,8c1f646190001c1f,water_temp_max,24.0,1637,1634,
2026-06-17 06:46:17,8c1f646190001c1f,spreading_factor,7.0,1637,1634,
2026-06-17 06:46:17,8c1f646190001c1f,frame_counter,1939.0,1637,1634,
2026-06-17 06:46:17,8c1f646190001c1f,error_code,0.0,1637,1634,
2026-06-17 06:46:17,8c1f646190001c1f,gateway_rssi,-106.0,1637,1634,24e124fffef949f8
2026-06-17 06:46:17,8c1f646190001c1f,payload,1.0,1637,1634,8dc80903000022ac000000000000000000000000000000e4ec575856
2026-06-17 06:46:17,8c1f646190001c1f,battery_recovered,3688.0,1637,1634,
2026-06-17 06:46:17,8c1f646190001c1f,bandwidth,125000.0,1637,1634,
2026-06-17 06:46:17,8c1f646190001c1f,battery,3624.0,1637,1634,
2026-06-17 06:46:17,8c1f646190001c1f,leak_status,0.0,1637,1634,
2026-06-17 06:46:17,8c1f646190001c1f,ambient_temp,23.0,1637,1634,
2026-06-17 06:46:17,8c1f646190001c1f,water_temp_min,23.5,1637,1634,
2026-06-17 06:46:17,8c1f646190001c1f,gateway_snr,6.199999809265137,1637,1634,24e124fffef949f8
2026-06-17 06:47:55,8c1f646190001fc1,total_volume,50573.0,1637,1634,
2026-06-17 06:47:55,8c1f646190001fc1,payload,1.0,1637,1634,63ce090300008dc50000871c0a008bc00903e3081a0c02dee6545554
2026-06-17 06:47:55,8c1f646190001fc1,water_temp_max,22.5,1637,1634,
2026-06-17 06:47:55,8c1f646190001fc1,water_temp_min,22.0,1637,1634,
2026-06-17 06:47:55,8c1f646190001fc1,gateway_snr,11.0,1637,1634,24e124fffef94d5c
2026-06-17 06:47:55,8c1f646190001fc1,spreading_factor,7.0,1637,1634,
2026-06-17 06:47:55,8c1f646190001fc1,gateway_rssi,-95.0,1637,1634,24e124fffef94d5c
2026-06-17 06:47:55,8c1f646190001fc1,leak_status,2.0,1637,1634,
2026-06-17 06:47:55,8c1f646190001fc1,ambient_temp,22.0,1637,1634,
2026-06-17 06:47:55,8c1f646190001fc1,battery_recovered,3640.0,1637,1634,
2026-06-17 06:47:55,8c1f646190001fc1,error_code,0.0,1637,1634,
2026-06-17 06:47:55,8c1f646190001fc1,battery,3576.0,1637,1634,
2026-06-17 06:47:55,8c1f646190001fc1,bandwidth,125000.0,1637,1634,
2026-06-17 06:47:55,8c1f646190001fc1,frame_counter,6895.0,1637,1634,
2026-06-17 06:49:24,8c1f646190001501,error_code,0.0,1637,1634,
2026-06-17 06:49:24,8c1f646190001501,water_temp_min,22.0,1637,1634,
2026-06-17 06:49:24,8c1f646190001501,leak_status,2.0,1637,1634,
2026-06-17 06:49:24,8c1f646190001501,total_volume,21710.0,1637,1634,
2026-06-17 06:49:24,8c1f646190001501,battery_recovered,3696.0,1637,1634,
2026-06-17 06:49:24,8c1f646190001501,payload,1.0,1637,1634,d2cc0e030000ce540000028e0600f1be0e03f101af0402eaed545454
2026-06-17 06:49:24,8c1f646190001501,bandwidth,125000.0,1637,1634,
2026-06-17 06:49:24,8c1f646190001501,water_temp_max,22.0,1637,1634,
2026-06-17 06:49:24,8c1f646190001501,battery,3672.0,1637,1634,
2026-06-17 06:49:24,8c1f646190001501,spreading_factor,7.0,1637,1634,
2026-06-17 06:49:24,8c1f646190001501,gateway_rssi,-101.0,1637,1634,24e124fffef949f8
2026-06-17 06:49:24,8c1f646190001501,gateway_snr,10.5,1637,1634,24e124fffef949f8
2026-06-17 06:49:24,8c1f646190001501,ambient_temp,22.0,1637,1634,
2026-06-17 06:49:24,8c1f646190001501,frame_counter,3294.0,1637,1634,
2026-06-17 06:49:29,8c1f646190001bea,water_temp_max,22.5,1637,1634,
2026-06-17 06:49:29,8c1f646190001bea,frame_counter,7692.0,1637,1634,
2026-06-17 06:49:29,8c1f646190001bea,ambient_temp,22.0,1637,1634,
2026-06-17 06:49:29,8c1f646190001bea,total_volume,34015.0,1637,1634,
2026-06-17 06:49:29,8c1f646190001bea,error_code,0.0,1637,1634,
2026-06-17 06:49:29,8c1f646190001bea,gateway_rssi,-107.0,1637,1634,24e124fffef94d5c
2026-06-17 06:49:29,8c1f646190001bea,spreading_factor,7.0,1637,1634,
2026-06-17 06:49:29,8c1f646190001bea,payload,1.0,1637,1634,3eb909030000df840000206c0c0040ab090328fe0a0202e0e8545554
2026-06-17 06:49:29,8c1f646190001bea,gateway_snr,1.2000000476837158,1637,1634,24e124fffef94d5c
2026-06-17 06:49:29,8c1f646190001bea,battery_recovered,3656.0,1637,1634,
2026-06-17 06:49:29,8c1f646190001bea,bandwidth,125000.0,1637,1634,
2026-06-17 06:49:29,8c1f646190001bea,battery,3592.0,1637,1634,
2026-06-17 06:49:29,8c1f646190001bea,water_temp_min,22.0,1637,1634,
2026-06-17 06:49:29,8c1f646190001bea,leak_status,2.0,1637,1634,
2026-06-17 06:53:13,24e124725d489523,humidity,46.5,1637,1634,
2026-06-17 06:53:13,24e124725d489523,gateway_rssi,-112.0,1637,1634,24e124fffef949f8
2026-06-17 06:53:13,24e124725d489523,spreading_factor,7.0,1637,1634,
2026-06-17 06:53:13,24e124725d489523,frame_counter,7507.0,1637,1634,
2026-06-17 06:53:13,24e124725d489523,gateway_snr,-1.5,1637,1634,24e124fffef949f8
2026-06-17 06:53:13,24e124725d489523,battery,39.0,1637,1634,
2026-06-17 06:53:13,24e124725d489523,bandwidth,125000.0,1637,1634,
2026-06-17 06:53:13,24e124725d489523,temperature,20.5,1637,1634,
2026-06-17 06:53:13,24e124725d489523,payload,85.0,1637,1634,0175270367cd0004685d
2026-06-17 06:54:32,8c1f6461900021e8,payload,1.0,1637,1634,22db0903000095b600007d6107001fcd09031b00ca0702e7eb5a5b57
2026-06-17 06:54:32,8c1f6461900021e8,battery,3648.0,1637,1634,
2026-06-17 06:54:32,8c1f6461900021e8,battery_recovered,3680.0,1637,1634,
2026-06-17 06:54:32,8c1f6461900021e8,gateway_snr,3.0,1637,1634,24e124fffef949f8
2026-06-17 06:54:32,8c1f6461900021e8,gateway_rssi,-109.0,1637,1634,24e124fffef949f8
2026-06-17 06:54:32,8c1f6461900021e8,water_temp_max,25.5,1637,1634,
2026-06-17 06:54:32,8c1f6461900021e8,ambient_temp,23.5,1637,1634,
2026-06-17 06:54:32,8c1f6461900021e8,bandwidth,125000.0,1637,1634,
2026-06-17 06:54:32,8c1f6461900021e8,spreading_factor,7.0,1637,1634,
2026-06-17 06:54:32,8c1f6461900021e8,leak_status,2.0,1637,1634,
2026-06-17 06:54:32,8c1f6461900021e8,frame_counter,3453.0,1637,1634,
2026-06-17 06:54:32,8c1f6461900021e8,error_code,0.0,1637,1634,
2026-06-17 06:54:32,8c1f6461900021e8,water_temp_min,25.0,1637,1634,
2026-06-17 06:54:32,8c1f6461900021e8,total_volume,46741.0,1637,1634,
2026-06-17 06:54:45,8c1f646190001ebd,water_temp_min,23.0,1637,1634,
2026-06-17 06:54:45,8c1f646190001ebd,gateway_rssi,-107.0,1637,1634,24e124fffef949f8
2026-06-17 06:54:45,8c1f646190001ebd,bandwidth,125000.0,1637,1634,
2026-06-17 06:54:45,8c1f646190001ebd,total_volume,27354.0,1637,1634,
2026-06-17 06:54:45,8c1f646190001ebd,ambient_temp,22.5,1637,1634,
2026-06-17 06:54:45,8c1f646190001ebd,spreading_factor,7.0,1637,1634,
2026-06-17 06:54:45,8c1f646190001ebd,error_code,0.0,1637,1634,
2026-06-17 06:54:45,8c1f646190001ebd,battery,3616.0,1637,1634,
2026-06-17 06:54:45,8c1f646190001ebd,gateway_snr,5.199999809265137,1637,1634,24e124fffef949f8
2026-06-17 06:54:45,8c1f646190001ebd,water_temp_max,23.5,1637,1634,
2026-06-17 06:54:45,8c1f646190001ebd,battery_recovered,3696.0,1637,1634,
2026-06-17 06:54:45,8c1f646190001ebd,frame_counter,7924.0,1637,1634,
2026-06-17 06:54:45,8c1f646190001ebd,leak_status,2.0,1637,1634,
2026-06-17 06:54:45,8c1f646190001ebd,payload,1.0,1637,1634,01d209030000da6a00000000000027c40903bdfefb0b02e3ed565755
2026-06-17 06:55:55,8c1f6461900021c5,gateway_rssi,-107.0,1637,1634,24e124fffef949f8
2026-06-17 06:55:55,8c1f6461900021c5,battery_recovered,3664.0,1637,1634,
2026-06-17 06:55:55,8c1f6461900021c5,leak_status,2.0,1637,1634,
2026-06-17 06:55:55,8c1f6461900021c5,payload,1.0,1637,1634,64c709030000ce2f0000000000005fb9090379e2f20102e1e9485554
2026-06-17 06:55:55,8c1f6461900021c5,total_volume,12238.0,1637,1634,
2026-06-17 06:55:55,8c1f6461900021c5,water_temp_min,16.0,1637,1634,
2026-06-17 06:55:55,8c1f6461900021c5,gateway_snr,5.800000190734863,1637,1634,24e124fffef949f8
2026-06-17 06:55:55,8c1f6461900021c5,error_code,0.0,1637,1634,
2026-06-17 06:55:55,8c1f6461900021c5,water_temp_max,22.5,1637,1634,
2026-06-17 06:55:55,8c1f6461900021c5,battery,3600.0,1637,1634,
2026-06-17 06:55:55,8c1f6461900021c5,bandwidth,125000.0,1637,1634,
2026-06-17 06:55:55,8c1f6461900021c5,frame_counter,6818.0,1637,1634,
2026-06-17 06:55:55,8c1f6461900021c5,spreading_factor,7.0,1637,1634,
2026-06-17 06:55:55,8c1f6461900021c5,ambient_temp,22.0,1637,1634,
2026-06-17 06:56:42,8c1f646190001901,payload,1.0,1637,1634,22cc09030000df340000050000004ebe0903e001890202dfeb535453
2026-06-17 06:56:42,8c1f646190001901,total_volume,13535.0,1637,1634,
2026-06-17 06:56:42,8c1f646190001901,ambient_temp,21.5,1637,1634,
2026-06-17 06:56:42,8c1f646190001901,gateway_snr,6.0,1637,1634,24e124fffef94d5c
2026-06-17 06:56:42,8c1f646190001901,water_temp_max,22.0,1637,1634,
2026-06-17 06:56:42,8c1f646190001901,battery,3584.0,1637,1634,
2026-06-17 06:56:42,8c1f646190001901,error_code,0.0,1637,1634,
2026-06-17 06:56:42,8c1f646190001901,frame_counter,7666.0,1637,1634,
2026-06-17 06:56:42,8c1f646190001901,leak_status,2.0,1637,1634,
2026-06-17 06:56:42,8c1f646190001901,water_temp_min,21.5,1637,1634,
2026-06-17 06:56:42,8c1f646190001901,battery_recovered,3680.0,1637,1634,
2026-06-17 06:56:42,8c1f646190001901,spreading_factor,7.0,1637,1634,
2026-06-17 06:56:42,8c1f646190001901,gateway_rssi,-103.0,1637,1634,24e124fffef94d5c
2026-06-17 06:56:42,8c1f646190001901,bandwidth,125000.0,1637,1634,
2026-06-17 06:57:54,8c1f646190001592,bandwidth,125000.0,1637,1634,
2026-06-17 06:57:54,8c1f646190001592,battery_recovered,3672.0,1637,1634,
2026-06-17 06:57:54,8c1f646190001592,gateway_rssi,-99.0,1637,1634,24e124fffef949f8
2026-06-17 06:57:54,8c1f646190001592,water_temp_min,22.5,1637,1634,
2026-06-17 06:57:54,8c1f646190001592,leak_status,2.0,1637,1634,
2026-06-17 06:57:54,8c1f646190001592,water_temp_max,26.0,1637,1634,
2026-06-17 06:57:54,8c1f646190001592,spreading_factor,7.0,1637,1634,
2026-06-17 06:57:54,8c1f646190001592,total_volume,33692.0,1637,1634,
2026-06-17 06:57:54,8c1f646190001592,frame_counter,3625.0,1637,1634,
2026-06-17 06:57:54,8c1f646190001592,ambient_temp,22.5,1637,1634,
2026-06-17 06:57:54,8c1f646190001592,payload,1.0,1637,1634,6aab090300009c8300001dbc0b006f9d09034afd170302e3ea555c55
2026-06-17 06:57:54,8c1f646190001592,gateway_snr,-2.200000047683716,1637,1634,24e124fffef949f8
2026-06-17 06:57:54,8c1f646190001592,error_code,0.0,1637,1634,
2026-06-17 06:57:54,8c1f646190001592,battery,3616.0,1637,1634,
2026-06-17 06:58:28,8c1f646190001c9b,water_temp_min,41.5,1637,1634,
2026-06-17 06:58:28,8c1f646190001c9b,payload,1.0,1637,1634,6ac6090300009cb60000fa930e0081b809036cff730702e0e97b7b5a
2026-06-17 06:58:28,8c1f646190001c9b,gateway_snr,1.7999999523162842,1637,1634,24e124fffef94d5c
2026-06-17 06:58:28,8c1f646190001c9b,water_temp_max,41.5,1637,1634,
2026-06-17 06:58:28,8c1f646190001c9b,bandwidth,125000.0,1637,1634,
2026-06-17 06:58:28,8c1f646190001c9b,ambient_temp,25.0,1637,1634,
2026-06-17 06:58:28,8c1f646190001c9b,gateway_rssi,-104.0,1637,1634,24e124fffef94d5c
2026-06-17 06:58:28,8c1f646190001c9b,error_code,0.0,1637,1634,
2026-06-17 06:58:28,8c1f646190001c9b,battery_recovered,3664.0,1637,1634,
2026-06-17 06:58:28,8c1f646190001c9b,battery,3592.0,1637,1634,
2026-06-17 06:58:28,8c1f646190001c9b,spreading_factor,7.0,1637,1634,
2026-06-17 06:58:28,8c1f646190001c9b,total_volume,46748.0,1637,1634,
2026-06-17 06:58:28,8c1f646190001c9b,leak_status,2.0,1637,1634,
2026-06-17 06:58:28,8c1f646190001c9b,frame_counter,7510.0,1637,1634,
2026-06-17 06:58:57,8c1f646190001947,leak_status,2.0,1637,1634,
2026-06-17 06:58:57,8c1f646190001947,frame_counter,7368.0,1637,1634,
2026-06-17 06:58:57,8c1f646190001947,water_temp_min,22.5,1637,1634,
2026-06-17 06:58:57,8c1f646190001947,payload,1.0,1637,1634,dae5090300007495000000000000f5d7090361078f0702e0e7555554
2026-06-17 06:58:57,8c1f646190001947,battery_recovered,3648.0,1637,1634,
2026-06-17 06:58:57,8c1f646190001947,gateway_snr,4.0,1637,1634,24e124fffef94d5c
2026-06-17 06:58:57,8c1f646190001947,bandwidth,125000.0,1637,1634,
2026-06-17 06:58:57,8c1f646190001947,battery,3592.0,1637,1634,
2026-06-17 06:58:57,8c1f646190001947,total_volume,38260.0,1637,1634,
2026-06-17 06:58:57,8c1f646190001947,spreading_factor,7.0,1637,1634,
2026-06-17 06:58:57,8c1f646190001947,error_code,0.0,1637,1634,
2026-06-17 06:58:57,8c1f646190001947,water_temp_max,22.5,1637,1634,
2026-06-17 06:58:57,8c1f646190001947,ambient_temp,22.0,1637,1634,
2026-06-17 06:58:57,8c1f646190001947,gateway_rssi,-104.0,1637,1634,24e124fffef94d5c
2026-06-17 06:59:23,8c1f64619000177c,spreading_factor,7.0,1637,1634,
2026-06-17 06:59:23,8c1f64619000177c,water_temp_max,21.5,1637,1634,
2026-06-17 06:59:23,8c1f64619000177c,water_temp_min,21.5,1637,1634,
2026-06-17 06:59:23,8c1f64619000177c,bandwidth,125000.0,1637,1634,
2026-06-17 06:59:23,8c1f64619000177c,battery,3616.0,1637,1634,
2026-06-17 06:59:23,8c1f64619000177c,payload,1.0,1637,1634,a5ac09030000a4e1000000000000000000000000000000e3eb535354
2026-06-17 06:59:23,8c1f64619000177c,error_code,0.0,1637,1634,
2026-06-17 06:59:23,8c1f64619000177c,frame_counter,6449.0,1637,1634,
2026-06-17 06:59:23,8c1f64619000177c,battery_recovered,3680.0,1637,1634,
2026-06-17 06:59:23,8c1f64619000177c,ambient_temp,22.0,1637,1634,
2026-06-17 06:59:23,8c1f64619000177c,gateway_snr,9.199999809265137,1637,1634,24e124fffef949f8
2026-06-17 06:59:23,8c1f64619000177c,leak_status,0.0,1637,1634,
2026-06-17 06:59:23,8c1f64619000177c,total_volume,57764.0,1637,1634,
2026-06-17 06:59:23,8c1f64619000177c,gateway_rssi,-100.0,1637,1634,24e124fffef949f8
2026-06-17 06:59:45,8c1f646190001c1c,water_temp_max,22.5,1637,1634,
2026-06-17 06:59:45,8c1f646190001c1c,battery,3616.0,1637,1634,
2026-06-17 06:59:45,8c1f646190001c1c,bandwidth,125000.0,1637,1634,
2026-06-17 06:59:45,8c1f646190001c1c,gateway_snr,2.200000047683716,1637,1634,24e124fffef949f8
2026-06-17 06:59:45,8c1f646190001c1c,error_code,0.0,1637,1634,
2026-06-17 06:59:45,8c1f646190001c1c,gateway_rssi,-110.0,1637,1634,24e124fffef949f8
2026-06-17 06:59:45,8c1f646190001c1c,battery_recovered,3656.0,1637,1634,
2026-06-17 06:59:45,8c1f646190001c1c,payload,1.0,1637,1634,b4a50d030000359900004d0b0b00c6970d030901820802e3e8545555
2026-06-17 06:59:45,8c1f646190001c1c,total_volume,39221.0,1637,1634,
2026-06-17 06:59:45,8c1f646190001c1c,frame_counter,3671.0,1637,1634,
2026-06-17 06:59:45,8c1f646190001c1c,ambient_temp,22.5,1637,1634,
2026-06-17 06:59:45,8c1f646190001c1c,water_temp_min,22.0,1637,1634,
2026-06-17 06:59:45,8c1f646190001c1c,spreading_factor,7.0,1637,1634,
2026-06-17 06:59:45,8c1f646190001c1c,leak_status,2.0,1637,1634,
2026-06-17 07:01:15,8c1f6461900021db,ambient_temp,21.0,1637,1634,
2026-06-17 07:01:15,8c1f6461900021db,spreading_factor,7.0,1637,1634,
2026-06-17 07:01:15,8c1f6461900021db,gateway_snr,1.2000000476837158,1637,1634,24e124fffef94d5c
2026-06-17 07:01:15,8c1f6461900021db,leak_status,2.0,1637,1634,
2026-06-17 07:01:15,8c1f6461900021db,error_code,0.0,1637,1634,
2026-06-17 07:01:15,8c1f6461900021db,frame_counter,7760.0,1637,1634,
2026-06-17 07:01:15,8c1f6461900021db,battery_recovered,3648.0,1637,1634,
2026-06-17 07:01:15,8c1f6461900021db,bandwidth,125000.0,1637,1634,
2026-06-17 07:01:15,8c1f6461900021db,water_temp_max,21.0,1637,1634,
2026-06-17 07:01:15,8c1f6461900021db,water_temp_min,20.5,1637,1634,
2026-06-17 07:01:15,8c1f6461900021db,gateway_rssi,-105.0,1637,1634,24e124fffef94d5c
2026-06-17 07:01:15,8c1f6461900021db,battery,3584.0,1637,1634,
2026-06-17 07:01:15,8c1f6461900021db,payload,1.0,1637,1634,e2a309030000d13a0000694f05000796090371ffe10002dfe7515252
2026-06-17 07:01:15,8c1f6461900021db,total_volume,15057.0,1637,1634,
2026-06-17 07:02:52,8c1f6461900020d1,payload,1.0,1637,1634,83a80903000044350000e6fd0400b29a090356045d0102dee7565657
2026-06-17 07:02:52,8c1f6461900020d1,error_code,0.0,1637,1634,
2026-06-17 07:02:52,8c1f6461900020d1,water_temp_min,23.0,1637,1634,
2026-06-17 07:02:52,8c1f6461900020d1,battery_recovered,3648.0,1637,1634,
2026-06-17 07:02:52,8c1f6461900020d1,gateway_rssi,-105.0,1637,1634,24e124fffef949f8
2026-06-17 07:02:52,8c1f6461900020d1,gateway_snr,7.199999809265137,1637,1634,24e124fffef949f8
2026-06-17 07:02:52,8c1f6461900020d1,bandwidth,125000.0,1637,1634,
2026-06-17 07:02:52,8c1f6461900020d1,battery,3576.0,1637,1634,
2026-06-17 07:02:52,8c1f6461900020d1,leak_status,2.0,1637,1634,
2026-06-17 07:02:52,8c1f6461900020d1,frame_counter,6348.0,1637,1634,
2026-06-17 07:02:52,8c1f6461900020d1,ambient_temp,23.5,1637,1634,
2026-06-17 07:02:52,8c1f6461900020d1,spreading_factor,7.0,1637,1634,
2026-06-17 07:02:52,8c1f6461900020d1,total_volume,13636.0,1637,1634,
2026-06-17 07:02:52,8c1f6461900020d1,water_temp_max,23.0,1637,1634,
2026-06-17 07:03:15,24e124725d489523,temperature,20.5,1637,1634,
2026-06-17 07:03:15,24e124725d489523,gateway_snr,-1.7999999523162842,1637,1634,24e124fffef949f8
2026-06-17 07:03:15,24e124725d489523,frame_counter,7508.0,1637,1634,
2026-06-17 07:03:15,24e124725d489523,bandwidth,125000.0,1637,1634,
2026-06-17 07:03:15,24e124725d489523,payload,85.0,1637,1634,0175270367cd0004685d
2026-06-17 07:03:15,24e124725d489523,humidity,46.5,1637,1634,
2026-06-17 07:03:15,24e124725d489523,gateway_rssi,-111.0,1637,1634,24e124fffef949f8
2026-06-17 07:03:15,24e124725d489523,spreading_factor,7.0,1637,1634,
2026-06-17 07:03:15,24e124725d489523,battery,39.0,1637,1634,
2026-06-17 07:03:37,8c1f6461900019cb,leak_status,2.0,1637,1634,
2026-06-17 07:03:37,8c1f6461900019cb,error_code,0.0,1637,1634,
2026-06-17 07:03:37,8c1f6461900019cb,water_temp_min,20.5,1637,1634,
2026-06-17 07:03:37,8c1f6461900019cb,gateway_rssi,-104.0,1637,1634,24e124fffef94d5c
2026-06-17 07:03:37,8c1f6461900019cb,spreading_factor,7.0,1637,1634,
2026-06-17 07:03:37,8c1f6461900019cb,frame_counter,7816.0,1637,1634,
2026-06-17 07:03:37,8c1f6461900019cb,payload,1.0,1637,1634,22a9090300003e29000000000000419b0903f3fef30402dfec515150
2026-06-17 07:03:37,8c1f6461900019cb,gateway_snr,4.0,1637,1634,24e124fffef94d5c
2026-06-17 07:03:37,8c1f6461900019cb,total_volume,10558.0,1637,1634,
2026-06-17 07:03:37,8c1f6461900019cb,battery_recovered,3688.0,1637,1634,
2026-06-17 07:03:37,8c1f6461900019cb,battery,3584.0,1637,1634,
2026-06-17 07:03:37,8c1f6461900019cb,bandwidth,125000.0,1637,1634,
2026-06-17 07:03:37,8c1f6461900019cb,water_temp_max,20.5,1637,1634,
2026-06-17 07:03:37,8c1f6461900019cb,ambient_temp,20.0,1637,1634,
2026-06-17 07:03:44,8c1f64619000170a,ambient_temp,23.5,1637,1634,
2026-06-17 07:03:44,8c1f64619000170a,total_volume,154798.0,1637,1634,
2026-06-17 07:03:44,8c1f64619000170a,battery_recovered,3664.0,1637,1634,
2026-06-17 07:03:44,8c1f64619000170a,gateway_snr,5.0,1637,1634,24e124fffef94d5c
2026-06-17 07:03:44,8c1f64619000170a,frame_counter,6655.0,1637,1634,
2026-06-17 07:03:44,8c1f64619000170a,error_code,0.0,1637,1634,
2026-06-17 07:03:44,8c1f64619000170a,water_temp_max,23.5,1637,1634,
2026-06-17 07:03:44,8c1f64619000170a,battery,3600.0,1637,1634,
2026-06-17 07:03:44,8c1f64619000170a,bandwidth,125000.0,1637,1634,
2026-06-17 07:03:44,8c1f64619000170a,water_temp_min,23.0,1637,1634,
2026-06-17 07:03:44,8c1f64619000170a,leak_status,2.0,1637,1634,
2026-06-17 07:03:44,8c1f64619000170a,payload,1.0,1637,1634,d5eb09030000ae5c02007c270600cddd0903221ea50f02e1e9565757
2026-06-17 07:03:44,8c1f64619000170a,spreading_factor,7.0,1637,1634,
2026-06-17 07:03:44,8c1f64619000170a,gateway_rssi,-104.0,1637,1634,24e124fffef94d5c
2026-06-17 07:04:41,8c1f6461900021da,spreading_factor,7.0,1637,1634,
2026-06-17 07:04:41,8c1f6461900021da,error_code,0.0,1637,1634,
2026-06-17 07:04:41,8c1f6461900021da,frame_counter,7492.0,1637,1634,
2026-06-17 07:04:41,8c1f6461900021da,payload,1.0,1637,1634,a589090300009e600000f7900800d27b0903d206070302e0e9555554
2026-06-17 07:04:41,8c1f6461900021da,battery_recovered,3664.0,1637,1634,
2026-06-17 07:04:41,8c1f6461900021da,battery,3592.0,1637,1634,
2026-06-17 07:04:41,8c1f6461900021da,bandwidth,125000.0,1637,1634,
2026-06-17 07:04:41,8c1f6461900021da,gateway_snr,6.199999809265137,1637,1634,24e124fffef94d5c
2026-06-17 07:04:41,8c1f6461900021da,gateway_rssi,-102.0,1637,1634,24e124fffef94d5c
2026-06-17 07:04:41,8c1f6461900021da,total_volume,24734.0,1637,1634,
2026-06-17 07:04:41,8c1f6461900021da,water_temp_min,22.5,1637,1634,
2026-06-17 07:04:41,8c1f6461900021da,leak_status,2.0,1637,1634,
2026-06-17 07:04:41,8c1f6461900021da,ambient_temp,22.0,1637,1634,
2026-06-17 07:04:41,8c1f6461900021da,water_temp_max,22.5,1637,1634,
2026-06-17 07:05:03,8c1f646190001963,battery,3600.0,1637,1634,
2026-06-17 07:05:03,8c1f646190001963,bandwidth,125000.0,1637,1634,
2026-06-17 07:05:03,8c1f646190001963,water_temp_max,22.0,1637,1634,
2026-06-17 07:05:03,8c1f646190001963,water_temp_min,21.5,1637,1634,
2026-06-17 07:05:03,8c1f646190001963,leak_status,2.0,1637,1634,
2026-06-17 07:05:03,8c1f646190001963,spreading_factor,7.0,1637,1634,
2026-06-17 07:05:03,8c1f646190001963,battery_recovered,3680.0,1637,1634,
2026-06-17 07:05:03,8c1f646190001963,gateway_snr,10.199999809265137,1637,1634,24e124fffef94d5c
2026-06-17 07:05:03,8c1f646190001963,error_code,0.0,1637,1634,
2026-06-17 07:05:03,8c1f646190001963,ambient_temp,22.0,1637,1634,
2026-06-17 07:05:03,8c1f646190001963,frame_counter,7737.0,1637,1634,
2026-06-17 07:05:03,8c1f646190001963,gateway_rssi,-97.0,1637,1634,24e124fffef94d5c
2026-06-17 07:05:03,8c1f646190001963,payload,1.0,1637,1634,ece309030000bf3d000000000000ded50903b105cb0702e1eb535454
2026-06-17 07:05:03,8c1f646190001963,total_volume,15807.0,1637,1634,
2026-06-17 07:06:39,8c1f646190001e41,water_temp_min,44.0,1637,1634,
2026-06-17 07:06:39,8c1f646190001e41,battery,3656.0,1637,1634,
2026-06-17 07:06:39,8c1f646190001e41,spreading_factor,7.0,1637,1634,
2026-06-17 07:06:39,8c1f646190001e41,error_code,0.0,1637,1634,
2026-06-17 07:06:39,8c1f646190001e41,frame_counter,3564.0,1637,1634,
2026-06-17 07:06:39,8c1f646190001e41,leak_status,2.0,1637,1634,
2026-06-17 07:06:39,8c1f646190001e41,total_volume,42481.0,1637,1634,
2026-06-17 07:06:39,8c1f646190001e41,battery_recovered,3688.0,1637,1634,
2026-06-17 07:06:39,8c1f646190001e41,ambient_temp,24.5,1637,1634,
2026-06-17 07:06:39,8c1f646190001e41,gateway_rssi,-106.0,1637,1634,24e124fffef949f8
2026-06-17 07:06:39,8c1f646190001e41,payload,1.0,1637,1634,19da09030000f1a500005c110f0041cc0903a9fe2c0202e8ec808159
2026-06-17 07:06:39,8c1f646190001e41,bandwidth,125000.0,1637,1634,
2026-06-17 07:06:39,8c1f646190001e41,water_temp_max,44.5,1637,1634,
2026-06-17 07:06:39,8c1f646190001e41,gateway_snr,4.800000190734863,1637,1634,24e124fffef949f8
2026-06-17 07:07:33,8c1f646190002120,error_code,0.0,1637,1634,
2026-06-17 07:07:33,8c1f646190002120,total_volume,42375.0,1637,1634,
2026-06-17 07:07:33,8c1f646190002120,spreading_factor,7.0,1637,1634,
2026-06-17 07:07:33,8c1f646190002120,gateway_rssi,-102.0,1637,1634,24e124fffef949f8
2026-06-17 07:07:33,8c1f646190002120,water_temp_min,22.0,1637,1634,
2026-06-17 07:07:33,8c1f646190002120,ambient_temp,22.0,1637,1634,
2026-06-17 07:07:33,8c1f646190002120,battery_recovered,3680.0,1637,1634,
2026-06-17 07:07:33,8c1f646190002120,leak_status,2.0,1637,1634,
2026-06-17 07:07:33,8c1f646190002120,payload,1.0,1637,1634,96c60903000087a50000f5e70d00c7b809038600960002e8eb545454
2026-06-17 07:07:33,8c1f646190002120,gateway_snr,9.5,1637,1634,24e124fffef949f8
2026-06-17 07:07:33,8c1f646190002120,bandwidth,125000.0,1637,1634,
2026-06-17 07:07:33,8c1f646190002120,water_temp_max,22.0,1637,1634,
2026-06-17 07:07:33,8c1f646190002120,frame_counter,3621.0,1637,1634,
2026-06-17 07:07:33,8c1f646190002120,battery,3656.0,1637,1634,
2026-06-17 07:08:06,8c1f6461900015c1,water_temp_min,21.5,1637,1634,
2026-06-17 07:08:06,8c1f6461900015c1,water_temp_max,22.0,1637,1634,
2026-06-17 07:08:06,8c1f6461900015c1,spreading_factor,7.0,1637,1634,
2026-06-17 07:08:06,8c1f6461900015c1,error_code,0.0,1637,1634,
2026-06-17 07:08:06,8c1f6461900015c1,battery_recovered,3688.0,1637,1634,
2026-06-17 07:08:06,8c1f6461900015c1,gateway_rssi,-94.0,1637,1634,24e124fffef94d5c
2026-06-17 07:08:06,8c1f6461900015c1,battery,3592.0,1637,1634,
2026-06-17 07:08:06,8c1f6461900015c1,payload,1.0,1637,1634,caa009030000454a000000000000fa9209039600620102e0ec535453
2026-06-17 07:08:06,8c1f6461900015c1,gateway_snr,11.800000190734863,1637,1634,24e124fffef94d5c
2026-06-17 07:08:06,8c1f6461900015c1,total_volume,19013.0,1637,1634,
2026-06-17 07:08:06,8c1f6461900015c1,ambient_temp,21.5,1637,1634,
2026-06-17 07:08:06,8c1f6461900015c1,bandwidth,125000.0,1637,1634,
2026-06-17 07:08:06,8c1f6461900015c1,frame_counter,7607.0,1637,1634,
2026-06-17 07:08:06,8c1f6461900015c1,leak_status,2.0,1637,1634,
2026-06-17 07:09:44,8c1f64619000228d,water_temp_min,22.0,1637,1634,
2026-06-17 07:09:44,8c1f64619000228d,spreading_factor,7.0,1637,1634,
2026-06-17 07:09:44,8c1f64619000228d,gateway_rssi,-98.0,1637,1634,24e124fffef94d5c
2026-06-17 07:09:44,8c1f64619000228d,gateway_snr,9.5,1637,1634,24e124fffef94d5c
2026-06-17 07:09:44,8c1f64619000228d,water_temp_max,22.5,1637,1634,
2026-06-17 07:09:44,8c1f64619000228d,bandwidth,125000.0,1637,1634,
2026-06-17 07:09:44,8c1f64619000228d,total_volume,18068.0,1637,1634,
2026-06-17 07:09:44,8c1f64619000228d,battery_recovered,3648.0,1637,1634,
2026-06-17 07:09:44,8c1f64619000228d,battery,3576.0,1637,1634,
2026-06-17 07:09:44,8c1f64619000228d,payload,1.0,1637,1634,10940903000094460000000000000c860903ed04130b02dee7545554
2026-06-17 07:09:44,8c1f64619000228d,ambient_temp,22.0,1637,1634,
2026-06-17 07:09:44,8c1f64619000228d,leak_status,2.0,1637,1634,
2026-06-17 07:09:44,8c1f64619000228d,frame_counter,6429.0,1637,1634,
2026-06-17 07:09:44,8c1f64619000228d,error_code,0.0,1637,1634,
2026-06-17 07:09:46,8c1f6461900014f5,ambient_temp,22.5,1637,1634,
2026-06-17 07:09:46,8c1f6461900014f5,water_temp_max,22.0,1637,1634,
2026-06-17 07:09:46,8c1f6461900014f5,spreading_factor,7.0,1637,1634,
2026-06-17 07:09:46,8c1f6461900014f5,total_volume,22142.0,1637,1634,
2026-06-17 07:09:46,8c1f6461900014f5,payload,1.0,1637,1634,b3a90d0300007e56000000000000dc9b0d035001760c02e5e9545455
2026-06-17 07:09:46,8c1f6461900014f5,bandwidth,125000.0,1637,1634,
2026-06-17 07:09:46,8c1f6461900014f5,frame_counter,3578.0,1637,1634,
2026-06-17 07:09:46,8c1f6461900014f5,water_temp_min,22.0,1637,1634,
2026-06-17 07:09:46,8c1f6461900014f5,battery,3632.0,1637,1634,
2026-06-17 07:09:46,8c1f6461900014f5,gateway_snr,7.800000190734863,1637,1634,24e124fffef949f8
2026-06-17 07:09:46,8c1f6461900014f5,gateway_rssi,-104.0,1637,1634,24e124fffef949f8
2026-06-17 07:09:46,8c1f6461900014f5,leak_status,2.0,1637,1634,
2026-06-17 07:09:46,8c1f6461900014f5,battery_recovered,3664.0,1637,1634,
2026-06-17 07:09:46,8c1f6461900014f5,error_code,0.0,1637,1634,
2026-06-17 07:11:20,8c1f646190002222,water_temp_min,22.0,1637,1634,
2026-06-17 07:11:20,8c1f646190002222,leak_status,2.0,1637,1634,
2026-06-17 07:11:20,8c1f646190002222,payload,1.0,1637,1634,61980903000064780000080000007a8a09038302e40002e9ec545554
2026-06-17 07:11:20,8c1f646190002222,spreading_factor,7.0,1637,1634,
2026-06-17 07:11:20,8c1f646190002222,error_code,0.0,1637,1634,
2026-06-17 07:11:20,8c1f646190002222,battery,3664.0,1637,1634,
2026-06-17 07:11:20,8c1f646190002222,gateway_snr,3.200000047683716,1637,1634,24e124fffef949f8
2026-06-17 07:11:20,8c1f646190002222,frame_counter,3640.0,1637,1634,
2026-06-17 07:11:20,8c1f646190002222,total_volume,30820.0,1637,1634,
2026-06-17 07:11:20,8c1f646190002222,battery_recovered,3688.0,1637,1634,
2026-06-17 07:11:20,8c1f646190002222,gateway_rssi,-108.0,1637,1634,24e124fffef949f8
2026-06-17 07:11:20,8c1f646190002222,bandwidth,125000.0,1637,1634,
2026-06-17 07:11:20,8c1f646190002222,water_temp_max,22.5,1637,1634,
2026-06-17 07:11:20,8c1f646190002222,ambient_temp,22.0,1637,1634,
2026-06-17 07:11:39,8c1f646190001b91,gateway_rssi,-100.0,1637,1634,24e124fffef94d5c
2026-06-17 07:11:39,8c1f646190001b91,bandwidth,125000.0,1637,1634,
2026-06-17 07:11:39,8c1f646190001b91,battery_recovered,3664.0,1637,1634,
2026-06-17 07:11:39,8c1f646190001b91,total_volume,46881.0,1637,1634,
2026-06-17 07:11:39,8c1f646190001b91,payload,1.0,1637,1634,52c70903000021b70000a2cb0e0059b909037301410302dde9545454
2026-06-17 07:11:39,8c1f646190001b91,battery,3568.0,1637,1634,
2026-06-17 07:11:39,8c1f646190001b91,leak_status,2.0,1637,1634,
2026-06-17 07:11:39,8c1f646190001b91,gateway_snr,6.5,1637,1634,24e124fffef94d5c
2026-06-17 07:11:39,8c1f646190001b91,error_code,0.0,1637,1634,
2026-06-17 07:11:39,8c1f646190001b91,frame_counter,6539.0,1637,1634,
2026-06-17 07:11:39,8c1f646190001b91,water_temp_min,22.0,1637,1634,
2026-06-17 07:11:39,8c1f646190001b91,spreading_factor,7.0,1637,1634,
2026-06-17 07:11:39,8c1f646190001b91,ambient_temp,22.0,1637,1634,
2026-06-17 07:11:39,8c1f646190001b91,water_temp_max,22.0,1637,1634,
2026-06-17 07:12:15,8c1f6461900019cf,spreading_factor,7.0,1637,1634,
2026-06-17 07:12:15,8c1f6461900019cf,frame_counter,3554.0,1637,1634,
2026-06-17 07:12:15,8c1f6461900019cf,bandwidth,125000.0,1637,1634,
2026-06-17 07:12:15,8c1f6461900019cf,battery,3632.0,1637,1634,
2026-06-17 07:12:15,8c1f6461900019cf,water_temp_min,22.0,1637,1634,
2026-06-17 07:12:15,8c1f6461900019cf,error_code,0.0,1637,1634,
2026-06-17 07:12:15,8c1f6461900019cf,battery_recovered,3656.0,1637,1634,
2026-06-17 07:12:15,8c1f6461900019cf,payload,1.0,1637,1634,e1d109030000f90a010000000000000000000000000000e5e8545453
2026-06-17 07:12:15,8c1f6461900019cf,ambient_temp,21.5,1637,1634,
2026-06-17 07:12:15,8c1f6461900019cf,leak_status,0.0,1637,1634,
2026-06-17 07:12:15,8c1f6461900019cf,water_temp_max,22.0,1637,1634,
2026-06-17 07:12:15,8c1f6461900019cf,gateway_snr,10.0,1637,1634,24e124fffef949f8
2026-06-17 07:12:15,8c1f6461900019cf,gateway_rssi,-101.0,1637,1634,24e124fffef949f8
2026-06-17 07:12:15,8c1f6461900019cf,total_volume,68345.0,1637,1634,
2026-06-17 07:12:39,8c1f646190002206,error_code,0.0,1637,1634,
2026-06-17 07:12:39,8c1f646190002206,gateway_snr,6.800000190734863,1637,1634,24e124fffef94d5c
2026-06-17 07:12:39,8c1f646190002206,payload,1.0,1637,1634,69d40903000094130300c74f0f00000000000000000000e1ea545554
2026-06-17 07:12:39,8c1f646190002206,battery_recovered,3672.0,1637,1634,
2026-06-17 07:12:39,8c1f646190002206,frame_counter,7011.0,1637,1634,
2026-06-17 07:12:39,8c1f646190002206,bandwidth,125000.0,1637,1634,
2026-06-17 07:12:39,8c1f646190002206,gateway_rssi,-102.0,1637,1634,24e124fffef94d5c
2026-06-17 07:12:39,8c1f646190002206,total_volume,201620.0,1637,1634,
2026-06-17 07:12:39,8c1f646190002206,water_temp_min,22.0,1637,1634,
2026-06-17 07:12:39,8c1f646190002206,leak_status,0.0,1637,1634,
2026-06-17 07:12:39,8c1f646190002206,spreading_factor,7.0,1637,1634,
2026-06-17 07:12:39,8c1f646190002206,ambient_temp,22.0,1637,1634,
2026-06-17 07:12:39,8c1f646190002206,water_temp_max,22.5,1637,1634,
2026-06-17 07:12:39,8c1f646190002206,battery,3600.0,1637,1634,
2026-06-17 07:13:15,24e124725d489523,frame_counter,7509.0,1637,1634,
2026-06-17 07:13:15,24e124725d489523,temperature,20.5,1637,1634,
2026-06-17 07:13:15,24e124725d489523,spreading_factor,7.0,1637,1634,
2026-06-17 07:13:15,24e124725d489523,battery,39.0,1637,1634,
2026-06-17 07:13:15,24e124725d489523,payload,85.0,1637,1634,0175270367cd0004685c
2026-06-17 07:13:15,24e124725d489523,humidity,46.0,1637,1634,
2026-06-17 07:13:15,24e124725d489523,gateway_rssi,-111.0,1637,1634,24e124fffef949f8
2026-06-17 07:13:15,24e124725d489523,gateway_snr,0.0,1637,1634,24e124fffef949f8
2026-06-17 07:13:15,24e124725d489523,bandwidth,125000.0,1637,1634,
2026-06-17 07:14:14,8c1f646190001bf1,total_volume,33459.0,1637,1634,
2026-06-17 07:14:14,8c1f646190001bf1,gateway_snr,5.800000190734863,1637,1634,24e124fffef94d5c
2026-06-17 07:14:14,8c1f646190001bf1,error_code,0.0,1637,1634,
2026-06-17 07:14:14,8c1f646190001bf1,spreading_factor,7.0,1637,1634,
2026-06-17 07:14:14,8c1f646190001bf1,payload,1.0,1637,1634,41dd09030000b3820000cb8d0b0043cf0903f3020d0102e2eb586356
2026-06-17 07:14:14,8c1f646190001bf1,gateway_rssi,-103.0,1637,1634,24e124fffef94d5c
2026-06-17 07:14:14,8c1f646190001bf1,water_temp_max,29.5,1637,1634,
2026-06-17 07:14:14,8c1f646190001bf1,water_temp_min,24.0,1637,1634,
2026-06-17 07:14:14,8c1f646190001bf1,frame_counter,6326.0,1637,1634,
2026-06-17 07:14:14,8c1f646190001bf1,battery,3608.0,1637,1634,
2026-06-17 07:14:14,8c1f646190001bf1,battery_recovered,3680.0,1637,1634,
2026-06-17 07:14:14,8c1f646190001bf1,bandwidth,125000.0,1637,1634,
2026-06-17 07:14:14,8c1f646190001bf1,leak_status,2.0,1637,1634,
2026-06-17 07:14:14,8c1f646190001bf1,ambient_temp,23.0,1637,1634,
2026-06-17 07:14:22,8c1f646190001dd8,battery,3616.0,1637,1634,
2026-06-17 07:14:22,8c1f646190001dd8,water_temp_max,22.0,1637,1634,
2026-06-17 07:14:22,8c1f646190001dd8,battery_recovered,3664.0,1637,1634,
2026-06-17 07:14:22,8c1f646190001dd8,gateway_rssi,-111.0,1637,1634,24e124fffef949f8
2026-06-17 07:14:22,8c1f646190001dd8,water_temp_min,22.0,1637,1634,
2026-06-17 07:14:22,8c1f646190001dd8,spreading_factor,7.0,1637,1634,
2026-06-17 07:14:22,8c1f646190001dd8,payload,1.0,1637,1634,bbc309030000afda000008e01100c0b50903af02760202e3e9545454
2026-06-17 07:14:22,8c1f646190001dd8,ambient_temp,22.0,1637,1634,
2026-06-17 07:14:22,8c1f646190001dd8,gateway_snr,-1.5,1637,1634,24e124fffef949f8
2026-06-17 07:14:22,8c1f646190001dd8,bandwidth,125000.0,1637,1634,
2026-06-17 07:14:22,8c1f646190001dd8,frame_counter,3741.0,1637,1634,
2026-06-17 07:14:22,8c1f646190001dd8,leak_status,2.0,1637,1634,
2026-06-17 07:14:22,8c1f646190001dd8,total_volume,55983.0,1637,1634,
2026-06-17 07:14:22,8c1f646190001dd8,error_code,0.0,1637,1634,
2026-06-17 07:14:32,8c1f6461900021e0,gateway_snr,7.199999809265137,1637,1634,24e124fffef949f8
2026-06-17 07:14:32,8c1f6461900021e0,bandwidth,125000.0,1637,1634,
2026-06-17 07:14:32,8c1f6461900021e0,battery,3664.0,1637,1634,
2026-06-17 07:14:32,8c1f6461900021e0,gateway_rssi,-104.0,1637,1634,24e124fffef949f8
2026-06-17 07:14:32,8c1f6461900021e0,total_volume,77175.0,1637,1634,
2026-06-17 07:14:32,8c1f6461900021e0,spreading_factor,7.0,1637,1634,
2026-06-17 07:14:32,8c1f6461900021e0,ambient_temp,22.0,1637,1634,
2026-06-17 07:14:32,8c1f6461900021e0,error_code,0.0,1637,1634,
2026-06-17 07:14:32,8c1f6461900021e0,water_temp_min,22.0,1637,1634,
2026-06-17 07:14:32,8c1f6461900021e0,payload,1.0,1637,1634,0aa409030000772d010000000000000000000000000000e9ed545554
2026-06-17 07:14:32,8c1f6461900021e0,frame_counter,2245.0,1637,1634,
2026-06-17 07:14:32,8c1f6461900021e0,leak_status,0.0,1637,1634,
2026-06-17 07:14:32,8c1f6461900021e0,water_temp_max,22.5,1637,1634,
2026-06-17 07:14:32,8c1f6461900021e0,battery_recovered,3696.0,1637,1634,
2026-06-17 07:15:43,8c1f646190001968,gateway_snr,5.800000190734863,1637,1634,24e124fffef949f8
2026-06-17 07:15:43,8c1f646190001968,payload,1.0,1637,1634,46bc0903000051160100f729180092ae0903c1f4410102e8eb5c6d58
2026-06-17 07:15:43,8c1f646190001968,water_temp_max,34.5,1637,1634,
2026-06-17 07:15:43,8c1f646190001968,battery,3656.0,1637,1634,
2026-06-17 07:15:43,8c1f646190001968,gateway_rssi,-105.0,1637,1634,24e124fffef949f8
2026-06-17 07:15:43,8c1f646190001968,error_code,0.0,1637,1634,
2026-06-17 07:15:43,8c1f646190001968,leak_status,2.0,1637,1634,
2026-06-17 07:15:43,8c1f646190001968,frame_counter,3625.0,1637,1634,
2026-06-17 07:15:43,8c1f646190001968,battery_recovered,3680.0,1637,1634,
2026-06-17 07:15:43,8c1f646190001968,bandwidth,125000.0,1637,1634,
2026-06-17 07:15:43,8c1f646190001968,total_volume,71249.0,1637,1634,
2026-06-17 07:15:43,8c1f646190001968,spreading_factor,7.0,1637,1634,
2026-06-17 07:15:43,8c1f646190001968,ambient_temp,24.0,1637,1634,
2026-06-17 07:15:43,8c1f646190001968,water_temp_min,26.0,1637,1634,
2026-06-17 07:16:59,8c1f646190002291,leak_status,3.0,1637,1634,
2026-06-17 07:16:59,8c1f646190002291,battery,3584.0,1637,1634,
2026-06-17 07:16:59,8c1f646190002291,ambient_temp,21.0,1637,1634,
2026-06-17 07:16:59,8c1f646190002291,bandwidth,125000.0,1637,1634,
2026-06-17 07:16:59,8c1f646190002291,spreading_factor,7.0,1637,1634,
2026-06-17 07:16:59,8c1f646190002291,frame_counter,6855.0,1637,1634,
2026-06-17 07:16:59,8c1f646190002291,water_temp_max,21.0,1637,1634,
2026-06-17 07:16:59,8c1f646190002291,error_code,0.0,1637,1634,
2026-06-17 07:16:59,8c1f646190002291,gateway_snr,4.0,1637,1634,24e124fffef949f8
2026-06-17 07:16:59,8c1f646190002291,total_volume,398986.0,1637,1634,
2026-06-17 07:16:59,8c1f646190002291,water_temp_min,21.0,1637,1634,
2026-06-17 07:16:59,8c1f646190002291,gateway_rssi,-109.0,1637,1634,24e124fffef949f8
2026-06-17 07:16:59,8c1f646190002291,payload,1.0,1637,1634,c8f1090300008a16060000000000861609035a02000003dfe9525252
2026-06-17 07:16:59,8c1f646190002291,battery_recovered,3664.0,1637,1634,
2026-06-17 07:22:03,8c1f646190001ec9,water_temp_max,21.5,1637,1634,
2026-06-17 07:22:03,8c1f646190001ec9,battery_recovered,3664.0,1637,1634,
2026-06-17 07:22:03,8c1f646190001ec9,frame_counter,6558.0,1637,1634,
2026-06-17 07:22:03,8c1f646190001ec9,payload,1.0,1637,1634,26a409030000fc860000f75a0b00349609033e03a00202e1e9535352
2026-06-17 07:22:03,8c1f646190001ec9,leak_status,2.0,1637,1634,
2026-06-17 07:22:03,8c1f646190001ec9,spreading_factor,7.0,1637,1634,
2026-06-17 07:22:03,8c1f646190001ec9,error_code,0.0,1637,1634,
2026-06-17 07:22:03,8c1f646190001ec9,battery,3600.0,1637,1634,
2026-06-17 07:22:03,8c1f646190001ec9,bandwidth,125000.0,1637,1634,
2026-06-17 07:22:03,8c1f646190001ec9,ambient_temp,21.0,1637,1634,
2026-06-17 07:22:03,8c1f646190001ec9,gateway_snr,4.800000190734863,1637,1634,24e124fffef94d5c
2026-06-17 07:22:03,8c1f646190001ec9,gateway_rssi,-104.0,1637,1634,24e124fffef94d5c
2026-06-17 07:22:03,8c1f646190001ec9,water_temp_min,21.5,1637,1634,
2026-06-17 07:22:03,8c1f646190001ec9,total_volume,34556.0,1637,1634,
2026-06-17 07:22:37,8c1f6461900015ba,ambient_temp,21.0,1637,1634,
2026-06-17 07:22:37,8c1f6461900015ba,bandwidth,125000.0,1637,1634,
2026-06-17 07:22:37,8c1f6461900015ba,frame_counter,7263.0,1637,1634,
2026-06-17 07:22:37,8c1f6461900015ba,spreading_factor,7.0,1637,1634,
2026-06-17 07:22:37,8c1f6461900015ba,water_temp_max,21.5,1637,1634,
2026-06-17 07:22:37,8c1f6461900015ba,leak_status,2.0,1637,1634,
2026-06-17 07:22:37,8c1f6461900015ba,battery,3640.0,1637,1634,
2026-06-17 07:22:37,8c1f6461900015ba,gateway_rssi,-107.0,1637,1634,24e124fffef949f8
2026-06-17 07:22:37,8c1f6461900015ba,water_temp_min,21.0,1637,1634,
2026-06-17 07:22:37,8c1f6461900015ba,battery_recovered,3680.0,1637,1634,
2026-06-17 07:22:37,8c1f6461900015ba,error_code,0.0,1637,1634,
2026-06-17 07:22:37,8c1f6461900015ba,gateway_snr,6.0,1637,1634,24e124fffef949f8
2026-06-17 07:22:37,8c1f6461900015ba,payload,1.0,1637,1634,feda09030000911b0000000000002ccd09034100710302e6eb525352
2026-06-17 07:22:37,8c1f6461900015ba,total_volume,7057.0,1637,1634,
2026-06-17 07:23:13,24e124725d489523,temperature,20.5,1637,1634,
2026-06-17 07:23:13,24e124725d489523,frame_counter,7510.0,1637,1634,
2026-06-17 07:23:13,24e124725d489523,payload,85.0,1637,1634,0175270367cd0004685c
2026-06-17 07:23:13,24e124725d489523,humidity,46.0,1637,1634,
2026-06-17 07:23:13,24e124725d489523,spreading_factor,7.0,1637,1634,
2026-06-17 07:23:13,24e124725d489523,gateway_rssi,-112.0,1637,1634,24e124fffef949f8
2026-06-17 07:23:13,24e124725d489523,battery,39.0,1637,1634,
2026-06-17 07:23:13,24e124725d489523,bandwidth,125000.0,1637,1634,
2026-06-17 07:23:13,24e124725d489523,gateway_snr,-2.200000047683716,1637,1634,24e124fffef949f8
2026-06-17 07:24:31,8c1f6461900015ed,leak_status,2.0,1637,1634,
2026-06-17 07:24:31,8c1f6461900015ed,battery_recovered,3680.0,1637,1634,
2026-06-17 07:24:31,8c1f6461900015ed,ambient_temp,21.5,1637,1634,
2026-06-17 07:24:31,8c1f6461900015ed,gateway_snr,10.800000190734863,1637,1634,24e124fffef94d5c
2026-06-17 07:24:31,8c1f6461900015ed,water_temp_min,21.0,1637,1634,
2026-06-17 07:24:31,8c1f6461900015ed,battery,3648.0,1637,1634,
2026-06-17 07:24:31,8c1f6461900015ed,spreading_factor,7.0,1637,1634,
2026-06-17 07:24:31,8c1f6461900015ed,gateway_rssi,-94.0,1637,1634,24e124fffef94d5c
2026-06-17 07:24:31,8c1f6461900015ed,bandwidth,125000.0,1637,1634,
2026-06-17 07:24:31,8c1f6461900015ed,total_volume,25835.0,1637,1634,
2026-06-17 07:24:31,8c1f6461900015ed,error_code,0.0,1637,1634,
2026-06-17 07:24:31,8c1f6461900015ed,frame_counter,6145.0,1637,1634,
2026-06-17 07:24:31,8c1f6461900015ed,water_temp_max,21.5,1637,1634,
2026-06-17 07:24:31,8c1f6461900015ed,payload,1.0,1637,1634,95cf09030000eb6400000ea409008dc109030300bc0202e7eb525353
2026-06-17 07:25:09,8c1f6461900018f5,water_temp_max,22.0,1637,1634,
2026-06-17 07:25:09,8c1f6461900018f5,battery_recovered,3664.0,1637,1634,
2026-06-17 07:25:09,8c1f6461900018f5,error_code,0.0,1637,1634,
2026-06-17 07:25:09,8c1f6461900018f5,total_volume,51593.0,1637,1634,
2026-06-17 07:25:09,8c1f6461900018f5,bandwidth,125000.0,1637,1634,
2026-06-17 07:25:09,8c1f6461900018f5,frame_counter,7698.0,1637,1634,
2026-06-17 07:25:09,8c1f6461900018f5,leak_status,2.0,1637,1634,
2026-06-17 07:25:09,8c1f6461900018f5,ambient_temp,22.5,1637,1634,
2026-06-17 07:25:09,8c1f6461900018f5,gateway_rssi,-103.0,1637,1634,24e124fffef949f8
2026-06-17 07:25:09,8c1f6461900018f5,spreading_factor,7.0,1637,1634,
2026-06-17 07:25:09,8c1f6461900018f5,battery,3600.0,1637,1634,
2026-06-17 07:25:09,8c1f6461900018f5,payload,1.0,1637,1634,1db90903000089c90000c5d904004cab09030f00e21102e1e9545455
2026-06-17 07:25:09,8c1f6461900018f5,water_temp_min,22.0,1637,1634,
2026-06-17 07:25:09,8c1f6461900018f5,gateway_snr,6.5,1637,1634,24e124fffef949f8
2026-06-17 07:26:17,8c1f6461900019c7,water_temp_max,23.0,1637,1634,
2026-06-17 07:26:17,8c1f6461900019c7,water_temp_min,22.5,1637,1634,
2026-06-17 07:26:17,8c1f6461900019c7,battery_recovered,3648.0,1637,1634,
2026-06-17 07:26:17,8c1f6461900019c7,payload,1.0,1637,1634,cea2090300008b57000052480800fc940903b9fdaf0202dde7555656
2026-06-17 07:26:17,8c1f6461900019c7,gateway_snr,0.800000011920929,1637,1634,24e124fffef94d5c
2026-06-17 07:26:17,8c1f6461900019c7,ambient_temp,23.0,1637,1634,
2026-06-17 07:26:17,8c1f6461900019c7,total_volume,22411.0,1637,1634,
2026-06-17 07:26:17,8c1f6461900019c7,battery,3568.0,1637,1634,
2026-06-17 07:26:17,8c1f6461900019c7,frame_counter,5926.0,1637,1634,
2026-06-17 07:26:17,8c1f6461900019c7,leak_status,2.0,1637,1634,
2026-06-17 07:26:17,8c1f6461900019c7,gateway_rssi,-106.0,1637,1634,24e124fffef94d5c
2026-06-17 07:26:17,8c1f6461900019c7,error_code,0.0,1637,1634,
2026-06-17 07:26:17,8c1f6461900019c7,bandwidth,125000.0,1637,1634,
2026-06-17 07:26:17,8c1f6461900019c7,spreading_factor,7.0,1637,1634,
2026-06-17 07:26:50,8c1f646190001baf,payload,1.0,1637,1634,13c90903000031d200001fa90500000000000000000000e0e8555755
2026-06-17 07:26:50,8c1f646190001baf,gateway_rssi,-106.0,1637,1634,24e124fffef94d5c
2026-06-17 07:26:50,8c1f646190001baf,frame_counter,6732.0,1637,1634,
2026-06-17 07:26:50,8c1f646190001baf,ambient_temp,22.5,1637,1634,
2026-06-17 07:26:50,8c1f646190001baf,battery_recovered,3656.0,1637,1634,
2026-06-17 07:26:50,8c1f646190001baf,water_temp_min,22.5,1637,1634,
2026-06-17 07:26:50,8c1f646190001baf,error_code,0.0,1637,1634,
2026-06-17 07:26:50,8c1f646190001baf,total_volume,53809.0,1637,1634,
2026-06-17 07:26:50,8c1f646190001baf,water_temp_max,23.5,1637,1634,
2026-06-17 07:26:50,8c1f646190001baf,battery,3592.0,1637,1634,
2026-06-17 07:26:50,8c1f646190001baf,leak_status,0.0,1637,1634,
2026-06-17 07:26:50,8c1f646190001baf,bandwidth,125000.0,1637,1634,
2026-06-17 07:26:50,8c1f646190001baf,gateway_snr,2.5,1637,1634,24e124fffef94d5c
2026-06-17 07:26:50,8c1f646190001baf,spreading_factor,7.0,1637,1634,
2026-06-17 07:27:10,8c1f646190001790,frame_counter,3636.0,1637,1634,
2026-06-17 07:27:10,8c1f646190001790,battery_recovered,3696.0,1637,1634,
2026-06-17 07:27:10,8c1f646190001790,bandwidth,125000.0,1637,1634,
2026-06-17 07:27:10,8c1f646190001790,gateway_snr,2.5,1637,1634,24e124fffef949f8
2026-06-17 07:27:10,8c1f646190001790,payload,1.0,1637,1634,bedb0903000049230000db340300dbcd09039d033e0202eaed525354
2026-06-17 07:27:10,8c1f646190001790,error_code,0.0,1637,1634,
2026-06-17 07:27:10,8c1f646190001790,battery,3672.0,1637,1634,
2026-06-17 07:27:10,8c1f646190001790,total_volume,9033.0,1637,1634,
2026-06-17 07:27:10,8c1f646190001790,leak_status,2.0,1637,1634,
2026-06-17 07:27:10,8c1f646190001790,gateway_rssi,-110.0,1637,1634,24e124fffef949f8
2026-06-17 07:27:10,8c1f646190001790,ambient_temp,22.0,1637,1634,
2026-06-17 07:27:10,8c1f646190001790,spreading_factor,7.0,1637,1634,
2026-06-17 07:27:10,8c1f646190001790,water_temp_min,21.0,1637,1634,
2026-06-17 07:27:10,8c1f646190001790,water_temp_max,21.5,1637,1634,
2026-06-17 07:27:20,8c1f6461900021a9,frame_counter,7890.0,1637,1634,
2026-06-17 07:27:20,8c1f6461900021a9,spreading_factor,7.0,1637,1634,
2026-06-17 07:27:20,8c1f6461900021a9,water_temp_max,20.5,1637,1634,
2026-06-17 07:27:20,8c1f6461900021a9,error_code,0.0,1637,1634,
2026-06-17 07:27:20,8c1f6461900021a9,leak_status,2.0,1637,1634,
2026-06-17 07:27:20,8c1f6461900021a9,ambient_temp,21.0,1637,1634,
2026-06-17 07:27:20,8c1f6461900021a9,water_temp_min,20.5,1637,1634,
2026-06-17 07:27:20,8c1f6461900021a9,payload,1.0,1637,1634,9cc80903000009cb0000f8f81100b2ba090352fca70302e2e9515152
2026-06-17 07:27:20,8c1f6461900021a9,total_volume,51977.0,1637,1634,
2026-06-17 07:27:20,8c1f6461900021a9,bandwidth,125000.0,1637,1634,
2026-06-17 07:27:20,8c1f6461900021a9,battery,3608.0,1637,1634,
2026-06-17 07:27:20,8c1f6461900021a9,gateway_snr,2.0,1637,1634,24e124fffef949f8
2026-06-17 07:27:20,8c1f6461900021a9,battery_recovered,3664.0,1637,1634,
2026-06-17 07:27:20,8c1f6461900021a9,gateway_rssi,-111.0,1637,1634,24e124fffef949f8
2026-06-17 07:28:48,8c1f646190002012,total_volume,21103.0,1637,1634,
2026-06-17 07:28:48,8c1f646190002012,battery_recovered,3664.0,1637,1634,
2026-06-17 07:28:48,8c1f646190002012,error_code,0.0,1637,1634,
2026-06-17 07:28:48,8c1f646190002012,spreading_factor,7.0,1637,1634,
2026-06-17 07:28:48,8c1f646190002012,water_temp_min,22.5,1637,1634,
2026-06-17 07:28:48,8c1f646190002012,water_temp_max,22.5,1637,1634,
2026-06-17 07:28:48,8c1f646190002012,gateway_rssi,-105.0,1637,1634,24e124fffef949f8
2026-06-17 07:28:48,8c1f646190002012,bandwidth,125000.0,1637,1634,
2026-06-17 07:28:48,8c1f646190002012,ambient_temp,22.5,1637,1634,
2026-06-17 07:28:48,8c1f646190002012,leak_status,2.0,1637,1634,
2026-06-17 07:28:48,8c1f646190002012,frame_counter,2858.0,1637,1634,
2026-06-17 07:28:48,8c1f646190002012,payload,1.0,1637,1634,51a7090300006f520000e1cd07007699090357fc160302e7e9555555
2026-06-17 07:28:48,8c1f646190002012,gateway_snr,5.5,1637,1634,24e124fffef949f8
2026-06-17 07:28:48,8c1f646190002012,battery,3648.0,1637,1634,
2026-06-17 07:32:07,8c1f646190001af8,leak_status,2.0,1637,1634,
2026-06-17 07:32:07,8c1f646190001af8,frame_counter,7619.0,1637,1634,
2026-06-17 07:32:07,8c1f646190001af8,water_temp_min,21.5,1637,1634,
2026-06-17 07:32:07,8c1f646190001af8,gateway_rssi,-104.0,1637,1634,24e124fffef94d5c
2026-06-17 07:32:07,8c1f646190001af8,battery,3576.0,1637,1634,
2026-06-17 07:32:07,8c1f646190001af8,payload,1.0,1637,1634,61a90903000070630000260000007b9b090381034d0302dee8535452
2026-06-17 07:32:07,8c1f646190001af8,gateway_snr,4.0,1637,1634,24e124fffef94d5c
2026-06-17 07:32:07,8c1f646190001af8,bandwidth,125000.0,1637,1634,
2026-06-17 07:32:07,8c1f646190001af8,total_volume,25456.0,1637,1634,
2026-06-17 07:32:07,8c1f646190001af8,error_code,0.0,1637,1634,
2026-06-17 07:32:07,8c1f646190001af8,water_temp_max,22.0,1637,1634,
2026-06-17 07:32:07,8c1f646190001af8,battery_recovered,3656.0,1637,1634,
2026-06-17 07:32:07,8c1f646190001af8,spreading_factor,7.0,1637,1634,
2026-06-17 07:32:07,8c1f646190001af8,ambient_temp,21.0,1637,1634,
2026-06-17 07:32:46,8c1f6461900017e3,battery_recovered,3664.0,1637,1634,
2026-06-17 07:32:46,8c1f6461900017e3,bandwidth,125000.0,1637,1634,
2026-06-17 07:32:46,8c1f6461900017e3,spreading_factor,7.0,1637,1634,
2026-06-17 07:32:46,8c1f6461900017e3,total_volume,68845.0,1637,1634,
2026-06-17 07:32:46,8c1f6461900017e3,water_temp_max,28.5,1637,1634,
2026-06-17 07:32:46,8c1f6461900017e3,ambient_temp,24.0,1637,1634,
2026-06-17 07:32:46,8c1f6461900017e3,battery,3640.0,1637,1634,
2026-06-17 07:32:46,8c1f6461900017e3,error_code,0.0,1637,1634,
2026-06-17 07:32:46,8c1f6461900017e3,frame_counter,3600.0,1637,1634,
2026-06-17 07:32:46,8c1f6461900017e3,water_temp_min,26.5,1637,1634,
2026-06-17 07:32:46,8c1f6461900017e3,leak_status,2.0,1637,1634,
2026-06-17 07:32:46,8c1f6461900017e3,gateway_rssi,-107.0,1637,1634,24e124fffef949f8
2026-06-17 07:32:46,8c1f6461900017e3,gateway_snr,6.0,1637,1634,24e124fffef949f8
2026-06-17 07:32:46,8c1f6461900017e3,payload,1.0,1637,1634,4fd009030000ed0c0100e40100005dc60903f407b80b02e6e95d6158
2026-06-17 07:33:14,24e124725d489523,battery,39.0,1637,1634,
2026-06-17 07:33:14,24e124725d489523,frame_counter,7511.0,1637,1634,
2026-06-17 07:33:14,8c1f6461900021c1,leak_status,0.0,1637,1634,
2026-06-17 07:33:14,24e124725d489523,spreading_factor,7.0,1637,1634,
2026-06-17 07:33:14,8c1f6461900021c1,spreading_factor,7.0,1637,1634,
2026-06-17 07:33:14,8c1f6461900021c1,water_temp_min,20.0,1637,1634,
2026-06-17 07:33:14,8c1f6461900021c1,bandwidth,125000.0,1637,1634,
2026-06-17 07:33:14,8c1f6461900021c1,payload,1.0,1637,1634,d2e10903000032c101001af30500000000000000000000e0e9505150
2026-06-17 07:33:14,8c1f6461900021c1,water_temp_max,20.5,1637,1634,
2026-06-17 07:33:14,8c1f6461900021c1,error_code,0.0,1637,1634,
2026-06-17 07:33:14,24e124725d489523,payload,85.0,1637,1634,0175270367cd0004685c
2026-06-17 07:33:14,8c1f6461900021c1,battery_recovered,3664.0,1637,1634,
2026-06-17 07:33:14,24e124725d489523,humidity,46.0,1637,1634,
2026-06-17 07:33:14,8c1f6461900021c1,frame_counter,7665.0,1637,1634,
2026-06-17 07:33:14,8c1f6461900021c1,gateway_snr,2.0,1637,1634,24e124fffef94d5c
2026-06-17 07:33:14,8c1f6461900021c1,gateway_rssi,-106.0,1637,1634,24e124fffef94d5c
2026-06-17 07:33:14,8c1f6461900021c1,battery,3592.0,1637,1634,
2026-06-17 07:33:14,24e124725d489523,gateway_rssi,-114.0,1637,1634,24e124fffef949f8
2026-06-17 07:33:14,24e124725d489523,bandwidth,125000.0,1637,1634,
2026-06-17 07:33:14,24e124725d489523,gateway_snr,-3.5,1637,1634,24e124fffef949f8
2026-06-17 07:33:14,24e124725d489523,temperature,20.5,1637,1634,
2026-06-17 07:33:14,8c1f6461900021c1,ambient_temp,20.0,1637,1634,
2026-06-17 07:33:14,8c1f6461900021c1,total_volume,114994.0,1637,1634,
2026-06-17 07:34:20,8c1f6461900021e2,bandwidth,125000.0,1637,1634,
2026-06-17 07:34:20,8c1f6461900021e2,spreading_factor,7.0,1637,1634,
2026-06-17 07:34:20,8c1f6461900021e2,battery_recovered,3672.0,1637,1634,
2026-06-17 07:34:20,8c1f6461900021e2,payload,1.0,1637,1634,27e209030000dddd00003200000021d40903f205fa0c02e5ea495a55
2026-06-17 07:34:20,8c1f6461900021e2,frame_counter,3643.0,1637,1634,
2026-06-17 07:34:20,8c1f6461900021e2,gateway_snr,5.199999809265137,1637,1634,24e124fffef949f8
2026-06-17 07:34:20,8c1f6461900021e2,gateway_rssi,-104.0,1637,1634,24e124fffef949f8
2026-06-17 07:34:20,8c1f6461900021e2,battery,3632.0,1637,1634,
2026-06-17 07:34:20,8c1f6461900021e2,error_code,0.0,1637,1634,
2026-06-17 07:34:20,8c1f6461900021e2,water_temp_min,16.5,1637,1634,
2026-06-17 07:34:20,8c1f6461900021e2,leak_status,2.0,1637,1634,
2026-06-17 07:34:20,8c1f6461900021e2,total_volume,56797.0,1637,1634,
2026-06-17 07:34:20,8c1f6461900021e2,ambient_temp,22.5,1637,1634,
2026-06-17 07:34:20,8c1f6461900021e2,water_temp_max,25.0,1637,1634,
2026-06-17 07:35:27,8c1f6461900020a5,water_temp_min,22.5,1637,1634,
2026-06-17 07:35:27,8c1f6461900020a5,ambient_temp,23.5,1637,1634,
2026-06-17 07:35:27,8c1f6461900020a5,gateway_rssi,-100.0,1637,1634,24e124fffef94d5c
2026-06-17 07:35:27,8c1f6461900020a5,leak_status,2.0,1637,1634,
2026-06-17 07:35:27,8c1f6461900020a5,water_temp_max,24.0,1637,1634,
2026-06-17 07:35:27,8c1f6461900020a5,spreading_factor,7.0,1637,1634,
2026-06-17 07:35:27,8c1f6461900020a5,total_volume,15397.0,1637,1634,
2026-06-17 07:35:27,8c1f6461900020a5,payload,1.0,1637,1634,14ec09030000253c00000000000017de090369fe5b0402e0e8555857
2026-06-17 07:35:27,8c1f6461900020a5,frame_counter,7607.0,1637,1634,
2026-06-17 07:35:27,8c1f6461900020a5,bandwidth,125000.0,1637,1634,
2026-06-17 07:35:27,8c1f6461900020a5,battery_recovered,3656.0,1637,1634,
2026-06-17 07:35:27,8c1f6461900020a5,gateway_snr,7.199999809265137,1637,1634,24e124fffef94d5c
2026-06-17 07:35:27,8c1f6461900020a5,error_code,0.0,1637,1634,
2026-06-17 07:35:27,8c1f6461900020a5,battery,3592.0,1637,1634,
2026-06-17 07:36:30,8c1f646190001ba9,gateway_snr,3.200000047683716,1637,1634,24e124fffef949f8
2026-06-17 07:36:30,8c1f646190001ba9,leak_status,2.0,1637,1634,
2026-06-17 07:36:30,8c1f646190001ba9,water_temp_min,22.0,1637,1634,
2026-06-17 07:36:30,8c1f646190001ba9,water_temp_max,53.5,1637,1634,
2026-06-17 07:36:30,8c1f646190001ba9,spreading_factor,7.0,1637,1634,
2026-06-17 07:36:30,8c1f646190001ba9,total_volume,31805.0,1637,1634,
2026-06-17 07:36:30,8c1f646190001ba9,gateway_rssi,-107.0,1637,1634,24e124fffef949f8
2026-06-17 07:36:30,8c1f646190001ba9,battery,3600.0,1637,1634,
2026-06-17 07:36:30,8c1f646190001ba9,error_code,0.0,1637,1634,
2026-06-17 07:36:30,8c1f646190001ba9,battery_recovered,3672.0,1637,1634,
2026-06-17 07:36:30,8c1f646190001ba9,frame_counter,7076.0,1637,1634,
2026-06-17 07:36:30,8c1f646190001ba9,bandwidth,125000.0,1637,1634,
2026-06-17 07:36:30,8c1f646190001ba9,ambient_temp,24.5,1637,1634,
2026-06-17 07:36:30,8c1f646190001ba9,payload,1.0,1637,1634,a6d3090300003d7c000081460b00a3c50903aa00480102e1ea549359
2026-06-17 07:36:51,8c1f6461900018ba,payload,1.0,1637,1634,889b09030000ad1d000000000000938d0903c302820202e1ea525352
2026-06-17 07:36:51,8c1f6461900018ba,frame_counter,5754.0,1637,1634,
2026-06-17 07:36:51,8c1f6461900018ba,battery_recovered,3672.0,1637,1634,
2026-06-17 07:36:51,8c1f6461900018ba,battery,3600.0,1637,1634,
2026-06-17 07:36:51,8c1f6461900018ba,gateway_rssi,-103.0,1637,1634,24e124fffef94d5c
2026-06-17 07:36:51,8c1f6461900018ba,gateway_snr,4.800000190734863,1637,1634,24e124fffef94d5c
2026-06-17 07:36:51,8c1f6461900018ba,water_temp_min,21.0,1637,1634,
2026-06-17 07:36:51,8c1f6461900018ba,ambient_temp,21.0,1637,1634,
2026-06-17 07:36:51,8c1f6461900018ba,error_code,0.0,1637,1634,
2026-06-17 07:36:51,8c1f6461900018ba,spreading_factor,7.0,1637,1634,
2026-06-17 07:36:51,8c1f6461900018ba,total_volume,7597.0,1637,1634,
2026-06-17 07:36:51,8c1f6461900018ba,water_temp_max,21.5,1637,1634,
2026-06-17 07:36:51,8c1f6461900018ba,leak_status,2.0,1637,1634,
2026-06-17 07:36:51,8c1f6461900018ba,bandwidth,125000.0,1637,1634,
2026-06-17 07:37:56,8c1f646190001fcb,battery,3624.0,1637,1634,
2026-06-17 07:37:56,8c1f646190001fcb,water_temp_min,22.0,1637,1634,
2026-06-17 07:37:56,8c1f646190001fcb,water_temp_max,22.5,1637,1634,
2026-06-17 07:37:56,8c1f646190001fcb,payload,1.0,1637,1634,91880d030000705d000000000000a67a0d036401740602e4ed545555
2026-06-17 07:37:56,8c1f646190001fcb,ambient_temp,22.5,1637,1634,
2026-06-17 07:37:56,8c1f646190001fcb,battery_recovered,3696.0,1637,1634,
2026-06-17 07:37:56,8c1f646190001fcb,total_volume,23920.0,1637,1634,
2026-06-17 07:37:56,8c1f646190001fcb,leak_status,2.0,1637,1634,
2026-06-17 07:37:56,8c1f646190001fcb,spreading_factor,7.0,1637,1634,
2026-06-17 07:37:56,8c1f646190001fcb,bandwidth,125000.0,1637,1634,
2026-06-17 07:37:56,8c1f646190001fcb,gateway_rssi,-108.0,1637,1634,24e124fffef94d5c
2026-06-17 07:37:56,8c1f646190001fcb,frame_counter,7390.0,1637,1634,
2026-06-17 07:37:56,8c1f646190001fcb,error_code,0.0,1637,1634,
2026-06-17 07:37:56,8c1f646190001fcb,gateway_snr,-1.2000000476837158,1637,1634,24e124fffef94d5c
2026-06-17 07:38:10,8c1f646190002244,payload,1.0,1637,1634,3fa50903000017b9010003000000000000000000000000e2ea565655
2026-06-17 07:38:10,8c1f646190002244,total_volume,112919.0,1637,1634,
2026-06-17 07:38:10,8c1f646190002244,battery,3608.0,1637,1634,
2026-06-17 07:38:10,8c1f646190002244,error_code,0.0,1637,1634,
2026-06-17 07:38:10,8c1f646190002244,ambient_temp,22.5,1637,1634,
2026-06-17 07:38:10,8c1f646190002244,gateway_snr,4.800000190734863,1637,1634,24e124fffef94d5c
2026-06-17 07:38:10,8c1f646190002244,battery_recovered,3672.0,1637,1634,
2026-06-17 07:38:10,8c1f646190002244,water_temp_min,23.0,1637,1634,
2026-06-17 07:38:10,8c1f646190002244,spreading_factor,7.0,1637,1634,
2026-06-17 07:38:10,8c1f646190002244,water_temp_max,23.0,1637,1634,
2026-06-17 07:38:10,8c1f646190002244,leak_status,0.0,1637,1634,
2026-06-17 07:38:10,8c1f646190002244,bandwidth,125000.0,1637,1634,
2026-06-17 07:38:10,8c1f646190002244,frame_counter,6479.0,1637,1634,
2026-06-17 07:38:10,8c1f646190002244,gateway_rssi,-104.0,1637,1634,24e124fffef94d5c
2026-06-17 07:39:35,8c1f6461900021bd,total_volume,71811.0,1637,1634,
2026-06-17 07:39:35,8c1f6461900021bd,error_code,0.0,1637,1634,
2026-06-17 07:39:35,8c1f6461900021bd,payload,1.0,1637,1634,cedc090300008318010000000000000000000000000000dfe8545454
2026-06-17 07:39:35,8c1f6461900021bd,bandwidth,125000.0,1637,1634,
2026-06-17 07:39:35,8c1f6461900021bd,leak_status,0.0,1637,1634,
2026-06-17 07:39:35,8c1f6461900021bd,water_temp_min,22.0,1637,1634,
2026-06-17 07:39:35,8c1f6461900021bd,battery,3584.0,1637,1634,
2026-06-17 07:39:35,8c1f6461900021bd,frame_counter,6635.0,1637,1634,
2026-06-17 07:39:35,8c1f6461900021bd,gateway_snr,-0.800000011920929,1637,1634,24e124fffef94d5c
2026-06-17 07:39:35,8c1f6461900021bd,ambient_temp,22.0,1637,1634,
2026-06-17 07:39:35,8c1f6461900021bd,gateway_rssi,-106.0,1637,1634,24e124fffef94d5c
2026-06-17 07:39:35,8c1f6461900021bd,water_temp_max,22.0,1637,1634,
2026-06-17 07:39:35,8c1f6461900021bd,battery_recovered,3656.0,1637,1634,
2026-06-17 07:39:35,8c1f6461900021bd,spreading_factor,7.0,1637,1634,
2026-06-17 07:43:11,24e124725d489523,gateway_rssi,-112.0,1637,1634,24e124fffef949f8
2026-06-17 07:43:11,24e124725d489523,frame_counter,7512.0,1637,1634,
2026-06-17 07:43:11,24e124725d489523,battery,39.0,1637,1634,
2026-06-17 07:43:11,24e124725d489523,temperature,20.6,1637,1634,
2026-06-17 07:43:11,24e124725d489523,spreading_factor,7.0,1637,1634,
2026-06-17 07:43:11,24e124725d489523,bandwidth,125000.0,1637,1634,
2026-06-17 07:43:11,24e124725d489523,humidity,45.5,1637,1634,
2026-06-17 07:43:11,24e124725d489523,gateway_snr,0.2000000029802322,1637,1634,24e124fffef949f8
2026-06-17 07:43:11,24e124725d489523,payload,85.0,1637,1634,0175270367ce0004685b
2026-06-17 07:45:46,8c1f64619000227c,spreading_factor,7.0,1637,1634,
2026-06-17 07:45:46,8c1f64619000227c,total_volume,12937.0,1637,1634,
2026-06-17 07:45:46,8c1f64619000227c,battery_recovered,3664.0,1637,1634,
2026-06-17 07:45:46,8c1f64619000227c,battery,3576.0,1637,1634,
2026-06-17 07:45:46,8c1f64619000227c,gateway_snr,-1.5,1637,1634,24e124fffef949f8
2026-06-17 07:45:46,8c1f64619000227c,leak_status,2.0,1637,1634,
2026-06-17 07:45:46,8c1f64619000227c,water_temp_max,23.0,1637,1634,
2026-06-17 07:45:46,8c1f64619000227c,error_code,0.0,1637,1634,
2026-06-17 07:45:46,8c1f64619000227c,bandwidth,125000.0,1637,1634,
2026-06-17 07:45:46,8c1f64619000227c,gateway_rssi,-113.0,1637,1634,24e124fffef949f8
2026-06-17 07:45:46,8c1f64619000227c,frame_counter,7522.0,1637,1634,
2026-06-17 07:45:46,8c1f64619000227c,ambient_temp,23.0,1637,1634,
2026-06-17 07:45:46,8c1f64619000227c,water_temp_min,23.0,1637,1634,
2026-06-17 07:45:46,8c1f64619000227c,payload,1.0,1637,1634,a0b30903000089320000e7ad0400b7a5090314fff00002dee9565656
2026-06-17 07:46:16,8c1f64619000171c,error_code,0.0,1637,1634,
2026-06-17 07:46:16,8c1f64619000171c,water_temp_max,25.5,1637,1634,
2026-06-17 07:46:16,8c1f64619000171c,battery,3648.0,1637,1634,
2026-06-17 07:46:16,8c1f64619000171c,ambient_temp,24.0,1637,1634,
2026-06-17 07:46:16,8c1f64619000171c,water_temp_min,24.5,1637,1634,
2026-06-17 07:46:16,8c1f64619000171c,total_volume,17945.0,1637,1634,
2026-06-17 07:46:16,8c1f64619000171c,gateway_rssi,-109.0,1637,1634,24e124fffef949f8
2026-06-17 07:46:16,8c1f64619000171c,battery_recovered,3672.0,1637,1634,
2026-06-17 07:46:16,8c1f64619000171c,frame_counter,3607.0,1637,1634,
2026-06-17 07:46:16,8c1f64619000171c,leak_status,2.0,1637,1634,
2026-06-17 07:46:16,8c1f64619000171c,payload,1.0,1637,1634,89910d0300001946000012000000ba830d0352fe0a0202e7ea595b58
2026-06-17 07:46:16,8c1f64619000171c,gateway_snr,4.199999809265137,1637,1634,24e124fffef949f8
2026-06-17 07:46:16,8c1f64619000171c,spreading_factor,7.0,1637,1634,
2026-06-17 07:46:16,8c1f64619000171c,bandwidth,125000.0,1637,1634,
2026-06-17 07:46:17,8c1f646190001c1f,battery,3632.0,1637,1634,
2026-06-17 07:46:17,8c1f646190001c1f,ambient_temp,23.0,1637,1634,
2026-06-17 07:46:17,8c1f646190001c1f,gateway_snr,5.800000190734863,1637,1634,24e124fffef949f8
2026-06-17 07:46:17,8c1f646190001c1f,battery_recovered,3688.0,1637,1634,
2026-06-17 07:46:17,8c1f646190001c1f,bandwidth,125000.0,1637,1634,
2026-06-17 07:46:17,8c1f646190001c1f,water_temp_min,24.0,1637,1634,
2026-06-17 07:46:17,8c1f646190001c1f,spreading_factor,7.0,1637,1634,
2026-06-17 07:46:17,8c1f646190001c1f,payload,1.0,1637,1634,9dd60903000024ac00000000000037cf09032dfeb81402e5ec585856
2026-06-17 07:46:17,8c1f646190001c1f,gateway_rssi,-107.0,1637,1634,24e124fffef949f8
2026-06-17 07:46:17,8c1f646190001c1f,leak_status,2.0,1637,1634,
2026-06-17 07:46:17,8c1f646190001c1f,error_code,0.0,1637,1634,
2026-06-17 07:46:17,8c1f646190001c1f,frame_counter,1940.0,1637,1634,
2026-06-17 07:46:17,8c1f646190001c1f,water_temp_max,24.0,1637,1634,
2026-06-17 07:46:17,8c1f646190001c1f,total_volume,44068.0,1637,1634,
2026-06-17 07:47:55,8c1f646190001fc1,gateway_snr,11.0,1637,1634,24e124fffef94d5c
2026-06-17 07:47:55,8c1f646190001fc1,frame_counter,6896.0,1637,1634,
2026-06-17 07:47:55,8c1f646190001fc1,water_temp_min,22.0,1637,1634,
2026-06-17 07:47:55,8c1f646190001fc1,error_code,0.0,1637,1634,
2026-06-17 07:47:55,8c1f646190001fc1,battery,3568.0,1637,1634,
2026-06-17 07:47:55,8c1f646190001fc1,leak_status,2.0,1637,1634,
2026-06-17 07:47:55,8c1f646190001fc1,total_volume,50575.0,1637,1634,
2026-06-17 07:47:55,8c1f646190001fc1,gateway_rssi,-95.0,1637,1634,24e124fffef94d5c
2026-06-17 07:47:55,8c1f646190001fc1,spreading_factor,7.0,1637,1634,
2026-06-17 07:47:55,8c1f646190001fc1,water_temp_max,22.0,1637,1634,
2026-06-17 07:47:55,8c1f646190001fc1,payload,1.0,1637,1634,73dc090300008fc50000871c0a008cce09030906220d02dde6545454
2026-06-17 07:47:55,8c1f646190001fc1,ambient_temp,22.0,1637,1634,
2026-06-17 07:47:55,8c1f646190001fc1,battery_recovered,3640.0,1637,1634,
2026-06-17 07:47:55,8c1f646190001fc1,bandwidth,125000.0,1637,1634,
2026-06-17 07:49:24,8c1f646190001501,bandwidth,125000.0,1637,1634,
2026-06-17 07:49:24,8c1f646190001501,total_volume,21710.0,1637,1634,
2026-06-17 07:49:24,8c1f646190001501,battery_recovered,3696.0,1637,1634,
2026-06-17 07:49:24,8c1f646190001501,frame_counter,3295.0,1637,1634,
2026-06-17 07:49:24,8c1f646190001501,error_code,0.0,1637,1634,
2026-06-17 07:49:24,8c1f646190001501,water_temp_max,22.0,1637,1634,
2026-06-17 07:49:24,8c1f646190001501,gateway_snr,8.5,1637,1634,24e124fffef949f8
2026-06-17 07:49:24,8c1f646190001501,leak_status,2.0,1637,1634,
2026-06-17 07:49:24,8c1f646190001501,gateway_rssi,-101.0,1637,1634,24e124fffef949f8
2026-06-17 07:49:24,8c1f646190001501,water_temp_min,22.0,1637,1634,
2026-06-17 07:49:24,8c1f646190001501,battery,3680.0,1637,1634,
2026-06-17 07:49:24,8c1f646190001501,payload,1.0,1637,1634,e2da0e030000ce540000028e0600f2cc0e038102700402ebed545454
2026-06-17 07:49:24,8c1f646190001501,ambient_temp,22.0,1637,1634,
2026-06-17 07:49:24,8c1f646190001501,spreading_factor,7.0,1637,1634,
2026-06-17 07:49:29,8c1f646190001bea,frame_counter,7693.0,1637,1634,
2026-06-17 07:49:29,8c1f646190001bea,gateway_snr,0.5,1637,1634,24e124fffef94d5c
2026-06-17 07:49:29,8c1f646190001bea,battery_recovered,3656.0,1637,1634,
2026-06-17 07:49:29,8c1f646190001bea,battery,3592.0,1637,1634,
2026-06-17 07:49:29,8c1f646190001bea,bandwidth,125000.0,1637,1634,
2026-06-17 07:49:29,8c1f646190001bea,leak_status,2.0,1637,1634,
2026-06-17 07:49:29,8c1f646190001bea,error_code,0.0,1637,1634,
2026-06-17 07:49:29,8c1f646190001bea,ambient_temp,22.0,1637,1634,
2026-06-17 07:49:29,8c1f646190001bea,spreading_factor,7.0,1637,1634,
2026-06-17 07:49:29,8c1f646190001bea,water_temp_max,22.5,1637,1634,
2026-06-17 07:49:29,8c1f646190001bea,total_volume,34015.0,1637,1634,
2026-06-17 07:49:29,8c1f646190001bea,gateway_rssi,-106.0,1637,1634,24e124fffef94d5c
2026-06-17 07:49:29,8c1f646190001bea,payload,1.0,1637,1634,4ec709030000df840000206c0c0040b909035cfea80102e0e8545554
2026-06-17 07:49:29,8c1f646190001bea,water_temp_min,22.0,1637,1634,
2026-06-17 07:51:44,8c1f646190001833,error_code,0.0,1637,1634,
2026-06-17 07:51:44,8c1f646190001833,spreading_factor,7.0,1637,1634,
2026-06-17 07:51:44,8c1f646190001833,gateway_rssi,-106.0,1637,1634,24e124fffef94d5c
2026-06-17 07:51:44,8c1f646190001833,leak_status,2.0,1637,1634,
2026-06-17 07:51:44,8c1f646190001833,battery,3600.0,1637,1634,
2026-06-17 07:51:44,8c1f646190001833,water_temp_max,22.0,1637,1634,
2026-06-17 07:51:44,8c1f646190001833,bandwidth,125000.0,1637,1634,
2026-06-17 07:51:44,8c1f646190001833,ambient_temp,22.0,1637,1634,
2026-06-17 07:51:44,8c1f646190001833,payload,1.0,1637,1634,8d9f09030000262e000000000000b0910903dc03fb0002e1ea545454
2026-06-17 07:51:44,8c1f646190001833,battery_recovered,3672.0,1637,1634,
2026-06-17 07:51:44,8c1f646190001833,frame_counter,5852.0,1637,1634,
2026-06-17 07:51:44,8c1f646190001833,water_temp_min,22.0,1637,1634,
2026-06-17 07:51:44,8c1f646190001833,gateway_snr,2.799999952316284,1637,1634,24e124fffef94d5c
2026-06-17 07:51:44,8c1f646190001833,total_volume,11814.0,1637,1634,
2026-06-17 07:53:16,24e124725d489523,bandwidth,125000.0,1637,1634,
2026-06-17 07:53:16,24e124725d489523,gateway_rssi,-111.0,1637,1634,24e124fffef949f8
2026-06-17 07:53:16,24e124725d489523,frame_counter,7513.0,1637,1634,
2026-06-17 07:53:16,24e124725d489523,battery,39.0,1637,1634,
2026-06-17 07:53:16,24e124725d489523,gateway_snr,1.0,1637,1634,24e124fffef949f8
2026-06-17 07:53:16,24e124725d489523,humidity,45.5,1637,1634,
2026-06-17 07:53:16,24e124725d489523,spreading_factor,7.0,1637,1634,
2026-06-17 07:53:16,24e124725d489523,temperature,20.6,1637,1634,
2026-06-17 07:53:16,24e124725d489523,payload,85.0,1637,1634,0175270367ce0004685b
2026-06-17 07:54:32,8c1f6461900021e8,water_temp_max,25.5,1637,1634,
2026-06-17 07:54:32,8c1f6461900021e8,bandwidth,125000.0,1637,1634,
2026-06-17 07:54:32,8c1f6461900021e8,water_temp_min,25.0,1637,1634,
2026-06-17 07:54:32,8c1f6461900021e8,error_code,0.0,1637,1634,
2026-06-17 07:54:32,8c1f6461900021e8,gateway_rssi,-109.0,1637,1634,24e124fffef949f8
2026-06-17 07:54:32,8c1f6461900021e8,gateway_snr,2.200000047683716,1637,1634,24e124fffef949f8
2026-06-17 07:54:32,8c1f6461900021e8,frame_counter,3454.0,1637,1634,
2026-06-17 07:54:32,8c1f6461900021e8,spreading_factor,7.0,1637,1634,
2026-06-17 07:54:32,8c1f6461900021e8,payload,1.0,1637,1634,32e90903000095b600007d61070060db09038eff950a02e7eb5a5b57
2026-06-17 07:54:32,8c1f6461900021e8,total_volume,46741.0,1637,1634,
2026-06-17 07:54:32,8c1f6461900021e8,leak_status,2.0,1637,1634,
2026-06-17 07:54:32,8c1f6461900021e8,ambient_temp,23.5,1637,1634,
2026-06-17 07:54:32,8c1f6461900021e8,battery_recovered,3680.0,1637,1634,
2026-06-17 07:54:32,8c1f6461900021e8,battery,3648.0,1637,1634,
2026-06-17 07:54:44,8c1f646190001ebd,ambient_temp,22.5,1637,1634,
2026-06-17 07:54:44,8c1f646190001ebd,bandwidth,125000.0,1637,1634,
2026-06-17 07:54:44,8c1f646190001ebd,payload,1.0,1637,1634,11e009030000dc6a00000000000028d209037dff0d0b02e3ed575755
2026-06-17 07:54:44,8c1f646190001ebd,leak_status,2.0,1637,1634,
2026-06-17 07:54:44,8c1f646190001ebd,battery_recovered,3696.0,1637,1634,
2026-06-17 07:54:44,8c1f646190001ebd,battery,3616.0,1637,1634,
2026-06-17 07:54:44,8c1f646190001ebd,water_temp_max,23.5,1637,1634,
2026-06-17 07:54:44,8c1f646190001ebd,frame_counter,7925.0,1637,1634,
2026-06-17 07:54:44,8c1f646190001ebd,error_code,0.0,1637,1634,
2026-06-17 07:54:44,8c1f646190001ebd,gateway_rssi,-105.0,1637,1634,24e124fffef949f8
2026-06-17 07:54:44,8c1f646190001ebd,spreading_factor,7.0,1637,1634,
2026-06-17 07:54:44,8c1f646190001ebd,gateway_snr,5.800000190734863,1637,1634,24e124fffef949f8
2026-06-17 07:54:44,8c1f646190001ebd,total_volume,27356.0,1637,1634,
2026-06-17 07:54:44,8c1f646190001ebd,water_temp_min,23.5,1637,1634,
2026-06-17 07:55:55,8c1f6461900021c5,ambient_temp,22.0,1637,1634,
2026-06-17 07:55:55,8c1f6461900021c5,gateway_snr,5.5,1637,1634,24e124fffef949f8
2026-06-17 07:55:55,8c1f6461900021c5,gateway_rssi,-107.0,1637,1634,24e124fffef949f8
2026-06-17 07:55:55,8c1f6461900021c5,bandwidth,125000.0,1637,1634,
2026-06-17 07:55:55,8c1f6461900021c5,error_code,0.0,1637,1634,
2026-06-17 07:55:55,8c1f6461900021c5,total_volume,12238.0,1637,1634,
2026-06-17 07:55:55,8c1f6461900021c5,frame_counter,6819.0,1637,1634,
2026-06-17 07:55:55,8c1f6461900021c5,water_temp_min,17.0,1637,1634,
2026-06-17 07:55:55,8c1f6461900021c5,battery,3600.0,1637,1634,
2026-06-17 07:55:55,8c1f6461900021c5,payload,1.0,1637,1634,74d509030000ce2f000000000000c4ce090328e72a0202e1e94a5054
2026-06-17 07:55:55,8c1f6461900021c5,water_temp_max,20.0,1637,1634,
2026-06-17 07:55:55,8c1f6461900021c5,spreading_factor,7.0,1637,1634,
2026-06-17 07:55:55,8c1f6461900021c5,leak_status,2.0,1637,1634,
2026-06-17 07:55:55,8c1f6461900021c5,battery_recovered,3664.0,1637,1634,
2026-06-17 07:56:42,8c1f646190001901,gateway_snr,3.799999952316284,1637,1634,24e124fffef94d5c
2026-06-17 07:56:42,8c1f646190001901,spreading_factor,7.0,1637,1634,
2026-06-17 07:56:42,8c1f646190001901,payload,1.0,1637,1634,32da09030000df340000050000004fcc0903de01250302dfeb535453
2026-06-17 07:56:42,8c1f646190001901,leak_status,2.0,1637,1634,
2026-06-17 07:56:42,8c1f646190001901,bandwidth,125000.0,1637,1634,
2026-06-17 07:56:42,8c1f646190001901,error_code,0.0,1637,1634,
2026-06-17 07:56:42,8c1f646190001901,battery_recovered,3680.0,1637,1634,
2026-06-17 07:56:42,8c1f646190001901,total_volume,13535.0,1637,1634,
2026-06-17 07:56:42,8c1f646190001901,gateway_rssi,-103.0,1637,1634,24e124fffef94d5c
2026-06-17 07:56:42,8c1f646190001901,frame_counter,7667.0,1637,1634,
2026-06-17 07:56:42,8c1f646190001901,water_temp_max,22.0,1637,1634,
2026-06-17 07:56:42,8c1f646190001901,battery,3584.0,1637,1634,
2026-06-17 07:56:42,8c1f646190001901,ambient_temp,21.5,1637,1634,
2026-06-17 07:56:42,8c1f646190001901,water_temp_min,21.5,1637,1634,
2026-06-17 07:57:54,8c1f646190001592,spreading_factor,7.0,1637,1634,
2026-06-17 07:57:54,8c1f646190001592,ambient_temp,22.0,1637,1634,
2026-06-17 07:57:54,8c1f646190001592,water_temp_max,23.0,1637,1634,
2026-06-17 07:57:54,8c1f646190001592,leak_status,2.0,1637,1634,
2026-06-17 07:57:54,8c1f646190001592,error_code,0.0,1637,1634,
2026-06-17 07:57:54,8c1f646190001592,bandwidth,125000.0,1637,1634,
2026-06-17 07:57:54,8c1f646190001592,battery_recovered,3672.0,1637,1634,
2026-06-17 07:57:54,8c1f646190001592,water_temp_min,22.0,1637,1634,
2026-06-17 07:57:54,8c1f646190001592,frame_counter,3626.0,1637,1634,
2026-06-17 07:57:54,8c1f646190001592,battery,3608.0,1637,1634,
2026-06-17 07:57:54,8c1f646190001592,gateway_snr,8.5,1637,1634,24e124fffef949f8
2026-06-17 07:57:54,8c1f646190001592,gateway_rssi,-103.0,1637,1634,24e124fffef949f8
2026-06-17 07:57:54,8c1f646190001592,payload,1.0,1637,1634,7ab9090300009c8300001dbc0b0070ab090357ffca0302e2ea545654
2026-06-17 07:57:54,8c1f646190001592,total_volume,33692.0,1637,1634,
2026-06-17 07:58:27,8c1f646190001c9b,error_code,0.0,1637,1634,
2026-06-17 07:58:27,8c1f646190001c9b,payload,1.0,1637,1634,7ad4090300009db6000004940e0082c60903ad04280702e0e97b7b5a
2026-06-17 07:58:27,8c1f646190001c9b,bandwidth,125000.0,1637,1634,
2026-06-17 07:58:27,8c1f646190001c9b,frame_counter,7511.0,1637,1634,
2026-06-17 07:58:27,8c1f646190001c9b,water_temp_min,41.5,1637,1634,
2026-06-17 07:58:27,8c1f646190001c9b,spreading_factor,7.0,1637,1634,
2026-06-17 07:58:27,8c1f646190001c9b,leak_status,2.0,1637,1634,
2026-06-17 07:58:27,8c1f646190001c9b,total_volume,46749.0,1637,1634,
2026-06-17 07:58:27,8c1f646190001c9b,battery_recovered,3664.0,1637,1634,
2026-06-17 07:58:27,8c1f646190001c9b,ambient_temp,25.0,1637,1634,
2026-06-17 07:58:27,8c1f646190001c9b,water_temp_max,41.5,1637,1634,
2026-06-17 07:58:27,8c1f646190001c9b,gateway_rssi,-105.0,1637,1634,24e124fffef94d5c
2026-06-17 07:58:27,8c1f646190001c9b,gateway_snr,3.5,1637,1634,24e124fffef94d5c
2026-06-17 07:58:27,8c1f646190001c9b,battery,3592.0,1637,1634,
2026-06-17 07:58:57,8c1f646190001947,gateway_snr,3.799999952316284,1637,1634,24e124fffef94d5c
2026-06-17 07:58:57,8c1f646190001947,gateway_rssi,-104.0,1637,1634,24e124fffef94d5c
2026-06-17 07:58:57,8c1f646190001947,water_temp_min,22.5,1637,1634,
2026-06-17 07:58:57,8c1f646190001947,bandwidth,125000.0,1637,1634,
2026-06-17 07:58:57,8c1f646190001947,battery_recovered,3656.0,1637,1634,
2026-06-17 07:58:57,8c1f646190001947,total_volume,38261.0,1637,1634,
2026-06-17 07:58:57,8c1f646190001947,spreading_factor,7.0,1637,1634,
2026-06-17 07:58:57,8c1f646190001947,error_code,0.0,1637,1634,
2026-06-17 07:58:57,8c1f646190001947,ambient_temp,22.0,1637,1634,
2026-06-17 07:58:57,8c1f646190001947,leak_status,2.0,1637,1634,
2026-06-17 07:58:57,8c1f646190001947,battery,3592.0,1637,1634,
2026-06-17 07:58:57,8c1f646190001947,payload,1.0,1637,1634,eaf3090300007595000000000000f6e50903de05120a02e0e8555554
2026-06-17 07:58:57,8c1f646190001947,water_temp_max,22.5,1637,1634,
2026-06-17 07:58:57,8c1f646190001947,frame_counter,7369.0,1637,1634,
2026-06-17 07:59:23,8c1f64619000177c,total_volume,57771.0,1637,1634,
2026-06-17 07:59:23,8c1f64619000177c,water_temp_max,21.5,1637,1634,
2026-06-17 07:59:23,8c1f64619000177c,ambient_temp,22.0,1637,1634,
2026-06-17 07:59:23,8c1f64619000177c,gateway_rssi,-99.0,1637,1634,24e124fffef949f8
2026-06-17 07:59:23,8c1f64619000177c,leak_status,0.0,1637,1634,
2026-06-17 07:59:23,8c1f64619000177c,spreading_factor,7.0,1637,1634,
2026-06-17 07:59:23,8c1f64619000177c,payload,1.0,1637,1634,b5ba09030000abe1000000000000000000000000000000e3eb535354
2026-06-17 07:59:23,8c1f64619000177c,water_temp_min,21.5,1637,1634,
2026-06-17 07:59:23,8c1f64619000177c,frame_counter,6450.0,1637,1634,
2026-06-17 07:59:23,8c1f64619000177c,error_code,0.0,1637,1634,
2026-06-17 07:59:23,8c1f64619000177c,battery_recovered,3680.0,1637,1634,
2026-06-17 07:59:23,8c1f64619000177c,bandwidth,125000.0,1637,1634,
2026-06-17 07:59:23,8c1f64619000177c,battery,3616.0,1637,1634,
2026-06-17 07:59:23,8c1f64619000177c,gateway_snr,11.0,1637,1634,24e124fffef949f8
2026-06-17 07:59:45,8c1f646190001c1c,spreading_factor,7.0,1637,1634,
2026-06-17 07:59:45,8c1f646190001c1c,bandwidth,125000.0,1637,1634,
2026-06-17 07:59:45,8c1f646190001c1c,battery,3624.0,1637,1634,
2026-06-17 07:59:45,8c1f646190001c1c,battery_recovered,3656.0,1637,1634,
2026-06-17 07:59:45,8c1f646190001c1c,total_volume,39222.0,1637,1634,
2026-06-17 07:59:45,8c1f646190001c1c,gateway_rssi,-109.0,1637,1634,24e124fffef949f8
2026-06-17 07:59:45,8c1f646190001c1c,water_temp_max,22.5,1637,1634,
2026-06-17 07:59:45,8c1f646190001c1c,gateway_snr,3.0,1637,1634,24e124fffef949f8
2026-06-17 07:59:45,8c1f646190001c1c,ambient_temp,22.5,1637,1634,
2026-06-17 07:59:45,8c1f646190001c1c,leak_status,2.0,1637,1634,
2026-06-17 07:59:45,8c1f646190001c1c,frame_counter,3672.0,1637,1634,
2026-06-17 07:59:45,8c1f646190001c1c,error_code,0.0,1637,1634,
2026-06-17 07:59:45,8c1f646190001c1c,water_temp_min,22.5,1637,1634,
2026-06-17 07:59:45,8c1f646190001c1c,payload,1.0,1637,1634,c4b30d030000369900004d0b0b00c7a50d037802030802e4e8555555
2026-06-17 08:01:15,8c1f6461900021db,bandwidth,125000.0,1637,1634,
2026-06-17 08:01:15,8c1f6461900021db,battery,3616.0,1637,1634,
2026-06-17 08:01:15,8c1f6461900021db,battery_recovered,3648.0,1637,1634,
2026-06-17 08:01:15,8c1f6461900021db,ambient_temp,21.5,1637,1634,
2026-06-17 08:01:15,8c1f6461900021db,error_code,0.0,1637,1634,
2026-06-17 08:01:15,8c1f6461900021db,gateway_snr,4.0,1637,1634,24e124fffef94d5c
2026-06-17 08:01:15,8c1f6461900021db,leak_status,2.0,1637,1634,
2026-06-17 08:01:15,8c1f6461900021db,frame_counter,7761.0,1637,1634,
2026-06-17 08:01:15,8c1f6461900021db,total_volume,15057.0,1637,1634,
2026-06-17 08:01:15,8c1f6461900021db,water_temp_max,21.0,1637,1634,
2026-06-17 08:01:15,8c1f6461900021db,water_temp_min,20.5,1637,1634,
2026-06-17 08:01:15,8c1f6461900021db,spreading_factor,7.0,1637,1634,
2026-06-17 08:01:15,8c1f6461900021db,payload,1.0,1637,1634,f2b109030000d13a0000694f050008a409030201ff0002e3e7515253
2026-06-17 08:01:15,8c1f6461900021db,gateway_rssi,-103.0,1637,1634,24e124fffef94d5c
2026-06-17 08:02:52,8c1f6461900020d1,battery,3576.0,1637,1634,
2026-06-17 08:02:52,8c1f6461900020d1,bandwidth,125000.0,1637,1634,
2026-06-17 08:02:52,8c1f6461900020d1,total_volume,13636.0,1637,1634,
2026-06-17 08:02:52,8c1f6461900020d1,spreading_factor,7.0,1637,1634,
2026-06-17 08:02:52,8c1f6461900020d1,ambient_temp,24.0,1637,1634,
2026-06-17 08:02:52,8c1f6461900020d1,water_temp_max,23.0,1637,1634,
2026-06-17 08:02:52,8c1f6461900020d1,payload,1.0,1637,1634,93b60903000044350000e6fd0400b3a80903aa04590102dee7565658
2026-06-17 08:02:52,8c1f6461900020d1,battery_recovered,3648.0,1637,1634,
2026-06-17 08:02:52,8c1f6461900020d1,error_code,0.0,1637,1634,
2026-06-17 08:02:52,8c1f6461900020d1,gateway_rssi,-105.0,1637,1634,24e124fffef949f8
2026-06-17 08:02:52,8c1f6461900020d1,gateway_snr,5.0,1637,1634,24e124fffef949f8
2026-06-17 08:02:52,8c1f6461900020d1,leak_status,2.0,1637,1634,
2026-06-17 08:02:52,8c1f6461900020d1,frame_counter,6349.0,1637,1634,
2026-06-17 08:02:52,8c1f6461900020d1,water_temp_min,23.0,1637,1634,
2026-06-17 08:03:19,8c1f646190001833,water_temp_max,22.0,1637,1634,
2026-06-17 08:03:19,8c1f646190001833,frame_counter,5851.0,1637,1634,
2026-06-17 08:03:19,8c1f646190001833,battery_recovered,3672.0,1637,1634,
2026-06-17 08:03:19,8c1f646190001833,payload,1.0,1637,1634,7d9109030000262e0000000000006e8309033d07580102e1ea535454
2026-06-17 08:03:19,8c1f646190001833,total_volume,11814.0,1637,1634,
2026-06-17 08:03:19,8c1f646190001833,spreading_factor,7.0,1637,1634,
2026-06-17 08:03:19,8c1f646190001833,leak_status,2.0,1637,1634,
2026-06-17 08:03:19,8c1f646190001833,ambient_temp,22.0,1637,1634,
2026-06-17 08:03:19,8c1f646190001833,battery,3600.0,1637,1634,
2026-06-17 08:03:19,8c1f646190001833,gateway_rssi,-105.0,1637,1634,24e124fffef94d5c
2026-06-17 08:03:19,8c1f646190001833,gateway_snr,1.2000000476837158,1637,1634,24e124fffef94d5c
2026-06-17 08:03:19,8c1f646190001833,error_code,0.0,1637,1634,
2026-06-17 08:03:19,8c1f646190001833,bandwidth,125000.0,1637,1634,
2026-06-17 08:03:19,8c1f646190001833,water_temp_min,21.5,1637,1634,
2026-06-17 08:03:37,8c1f6461900019cb,error_code,0.0,1637,1634,
2026-06-17 08:03:37,8c1f6461900019cb,battery,3600.0,1637,1634,
2026-06-17 08:03:37,8c1f6461900019cb,gateway_rssi,-102.0,1637,1634,24e124fffef94d5c
2026-06-17 08:03:37,8c1f6461900019cb,payload,1.0,1637,1634,32b7090300003e2900000000000042a90903c8ffcb0402e1ea515150
2026-06-17 08:03:37,8c1f6461900019cb,water_temp_min,20.5,1637,1634,
2026-06-17 08:03:37,8c1f6461900019cb,spreading_factor,7.0,1637,1634,
2026-06-17 08:03:37,8c1f6461900019cb,frame_counter,7819.0,1637,1634,
2026-06-17 08:03:37,8c1f6461900019cb,ambient_temp,20.0,1637,1634,
2026-06-17 08:03:37,8c1f6461900019cb,water_temp_max,20.5,1637,1634,
2026-06-17 08:03:37,8c1f6461900019cb,bandwidth,125000.0,1637,1634,
2026-06-17 08:03:37,8c1f6461900019cb,leak_status,2.0,1637,1634,
2026-06-17 08:03:37,8c1f6461900019cb,total_volume,10558.0,1637,1634,
2026-06-17 08:03:37,8c1f6461900019cb,gateway_snr,5.5,1637,1634,24e124fffef94d5c
2026-06-17 08:03:37,8c1f6461900019cb,battery_recovered,3672.0,1637,1634,
2026-06-17 08:03:44,8c1f64619000170a,total_volume,154809.0,1637,1634,
2026-06-17 08:03:44,8c1f64619000170a,frame_counter,6656.0,1637,1634,
2026-06-17 08:03:44,8c1f64619000170a,gateway_snr,5.0,1637,1634,24e124fffef94d5c
2026-06-17 08:03:44,8c1f64619000170a,battery_recovered,3664.0,1637,1634,
2026-06-17 08:03:44,8c1f64619000170a,gateway_rssi,-103.0,1637,1634,24e124fffef94d5c
2026-06-17 08:03:44,8c1f64619000170a,spreading_factor,7.0,1637,1634,
2026-06-17 08:03:44,8c1f64619000170a,bandwidth,125000.0,1637,1634,
2026-06-17 08:03:44,8c1f64619000170a,battery,3600.0,1637,1634,
2026-06-17 08:03:44,8c1f64619000170a,ambient_temp,24.0,1637,1634,
2026-06-17 08:03:44,8c1f64619000170a,leak_status,2.0,1637,1634,
2026-06-17 08:03:44,8c1f64619000170a,error_code,0.0,1637,1634,
2026-06-17 08:03:44,8c1f64619000170a,payload,1.0,1637,1634,e5f909030000b95c02007c2706000eec09033524970e02e1e9575758
2026-06-17 08:03:44,8c1f64619000170a,water_temp_max,23.5,1637,1634,
2026-06-17 08:03:44,8c1f64619000170a,water_temp_min,23.5,1637,1634,
2026-06-17 08:04:41,8c1f6461900021da,gateway_snr,6.800000190734863,1637,1634,24e124fffef94d5c
2026-06-17 08:04:41,8c1f6461900021da,error_code,0.0,1637,1634,
2026-06-17 08:04:41,8c1f6461900021da,water_temp_max,22.5,1637,1634,
2026-06-17 08:04:41,8c1f6461900021da,frame_counter,7493.0,1637,1634,
2026-06-17 08:04:41,8c1f6461900021da,water_temp_min,22.5,1637,1634,
2026-06-17 08:04:41,8c1f6461900021da,spreading_factor,7.0,1637,1634,
2026-06-17 08:04:41,8c1f6461900021da,bandwidth,125000.0,1637,1634,
2026-06-17 08:04:41,8c1f6461900021da,battery_recovered,3680.0,1637,1634,
2026-06-17 08:04:41,8c1f6461900021da,leak_status,2.0,1637,1634,
2026-06-17 08:04:41,8c1f6461900021da,ambient_temp,22.0,1637,1634,
2026-06-17 08:04:41,8c1f6461900021da,battery,3632.0,1637,1634,
2026-06-17 08:04:41,8c1f6461900021da,total_volume,24734.0,1637,1634,
2026-06-17 08:04:41,8c1f6461900021da,payload,1.0,1637,1634,b597090300009e600000f7900800d38909037c072f0302e5eb555554
2026-06-17 08:04:41,8c1f6461900021da,gateway_rssi,-101.0,1637,1634,24e124fffef94d5c
2026-06-17 08:05:03,8c1f646190001963,gateway_snr,10.199999809265137,1637,1634,24e124fffef94d5c
2026-06-17 08:05:03,8c1f646190001963,water_temp_max,22.0,1637,1634,
2026-06-17 08:05:03,8c1f646190001963,total_volume,15807.0,1637,1634,
2026-06-17 08:05:03,8c1f646190001963,frame_counter,7738.0,1637,1634,
2026-06-17 08:05:03,8c1f646190001963,gateway_rssi,-96.0,1637,1634,24e124fffef94d5c
2026-06-17 08:05:03,8c1f646190001963,payload,1.0,1637,1634,fcf109030000bf3d00000000000020e409036d00cd0702e1eb545453
2026-06-17 08:05:03,8c1f646190001963,leak_status,2.0,1637,1634,
2026-06-17 08:05:03,8c1f646190001963,error_code,0.0,1637,1634,
2026-06-17 08:05:03,8c1f646190001963,ambient_temp,21.5,1637,1634,
2026-06-17 08:05:03,8c1f646190001963,battery,3600.0,1637,1634,
2026-06-17 08:05:03,8c1f646190001963,water_temp_min,22.0,1637,1634,
2026-06-17 08:05:03,8c1f646190001963,spreading_factor,7.0,1637,1634,
2026-06-17 08:05:03,8c1f646190001963,bandwidth,125000.0,1637,1634,
2026-06-17 08:05:03,8c1f646190001963,battery_recovered,3680.0,1637,1634,
2026-06-17 08:06:39,8c1f646190001e41,leak_status,2.0,1637,1634,
2026-06-17 08:06:39,8c1f646190001e41,frame_counter,3565.0,1637,1634,
2026-06-17 08:06:39,8c1f646190001e41,total_volume,42481.0,1637,1634,
2026-06-17 08:06:39,8c1f646190001e41,gateway_rssi,-106.0,1637,1634,24e124fffef949f8
2026-06-17 08:06:39,8c1f646190001e41,payload,1.0,1637,1634,29e809030000f1a500005c110f0042da090328fece0102ebec808159
2026-06-17 08:06:39,8c1f646190001e41,battery,3680.0,1637,1634,
2026-06-17 08:06:39,8c1f646190001e41,spreading_factor,7.0,1637,1634,
2026-06-17 08:06:39,8c1f646190001e41,ambient_temp,24.5,1637,1634,
2026-06-17 08:06:39,8c1f646190001e41,battery_recovered,3688.0,1637,1634,
2026-06-17 08:06:39,8c1f646190001e41,error_code,0.0,1637,1634,
2026-06-17 08:06:39,8c1f646190001e41,bandwidth,125000.0,1637,1634,
2026-06-17 08:06:39,8c1f646190001e41,water_temp_max,44.5,1637,1634,
2026-06-17 08:06:39,8c1f646190001e41,water_temp_min,44.0,1637,1634,
2026-06-17 08:06:39,8c1f646190001e41,gateway_snr,6.199999809265137,1637,1634,24e124fffef949f8
2026-06-17 08:07:33,8c1f646190002120,payload,1.0,1637,1634,a6d40903000087a50000f5e70d00c8c609037301770002e8eb545454
2026-06-17 08:07:33,8c1f646190002120,frame_counter,3622.0,1637,1634,
2026-06-17 08:07:33,8c1f646190002120,spreading_factor,7.0,1637,1634,
2026-06-17 08:07:33,8c1f646190002120,water_temp_min,22.0,1637,1634,
2026-06-17 08:07:33,8c1f646190002120,total_volume,42375.0,1637,1634,
2026-06-17 08:07:33,8c1f646190002120,water_temp_max,22.0,1637,1634,
2026-06-17 08:07:33,8c1f646190002120,error_code,0.0,1637,1634,
2026-06-17 08:07:33,8c1f646190002120,bandwidth,125000.0,1637,1634,
2026-06-17 08:07:33,8c1f646190002120,battery,3656.0,1637,1634,
2026-06-17 08:07:33,8c1f646190002120,gateway_snr,4.199999809265137,1637,1634,24e124fffef949f8
2026-06-17 08:07:33,8c1f646190002120,gateway_rssi,-102.0,1637,1634,24e124fffef949f8
2026-06-17 08:07:33,8c1f646190002120,ambient_temp,22.0,1637,1634,
2026-06-17 08:07:33,8c1f646190002120,leak_status,2.0,1637,1634,
2026-06-17 08:07:33,8c1f646190002120,battery_recovered,3680.0,1637,1634,
2026-06-17 08:08:06,8c1f6461900015c1,total_volume,19013.0,1637,1634,
2026-06-17 08:08:06,8c1f6461900015c1,gateway_snr,10.0,1637,1634,24e124fffef94d5c
2026-06-17 08:08:06,8c1f6461900015c1,battery_recovered,3672.0,1637,1634,
2026-06-17 08:08:06,8c1f6461900015c1,frame_counter,7610.0,1637,1634,
2026-06-17 08:08:06,8c1f6461900015c1,bandwidth,125000.0,1637,1634,
2026-06-17 08:08:06,8c1f6461900015c1,error_code,0.0,1637,1634,
2026-06-17 08:08:06,8c1f6461900015c1,gateway_rssi,-93.0,1637,1634,24e124fffef94d5c
2026-06-17 08:08:06,8c1f6461900015c1,leak_status,2.0,1637,1634,
2026-06-17 08:08:06,8c1f6461900015c1,battery,3608.0,1637,1634,
2026-06-17 08:08:06,8c1f6461900015c1,water_temp_min,22.0,1637,1634,
2026-06-17 08:08:06,8c1f6461900015c1,ambient_temp,22.0,1637,1634,
2026-06-17 08:08:06,8c1f6461900015c1,payload,1.0,1637,1634,daae09030000454a000000000000fba009036dfd7e0102e2ea545454
2026-06-17 08:08:06,8c1f6461900015c1,spreading_factor,7.0,1637,1634,
2026-06-17 08:08:06,8c1f6461900015c1,water_temp_max,22.0,1637,1634,
2026-06-17 08:09:18,8c1f646190001b0f,gateway_rssi,-108.0,1637,1634,24e124fffef94d5c
2026-06-17 08:09:18,8c1f646190001b0f,error_code,0.0,1637,1634,
2026-06-17 08:09:18,8c1f646190001b0f,payload,1.0,1637,1634,1fd109030000f2890000e6e30a0010c30903e301980102dfe7555553
2026-06-17 08:09:18,8c1f646190001b0f,water_temp_max,22.5,1637,1634,
2026-06-17 08:09:18,8c1f646190001b0f,gateway_snr,-3.799999952316284,1637,1634,24e124fffef94d5c
2026-06-17 08:09:18,8c1f646190001b0f,spreading_factor,7.0,1637,1634,
2026-06-17 08:09:18,8c1f646190001b0f,water_temp_min,22.5,1637,1634,
2026-06-17 08:09:18,8c1f646190001b0f,total_volume,35314.0,1637,1634,
2026-06-17 08:09:18,8c1f646190001b0f,battery_recovered,3648.0,1637,1634,
2026-06-17 08:09:18,8c1f646190001b0f,battery,3584.0,1637,1634,
2026-06-17 08:09:18,8c1f646190001b0f,leak_status,2.0,1637,1634,
2026-06-17 08:09:18,8c1f646190001b0f,bandwidth,125000.0,1637,1634,
2026-06-17 08:09:18,8c1f646190001b0f,frame_counter,6527.0,1637,1634,
2026-06-17 08:09:18,8c1f646190001b0f,ambient_temp,21.5,1637,1634,
2026-06-17 08:09:44,8c1f64619000228d,battery_recovered,3648.0,1637,1634,
2026-06-17 08:09:44,8c1f64619000228d,error_code,0.0,1637,1634,
2026-06-17 08:09:44,8c1f64619000228d,gateway_snr,6.5,1637,1634,24e124fffef94d5c
2026-06-17 08:09:44,8c1f64619000228d,total_volume,18070.0,1637,1634,
2026-06-17 08:09:44,8c1f64619000228d,bandwidth,125000.0,1637,1634,
2026-06-17 08:09:44,8c1f64619000228d,leak_status,2.0,1637,1634,
2026-06-17 08:09:44,8c1f64619000228d,water_temp_max,22.5,1637,1634,
2026-06-17 08:09:44,8c1f64619000228d,payload,1.0,1637,1634,20a20903000096460000000000004d940903fe06c10802dee7545554
2026-06-17 08:09:44,8c1f64619000228d,gateway_rssi,-101.0,1637,1634,24e124fffef94d5c
2026-06-17 08:09:44,8c1f64619000228d,battery,3576.0,1637,1634,
2026-06-17 08:09:44,8c1f64619000228d,ambient_temp,22.0,1637,1634,
2026-06-17 08:09:44,8c1f64619000228d,water_temp_min,22.0,1637,1634,
2026-06-17 08:09:44,8c1f64619000228d,spreading_factor,7.0,1637,1634,
2026-06-17 08:09:44,8c1f64619000228d,frame_counter,6430.0,1637,1634,
2026-06-17 08:09:46,8c1f6461900014f5,water_temp_min,22.0,1637,1634,
2026-06-17 08:09:46,8c1f6461900014f5,ambient_temp,22.5,1637,1634,
2026-06-17 08:09:46,8c1f6461900014f5,spreading_factor,7.0,1637,1634,
2026-06-17 08:09:46,8c1f6461900014f5,gateway_rssi,-103.0,1637,1634,24e124fffef949f8
2026-06-17 08:09:46,8c1f6461900014f5,frame_counter,3579.0,1637,1634,
2026-06-17 08:09:46,8c1f6461900014f5,bandwidth,125000.0,1637,1634,
2026-06-17 08:09:46,8c1f6461900014f5,payload,1.0,1637,1634,c3b70d0300007f56000000000000dda90d039300fe0b02e5e9545455
2026-06-17 08:09:46,8c1f6461900014f5,total_volume,22143.0,1637,1634,
2026-06-17 08:09:46,8c1f6461900014f5,battery_recovered,3664.0,1637,1634,
2026-06-17 08:09:46,8c1f6461900014f5,error_code,0.0,1637,1634,
2026-06-17 08:09:46,8c1f6461900014f5,water_temp_max,22.0,1637,1634,
2026-06-17 08:09:46,8c1f6461900014f5,gateway_snr,8.5,1637,1634,24e124fffef949f8
2026-06-17 08:09:46,8c1f6461900014f5,battery,3632.0,1637,1634,
2026-06-17 08:09:46,8c1f6461900014f5,leak_status,2.0,1637,1634,
2026-06-17 08:11:20,8c1f646190002222,total_volume,30820.0,1637,1634,
2026-06-17 08:11:20,8c1f646190002222,payload,1.0,1637,1634,71a60903000064780000080000007b9809031202cf0002e9ec545554
2026-06-17 08:11:20,8c1f646190002222,leak_status,2.0,1637,1634,
2026-06-17 08:11:20,8c1f646190002222,bandwidth,125000.0,1637,1634,
2026-06-17 08:11:20,8c1f646190002222,frame_counter,3641.0,1637,1634,
2026-06-17 08:11:20,8c1f646190002222,error_code,0.0,1637,1634,
2026-06-17 08:11:20,8c1f646190002222,battery_recovered,3688.0,1637,1634,
2026-06-17 08:11:20,8c1f646190002222,gateway_rssi,-110.0,1637,1634,24e124fffef949f8
2026-06-17 08:11:20,8c1f646190002222,gateway_snr,2.0,1637,1634,24e124fffef949f8
2026-06-17 08:11:20,8c1f646190002222,water_temp_max,22.5,1637,1634,
2026-06-17 08:11:20,8c1f646190002222,battery,3664.0,1637,1634,
2026-06-17 08:11:20,8c1f646190002222,spreading_factor,7.0,1637,1634,
2026-06-17 08:11:20,8c1f646190002222,water_temp_min,22.0,1637,1634,
2026-06-17 08:11:20,8c1f646190002222,ambient_temp,22.0,1637,1634,
2026-06-17 08:11:39,8c1f646190001b91,water_temp_min,22.0,1637,1634,
2026-06-17 08:11:39,8c1f646190001b91,payload,1.0,1637,1634,62d50903000021b70000a2cb0e005ac7090349002a0302dce9545454
2026-06-17 08:11:39,8c1f646190001b91,water_temp_max,22.0,1637,1634,
2026-06-17 08:11:39,8c1f646190001b91,frame_counter,6540.0,1637,1634,
2026-06-17 08:11:39,8c1f646190001b91,gateway_snr,6.5,1637,1634,24e124fffef94d5c
2026-06-17 08:11:39,8c1f646190001b91,battery_recovered,3664.0,1637,1634,
2026-06-17 08:11:39,8c1f646190001b91,battery,3560.0,1637,1634,
2026-06-17 08:11:39,8c1f646190001b91,bandwidth,125000.0,1637,1634,
2026-06-17 08:11:39,8c1f646190001b91,ambient_temp,22.0,1637,1634,
2026-06-17 08:11:39,8c1f646190001b91,gateway_rssi,-101.0,1637,1634,24e124fffef94d5c
2026-06-17 08:11:39,8c1f646190001b91,spreading_factor,7.0,1637,1634,
2026-06-17 08:11:39,8c1f646190001b91,error_code,0.0,1637,1634,
2026-06-17 08:11:39,8c1f646190001b91,total_volume,46881.0,1637,1634,
2026-06-17 08:11:39,8c1f646190001b91,leak_status,2.0,1637,1634,
2026-06-17 08:12:15,8c1f6461900019cf,frame_counter,3555.0,1637,1634,
2026-06-17 08:12:15,8c1f6461900019cf,spreading_factor,7.0,1637,1634,
2026-06-17 08:12:15,8c1f6461900019cf,bandwidth,125000.0,1637,1634,
2026-06-17 08:12:15,8c1f6461900019cf,battery,3632.0,1637,1634,
2026-06-17 08:12:15,8c1f6461900019cf,ambient_temp,21.5,1637,1634,
2026-06-17 08:12:15,8c1f6461900019cf,leak_status,0.0,1637,1634,
2026-06-17 08:12:15,8c1f6461900019cf,water_temp_min,22.0,1637,1634,
2026-06-17 08:12:15,8c1f6461900019cf,water_temp_max,22.0,1637,1634,
2026-06-17 08:12:15,8c1f6461900019cf,error_code,0.0,1637,1634,
2026-06-17 08:12:15,8c1f6461900019cf,total_volume,68350.0,1637,1634,
2026-06-17 08:12:15,8c1f6461900019cf,payload,1.0,1637,1634,f1df09030000fe0a010000000000000000000000000000e5e8545453
2026-06-17 08:12:15,8c1f6461900019cf,gateway_rssi,-101.0,1637,1634,24e124fffef949f8
2026-06-17 08:12:15,8c1f6461900019cf,gateway_snr,9.199999809265137,1637,1634,24e124fffef949f8
2026-06-17 08:12:15,8c1f6461900019cf,battery_recovered,3656.0,1637,1634,
2026-06-17 08:12:38,8c1f646190002206,payload,1.0,1637,1634,79e209030000a2130300c74f0f00000000000000000000e7eb555555
2026-06-17 08:12:38,8c1f646190002206,ambient_temp,22.5,1637,1634,
2026-06-17 08:12:38,8c1f646190002206,water_temp_min,22.5,1637,1634,
2026-06-17 08:12:38,8c1f646190002206,gateway_snr,6.800000190734863,1637,1634,24e124fffef94d5c
2026-06-17 08:12:38,8c1f646190002206,bandwidth,125000.0,1637,1634,
2026-06-17 08:12:38,8c1f646190002206,gateway_rssi,-101.0,1637,1634,24e124fffef94d5c
2026-06-17 08:12:38,8c1f646190002206,battery_recovered,3680.0,1637,1634,
2026-06-17 08:12:38,8c1f646190002206,water_temp_max,22.5,1637,1634,
2026-06-17 08:12:38,8c1f646190002206,spreading_factor,7.0,1637,1634,
2026-06-17 08:12:38,8c1f646190002206,battery,3648.0,1637,1634,
2026-06-17 08:12:38,8c1f646190002206,error_code,0.0,1637,1634,
2026-06-17 08:12:38,8c1f646190002206,total_volume,201634.0,1637,1634,
2026-06-17 08:12:38,8c1f646190002206,frame_counter,7012.0,1637,1634,
2026-06-17 08:12:38,8c1f646190002206,leak_status,0.0,1637,1634,
2026-06-17 08:13:11,24e124725d489523,temperature,20.7,1637,1634,
2026-06-17 08:13:11,24e124725d489523,gateway_snr,-3.200000047683716,1637,1634,24e124fffef949f8
2026-06-17 08:13:11,24e124725d489523,spreading_factor,7.0,1637,1634,
2026-06-17 08:13:11,24e124725d489523,payload,85.0,1637,1634,0175270367cf0004685a
2026-06-17 08:13:11,24e124725d489523,bandwidth,125000.0,1637,1634,
2026-06-17 08:13:11,24e124725d489523,frame_counter,7515.0,1637,1634,
2026-06-17 08:13:11,24e124725d489523,humidity,45.0,1637,1634,
2026-06-17 08:13:11,24e124725d489523,battery,39.0,1637,1634,
2026-06-17 08:13:11,24e124725d489523,gateway_rssi,-112.0,1637,1634,24e124fffef949f8
2026-06-17 08:14:14,8c1f646190001bf1,battery,3608.0,1637,1634,
2026-06-17 08:14:14,8c1f646190001bf1,water_temp_max,24.0,1637,1634,
2026-06-17 08:14:14,8c1f646190001bf1,leak_status,2.0,1637,1634,
2026-06-17 08:14:14,8c1f646190001bf1,gateway_snr,6.199999809265137,1637,1634,24e124fffef94d5c
2026-06-17 08:14:14,8c1f646190001bf1,gateway_rssi,-102.0,1637,1634,24e124fffef94d5c
2026-06-17 08:14:14,8c1f646190001bf1,bandwidth,125000.0,1637,1634,
2026-06-17 08:14:14,8c1f646190001bf1,ambient_temp,22.5,1637,1634,
2026-06-17 08:14:14,8c1f646190001bf1,water_temp_min,23.0,1637,1634,
2026-06-17 08:14:14,8c1f646190001bf1,total_volume,33459.0,1637,1634,
2026-06-17 08:14:14,8c1f646190001bf1,payload,1.0,1637,1634,51eb09030000b3820000cb8d0b0043dd0903ba02060102e2ea565855
2026-06-17 08:14:14,8c1f646190001bf1,spreading_factor,7.0,1637,1634,
2026-06-17 08:14:14,8c1f646190001bf1,error_code,0.0,1637,1634,
2026-06-17 08:14:14,8c1f646190001bf1,battery_recovered,3672.0,1637,1634,
2026-06-17 08:14:14,8c1f646190001bf1,frame_counter,6327.0,1637,1634,
2026-06-17 08:14:22,8c1f646190001dd8,battery_recovered,3664.0,1637,1634,
2026-06-17 08:14:22,8c1f646190001dd8,water_temp_max,22.0,1637,1634,
2026-06-17 08:14:22,8c1f646190001dd8,bandwidth,125000.0,1637,1634,
2026-06-17 08:14:22,8c1f646190001dd8,water_temp_min,22.0,1637,1634,
2026-06-17 08:14:22,8c1f646190001dd8,spreading_factor,7.0,1637,1634,
2026-06-17 08:14:22,8c1f646190001dd8,leak_status,2.0,1637,1634,
2026-06-17 08:14:22,8c1f646190001dd8,payload,1.0,1637,1634,cbd109030000afda000008e01100c1c30903de020f0202e3e9545454
2026-06-17 08:14:22,8c1f646190001dd8,error_code,0.0,1637,1634,
2026-06-17 08:14:22,8c1f646190001dd8,ambient_temp,22.0,1637,1634,
2026-06-17 08:14:22,8c1f646190001dd8,gateway_rssi,-111.0,1637,1634,24e124fffef949f8
2026-06-17 08:14:22,8c1f646190001dd8,battery,3616.0,1637,1634,
2026-06-17 08:14:22,8c1f646190001dd8,total_volume,55983.0,1637,1634,
2026-06-17 08:14:22,8c1f646190001dd8,frame_counter,3742.0,1637,1634,
2026-06-17 08:14:22,8c1f646190001dd8,gateway_snr,-0.2000000029802322,1637,1634,24e124fffef949f8
2026-06-17 08:14:32,8c1f6461900021e0,spreading_factor,7.0,1637,1634,
2026-06-17 08:14:32,8c1f6461900021e0,battery_recovered,3696.0,1637,1634,
2026-06-17 08:14:32,8c1f6461900021e0,frame_counter,2246.0,1637,1634,
2026-06-17 08:14:32,8c1f6461900021e0,payload,1.0,1637,1634,1ab2090300007b2d010000000000c9aa0903a0faa91c02e9ed545554
2026-06-17 08:14:32,8c1f6461900021e0,gateway_rssi,-104.0,1637,1634,24e124fffef949f8
2026-06-17 08:14:32,8c1f6461900021e0,gateway_snr,8.0,1637,1634,24e124fffef949f8
2026-06-17 08:14:32,8c1f6461900021e0,battery,3664.0,1637,1634,
2026-06-17 08:14:32,8c1f6461900021e0,water_temp_min,22.0,1637,1634,
2026-06-17 08:14:32,8c1f6461900021e0,leak_status,2.0,1637,1634,
2026-06-17 08:14:32,8c1f6461900021e0,bandwidth,125000.0,1637,1634,
2026-06-17 08:14:32,8c1f6461900021e0,ambient_temp,22.0,1637,1634,
2026-06-17 08:14:32,8c1f6461900021e0,water_temp_max,22.5,1637,1634,
2026-06-17 08:14:32,8c1f6461900021e0,total_volume,77179.0,1637,1634,
2026-06-17 08:14:32,8c1f6461900021e0,error_code,0.0,1637,1634,
2026-06-17 08:15:42,8c1f646190001968,error_code,0.0,1637,1634,
2026-06-17 08:15:42,8c1f646190001968,frame_counter,3626.0,1637,1634,
2026-06-17 08:15:42,8c1f646190001968,battery_recovered,3680.0,1637,1634,
2026-06-17 08:15:42,8c1f646190001968,gateway_rssi,-106.0,1637,1634,24e124fffef949f8
2026-06-17 08:15:42,8c1f646190001968,water_temp_max,26.0,1637,1634,
2026-06-17 08:15:42,8c1f646190001968,bandwidth,125000.0,1637,1634,
2026-06-17 08:15:42,8c1f646190001968,total_volume,71249.0,1637,1634,
2026-06-17 08:15:42,8c1f646190001968,leak_status,2.0,1637,1634,
2026-06-17 08:15:42,8c1f646190001968,spreading_factor,7.0,1637,1634,
2026-06-17 08:15:42,8c1f646190001968,water_temp_min,24.0,1637,1634,
2026-06-17 08:15:42,8c1f646190001968,gateway_snr,4.800000190734863,1637,1634,24e124fffef949f8
2026-06-17 08:15:42,8c1f646190001968,battery,3656.0,1637,1634,
2026-06-17 08:15:42,8c1f646190001968,ambient_temp,23.5,1637,1634,
2026-06-17 08:15:42,8c1f646190001968,payload,1.0,1637,1634,56ca0903000051160100f729180053bc090363f1bd0102e8eb585c57
2026-06-17 08:19:36,8c1f64619000160f,gateway_snr,5.0,1637,1634,24e124fffef949f8
2026-06-17 08:19:36,8c1f64619000160f,leak_status,0.0,1637,1634,
2026-06-17 08:19:36,8c1f64619000160f,water_temp_min,22.5,1637,1634,
2026-06-17 08:19:36,8c1f64619000160f,frame_counter,3639.0,1637,1634,
2026-06-17 08:19:36,8c1f64619000160f,total_volume,119926.0,1637,1634,
2026-06-17 08:19:36,8c1f64619000160f,ambient_temp,22.5,1637,1634,
2026-06-17 08:19:36,8c1f64619000160f,bandwidth,125000.0,1637,1634,
2026-06-17 08:19:36,8c1f64619000160f,payload,1.0,1637,1634,94ba0d03000076d4010008000000000000000000000000e7ea555555
2026-06-17 08:19:36,8c1f64619000160f,gateway_rssi,-108.0,1637,1634,24e124fffef949f8
2026-06-17 08:19:36,8c1f64619000160f,water_temp_max,22.5,1637,1634,
2026-06-17 08:19:36,8c1f64619000160f,error_code,0.0,1637,1634,
2026-06-17 08:19:36,8c1f64619000160f,battery,3648.0,1637,1634,
2026-06-17 08:19:36,8c1f64619000160f,battery_recovered,3672.0,1637,1634,
2026-06-17 08:19:36,8c1f64619000160f,spreading_factor,7.0,1637,1634,
2026-06-17 08:22:02,8c1f646190001ec9,spreading_factor,7.0,1637,1634,
2026-06-17 08:22:02,8c1f646190001ec9,frame_counter,6559.0,1637,1634,
2026-06-17 08:22:02,8c1f646190001ec9,gateway_rssi,-104.0,1637,1634,24e124fffef94d5c
2026-06-17 08:22:02,8c1f646190001ec9,battery_recovered,3664.0,1637,1634,
2026-06-17 08:22:02,8c1f646190001ec9,payload,1.0,1637,1634,36b209030000fc860000f75a0b0035a409030e02410202e1e9535353
2026-06-17 08:22:02,8c1f646190001ec9,total_volume,34556.0,1637,1634,
2026-06-17 08:22:02,8c1f646190001ec9,gateway_snr,5.199999809265137,1637,1634,24e124fffef94d5c
2026-06-17 08:22:02,8c1f646190001ec9,ambient_temp,21.5,1637,1634,
2026-06-17 08:22:02,8c1f646190001ec9,water_temp_min,21.5,1637,1634,
2026-06-17 08:22:02,8c1f646190001ec9,bandwidth,125000.0,1637,1634,
2026-06-17 08:22:02,8c1f646190001ec9,water_temp_max,21.5,1637,1634,
2026-06-17 08:22:02,8c1f646190001ec9,error_code,0.0,1637,1634,
2026-06-17 08:22:02,8c1f646190001ec9,leak_status,2.0,1637,1634,
2026-06-17 08:22:02,8c1f646190001ec9,battery,3600.0,1637,1634,
2026-06-17 08:22:37,8c1f6461900015ba,leak_status,2.0,1637,1634,
2026-06-17 08:22:37,8c1f6461900015ba,total_volume,7057.0,1637,1634,
2026-06-17 08:22:37,8c1f6461900015ba,battery,3640.0,1637,1634,
2026-06-17 08:22:37,8c1f6461900015ba,bandwidth,125000.0,1637,1634,
2026-06-17 08:22:37,8c1f6461900015ba,frame_counter,7264.0,1637,1634,
2026-06-17 08:22:37,8c1f6461900015ba,gateway_snr,5.5,1637,1634,24e124fffef949f8
2026-06-17 08:22:37,8c1f6461900015ba,ambient_temp,21.5,1637,1634,
2026-06-17 08:22:37,8c1f6461900015ba,water_temp_max,21.5,1637,1634,
2026-06-17 08:22:37,8c1f6461900015ba,error_code,0.0,1637,1634,
2026-06-17 08:22:37,8c1f6461900015ba,battery_recovered,3680.0,1637,1634,
2026-06-17 08:22:37,8c1f6461900015ba,water_temp_min,21.5,1637,1634,
2026-06-17 08:22:37,8c1f6461900015ba,payload,1.0,1637,1634,0ee909030000911b0000000000002ddb09038afec60302e6eb535353
2026-06-17 08:22:37,8c1f6461900015ba,spreading_factor,7.0,1637,1634,
2026-06-17 08:22:37,8c1f6461900015ba,gateway_rssi,-108.0,1637,1634,24e124fffef949f8
2026-06-17 08:23:13,24e124725d489523,temperature,20.8,1637,1634,
2026-06-17 08:23:13,24e124725d489523,battery,39.0,1637,1634,
2026-06-17 08:23:13,24e124725d489523,spreading_factor,7.0,1637,1634,
2026-06-17 08:23:13,24e124725d489523,bandwidth,125000.0,1637,1634,
2026-06-17 08:23:13,24e124725d489523,gateway_rssi,-108.0,1637,1634,24e124fffef949f8
2026-06-17 08:23:13,24e124725d489523,frame_counter,7516.0,1637,1634,
2026-06-17 08:23:13,24e124725d489523,gateway_snr,5.0,1637,1634,24e124fffef949f8
2026-06-17 08:23:13,24e124725d489523,humidity,45.0,1637,1634,
2026-06-17 08:23:13,24e124725d489523,payload,85.0,1637,1634,0175270367d00004685a
2026-06-17 08:24:31,8c1f6461900015ed,gateway_snr,9.800000190734863,1637,1634,24e124fffef94d5c
2026-06-17 08:24:31,8c1f6461900015ed,total_volume,25835.0,1637,1634,
2026-06-17 08:24:31,8c1f6461900015ed,battery,3616.0,1637,1634,
2026-06-17 08:24:31,8c1f6461900015ed,frame_counter,6146.0,1637,1634,
2026-06-17 08:24:31,8c1f6461900015ed,ambient_temp,21.5,1637,1634,
2026-06-17 08:24:31,8c1f6461900015ed,leak_status,2.0,1637,1634,
2026-06-17 08:24:31,8c1f6461900015ed,error_code,0.0,1637,1634,
2026-06-17 08:24:31,8c1f6461900015ed,spreading_factor,7.0,1637,1634,
2026-06-17 08:24:31,8c1f6461900015ed,water_temp_max,21.5,1637,1634,
2026-06-17 08:24:31,8c1f6461900015ed,water_temp_min,21.0,1637,1634,
2026-06-17 08:24:31,8c1f6461900015ed,gateway_rssi,-93.0,1637,1634,24e124fffef94d5c
2026-06-17 08:24:31,8c1f6461900015ed,battery_recovered,3680.0,1637,1634,
2026-06-17 08:24:31,8c1f6461900015ed,payload,1.0,1637,1634,a5dd09030000eb6400000ea40900cecf09035c01730202e3eb525353
2026-06-17 08:24:31,8c1f6461900015ed,bandwidth,125000.0,1637,1634,
2026-06-17 08:25:09,8c1f6461900018f5,gateway_rssi,-105.0,1637,1634,24e124fffef949f8
2026-06-17 08:25:09,8c1f6461900018f5,leak_status,2.0,1637,1634,
2026-06-17 08:25:09,8c1f6461900018f5,ambient_temp,22.5,1637,1634,
2026-06-17 08:25:09,8c1f6461900018f5,spreading_factor,7.0,1637,1634,
2026-06-17 08:25:09,8c1f6461900018f5,water_temp_min,22.0,1637,1634,
2026-06-17 08:25:09,8c1f6461900018f5,payload,1.0,1637,1634,2dc7090300008ac90000c5d9040042b9090307f84c1102e1e9545455
2026-06-17 08:25:09,8c1f6461900018f5,gateway_snr,6.199999809265137,1637,1634,24e124fffef949f8
2026-06-17 08:25:09,8c1f6461900018f5,battery_recovered,3664.0,1637,1634,
2026-06-17 08:25:09,8c1f6461900018f5,error_code,0.0,1637,1634,
2026-06-17 08:25:09,8c1f6461900018f5,total_volume,51594.0,1637,1634,
2026-06-17 08:25:09,8c1f6461900018f5,water_temp_max,22.0,1637,1634,
2026-06-17 08:25:09,8c1f6461900018f5,bandwidth,125000.0,1637,1634,
2026-06-17 08:25:09,8c1f6461900018f5,frame_counter,7699.0,1637,1634,
2026-06-17 08:25:09,8c1f6461900018f5,battery,3600.0,1637,1634,
2026-06-17 08:26:17,8c1f6461900019c7,frame_counter,5927.0,1637,1634,
2026-06-17 08:26:17,8c1f6461900019c7,gateway_rssi,-107.0,1637,1634,24e124fffef94d5c
2026-06-17 08:26:17,8c1f6461900019c7,leak_status,2.0,1637,1634,
2026-06-17 08:26:17,8c1f6461900019c7,error_code,0.0,1637,1634,
2026-06-17 08:26:17,8c1f6461900019c7,bandwidth,125000.0,1637,1634,
2026-06-17 08:26:17,8c1f6461900019c7,battery_recovered,3648.0,1637,1634,
2026-06-17 08:26:17,8c1f6461900019c7,total_volume,22411.0,1637,1634,
2026-06-17 08:26:17,8c1f6461900019c7,payload,1.0,1637,1634,deb0090300008b57000052480800fda20903c4fe8b0202dde7555655
2026-06-17 08:26:17,8c1f6461900019c7,water_temp_max,23.0,1637,1634,
2026-06-17 08:26:17,8c1f6461900019c7,spreading_factor,7.0,1637,1634,
2026-06-17 08:26:17,8c1f6461900019c7,ambient_temp,22.5,1637,1634,
2026-06-17 08:26:17,8c1f6461900019c7,gateway_snr,2.0,1637,1634,24e124fffef94d5c
2026-06-17 08:26:17,8c1f6461900019c7,battery,3568.0,1637,1634,
2026-06-17 08:26:17,8c1f6461900019c7,water_temp_min,22.5,1637,1634,
2026-06-17 08:26:50,8c1f646190001baf,water_temp_min,22.0,1637,1634,
2026-06-17 08:26:50,8c1f646190001baf,leak_status,2.0,1637,1634,
2026-06-17 08:26:50,8c1f646190001baf,ambient_temp,22.5,1637,1634,
2026-06-17 08:26:50,8c1f646190001baf,spreading_factor,7.0,1637,1634,
2026-06-17 08:26:50,8c1f646190001baf,bandwidth,125000.0,1637,1634,
2026-06-17 08:26:50,8c1f646190001baf,total_volume,53812.0,1637,1634,
2026-06-17 08:26:50,8c1f646190001baf,water_temp_max,22.5,1637,1634,
2026-06-17 08:26:50,8c1f646190001baf,gateway_snr,0.0,1637,1634,24e124fffef94d5c
2026-06-17 08:26:50,8c1f646190001baf,battery,3592.0,1637,1634,
2026-06-17 08:26:50,8c1f646190001baf,frame_counter,6733.0,1637,1634,
2026-06-17 08:26:50,8c1f646190001baf,error_code,0.0,1637,1634,
2026-06-17 08:26:50,8c1f646190001baf,gateway_rssi,-108.0,1637,1634,24e124fffef94d5c
2026-06-17 08:26:50,8c1f646190001baf,battery_recovered,3656.0,1637,1634,
2026-06-17 08:26:50,8c1f646190001baf,payload,1.0,1637,1634,23d70903000034d200001fa90500a6c90903d8fea91202e0e8545555
2026-06-17 08:27:10,8c1f646190001790,bandwidth,125000.0,1637,1634,
2026-06-17 08:27:10,8c1f646190001790,gateway_rssi,-111.0,1637,1634,24e124fffef949f8
2026-06-17 08:27:10,8c1f646190001790,battery_recovered,3696.0,1637,1634,
2026-06-17 08:27:10,8c1f646190001790,frame_counter,3638.0,1637,1634,
2026-06-17 08:27:10,8c1f646190001790,gateway_snr,2.200000047683716,1637,1634,24e124fffef949f8
2026-06-17 08:27:10,8c1f646190001790,spreading_factor,7.0,1637,1634,
2026-06-17 08:27:10,8c1f646190001790,error_code,0.0,1637,1634,
2026-06-17 08:27:10,8c1f646190001790,payload,1.0,1637,1634,cee90903000049230000db340300dcdb09037902b80202eaed535354
2026-06-17 08:27:10,8c1f646190001790,ambient_temp,22.0,1637,1634,
2026-06-17 08:27:10,8c1f646190001790,total_volume,9033.0,1637,1634,
2026-06-17 08:27:10,8c1f646190001790,leak_status,2.0,1637,1634,
2026-06-17 08:27:10,8c1f646190001790,water_temp_min,21.5,1637,1634,
2026-06-17 08:27:10,8c1f646190001790,water_temp_max,21.5,1637,1634,
2026-06-17 08:27:10,8c1f646190001790,battery,3672.0,1637,1634,
2026-06-17 08:27:20,8c1f6461900021a9,frame_counter,7891.0,1637,1634,
2026-06-17 08:27:20,8c1f6461900021a9,water_temp_max,20.5,1637,1634,
2026-06-17 08:27:20,8c1f6461900021a9,battery,3608.0,1637,1634,
2026-06-17 08:27:20,8c1f6461900021a9,spreading_factor,7.0,1637,1634,
2026-06-17 08:27:20,8c1f6461900021a9,bandwidth,125000.0,1637,1634,
2026-06-17 08:27:20,8c1f6461900021a9,gateway_rssi,-109.0,1637,1634,24e124fffef949f8
2026-06-17 08:27:20,8c1f6461900021a9,leak_status,2.0,1637,1634,
2026-06-17 08:27:20,8c1f6461900021a9,ambient_temp,21.0,1637,1634,
2026-06-17 08:27:20,8c1f6461900021a9,gateway_snr,3.799999952316284,1637,1634,24e124fffef949f8
2026-06-17 08:27:20,8c1f6461900021a9,payload,1.0,1637,1634,acd60903000009cb0000f8f81100b3c8090320ffaa0302e2e9515152
2026-06-17 08:27:20,8c1f6461900021a9,total_volume,51977.0,1637,1634,
2026-06-17 08:27:20,8c1f6461900021a9,error_code,0.0,1637,1634,
2026-06-17 08:27:20,8c1f6461900021a9,water_temp_min,20.5,1637,1634,
2026-06-17 08:27:20,8c1f6461900021a9,battery_recovered,3664.0,1637,1634,
2026-06-17 08:28:48,8c1f646190002012,error_code,0.0,1637,1634,
2026-06-17 08:28:48,8c1f646190002012,ambient_temp,22.0,1637,1634,
2026-06-17 08:28:48,8c1f646190002012,bandwidth,125000.0,1637,1634,
2026-06-17 08:28:48,8c1f646190002012,gateway_snr,6.5,1637,1634,24e124fffef949f8
2026-06-17 08:28:48,8c1f646190002012,battery_recovered,3664.0,1637,1634,
2026-06-17 08:28:48,8c1f646190002012,spreading_factor,7.0,1637,1634,
2026-06-17 08:28:48,8c1f646190002012,battery,3648.0,1637,1634,
2026-06-17 08:28:48,8c1f646190002012,gateway_rssi,-105.0,1637,1634,24e124fffef949f8
2026-06-17 08:28:48,8c1f646190002012,frame_counter,2859.0,1637,1634,
2026-06-17 08:28:48,8c1f646190002012,payload,1.0,1637,1634,61b5090300006f520000e1cd070077a7090385fdbf0202e7e9555554
2026-06-17 08:28:48,8c1f646190002012,leak_status,2.0,1637,1634,
2026-06-17 08:28:48,8c1f646190002012,water_temp_max,22.5,1637,1634,
2026-06-17 08:28:48,8c1f646190002012,water_temp_min,22.5,1637,1634,
2026-06-17 08:28:48,8c1f646190002012,total_volume,21103.0,1637,1634,
2026-06-17 08:31:48,8c1f646190001d93,water_temp_min,29.0,1637,1634,
2026-06-17 08:31:48,8c1f646190001d93,bandwidth,125000.0,1637,1634,
2026-06-17 08:31:48,8c1f646190001d93,ambient_temp,27.5,1637,1634,
2026-06-17 08:31:48,8c1f646190001d93,battery,3624.0,1637,1634,
2026-06-17 08:31:48,8c1f646190001d93,payload,1.0,1637,1634,6ada090300008f1c0100f027000005ce0903fd08e51502e4ed62625f
2026-06-17 08:31:48,8c1f646190001d93,water_temp_max,29.0,1637,1634,
2026-06-17 08:31:48,8c1f646190001d93,total_volume,72847.0,1637,1634,
2026-06-17 08:31:48,8c1f646190001d93,spreading_factor,7.0,1637,1634,
2026-06-17 08:31:48,8c1f646190001d93,battery_recovered,3696.0,1637,1634,
2026-06-17 08:31:48,8c1f646190001d93,leak_status,2.0,1637,1634,
2026-06-17 08:31:48,8c1f646190001d93,gateway_snr,-3.5,1637,1634,24e124fffef94d5c
2026-06-17 08:31:48,8c1f646190001d93,gateway_rssi,-109.0,1637,1634,24e124fffef94d5c
2026-06-17 08:31:48,8c1f646190001d93,error_code,0.0,1637,1634,
2026-06-17 08:31:48,8c1f646190001d93,frame_counter,5878.0,1637,1634,
2026-06-17 08:32:07,8c1f646190001af8,ambient_temp,21.0,1637,1634,
2026-06-17 08:32:07,8c1f646190001af8,water_temp_min,21.5,1637,1634,
2026-06-17 08:32:07,8c1f646190001af8,gateway_snr,4.199999809265137,1637,1634,24e124fffef94d5c
2026-06-17 08:32:07,8c1f646190001af8,bandwidth,125000.0,1637,1634,
2026-06-17 08:32:07,8c1f646190001af8,leak_status,2.0,1637,1634,
2026-06-17 08:32:07,8c1f646190001af8,spreading_factor,7.0,1637,1634,
2026-06-17 08:32:07,8c1f646190001af8,error_code,0.0,1637,1634,
2026-06-17 08:32:07,8c1f646190001af8,gateway_rssi,-103.0,1637,1634,24e124fffef94d5c
2026-06-17 08:32:07,8c1f646190001af8,frame_counter,7620.0,1637,1634,
2026-06-17 08:32:07,8c1f646190001af8,battery_recovered,3656.0,1637,1634,
2026-06-17 08:32:07,8c1f646190001af8,battery,3576.0,1637,1634,
2026-06-17 08:32:07,8c1f646190001af8,payload,1.0,1637,1634,71b70903000070630000260000007ca909032702930302dee8535952
2026-06-17 08:32:07,8c1f646190001af8,water_temp_max,24.5,1637,1634,
2026-06-17 08:32:07,8c1f646190001af8,total_volume,25456.0,1637,1634,
2026-06-17 08:32:46,8c1f6461900017e3,gateway_snr,6.0,1637,1634,24e124fffef949f8
2026-06-17 08:32:46,8c1f6461900017e3,spreading_factor,7.0,1637,1634,
2026-06-17 08:32:46,8c1f6461900017e3,battery_recovered,3672.0,1637,1634,
2026-06-17 08:32:46,8c1f6461900017e3,water_temp_max,29.5,1637,1634,
2026-06-17 08:32:46,8c1f6461900017e3,ambient_temp,23.5,1637,1634,
2026-06-17 08:32:46,8c1f6461900017e3,bandwidth,125000.0,1637,1634,
2026-06-17 08:32:46,8c1f6461900017e3,frame_counter,3601.0,1637,1634,
2026-06-17 08:32:46,8c1f6461900017e3,error_code,0.0,1637,1634,
2026-06-17 08:32:46,8c1f6461900017e3,water_temp_min,18.0,1637,1634,
2026-06-17 08:32:46,8c1f6461900017e3,battery,3656.0,1637,1634,
2026-06-17 08:32:46,8c1f6461900017e3,total_volume,68855.0,1637,1634,
2026-06-17 08:32:46,8c1f6461900017e3,leak_status,0.0,1637,1634,
2026-06-17 08:32:46,8c1f6461900017e3,gateway_rssi,-107.0,1637,1634,24e124fffef949f8
2026-06-17 08:32:46,8c1f6461900017e3,payload,1.0,1637,1634,5fde09030000f70c0100e4010000000000000000000000e8ea4c6357
2026-06-17 08:33:12,24e124725d489523,spreading_factor,7.0,1637,1634,
2026-06-17 08:33:12,24e124725d489523,frame_counter,7517.0,1637,1634,
2026-06-17 08:33:12,24e124725d489523,payload,85.0,1637,1634,0175270367cf0004685a
2026-06-17 08:33:12,24e124725d489523,bandwidth,125000.0,1637,1634,
2026-06-17 08:33:12,24e124725d489523,gateway_snr,1.0,1637,1634,24e124fffef949f8
2026-06-17 08:33:12,24e124725d489523,humidity,45.0,1637,1634,
2026-06-17 08:33:12,24e124725d489523,gateway_rssi,-109.0,1637,1634,24e124fffef949f8
2026-06-17 08:33:12,24e124725d489523,temperature,20.7,1637,1634,
2026-06-17 08:33:12,24e124725d489523,battery,39.0,1637,1634,
2026-06-17 08:33:14,8c1f6461900021c1,water_temp_min,20.0,1637,1634,
2026-06-17 08:33:14,8c1f6461900021c1,payload,1.0,1637,1634,e2ef0903000040c101001af30500000000000000000000e0e9505150
2026-06-17 08:33:14,8c1f6461900021c1,battery_recovered,3664.0,1637,1634,
2026-06-17 08:33:14,8c1f6461900021c1,water_temp_max,20.5,1637,1634,
2026-06-17 08:33:14,8c1f6461900021c1,bandwidth,125000.0,1637,1634,
2026-06-17 08:33:14,8c1f6461900021c1,gateway_rssi,-108.0,1637,1634,24e124fffef94d5c
2026-06-17 08:33:14,8c1f6461900021c1,error_code,0.0,1637,1634,
2026-06-17 08:33:14,8c1f6461900021c1,total_volume,115008.0,1637,1634,
2026-06-17 08:33:14,8c1f6461900021c1,spreading_factor,7.0,1637,1634,
2026-06-17 08:33:14,8c1f6461900021c1,battery,3592.0,1637,1634,
2026-06-17 08:33:14,8c1f6461900021c1,ambient_temp,20.0,1637,1634,
2026-06-17 08:33:14,8c1f6461900021c1,leak_status,0.0,1637,1634,
2026-06-17 08:33:14,8c1f6461900021c1,frame_counter,7666.0,1637,1634,
2026-06-17 08:33:14,8c1f6461900021c1,gateway_snr,-0.2000000029802322,1637,1634,24e124fffef94d5c
2026-06-17 08:34:20,8c1f6461900021e2,leak_status,2.0,1637,1634,
2026-06-17 08:34:20,8c1f6461900021e2,battery,3624.0,1637,1634,
2026-06-17 08:34:20,8c1f6461900021e2,payload,1.0,1637,1634,37f009030000dfdd0000320000003be209034d03281002e4ea515854
2026-06-17 08:34:20,8c1f6461900021e2,frame_counter,3644.0,1637,1634,
2026-06-17 08:34:20,8c1f6461900021e2,bandwidth,125000.0,1637,1634,
2026-06-17 08:34:20,8c1f6461900021e2,gateway_snr,3.5,1637,1634,24e124fffef949f8
2026-06-17 08:34:20,8c1f6461900021e2,gateway_rssi,-103.0,1637,1634,24e124fffef949f8
2026-06-17 08:34:20,8c1f6461900021e2,error_code,0.0,1637,1634,
2026-06-17 08:34:20,8c1f6461900021e2,spreading_factor,7.0,1637,1634,
2026-06-17 08:34:20,8c1f6461900021e2,total_volume,56799.0,1637,1634,
2026-06-17 08:34:20,8c1f6461900021e2,battery_recovered,3672.0,1637,1634,
2026-06-17 08:34:20,8c1f6461900021e2,ambient_temp,22.0,1637,1634,
2026-06-17 08:34:20,8c1f6461900021e2,water_temp_max,24.0,1637,1634,
2026-06-17 08:34:20,8c1f6461900021e2,water_temp_min,20.5,1637,1634,
2026-06-17 08:35:27,8c1f6461900020a5,gateway_rssi,-100.0,1637,1634,24e124fffef94d5c
2026-06-17 08:35:27,8c1f6461900020a5,bandwidth,125000.0,1637,1634,
2026-06-17 08:35:27,8c1f6461900020a5,gateway_snr,8.0,1637,1634,24e124fffef94d5c
2026-06-17 08:35:27,8c1f6461900020a5,water_temp_max,22.5,1637,1634,
2026-06-17 08:35:27,8c1f6461900020a5,battery_recovered,3656.0,1637,1634,
2026-06-17 08:35:27,8c1f6461900020a5,leak_status,2.0,1637,1634,
2026-06-17 08:35:27,8c1f6461900020a5,error_code,0.0,1637,1634,
2026-06-17 08:35:27,8c1f6461900020a5,battery,3592.0,1637,1634,
2026-06-17 08:35:27,8c1f6461900020a5,frame_counter,7608.0,1637,1634,
2026-06-17 08:35:27,8c1f6461900020a5,total_volume,15397.0,1637,1634,
2026-06-17 08:35:27,8c1f6461900020a5,payload,1.0,1637,1634,24fa09030000253c00000000000018ec0903bd013c0602e0e8545556
2026-06-17 08:35:27,8c1f6461900020a5,spreading_factor,7.0,1637,1634,
2026-06-17 08:35:27,8c1f6461900020a5,water_temp_min,22.0,1637,1634,
2026-06-17 08:35:27,8c1f6461900020a5,ambient_temp,23.0,1637,1634,
2026-06-17 08:36:30,8c1f646190001ba9,ambient_temp,23.5,1637,1634,
2026-06-17 08:36:30,8c1f646190001ba9,battery_recovered,3672.0,1637,1634,
2026-06-17 08:36:30,8c1f646190001ba9,battery,3608.0,1637,1634,
2026-06-17 08:36:30,8c1f646190001ba9,error_code,0.0,1637,1634,
2026-06-17 08:36:30,8c1f646190001ba9,water_temp_min,23.0,1637,1634,
2026-06-17 08:36:30,8c1f646190001ba9,frame_counter,7077.0,1637,1634,
2026-06-17 08:36:30,8c1f646190001ba9,leak_status,2.0,1637,1634,
2026-06-17 08:36:30,8c1f646190001ba9,spreading_factor,7.0,1637,1634,
2026-06-17 08:36:30,8c1f646190001ba9,payload,1.0,1637,1634,b6e1090300003d7c000081460b00c9d309032e01630202e2ea566157
2026-06-17 08:36:30,8c1f646190001ba9,gateway_snr,0.0,1637,1634,24e124fffef949f8
2026-06-17 08:36:30,8c1f646190001ba9,bandwidth,125000.0,1637,1634,
2026-06-17 08:36:30,8c1f646190001ba9,water_temp_max,28.5,1637,1634,
2026-06-17 08:36:30,8c1f646190001ba9,total_volume,31805.0,1637,1634,
2026-06-17 08:36:30,8c1f646190001ba9,gateway_rssi,-107.0,1637,1634,24e124fffef949f8
2026-06-17 08:36:51,8c1f6461900018ba,gateway_rssi,-104.0,1637,1634,24e124fffef94d5c
2026-06-17 08:36:51,8c1f6461900018ba,battery_recovered,3672.0,1637,1634,
2026-06-17 08:36:51,8c1f6461900018ba,water_temp_min,21.0,1637,1634,
2026-06-17 08:36:51,8c1f6461900018ba,payload,1.0,1637,1634,98a909030000ad1d000000000000949b09039a01740202e0ea525352
2026-06-17 08:36:51,8c1f6461900018ba,bandwidth,125000.0,1637,1634,
2026-06-17 08:36:51,8c1f6461900018ba,leak_status,2.0,1637,1634,
2026-06-17 08:36:51,8c1f6461900018ba,gateway_snr,4.0,1637,1634,24e124fffef94d5c
2026-06-17 08:36:51,8c1f6461900018ba,frame_counter,5755.0,1637,1634,
2026-06-17 08:36:51,8c1f6461900018ba,error_code,0.0,1637,1634,
2026-06-17 08:36:51,8c1f6461900018ba,spreading_factor,7.0,1637,1634,
2026-06-17 08:36:51,8c1f6461900018ba,total_volume,7597.0,1637,1634,
2026-06-17 08:36:51,8c1f6461900018ba,battery,3592.0,1637,1634,
2026-06-17 08:36:51,8c1f6461900018ba,water_temp_max,21.5,1637,1634,
2026-06-17 08:36:51,8c1f6461900018ba,ambient_temp,21.0,1637,1634,
2026-06-17 08:37:56,8c1f646190001fcb,water_temp_max,24.5,1637,1634,
2026-06-17 08:37:56,8c1f646190001fcb,error_code,0.0,1637,1634,
2026-06-17 08:37:56,8c1f646190001fcb,frame_counter,7391.0,1637,1634,
2026-06-17 08:37:56,8c1f646190001fcb,gateway_rssi,-109.0,1637,1634,24e124fffef94d5c
2026-06-17 08:37:56,8c1f646190001fcb,leak_status,2.0,1637,1634,
2026-06-17 08:37:56,8c1f646190001fcb,water_temp_min,16.5,1637,1634,
2026-06-17 08:37:56,8c1f646190001fcb,battery,3624.0,1637,1634,
2026-06-17 08:37:56,8c1f646190001fcb,payload,1.0,1637,1634,a1960d030000725d000000000000a7880d033202550602e4ed495954
2026-06-17 08:37:56,8c1f646190001fcb,bandwidth,125000.0,1637,1634,
2026-06-17 08:37:56,8c1f646190001fcb,ambient_temp,22.0,1637,1634,
2026-06-17 08:37:56,8c1f646190001fcb,spreading_factor,7.0,1637,1634,
2026-06-17 08:37:56,8c1f646190001fcb,total_volume,23922.0,1637,1634,
2026-06-17 08:37:56,8c1f646190001fcb,gateway_snr,-2.200000047683716,1637,1634,24e124fffef94d5c
2026-06-17 08:37:56,8c1f646190001fcb,battery_recovered,3696.0,1637,1634,
2026-06-17 08:38:10,8c1f646190002244,bandwidth,125000.0,1637,1634,
2026-06-17 08:38:10,8c1f646190002244,leak_status,0.0,1637,1634,
2026-06-17 08:38:10,8c1f646190002244,spreading_factor,7.0,1637,1634,
2026-06-17 08:38:10,8c1f646190002244,water_temp_max,23.0,1637,1634,
2026-06-17 08:38:10,8c1f646190002244,water_temp_min,22.5,1637,1634,
2026-06-17 08:38:10,8c1f646190002244,error_code,0.0,1637,1634,
2026-06-17 08:38:10,8c1f646190002244,gateway_rssi,-104.0,1637,1634,24e124fffef94d5c
2026-06-17 08:38:10,8c1f646190002244,payload,1.0,1637,1634,4fb30903000021b9010003000000000000000000000000e2eb555656
2026-06-17 08:38:10,8c1f646190002244,battery_recovered,3680.0,1637,1634,
2026-06-17 08:38:10,8c1f646190002244,total_volume,112929.0,1637,1634,
2026-06-17 08:38:10,8c1f646190002244,ambient_temp,23.0,1637,1634,
2026-06-17 08:38:10,8c1f646190002244,frame_counter,6480.0,1637,1634,
2026-06-17 08:38:10,8c1f646190002244,gateway_snr,3.5,1637,1634,24e124fffef94d5c
2026-06-17 08:38:10,8c1f646190002244,battery,3608.0,1637,1634,
2026-06-17 08:39:35,8c1f6461900021bd,total_volume,71816.0,1637,1634,
2026-06-17 08:39:35,8c1f6461900021bd,payload,1.0,1637,1634,deea090300008818010000000000000000000000000000dfe8545454
2026-06-17 08:39:35,8c1f6461900021bd,battery,3584.0,1637,1634,
2026-06-17 08:39:35,8c1f6461900021bd,water_temp_min,22.0,1637,1634,
2026-06-17 08:39:35,8c1f6461900021bd,gateway_snr,-0.2000000029802322,1637,1634,24e124fffef94d5c
2026-06-17 08:39:35,8c1f6461900021bd,spreading_factor,7.0,1637,1634,
2026-06-17 08:39:35,8c1f6461900021bd,gateway_rssi,-108.0,1637,1634,24e124fffef94d5c
2026-06-17 08:39:35,8c1f6461900021bd,error_code,0.0,1637,1634,
2026-06-17 08:39:35,8c1f6461900021bd,bandwidth,125000.0,1637,1634,
2026-06-17 08:39:35,8c1f6461900021bd,frame_counter,6636.0,1637,1634,
2026-06-17 08:39:35,8c1f6461900021bd,battery_recovered,3656.0,1637,1634,
2026-06-17 08:39:35,8c1f6461900021bd,water_temp_max,22.0,1637,1634,
2026-06-17 08:39:35,8c1f6461900021bd,leak_status,0.0,1637,1634,
2026-06-17 08:39:35,8c1f6461900021bd,ambient_temp,22.0,1637,1634,
2026-06-17 08:43:15,24e124725d489523,spreading_factor,7.0,1637,1634,
2026-06-17 08:43:15,24e124725d489523,payload,85.0,1637,1634,0175270367ce0004685a
2026-06-17 08:43:15,24e124725d489523,battery,39.0,1637,1634,
2026-06-17 08:43:15,24e124725d489523,frame_counter,7518.0,1637,1634,
2026-06-17 08:43:15,24e124725d489523,bandwidth,125000.0,1637,1634,
2026-06-17 08:43:15,24e124725d489523,gateway_rssi,-110.0,1637,1634,24e124fffef949f8
2026-06-17 08:43:15,24e124725d489523,temperature,20.6,1637,1634,
2026-06-17 08:43:15,24e124725d489523,humidity,45.0,1637,1634,
2026-06-17 08:43:15,24e124725d489523,gateway_snr,2.0,1637,1634,24e124fffef949f8
2026-06-17 08:45:46,8c1f64619000227c,leak_status,2.0,1637,1634,
2026-06-17 08:45:46,8c1f64619000227c,payload,1.0,1637,1634,b0c10903000089320000e7ad0400b8b30903e4ffee0002dee9565657
2026-06-17 08:45:46,8c1f64619000227c,error_code,0.0,1637,1634,
2026-06-17 08:45:46,8c1f64619000227c,water_temp_min,23.0,1637,1634,
2026-06-17 08:45:46,8c1f64619000227c,bandwidth,125000.0,1637,1634,
2026-06-17 08:45:46,8c1f64619000227c,battery_recovered,3664.0,1637,1634,
2026-06-17 08:45:46,8c1f64619000227c,ambient_temp,23.5,1637,1634,
2026-06-17 08:45:46,8c1f64619000227c,water_temp_max,23.0,1637,1634,
2026-06-17 08:45:46,8c1f64619000227c,gateway_snr,-0.2000000029802322,1637,1634,24e124fffef949f8
2026-06-17 08:45:46,8c1f64619000227c,gateway_rssi,-112.0,1637,1634,24e124fffef949f8
2026-06-17 08:45:46,8c1f64619000227c,frame_counter,7523.0,1637,1634,
2026-06-17 08:45:46,8c1f64619000227c,battery,3576.0,1637,1634,
2026-06-17 08:45:46,8c1f64619000227c,total_volume,12937.0,1637,1634,
2026-06-17 08:45:46,8c1f64619000227c,spreading_factor,7.0,1637,1634,
2026-06-17 08:46:16,8c1f64619000171c,battery_recovered,3672.0,1637,1634,
2026-06-17 08:46:16,8c1f64619000171c,payload,1.0,1637,1634,999f0d0300001946000012000000bb910d031400e70102e7ea585957
2026-06-17 08:46:16,8c1f64619000171c,gateway_snr,4.800000190734863,1637,1634,24e124fffef949f8
2026-06-17 08:46:16,8c1f64619000171c,gateway_rssi,-108.0,1637,1634,24e124fffef949f8
2026-06-17 08:46:16,8c1f64619000171c,leak_status,2.0,1637,1634,
2026-06-17 08:46:16,8c1f64619000171c,total_volume,17945.0,1637,1634,
2026-06-17 08:46:16,8c1f64619000171c,water_temp_max,24.5,1637,1634,
2026-06-17 08:46:16,8c1f64619000171c,error_code,0.0,1637,1634,
2026-06-17 08:46:16,8c1f64619000171c,spreading_factor,7.0,1637,1634,
2026-06-17 08:46:16,8c1f64619000171c,bandwidth,125000.0,1637,1634,
2026-06-17 08:46:16,8c1f64619000171c,frame_counter,3608.0,1637,1634,
2026-06-17 08:46:16,8c1f64619000171c,battery,3648.0,1637,1634,
2026-06-17 08:46:16,8c1f64619000171c,water_temp_min,24.0,1637,1634,
2026-06-17 08:46:16,8c1f64619000171c,ambient_temp,23.5,1637,1634,
2026-06-17 08:46:17,8c1f646190001c1f,frame_counter,1941.0,1637,1634,
2026-06-17 08:46:17,8c1f646190001c1f,water_temp_min,24.0,1637,1634,
2026-06-17 08:46:17,8c1f646190001c1f,spreading_factor,7.0,1637,1634,
2026-06-17 08:46:17,8c1f646190001c1f,gateway_snr,5.0,1637,1634,24e124fffef949f8
2026-06-17 08:46:17,8c1f646190001c1f,battery_recovered,3688.0,1637,1634,
2026-06-17 08:46:17,8c1f646190001c1f,error_code,0.0,1637,1634,
2026-06-17 08:46:17,8c1f646190001c1f,leak_status,2.0,1637,1634,
2026-06-17 08:46:17,8c1f646190001c1f,ambient_temp,23.0,1637,1634,
2026-06-17 08:46:17,8c1f646190001c1f,payload,1.0,1637,1634,ade40903000026ac000000000000b8d6090387fcda1402e5ec585856
2026-06-17 08:46:17,8c1f646190001c1f,total_volume,44070.0,1637,1634,
2026-06-17 08:46:17,8c1f646190001c1f,battery,3632.0,1637,1634,
2026-06-17 08:46:17,8c1f646190001c1f,water_temp_max,24.0,1637,1634,
2026-06-17 08:46:17,8c1f646190001c1f,gateway_rssi,-105.0,1637,1634,24e124fffef949f8
2026-06-17 08:46:17,8c1f646190001c1f,bandwidth,125000.0,1637,1634,
2026-06-17 08:47:54,8c1f646190001fc1,gateway_rssi,-94.0,1637,1634,24e124fffef94d5c
2026-06-17 08:47:54,8c1f646190001fc1,frame_counter,6897.0,1637,1634,
2026-06-17 08:47:54,8c1f646190001fc1,leak_status,2.0,1637,1634,
2026-06-17 08:47:54,8c1f646190001fc1,bandwidth,125000.0,1637,1634,
2026-06-17 08:47:54,8c1f646190001fc1,gateway_snr,9.5,1637,1634,24e124fffef94d5c
2026-06-17 08:47:54,8c1f646190001fc1,spreading_factor,7.0,1637,1634,
2026-06-17 08:47:54,8c1f646190001fc1,water_temp_max,26.5,1637,1634,
2026-06-17 08:47:54,8c1f646190001fc1,battery_recovered,3640.0,1637,1634,
2026-06-17 08:47:54,8c1f646190001fc1,total_volume,50577.0,1637,1634,
2026-06-17 08:47:54,8c1f646190001fc1,water_temp_min,22.0,1637,1634,
2026-06-17 08:47:54,8c1f646190001fc1,error_code,0.0,1637,1634,
2026-06-17 08:47:54,8c1f646190001fc1,battery,3568.0,1637,1634,
2026-06-17 08:47:54,8c1f646190001fc1,payload,1.0,1637,1634,83ea0903000091c50000871c0a008ddc0903edff750902dde6545d55
2026-06-17 08:47:54,8c1f646190001fc1,ambient_temp,22.5,1637,1634,
2026-06-17 08:49:23,8c1f646190001501,spreading_factor,7.0,1637,1634,
2026-06-17 08:49:23,8c1f646190001501,leak_status,2.0,1637,1634,
2026-06-17 08:49:23,8c1f646190001501,payload,1.0,1637,1634,f2e80e030000ce540000028e0600f3da0e03a801550402eaed545454
2026-06-17 08:49:23,8c1f646190001501,gateway_rssi,-100.0,1637,1634,24e124fffef949f8
2026-06-17 08:49:23,8c1f646190001501,ambient_temp,22.0,1637,1634,
2026-06-17 08:49:23,8c1f646190001501,water_temp_max,22.0,1637,1634,
2026-06-17 08:49:23,8c1f646190001501,water_temp_min,22.0,1637,1634,
2026-06-17 08:49:23,8c1f646190001501,battery_recovered,3696.0,1637,1634,
2026-06-17 08:49:23,8c1f646190001501,total_volume,21710.0,1637,1634,
2026-06-17 08:49:23,8c1f646190001501,battery,3672.0,1637,1634,
2026-06-17 08:49:23,8c1f646190001501,bandwidth,125000.0,1637,1634,
2026-06-17 08:49:23,8c1f646190001501,error_code,0.0,1637,1634,
2026-06-17 08:49:23,8c1f646190001501,frame_counter,3296.0,1637,1634,
2026-06-17 08:49:23,8c1f646190001501,gateway_snr,9.0,1637,1634,24e124fffef949f8
2026-06-17 08:49:29,8c1f646190001bea,total_volume,34015.0,1637,1634,
2026-06-17 08:49:29,8c1f646190001bea,water_temp_min,22.0,1637,1634,
2026-06-17 08:49:29,8c1f646190001bea,gateway_snr,-4.0,1637,1634,24e124fffef94d5c
2026-06-17 08:49:29,8c1f646190001bea,battery_recovered,3656.0,1637,1634,
2026-06-17 08:49:29,8c1f646190001bea,water_temp_max,22.5,1637,1634,
2026-06-17 08:49:29,8c1f646190001bea,battery,3632.0,1637,1634,
2026-06-17 08:49:29,8c1f646190001bea,spreading_factor,7.0,1637,1634,
2026-06-17 08:49:29,8c1f646190001bea,ambient_temp,22.0,1637,1634,
2026-06-17 08:49:29,8c1f646190001bea,gateway_rssi,-110.0,1637,1634,24e124fffef94d5c
2026-06-17 08:49:29,8c1f646190001bea,payload,1.0,1637,1634,5ed509030000df840000206c0c0082c7090314fec00102e5e8545554
2026-06-17 08:49:29,8c1f646190001bea,leak_status,2.0,1637,1634,
2026-06-17 08:49:29,8c1f646190001bea,frame_counter,7694.0,1637,1634,
2026-06-17 08:49:29,8c1f646190001bea,error_code,0.0,1637,1634,
2026-06-17 08:49:29,8c1f646190001bea,bandwidth,125000.0,1637,1634,
2026-06-17 08:51:44,8c1f646190001833,battery,3600.0,1637,1634,
2026-06-17 08:51:44,8c1f646190001833,gateway_rssi,-108.0,1637,1634,24e124fffef94d5c
2026-06-17 08:51:44,8c1f646190001833,frame_counter,5853.0,1637,1634,
2026-06-17 08:51:44,8c1f646190001833,water_temp_max,22.0,1637,1634,
2026-06-17 08:51:44,8c1f646190001833,gateway_snr,-0.5,1637,1634,24e124fffef94d5c
2026-06-17 08:51:44,8c1f646190001833,ambient_temp,22.0,1637,1634,
2026-06-17 08:51:44,8c1f646190001833,payload,1.0,1637,1634,9dad09030000262e000000000000b19f0903fc045c0102e1ea535454
2026-06-17 08:51:44,8c1f646190001833,water_temp_min,21.5,1637,1634,
2026-06-17 08:51:44,8c1f646190001833,error_code,0.0,1637,1634,
2026-06-17 08:51:44,8c1f646190001833,bandwidth,125000.0,1637,1634,
2026-06-17 08:51:44,8c1f646190001833,battery_recovered,3672.0,1637,1634,
2026-06-17 08:51:44,8c1f646190001833,leak_status,2.0,1637,1634,
2026-06-17 08:51:44,8c1f646190001833,spreading_factor,7.0,1637,1634,
2026-06-17 08:51:44,8c1f646190001833,total_volume,11814.0,1637,1634,
2026-06-17 08:53:12,24e124725d489523,battery,39.0,1637,1634,
2026-06-17 08:53:12,24e124725d489523,payload,85.0,1637,1634,0175270367ce0004685a
2026-06-17 08:53:12,24e124725d489523,frame_counter,7519.0,1637,1634,
2026-06-17 08:53:12,24e124725d489523,gateway_rssi,-111.0,1637,1634,24e124fffef949f8
2026-06-17 08:53:12,24e124725d489523,bandwidth,125000.0,1637,1634,
2026-06-17 08:53:12,24e124725d489523,humidity,45.0,1637,1634,
2026-06-17 08:53:12,24e124725d489523,gateway_snr,1.0,1637,1634,24e124fffef949f8
2026-06-17 08:53:12,24e124725d489523,spreading_factor,7.0,1637,1634,
2026-06-17 08:53:12,24e124725d489523,temperature,20.6,1637,1634,
2026-06-17 08:54:32,8c1f6461900021e8,total_volume,46743.0,1637,1634,
2026-06-17 08:54:32,8c1f6461900021e8,bandwidth,125000.0,1637,1634,
2026-06-17 08:54:32,8c1f6461900021e8,frame_counter,3455.0,1637,1634,
2026-06-17 08:54:32,8c1f6461900021e8,battery,3648.0,1637,1634,
2026-06-17 08:54:32,8c1f6461900021e8,ambient_temp,23.5,1637,1634,
2026-06-17 08:54:32,8c1f6461900021e8,spreading_factor,7.0,1637,1634,
2026-06-17 08:54:32,8c1f6461900021e8,water_temp_min,25.0,1637,1634,
2026-06-17 08:54:32,8c1f6461900021e8,leak_status,2.0,1637,1634,
2026-06-17 08:54:32,8c1f6461900021e8,gateway_snr,4.199999809265137,1637,1634,24e124fffef949f8
2026-06-17 08:54:32,8c1f6461900021e8,payload,1.0,1637,1634,42f70903000097b600007d61070061e909035005710a02e7eb5a5b57
2026-06-17 08:54:32,8c1f6461900021e8,battery_recovered,3680.0,1637,1634,
2026-06-17 08:54:32,8c1f6461900021e8,error_code,0.0,1637,1634,
2026-06-17 08:54:32,8c1f6461900021e8,gateway_rssi,-109.0,1637,1634,24e124fffef949f8
2026-06-17 08:54:32,8c1f6461900021e8,water_temp_max,25.5,1637,1634,
2026-06-17 08:54:44,8c1f646190001ebd,gateway_rssi,-106.0,1637,1634,24e124fffef949f8
2026-06-17 08:54:44,8c1f646190001ebd,spreading_factor,7.0,1637,1634,
2026-06-17 08:54:44,8c1f646190001ebd,gateway_snr,6.5,1637,1634,24e124fffef949f8
2026-06-17 08:54:44,8c1f646190001ebd,error_code,0.0,1637,1634,
2026-06-17 08:54:44,8c1f646190001ebd,battery_recovered,3696.0,1637,1634,
2026-06-17 08:54:44,8c1f646190001ebd,frame_counter,7926.0,1637,1634,
2026-06-17 08:54:44,8c1f646190001ebd,total_volume,27357.0,1637,1634,
2026-06-17 08:54:44,8c1f646190001ebd,water_temp_max,23.5,1637,1634,
2026-06-17 08:54:44,8c1f646190001ebd,water_temp_min,23.0,1637,1634,
2026-06-17 08:54:44,8c1f646190001ebd,bandwidth,125000.0,1637,1634,
2026-06-17 08:54:44,8c1f646190001ebd,ambient_temp,22.5,1637,1634,
2026-06-17 08:54:44,8c1f646190001ebd,battery,3616.0,1637,1634,
2026-06-17 08:54:44,8c1f646190001ebd,leak_status,2.0,1637,1634,
2026-06-17 08:54:44,8c1f646190001ebd,payload,1.0,1637,1634,21ee09030000dd6a00000000000029e00903ea01540d02e3ed565755
2026-06-17 08:55:55,8c1f6461900021c5,gateway_snr,4.0,1637,1634,24e124fffef949f8
2026-06-17 08:55:55,8c1f6461900021c5,total_volume,12238.0,1637,1634,
2026-06-17 08:55:55,8c1f6461900021c5,water_temp_min,20.0,1637,1634,
2026-06-17 08:55:55,8c1f6461900021c5,water_temp_max,21.5,1637,1634,
2026-06-17 08:55:55,8c1f6461900021c5,ambient_temp,22.0,1637,1634,
2026-06-17 08:55:55,8c1f6461900021c5,bandwidth,125000.0,1637,1634,
2026-06-17 08:55:55,8c1f6461900021c5,spreading_factor,7.0,1637,1634,
2026-06-17 08:55:55,8c1f6461900021c5,battery,3600.0,1637,1634,
2026-06-17 08:55:55,8c1f6461900021c5,error_code,0.0,1637,1634,
2026-06-17 08:55:55,8c1f6461900021c5,frame_counter,6820.0,1637,1634,
2026-06-17 08:55:55,8c1f6461900021c5,leak_status,2.0,1637,1634,
2026-06-17 08:55:55,8c1f6461900021c5,gateway_rssi,-106.0,1637,1634,24e124fffef949f8
2026-06-17 08:55:55,8c1f6461900021c5,payload,1.0,1637,1634,84e309030000ce2f00000000000085d5090383e43d0202e1e9505354
2026-06-17 08:55:55,8c1f6461900021c5,battery_recovered,3664.0,1637,1634,
2026-06-17 08:56:42,8c1f646190001901,frame_counter,7668.0,1637,1634,
2026-06-17 08:56:42,8c1f646190001901,ambient_temp,21.5,1637,1634,
2026-06-17 08:56:42,8c1f646190001901,payload,1.0,1637,1634,42e809030000df3400000500000050da09038800550302dfeb535453
2026-06-17 08:56:42,8c1f646190001901,bandwidth,125000.0,1637,1634,
2026-06-17 08:56:42,8c1f646190001901,water_temp_min,21.5,1637,1634,
2026-06-17 08:56:42,8c1f646190001901,spreading_factor,7.0,1637,1634,
2026-06-17 08:56:42,8c1f646190001901,gateway_snr,2.5,1637,1634,24e124fffef94d5c
2026-06-17 08:56:42,8c1f646190001901,battery,3584.0,1637,1634,
2026-06-17 08:56:42,8c1f646190001901,error_code,0.0,1637,1634,
2026-06-17 08:56:42,8c1f646190001901,total_volume,13535.0,1637,1634,
2026-06-17 08:56:42,8c1f646190001901,water_temp_max,22.0,1637,1634,
2026-06-17 08:56:42,8c1f646190001901,battery_recovered,3680.0,1637,1634,
2026-06-17 08:56:42,8c1f646190001901,gateway_rssi,-105.0,1637,1634,24e124fffef94d5c
2026-06-17 08:56:42,8c1f646190001901,leak_status,2.0,1637,1634,
2026-06-17 08:57:54,8c1f646190001592,battery_recovered,3672.0,1637,1634,
2026-06-17 08:57:54,8c1f646190001592,battery,3600.0,1637,1634,
2026-06-17 08:57:54,8c1f646190001592,error_code,0.0,1637,1634,
2026-06-17 08:57:54,8c1f646190001592,total_volume,33692.0,1637,1634,
2026-06-17 08:57:54,8c1f646190001592,ambient_temp,21.5,1637,1634,
2026-06-17 08:57:54,8c1f646190001592,frame_counter,3627.0,1637,1634,
2026-06-17 08:57:54,8c1f646190001592,spreading_factor,7.0,1637,1634,
2026-06-17 08:57:54,8c1f646190001592,gateway_rssi,-104.0,1637,1634,24e124fffef949f8
2026-06-17 08:57:54,8c1f646190001592,gateway_snr,8.5,1637,1634,24e124fffef949f8
2026-06-17 08:57:54,8c1f646190001592,leak_status,2.0,1637,1634,
2026-06-17 08:57:54,8c1f646190001592,payload,1.0,1637,1634,8ac7090300009c8300001dbc0b00b1b909031101ee0302e1ea535453
2026-06-17 08:57:54,8c1f646190001592,bandwidth,125000.0,1637,1634,
2026-06-17 08:57:54,8c1f646190001592,water_temp_max,22.0,1637,1634,
2026-06-17 08:57:54,8c1f646190001592,water_temp_min,21.5,1637,1634,
2026-06-17 08:58:27,8c1f646190001c9b,gateway_rssi,-105.0,1637,1634,24e124fffef94d5c
2026-06-17 08:58:27,8c1f646190001c9b,total_volume,46749.0,1637,1634,
2026-06-17 08:58:27,8c1f646190001c9b,water_temp_max,41.5,1637,1634,
2026-06-17 08:58:27,8c1f646190001c9b,spreading_factor,7.0,1637,1634,
2026-06-17 08:58:27,8c1f646190001c9b,leak_status,2.0,1637,1634,
2026-06-17 08:58:27,8c1f646190001c9b,water_temp_min,41.5,1637,1634,
2026-06-17 08:58:27,8c1f646190001c9b,frame_counter,7512.0,1637,1634,
2026-06-17 08:58:27,8c1f646190001c9b,battery_recovered,3664.0,1637,1634,
2026-06-17 08:58:27,8c1f646190001c9b,ambient_temp,25.0,1637,1634,
2026-06-17 08:58:27,8c1f646190001c9b,battery,3592.0,1637,1634,
2026-06-17 08:58:27,8c1f646190001c9b,bandwidth,125000.0,1637,1634,
2026-06-17 08:58:27,8c1f646190001c9b,gateway_snr,3.799999952316284,1637,1634,24e124fffef94d5c
2026-06-17 08:58:27,8c1f646190001c9b,error_code,0.0,1637,1634,
2026-06-17 08:58:27,8c1f646190001c9b,payload,1.0,1637,1634,8ae2090300009db6000007940e0083d409037cfe1f0702e0e97b7b5a
2026-06-17 08:58:56,8c1f646190001947,error_code,0.0,1637,1634,
2026-06-17 08:58:56,8c1f646190001947,bandwidth,125000.0,1637,1634,
2026-06-17 08:58:56,8c1f646190001947,gateway_snr,4.199999809265137,1637,1634,24e124fffef94d5c
2026-06-17 08:58:56,8c1f646190001947,frame_counter,7370.0,1637,1634,
2026-06-17 08:58:56,8c1f646190001947,gateway_rssi,-104.0,1637,1634,24e124fffef94d5c
2026-06-17 08:58:56,8c1f646190001947,spreading_factor,7.0,1637,1634,
2026-06-17 08:58:56,8c1f646190001947,water_temp_min,22.5,1637,1634,
2026-06-17 08:58:56,8c1f646190001947,water_temp_max,22.5,1637,1634,
2026-06-17 08:58:56,8c1f646190001947,payload,1.0,1637,1634,fa010a0300007695000000000000f7f30903ac08760902e0e8555555
2026-06-17 08:58:56,8c1f646190001947,total_volume,38262.0,1637,1634,
2026-06-17 08:58:56,8c1f646190001947,battery,3592.0,1637,1634,
2026-06-17 08:58:56,8c1f646190001947,battery_recovered,3656.0,1637,1634,
2026-06-17 08:58:56,8c1f646190001947,leak_status,2.0,1637,1634,
2026-06-17 08:58:56,8c1f646190001947,ambient_temp,22.5,1637,1634,
2026-06-17 08:59:23,8c1f64619000177c,bandwidth,125000.0,1637,1634,
2026-06-17 08:59:23,8c1f64619000177c,frame_counter,6451.0,1637,1634,
2026-06-17 08:59:23,8c1f64619000177c,battery_recovered,3680.0,1637,1634,
2026-06-17 08:59:23,8c1f64619000177c,battery,3616.0,1637,1634,
2026-06-17 08:59:23,8c1f64619000177c,ambient_temp,22.0,1637,1634,
2026-06-17 08:59:23,8c1f64619000177c,water_temp_max,21.5,1637,1634,
2026-06-17 08:59:23,8c1f64619000177c,gateway_rssi,-99.0,1637,1634,24e124fffef949f8
2026-06-17 08:59:23,8c1f64619000177c,water_temp_min,21.5,1637,1634,
2026-06-17 08:59:23,8c1f64619000177c,spreading_factor,7.0,1637,1634,
2026-06-17 08:59:23,8c1f64619000177c,leak_status,0.0,1637,1634,
2026-06-17 08:59:23,8c1f64619000177c,total_volume,57775.0,1637,1634,
2026-06-17 08:59:23,8c1f64619000177c,payload,1.0,1637,1634,c5c809030000afe1000000000000000000000000000000e3eb535354
2026-06-17 08:59:23,8c1f64619000177c,gateway_snr,9.0,1637,1634,24e124fffef949f8
2026-06-17 08:59:23,8c1f64619000177c,error_code,0.0,1637,1634,
2026-06-17 08:59:45,8c1f646190001c1c,bandwidth,125000.0,1637,1634,
2026-06-17 08:59:45,8c1f646190001c1c,battery,3624.0,1637,1634,
2026-06-17 08:59:45,8c1f646190001c1c,spreading_factor,7.0,1637,1634,
2026-06-17 08:59:45,8c1f646190001c1c,water_temp_min,22.5,1637,1634,
2026-06-17 08:59:45,8c1f646190001c1c,ambient_temp,22.5,1637,1634,
2026-06-17 08:59:45,8c1f646190001c1c,battery_recovered,3656.0,1637,1634,
2026-06-17 08:59:45,8c1f646190001c1c,water_temp_max,22.5,1637,1634,
2026-06-17 08:59:45,8c1f646190001c1c,payload,1.0,1637,1634,d4c10d030000369900004d0b0b00c8b30d03dc03f30702e4e8555555
2026-06-17 08:59:45,8c1f646190001c1c,frame_counter,3673.0,1637,1634,
2026-06-17 08:59:45,8c1f646190001c1c,gateway_rssi,-110.0,1637,1634,24e124fffef949f8
2026-06-17 08:59:45,8c1f646190001c1c,gateway_snr,1.2000000476837158,1637,1634,24e124fffef949f8
2026-06-17 08:59:45,8c1f646190001c1c,total_volume,39222.0,1637,1634,
2026-06-17 08:59:45,8c1f646190001c1c,error_code,0.0,1637,1634,
2026-06-17 08:59:45,8c1f646190001c1c,leak_status,2.0,1637,1634,
2026-06-17 09:01:15,8c1f6461900021db,error_code,0.0,1637,1634,
2026-06-17 09:01:15,8c1f6461900021db,leak_status,2.0,1637,1634,
2026-06-17 09:01:15,8c1f6461900021db,ambient_temp,21.0,1637,1634,
2026-06-17 09:01:15,8c1f6461900021db,battery_recovered,3664.0,1637,1634,
2026-06-17 09:01:15,8c1f6461900021db,frame_counter,7762.0,1637,1634,
2026-06-17 09:01:15,8c1f6461900021db,bandwidth,125000.0,1637,1634,
2026-06-17 09:01:15,8c1f6461900021db,gateway_snr,3.200000047683716,1637,1634,24e124fffef94d5c
2026-06-17 09:01:15,8c1f6461900021db,water_temp_min,20.5,1637,1634,
2026-06-17 09:01:15,8c1f6461900021db,spreading_factor,7.0,1637,1634,
2026-06-17 09:01:15,8c1f6461900021db,payload,1.0,1637,1634,02c009030000d13a0000694f050009b209037e00090102dee9515252
2026-06-17 09:01:15,8c1f6461900021db,gateway_rssi,-105.0,1637,1634,24e124fffef94d5c
2026-06-17 09:01:15,8c1f6461900021db,water_temp_max,21.0,1637,1634,
2026-06-17 09:01:15,8c1f6461900021db,total_volume,15057.0,1637,1634,
2026-06-17 09:01:15,8c1f6461900021db,battery,3576.0,1637,1634,
2026-06-17 09:02:51,8c1f6461900020d1,gateway_snr,6.199999809265137,1637,1634,24e124fffef949f8
2026-06-17 09:02:51,8c1f6461900020d1,frame_counter,6352.0,1637,1634,
2026-06-17 09:02:51,8c1f6461900020d1,total_volume,13636.0,1637,1634,
2026-06-17 09:02:51,8c1f6461900020d1,payload,1.0,1637,1634,a3c40903000044350000e6fd0400b4b609030d03580102dfe7565658
2026-06-17 09:02:51,8c1f6461900020d1,spreading_factor,7.0,1637,1634,
2026-06-17 09:02:51,8c1f6461900020d1,leak_status,2.0,1637,1634,
2026-06-17 09:02:51,8c1f6461900020d1,battery_recovered,3648.0,1637,1634,
2026-06-17 09:02:51,8c1f6461900020d1,water_temp_max,23.0,1637,1634,
2026-06-17 09:02:51,8c1f6461900020d1,bandwidth,125000.0,1637,1634,
2026-06-17 09:02:51,8c1f6461900020d1,battery,3584.0,1637,1634,
2026-06-17 09:02:51,8c1f6461900020d1,ambient_temp,24.0,1637,1634,
2026-06-17 09:02:51,8c1f6461900020d1,water_temp_min,23.0,1637,1634,
2026-06-17 09:02:51,8c1f6461900020d1,gateway_rssi,-105.0,1637,1634,24e124fffef949f8
2026-06-17 09:02:51,8c1f6461900020d1,error_code,0.0,1637,1634,
2026-06-17 09:03:12,24e124725d489523,payload,85.0,1637,1634,0175270367ce00046859
2026-06-17 09:03:12,24e124725d489523,temperature,20.6,1637,1634,
2026-06-17 09:03:12,24e124725d489523,frame_counter,7520.0,1637,1634,
2026-06-17 09:03:12,24e124725d489523,gateway_rssi,-109.0,1637,1634,24e124fffef949f8
2026-06-17 09:03:12,24e124725d489523,battery,39.0,1637,1634,
2026-06-17 09:03:12,24e124725d489523,spreading_factor,7.0,1637,1634,
2026-06-17 09:03:12,24e124725d489523,bandwidth,125000.0,1637,1634,
2026-06-17 09:03:12,24e124725d489523,humidity,44.5,1637,1634,
2026-06-17 09:03:12,24e124725d489523,gateway_snr,3.799999952316284,1637,1634,24e124fffef949f8
2026-06-17 09:03:37,8c1f6461900019cb,leak_status,2.0,1637,1634,
2026-06-17 09:03:37,8c1f6461900019cb,spreading_factor,7.0,1637,1634,
2026-06-17 09:03:37,8c1f6461900019cb,frame_counter,7820.0,1637,1634,
2026-06-17 09:03:37,8c1f6461900019cb,gateway_snr,0.2000000029802322,1637,1634,24e124fffef94d5c
2026-06-17 09:03:37,8c1f6461900019cb,gateway_rssi,-107.0,1637,1634,24e124fffef94d5c
2026-06-17 09:03:37,8c1f6461900019cb,error_code,0.0,1637,1634,
2026-06-17 09:03:37,8c1f6461900019cb,water_temp_max,20.5,1637,1634,
2026-06-17 09:03:37,8c1f6461900019cb,total_volume,10558.0,1637,1634,
2026-06-17 09:03:37,8c1f6461900019cb,bandwidth,125000.0,1637,1634,
2026-06-17 09:03:37,8c1f6461900019cb,battery,3600.0,1637,1634,
2026-06-17 09:03:37,8c1f6461900019cb,battery_recovered,3688.0,1637,1634,
2026-06-17 09:03:37,8c1f6461900019cb,payload,1.0,1637,1634,42c5090300003e2900000000000043b7090313fc930402e1ec515150
2026-06-17 09:03:37,8c1f6461900019cb,ambient_temp,20.0,1637,1634,
2026-06-17 09:03:37,8c1f6461900019cb,water_temp_min,20.5,1637,1634,
2026-06-17 09:03:44,8c1f64619000170a,payload,1.0,1637,1634,f5070a030000c35c02007c2706000ffa0903d21db00f02e0e9575757
2026-06-17 09:03:44,8c1f64619000170a,battery_recovered,3664.0,1637,1634,
2026-06-17 09:03:44,8c1f64619000170a,gateway_snr,5.0,1637,1634,24e124fffef94d5c
2026-06-17 09:03:44,8c1f64619000170a,error_code,0.0,1637,1634,
2026-06-17 09:03:44,8c1f64619000170a,gateway_rssi,-102.0,1637,1634,24e124fffef94d5c
2026-06-17 09:03:44,8c1f64619000170a,leak_status,2.0,1637,1634,
2026-06-17 09:03:44,8c1f64619000170a,water_temp_max,23.5,1637,1634,
2026-06-17 09:03:44,8c1f64619000170a,water_temp_min,23.5,1637,1634,
2026-06-17 09:03:44,8c1f64619000170a,ambient_temp,23.5,1637,1634,
2026-06-17 09:03:44,8c1f64619000170a,bandwidth,125000.0,1637,1634,
2026-06-17 09:03:44,8c1f64619000170a,battery,3592.0,1637,1634,
2026-06-17 09:03:44,8c1f64619000170a,total_volume,154819.0,1637,1634,
2026-06-17 09:03:44,8c1f64619000170a,frame_counter,6657.0,1637,1634,
2026-06-17 09:03:44,8c1f64619000170a,spreading_factor,7.0,1637,1634,
2026-06-17 09:04:41,8c1f6461900021da,error_code,0.0,1637,1634,
2026-06-17 09:04:41,8c1f6461900021da,gateway_rssi,-103.0,1637,1634,24e124fffef94d5c
2026-06-17 09:04:41,8c1f6461900021da,gateway_snr,4.800000190734863,1637,1634,24e124fffef94d5c
2026-06-17 09:04:41,8c1f6461900021da,frame_counter,7494.0,1637,1634,
2026-06-17 09:04:41,8c1f6461900021da,total_volume,24734.0,1637,1634,
2026-06-17 09:04:41,8c1f6461900021da,water_temp_max,22.5,1637,1634,
2026-06-17 09:04:41,8c1f6461900021da,water_temp_min,22.5,1637,1634,
2026-06-17 09:04:41,8c1f6461900021da,leak_status,2.0,1637,1634,
2026-06-17 09:04:41,8c1f6461900021da,battery_recovered,3664.0,1637,1634,
2026-06-17 09:04:41,8c1f6461900021da,payload,1.0,1637,1634,c5a5090300009e600000f7900800d4970903c707520302e0e9555554
2026-06-17 09:04:41,8c1f6461900021da,ambient_temp,22.0,1637,1634,
2026-06-17 09:04:41,8c1f6461900021da,bandwidth,125000.0,1637,1634,
2026-06-17 09:04:41,8c1f6461900021da,spreading_factor,7.0,1637,1634,
2026-06-17 09:04:41,8c1f6461900021da,battery,3592.0,1637,1634,
2026-06-17 09:05:03,8c1f646190001963,spreading_factor,7.0,1637,1634,
2026-06-17 09:05:03,8c1f646190001963,payload,1.0,1637,1634,0c000a030000c03d00000000000021f20903a5045b0702e1eb545454
2026-06-17 09:05:03,8c1f646190001963,ambient_temp,22.0,1637,1634,
2026-06-17 09:05:03,8c1f646190001963,water_temp_max,22.0,1637,1634,
2026-06-17 09:05:03,8c1f646190001963,error_code,0.0,1637,1634,
2026-06-17 09:05:03,8c1f646190001963,leak_status,2.0,1637,1634,
2026-06-17 09:05:03,8c1f646190001963,bandwidth,125000.0,1637,1634,
2026-06-17 09:05:03,8c1f646190001963,water_temp_min,22.0,1637,1634,
2026-06-17 09:05:03,8c1f646190001963,gateway_snr,10.5,1637,1634,24e124fffef94d5c
2026-06-17 09:05:03,8c1f646190001963,gateway_rssi,-95.0,1637,1634,24e124fffef94d5c
2026-06-17 09:05:03,8c1f646190001963,frame_counter,7739.0,1637,1634,
2026-06-17 09:05:03,8c1f646190001963,battery_recovered,3680.0,1637,1634,
2026-06-17 09:05:03,8c1f646190001963,total_volume,15808.0,1637,1634,
2026-06-17 09:05:03,8c1f646190001963,battery,3600.0,1637,1634,
2026-06-17 09:06:39,8c1f646190001e41,gateway_rssi,-107.0,1637,1634,24e124fffef949f8
2026-06-17 09:06:39,8c1f646190001e41,spreading_factor,7.0,1637,1634,
2026-06-17 09:06:39,8c1f646190001e41,battery,3656.0,1637,1634,
2026-06-17 09:06:39,8c1f646190001e41,water_temp_max,44.5,1637,1634,
2026-06-17 09:06:39,8c1f646190001e41,ambient_temp,24.5,1637,1634,
2026-06-17 09:06:39,8c1f646190001e41,payload,1.0,1637,1634,39f609030000f1a500005c110f0043e809036dfeaf0102e8ec808159
2026-06-17 09:06:39,8c1f646190001e41,water_temp_min,44.0,1637,1634,
2026-06-17 09:06:39,8c1f646190001e41,gateway_snr,5.5,1637,1634,24e124fffef949f8
2026-06-17 09:06:39,8c1f646190001e41,error_code,0.0,1637,1634,
2026-06-17 09:06:39,8c1f646190001e41,bandwidth,125000.0,1637,1634,
2026-06-17 09:06:39,8c1f646190001e41,battery_recovered,3688.0,1637,1634,
2026-06-17 09:06:39,8c1f646190001e41,frame_counter,3566.0,1637,1634,
2026-06-17 09:06:39,8c1f646190001e41,leak_status,2.0,1637,1634,
2026-06-17 09:06:39,8c1f646190001e41,total_volume,42481.0,1637,1634,
2026-06-17 09:07:33,8c1f646190002120,spreading_factor,7.0,1637,1634,
2026-06-17 09:07:33,8c1f646190002120,gateway_snr,8.800000190734863,1637,1634,24e124fffef949f8
2026-06-17 09:07:33,8c1f646190002120,frame_counter,3623.0,1637,1634,
2026-06-17 09:07:33,8c1f646190002120,battery_recovered,3680.0,1637,1634,
2026-06-17 09:07:33,8c1f646190002120,ambient_temp,22.0,1637,1634,
2026-06-17 09:07:33,8c1f646190002120,error_code,0.0,1637,1634,
2026-06-17 09:07:33,8c1f646190002120,leak_status,2.0,1637,1634,
2026-06-17 09:07:33,8c1f646190002120,bandwidth,125000.0,1637,1634,
2026-06-17 09:07:33,8c1f646190002120,payload,1.0,1637,1634,b6e20903000087a50000f5e70d00c9d409038c00810002e8eb545554
2026-06-17 09:07:33,8c1f646190002120,battery,3656.0,1637,1634,
2026-06-17 09:07:33,8c1f646190002120,water_temp_max,22.5,1637,1634,
2026-06-17 09:07:33,8c1f646190002120,total_volume,42375.0,1637,1634,
2026-06-17 09:07:33,8c1f646190002120,gateway_rssi,-101.0,1637,1634,24e124fffef949f8
2026-06-17 09:07:33,8c1f646190002120,water_temp_min,22.0,1637,1634,
2026-06-17 09:08:05,8c1f6461900015c1,gateway_snr,11.800000190734863,1637,1634,24e124fffef94d5c
2026-06-17 09:08:05,8c1f6461900015c1,gateway_rssi,-95.0,1637,1634,24e124fffef94d5c
2026-06-17 09:08:05,8c1f6461900015c1,total_volume,19013.0,1637,1634,
2026-06-17 09:08:05,8c1f6461900015c1,battery_recovered,3688.0,1637,1634,
2026-06-17 09:08:05,8c1f6461900015c1,frame_counter,7611.0,1637,1634,
2026-06-17 09:08:05,8c1f6461900015c1,error_code,0.0,1637,1634,
2026-06-17 09:08:05,8c1f6461900015c1,spreading_factor,7.0,1637,1634,
2026-06-17 09:08:05,8c1f6461900015c1,ambient_temp,22.0,1637,1634,
2026-06-17 09:08:05,8c1f6461900015c1,payload,1.0,1637,1634,eabc09030000454a000000000000fcae09031400460102e0ec545554
2026-06-17 09:08:05,8c1f6461900015c1,battery,3592.0,1637,1634,
2026-06-17 09:08:05,8c1f6461900015c1,leak_status,2.0,1637,1634,
2026-06-17 09:08:05,8c1f6461900015c1,bandwidth,125000.0,1637,1634,
2026-06-17 09:08:05,8c1f6461900015c1,water_temp_min,22.0,1637,1634,
2026-06-17 09:08:05,8c1f6461900015c1,water_temp_max,22.5,1637,1634,
2026-06-17 09:09:18,8c1f646190001b0f,bandwidth,125000.0,1637,1634,
2026-06-17 09:09:18,8c1f646190001b0f,battery,3584.0,1637,1634,
2026-06-17 09:09:18,8c1f646190001b0f,water_temp_min,22.0,1637,1634,
2026-06-17 09:09:18,8c1f646190001b0f,ambient_temp,22.0,1637,1634,
2026-06-17 09:09:18,8c1f646190001b0f,total_volume,35315.0,1637,1634,
2026-06-17 09:09:18,8c1f646190001b0f,battery_recovered,3648.0,1637,1634,
2026-06-17 09:09:18,8c1f646190001b0f,payload,1.0,1637,1634,2fdf09030000f3890000f6e30a0052d10903dc01920102dfe7548a54
2026-06-17 09:09:18,8c1f646190001b0f,spreading_factor,7.0,1637,1634,
2026-06-17 09:09:18,8c1f646190001b0f,gateway_rssi,-109.0,1637,1634,24e124fffef94d5c
2026-06-17 09:09:18,8c1f646190001b0f,error_code,0.0,1637,1634,
2026-06-17 09:09:18,8c1f646190001b0f,leak_status,2.0,1637,1634,
2026-06-17 09:09:18,8c1f646190001b0f,water_temp_max,49.0,1637,1634,
2026-06-17 09:09:18,8c1f646190001b0f,frame_counter,6528.0,1637,1634,
2026-06-17 09:09:18,8c1f646190001b0f,gateway_snr,-3.5,1637,1634,24e124fffef94d5c
2026-06-17 09:09:44,8c1f64619000228d,spreading_factor,7.0,1637,1634,
2026-06-17 09:09:44,8c1f64619000228d,frame_counter,6431.0,1637,1634,
2026-06-17 09:09:44,8c1f64619000228d,gateway_snr,8.0,1637,1634,24e124fffef94d5c
2026-06-17 09:09:44,8c1f64619000228d,gateway_rssi,-100.0,1637,1634,24e124fffef94d5c
2026-06-17 09:09:44,8c1f64619000228d,error_code,0.0,1637,1634,
2026-06-17 09:09:44,8c1f64619000228d,ambient_temp,22.0,1637,1634,
2026-06-17 09:09:44,8c1f64619000228d,battery,3576.0,1637,1634,
2026-06-17 09:09:44,8c1f64619000228d,water_temp_min,22.0,1637,1634,
2026-06-17 09:09:44,8c1f64619000228d,payload,1.0,1637,1634,30b00903000097460000000000004ea20903ca070b0a02dee7545554
2026-06-17 09:09:44,8c1f64619000228d,battery_recovered,3648.0,1637,1634,
2026-06-17 09:09:44,8c1f64619000228d,water_temp_max,22.5,1637,1634,
2026-06-17 09:09:44,8c1f64619000228d,bandwidth,125000.0,1637,1634,
2026-06-17 09:09:44,8c1f64619000228d,leak_status,2.0,1637,1634,
2026-06-17 09:09:44,8c1f64619000228d,total_volume,18071.0,1637,1634,
2026-06-17 09:09:46,8c1f6461900014f5,frame_counter,3580.0,1637,1634,
2026-06-17 09:09:46,8c1f6461900014f5,gateway_rssi,-104.0,1637,1634,24e124fffef949f8
2026-06-17 09:09:46,8c1f6461900014f5,gateway_snr,8.199999809265137,1637,1634,24e124fffef949f8
2026-06-17 09:09:46,8c1f6461900014f5,bandwidth,125000.0,1637,1634,
2026-06-17 09:09:46,8c1f6461900014f5,payload,1.0,1637,1634,d3c50d0300008056000000000000deb70d03e8fed70b02e5e9545455
2026-06-17 09:09:46,8c1f6461900014f5,spreading_factor,7.0,1637,1634,
2026-06-17 09:09:46,8c1f6461900014f5,water_temp_min,22.0,1637,1634,
2026-06-17 09:09:46,8c1f6461900014f5,battery,3632.0,1637,1634,
2026-06-17 09:09:46,8c1f6461900014f5,water_temp_max,22.0,1637,1634,
2026-06-17 09:09:46,8c1f6461900014f5,battery_recovered,3664.0,1637,1634,
2026-06-17 09:09:46,8c1f6461900014f5,error_code,0.0,1637,1634,
2026-06-17 09:09:46,8c1f6461900014f5,leak_status,2.0,1637,1634,
2026-06-17 09:09:46,8c1f6461900014f5,total_volume,22144.0,1637,1634,
2026-06-17 09:09:46,8c1f6461900014f5,ambient_temp,22.5,1637,1634,
2026-06-17 09:11:20,8c1f646190002222,total_volume,30820.0,1637,1634,
2026-06-17 09:11:20,8c1f646190002222,frame_counter,3642.0,1637,1634,
2026-06-17 09:11:20,8c1f646190002222,gateway_rssi,-111.0,1637,1634,24e124fffef949f8
2026-06-17 09:11:20,8c1f646190002222,leak_status,2.0,1637,1634,
2026-06-17 09:11:20,8c1f646190002222,gateway_snr,2.0,1637,1634,24e124fffef949f8
2026-06-17 09:11:20,8c1f646190002222,spreading_factor,7.0,1637,1634,
2026-06-17 09:11:20,8c1f646190002222,payload,1.0,1637,1634,81b40903000064780000080000007ca609034f02aa0002e9ec545554
2026-06-17 09:11:20,8c1f646190002222,water_temp_max,22.5,1637,1634,
2026-06-17 09:11:20,8c1f646190002222,error_code,0.0,1637,1634,
2026-06-17 09:11:20,8c1f646190002222,battery,3664.0,1637,1634,
2026-06-17 09:11:20,8c1f646190002222,bandwidth,125000.0,1637,1634,
2026-06-17 09:11:20,8c1f646190002222,ambient_temp,22.0,1637,1634,
2026-06-17 09:11:20,8c1f646190002222,water_temp_min,22.0,1637,1634,
2026-06-17 09:11:20,8c1f646190002222,battery_recovered,3688.0,1637,1634,
2026-06-17 09:11:39,8c1f646190001b91,water_temp_max,22.0,1637,1634,
2026-06-17 09:11:39,8c1f646190001b91,water_temp_min,22.0,1637,1634,
2026-06-17 09:11:39,8c1f646190001b91,payload,1.0,1637,1634,72e30903000021b70000a2cb0e009bd5090330ff880302dce8545453
2026-06-17 09:11:39,8c1f646190001b91,frame_counter,6541.0,1637,1634,
2026-06-17 09:11:39,8c1f646190001b91,battery_recovered,3656.0,1637,1634,
2026-06-17 09:11:39,8c1f646190001b91,battery,3560.0,1637,1634,
2026-06-17 09:11:39,8c1f646190001b91,bandwidth,125000.0,1637,1634,
2026-06-17 09:11:39,8c1f646190001b91,ambient_temp,21.5,1637,1634,
2026-06-17 09:11:39,8c1f646190001b91,error_code,0.0,1637,1634,
2026-06-17 09:11:39,8c1f646190001b91,leak_status,2.0,1637,1634,
2026-06-17 09:11:39,8c1f646190001b91,gateway_snr,4.0,1637,1634,24e124fffef94d5c
2026-06-17 09:11:39,8c1f646190001b91,gateway_rssi,-104.0,1637,1634,24e124fffef94d5c
2026-06-17 09:11:39,8c1f646190001b91,spreading_factor,7.0,1637,1634,
2026-06-17 09:11:39,8c1f646190001b91,total_volume,46881.0,1637,1634,
2026-06-17 09:12:14,8c1f6461900019cf,gateway_snr,10.0,1637,1634,24e124fffef949f8
2026-06-17 09:12:14,8c1f6461900019cf,frame_counter,3556.0,1637,1634,
2026-06-17 09:12:14,8c1f6461900019cf,battery_recovered,3656.0,1637,1634,
2026-06-17 09:12:14,8c1f6461900019cf,total_volume,68354.0,1637,1634,
2026-06-17 09:12:14,8c1f6461900019cf,error_code,0.0,1637,1634,
2026-06-17 09:12:14,8c1f6461900019cf,water_temp_max,22.0,1637,1634,
2026-06-17 09:12:14,8c1f6461900019cf,water_temp_min,22.0,1637,1634,
2026-06-17 09:12:14,8c1f6461900019cf,leak_status,0.0,1637,1634,
2026-06-17 09:12:14,8c1f6461900019cf,spreading_factor,7.0,1637,1634,
2026-06-17 09:12:14,8c1f6461900019cf,bandwidth,125000.0,1637,1634,
2026-06-17 09:12:14,8c1f6461900019cf,battery,3632.0,1637,1634,
2026-06-17 09:12:14,8c1f6461900019cf,payload,1.0,1637,1634,01ee09030000020b010000000000000000000000000000e5e8545454
2026-06-17 09:12:14,8c1f6461900019cf,gateway_rssi,-102.0,1637,1634,24e124fffef949f8
2026-06-17 09:12:14,8c1f6461900019cf,ambient_temp,22.0,1637,1634,
2026-06-17 09:12:38,8c1f646190002206,frame_counter,7013.0,1637,1634,
2026-06-17 09:12:38,8c1f646190002206,payload,1.0,1637,1634,89f009030000b0130300c74f0f00000000000000000000e1ea555555
2026-06-17 09:12:38,8c1f646190002206,water_temp_max,22.5,1637,1634,
2026-06-17 09:12:38,8c1f646190002206,total_volume,201648.0,1637,1634,
2026-06-17 09:12:38,8c1f646190002206,ambient_temp,22.5,1637,1634,
2026-06-17 09:12:38,8c1f646190002206,bandwidth,125000.0,1637,1634,
2026-06-17 09:12:38,8c1f646190002206,water_temp_min,22.5,1637,1634,
2026-06-17 09:12:38,8c1f646190002206,battery,3600.0,1637,1634,
2026-06-17 09:12:38,8c1f646190002206,spreading_factor,7.0,1637,1634,
2026-06-17 09:12:38,8c1f646190002206,leak_status,0.0,1637,1634,
2026-06-17 09:12:38,8c1f646190002206,battery_recovered,3672.0,1637,1634,
2026-06-17 09:12:38,8c1f646190002206,gateway_snr,6.0,1637,1634,24e124fffef94d5c
2026-06-17 09:12:38,8c1f646190002206,gateway_rssi,-102.0,1637,1634,24e124fffef94d5c
2026-06-17 09:12:38,8c1f646190002206,error_code,0.0,1637,1634,
2026-06-17 09:13:13,24e124725d489523,gateway_rssi,-111.0,1637,1634,24e124fffef949f8
2026-06-17 09:13:13,24e124725d489523,battery,39.0,1637,1634,
2026-06-17 09:13:13,24e124725d489523,humidity,45.0,1637,1634,
2026-06-17 09:13:13,24e124725d489523,spreading_factor,7.0,1637,1634,
2026-06-17 09:13:13,24e124725d489523,temperature,20.7,1637,1634,
2026-06-17 09:13:13,24e124725d489523,frame_counter,7521.0,1637,1634,
2026-06-17 09:13:13,24e124725d489523,gateway_snr,0.5,1637,1634,24e124fffef949f8
2026-06-17 09:13:13,24e124725d489523,bandwidth,125000.0,1637,1634,
2026-06-17 09:13:13,24e124725d489523,payload,85.0,1637,1634,0175270367cf0004685a
2026-06-17 09:14:14,8c1f646190001bf1,water_temp_max,23.0,1637,1634,
2026-06-17 09:14:14,8c1f646190001bf1,ambient_temp,22.0,1637,1634,
2026-06-17 09:14:14,8c1f646190001bf1,battery,3600.0,1637,1634,
2026-06-17 09:14:14,8c1f646190001bf1,water_temp_min,22.5,1637,1634,
2026-06-17 09:14:14,8c1f646190001bf1,gateway_rssi,-102.0,1637,1634,24e124fffef94d5c
2026-06-17 09:14:14,8c1f646190001bf1,frame_counter,6328.0,1637,1634,
2026-06-17 09:14:14,8c1f646190001bf1,error_code,0.0,1637,1634,
2026-06-17 09:14:14,8c1f646190001bf1,total_volume,33459.0,1637,1634,
2026-06-17 09:14:14,8c1f646190001bf1,spreading_factor,7.0,1637,1634,
2026-06-17 09:14:14,8c1f646190001bf1,battery_recovered,3672.0,1637,1634,
2026-06-17 09:14:14,8c1f646190001bf1,bandwidth,125000.0,1637,1634,
2026-06-17 09:14:14,8c1f646190001bf1,gateway_snr,5.199999809265137,1637,1634,24e124fffef94d5c
2026-06-17 09:14:14,8c1f646190001bf1,payload,1.0,1637,1634,61f909030000b3820000cb8d0b0085eb0903e6010b0102e1ea555654
2026-06-17 09:14:14,8c1f646190001bf1,leak_status,2.0,1637,1634,
2026-06-17 09:14:22,8c1f646190001dd8,spreading_factor,7.0,1637,1634,
2026-06-17 09:14:22,8c1f646190001dd8,water_temp_min,22.0,1637,1634,
2026-06-17 09:14:22,8c1f646190001dd8,error_code,0.0,1637,1634,
2026-06-17 09:14:22,8c1f646190001dd8,water_temp_max,22.0,1637,1634,
2026-06-17 09:14:22,8c1f646190001dd8,battery_recovered,3664.0,1637,1634,
2026-06-17 09:14:22,8c1f646190001dd8,battery,3624.0,1637,1634,
2026-06-17 09:14:22,8c1f646190001dd8,bandwidth,125000.0,1637,1634,
2026-06-17 09:14:22,8c1f646190001dd8,ambient_temp,22.0,1637,1634,
2026-06-17 09:14:22,8c1f646190001dd8,total_volume,55983.0,1637,1634,
2026-06-17 09:14:22,8c1f646190001dd8,gateway_snr,1.0,1637,1634,24e124fffef949f8
2026-06-17 09:14:22,8c1f646190001dd8,payload,1.0,1637,1634,dbdf09030000afda000008e0110002d20903b702fb0102e4e9545454
2026-06-17 09:14:22,8c1f646190001dd8,leak_status,2.0,1637,1634,
2026-06-17 09:14:22,8c1f646190001dd8,gateway_rssi,-111.0,1637,1634,24e124fffef949f8
2026-06-17 09:14:22,8c1f646190001dd8,frame_counter,3743.0,1637,1634,
2026-06-17 09:14:31,8c1f6461900021e0,gateway_snr,7.5,1637,1634,24e124fffef949f8
2026-06-17 09:14:31,8c1f6461900021e0,gateway_rssi,-104.0,1637,1634,24e124fffef949f8
2026-06-17 09:14:31,8c1f6461900021e0,battery,3664.0,1637,1634,
2026-06-17 09:14:31,8c1f6461900021e0,water_temp_min,22.5,1637,1634,
2026-06-17 09:14:31,8c1f6461900021e0,water_temp_max,22.5,1637,1634,
2026-06-17 09:14:31,8c1f6461900021e0,payload,1.0,1637,1634,2ac0090300007f2d010000000000000000000000000000e9ed555554
2026-06-17 09:14:31,8c1f6461900021e0,frame_counter,2247.0,1637,1634,
2026-06-17 09:14:31,8c1f6461900021e0,error_code,0.0,1637,1634,
2026-06-17 09:14:31,8c1f6461900021e0,battery_recovered,3696.0,1637,1634,
2026-06-17 09:14:31,8c1f6461900021e0,leak_status,0.0,1637,1634,
2026-06-17 09:14:31,8c1f6461900021e0,spreading_factor,7.0,1637,1634,
2026-06-17 09:14:31,8c1f6461900021e0,bandwidth,125000.0,1637,1634,
2026-06-17 09:14:31,8c1f6461900021e0,total_volume,77183.0,1637,1634,
2026-06-17 09:14:31,8c1f6461900021e0,ambient_temp,22.0,1637,1634,
2026-06-17 09:15:42,8c1f646190001968,frame_counter,3627.0,1637,1634,
2026-06-17 09:15:42,8c1f646190001968,error_code,0.0,1637,1634,
2026-06-17 09:15:42,8c1f646190001968,payload,1.0,1637,1634,66d80903000051160100f729180094ca090324f11c0202e8eb575857
2026-06-17 09:15:42,8c1f646190001968,water_temp_max,24.0,1637,1634,
2026-06-17 09:15:42,8c1f646190001968,water_temp_min,23.5,1637,1634,
2026-06-17 09:15:42,8c1f646190001968,spreading_factor,7.0,1637,1634,
2026-06-17 09:15:42,8c1f646190001968,leak_status,2.0,1637,1634,
2026-06-17 09:15:42,8c1f646190001968,total_volume,71249.0,1637,1634,
2026-06-17 09:15:42,8c1f646190001968,gateway_snr,6.199999809265137,1637,1634,24e124fffef949f8
2026-06-17 09:15:42,8c1f646190001968,battery_recovered,3680.0,1637,1634,
2026-06-17 09:15:42,8c1f646190001968,gateway_rssi,-106.0,1637,1634,24e124fffef949f8
2026-06-17 09:15:42,8c1f646190001968,battery,3656.0,1637,1634,
2026-06-17 09:15:42,8c1f646190001968,ambient_temp,23.5,1637,1634,
2026-06-17 09:15:42,8c1f646190001968,bandwidth,125000.0,1637,1634,
2026-06-17 09:16:59,8c1f646190002291,ambient_temp,21.0,1637,1634,
2026-06-17 09:16:59,8c1f646190002291,battery,3584.0,1637,1634,
2026-06-17 09:16:59,8c1f646190002291,water_temp_min,21.0,1637,1634,
2026-06-17 09:16:59,8c1f646190002291,total_volume,399075.0,1637,1634,
2026-06-17 09:16:59,8c1f646190002291,bandwidth,125000.0,1637,1634,
2026-06-17 09:16:59,8c1f646190002291,water_temp_max,21.0,1637,1634,
2026-06-17 09:16:59,8c1f646190002291,gateway_rssi,-109.0,1637,1634,24e124fffef949f8
2026-06-17 09:16:59,8c1f646190002291,spreading_factor,7.0,1637,1634,
2026-06-17 09:16:59,8c1f646190002291,frame_counter,6857.0,1637,1634,
2026-06-17 09:16:59,8c1f646190002291,payload,1.0,1637,1634,e80d0a030000e316060000000000861609035a02000003dfe9525252
2026-06-17 09:16:59,8c1f646190002291,gateway_snr,2.0,1637,1634,24e124fffef949f8
2026-06-17 09:16:59,8c1f646190002291,error_code,0.0,1637,1634,
2026-06-17 09:16:59,8c1f646190002291,battery_recovered,3664.0,1637,1634,
2026-06-17 09:16:59,8c1f646190002291,leak_status,3.0,1637,1634,
2026-06-17 09:19:36,8c1f64619000160f,ambient_temp,22.5,1637,1634,
2026-06-17 09:19:36,8c1f64619000160f,water_temp_max,22.5,1637,1634,
2026-06-17 09:19:36,8c1f64619000160f,total_volume,119932.0,1637,1634,
2026-06-17 09:19:36,8c1f64619000160f,spreading_factor,7.0,1637,1634,
2026-06-17 09:19:36,8c1f64619000160f,frame_counter,3642.0,1637,1634,
2026-06-17 09:19:36,8c1f64619000160f,error_code,0.0,1637,1634,
2026-06-17 09:19:36,8c1f64619000160f,battery_recovered,3672.0,1637,1634,
2026-06-17 09:19:36,8c1f64619000160f,gateway_rssi,-109.0,1637,1634,24e124fffef949f8
2026-06-17 09:19:36,8c1f64619000160f,gateway_snr,3.0,1637,1634,24e124fffef949f8
2026-06-17 09:19:36,8c1f64619000160f,bandwidth,125000.0,1637,1634,
2026-06-17 09:19:36,8c1f64619000160f,battery,3648.0,1637,1634,
2026-06-17 09:19:36,8c1f64619000160f,payload,1.0,1637,1634,a4c80d0300007cd4010008000000000000000000000000e7ea555555
2026-06-17 09:19:36,8c1f64619000160f,leak_status,0.0,1637,1634,
2026-06-17 09:19:36,8c1f64619000160f,water_temp_min,22.5,1637,1634,
2026-06-17 09:22:02,8c1f646190001ec9,water_temp_min,21.5,1637,1634,
2026-06-17 09:22:02,8c1f646190001ec9,gateway_rssi,-103.0,1637,1634,24e124fffef94d5c
2026-06-17 09:22:02,8c1f646190001ec9,gateway_snr,5.199999809265137,1637,1634,24e124fffef94d5c
2026-06-17 09:22:02,8c1f646190001ec9,leak_status,2.0,1637,1634,
2026-06-17 09:22:02,8c1f646190001ec9,payload,1.0,1637,1634,46c009030000fc860000f75a0b0076b209039203d20202e1e9535452
2026-06-17 09:22:02,8c1f646190001ec9,spreading_factor,7.0,1637,1634,
2026-06-17 09:22:02,8c1f646190001ec9,total_volume,34556.0,1637,1634,
2026-06-17 09:22:02,8c1f646190001ec9,water_temp_max,22.0,1637,1634,
2026-06-17 09:22:02,8c1f646190001ec9,frame_counter,6560.0,1637,1634,
2026-06-17 09:22:02,8c1f646190001ec9,error_code,0.0,1637,1634,
2026-06-17 09:22:02,8c1f646190001ec9,ambient_temp,21.0,1637,1634,
2026-06-17 09:22:02,8c1f646190001ec9,bandwidth,125000.0,1637,1634,
2026-06-17 09:22:02,8c1f646190001ec9,battery,3600.0,1637,1634,
2026-06-17 09:22:02,8c1f646190001ec9,battery_recovered,3664.0,1637,1634,
2026-06-17 09:22:37,8c1f6461900015ba,water_temp_max,21.5,1637,1634,
2026-06-17 09:22:37,8c1f6461900015ba,ambient_temp,21.5,1637,1634,
2026-06-17 09:22:37,8c1f6461900015ba,bandwidth,125000.0,1637,1634,
2026-06-17 09:22:37,8c1f6461900015ba,water_temp_min,21.5,1637,1634,
2026-06-17 09:22:37,8c1f6461900015ba,gateway_snr,4.800000190734863,1637,1634,24e124fffef949f8
2026-06-17 09:22:37,8c1f6461900015ba,battery,3640.0,1637,1634,
2026-06-17 09:22:37,8c1f6461900015ba,total_volume,7057.0,1637,1634,
2026-06-17 09:22:37,8c1f6461900015ba,leak_status,2.0,1637,1634,
2026-06-17 09:22:37,8c1f6461900015ba,frame_counter,7265.0,1637,1634,
2026-06-17 09:22:37,8c1f6461900015ba,battery_recovered,3680.0,1637,1634,
2026-06-17 09:22:37,8c1f6461900015ba,gateway_rssi,-108.0,1637,1634,24e124fffef949f8
2026-06-17 09:22:37,8c1f6461900015ba,error_code,0.0,1637,1634,
2026-06-17 09:22:37,8c1f6461900015ba,spreading_factor,7.0,1637,1634,
2026-06-17 09:22:37,8c1f6461900015ba,payload,1.0,1637,1634,1ef709030000911b0000000000002ee90903c0fdff0202e6eb535353
2026-06-17 09:23:14,24e124725d489523,frame_counter,7522.0,1637,1634,
2026-06-17 09:23:14,24e124725d489523,gateway_snr,-1.2000000476837158,1637,1634,24e124fffef949f8
2026-06-17 09:23:14,24e124725d489523,temperature,20.8,1637,1634,
2026-06-17 09:23:14,24e124725d489523,battery,39.0,1637,1634,
2026-06-17 09:23:14,24e124725d489523,spreading_factor,7.0,1637,1634,
2026-06-17 09:23:14,24e124725d489523,humidity,44.5,1637,1634,
2026-06-17 09:23:14,24e124725d489523,payload,85.0,1637,1634,0175270367d000046859
2026-06-17 09:23:14,24e124725d489523,bandwidth,125000.0,1637,1634,
2026-06-17 09:23:14,24e124725d489523,gateway_rssi,-113.0,1637,1634,24e124fffef949f8
2026-06-17 09:24:31,8c1f6461900015ed,total_volume,25835.0,1637,1634,
2026-06-17 09:24:31,8c1f6461900015ed,spreading_factor,7.0,1637,1634,
2026-06-17 09:24:31,8c1f6461900015ed,water_temp_min,21.0,1637,1634,
2026-06-17 09:24:31,8c1f6461900015ed,battery_recovered,3680.0,1637,1634,
2026-06-17 09:24:31,8c1f6461900015ed,payload,1.0,1637,1634,b5eb09030000eb6400000ea40900cfdd0903fd016e0202e3eb525353
2026-06-17 09:24:31,8c1f6461900015ed,battery,3616.0,1637,1634,
2026-06-17 09:24:31,8c1f6461900015ed,water_temp_max,21.5,1637,1634,
2026-06-17 09:24:31,8c1f6461900015ed,leak_status,2.0,1637,1634,
2026-06-17 09:24:31,8c1f6461900015ed,gateway_rssi,-95.0,1637,1634,24e124fffef94d5c
2026-06-17 09:24:31,8c1f6461900015ed,error_code,0.0,1637,1634,
2026-06-17 09:24:31,8c1f6461900015ed,bandwidth,125000.0,1637,1634,
2026-06-17 09:24:31,8c1f6461900015ed,frame_counter,6147.0,1637,1634,
2026-06-17 09:24:31,8c1f6461900015ed,gateway_snr,10.800000190734863,1637,1634,24e124fffef94d5c
2026-06-17 09:24:31,8c1f6461900015ed,ambient_temp,21.5,1637,1634,
2026-06-17 09:25:08,8c1f6461900018f5,total_volume,51595.0,1637,1634,
2026-06-17 09:25:08,8c1f6461900018f5,gateway_rssi,-105.0,1637,1634,24e124fffef949f8
2026-06-17 09:25:08,8c1f6461900018f5,payload,1.0,1637,1634,3dd5090300008bc90000c5d9040043c7090328fbbb0c02e2e9545455
2026-06-17 09:25:08,8c1f6461900018f5,water_temp_min,22.0,1637,1634,
2026-06-17 09:25:08,8c1f6461900018f5,spreading_factor,7.0,1637,1634,
2026-06-17 09:25:08,8c1f6461900018f5,battery_recovered,3664.0,1637,1634,
2026-06-17 09:25:08,8c1f6461900018f5,leak_status,2.0,1637,1634,
2026-06-17 09:25:08,8c1f6461900018f5,error_code,0.0,1637,1634,
2026-06-17 09:25:08,8c1f6461900018f5,water_temp_max,22.0,1637,1634,
2026-06-17 09:25:08,8c1f6461900018f5,gateway_snr,7.5,1637,1634,24e124fffef949f8
2026-06-17 09:25:08,8c1f6461900018f5,frame_counter,7701.0,1637,1634,
2026-06-17 09:25:08,8c1f6461900018f5,bandwidth,125000.0,1637,1634,
2026-06-17 09:25:08,8c1f6461900018f5,ambient_temp,22.5,1637,1634,
2026-06-17 09:25:08,8c1f6461900018f5,battery,3608.0,1637,1634,
2026-06-17 09:26:17,8c1f6461900019c7,frame_counter,5929.0,1637,1634,
2026-06-17 09:26:17,8c1f6461900019c7,gateway_snr,5.199999809265137,1637,1634,24e124fffef94d5c
2026-06-17 09:26:17,8c1f6461900019c7,gateway_rssi,-104.0,1637,1634,24e124fffef94d5c
2026-06-17 09:26:17,8c1f6461900019c7,battery_recovered,3648.0,1637,1634,
2026-06-17 09:26:17,8c1f6461900019c7,error_code,0.0,1637,1634,
2026-06-17 09:26:17,8c1f6461900019c7,bandwidth,125000.0,1637,1634,
2026-06-17 09:26:17,8c1f6461900019c7,ambient_temp,22.5,1637,1634,
2026-06-17 09:26:17,8c1f6461900019c7,payload,1.0,1637,1634,eebe090300008b57000052480800feb00903d3fe850202e3e7555655
2026-06-17 09:26:17,8c1f6461900019c7,battery,3616.0,1637,1634,
2026-06-17 09:26:17,8c1f6461900019c7,leak_status,2.0,1637,1634,
2026-06-17 09:26:17,8c1f6461900019c7,water_temp_min,22.5,1637,1634,
2026-06-17 09:26:17,8c1f6461900019c7,water_temp_max,23.0,1637,1634,
2026-06-17 09:26:17,8c1f6461900019c7,spreading_factor,7.0,1637,1634,
2026-06-17 09:26:17,8c1f6461900019c7,total_volume,22411.0,1637,1634,
2026-06-17 09:26:50,8c1f646190001baf,gateway_rssi,-106.0,1637,1634,24e124fffef94d5c
2026-06-17 09:26:50,8c1f646190001baf,total_volume,53813.0,1637,1634,
2026-06-17 09:26:50,8c1f646190001baf,battery_recovered,3656.0,1637,1634,
2026-06-17 09:26:50,8c1f646190001baf,water_temp_min,22.0,1637,1634,
2026-06-17 09:26:50,8c1f646190001baf,water_temp_max,22.5,1637,1634,
2026-06-17 09:26:50,8c1f646190001baf,leak_status,2.0,1637,1634,
2026-06-17 09:26:50,8c1f646190001baf,payload,1.0,1637,1634,33e50903000035d200001fa9050027d70903f1f97e1202e0e8545555
2026-06-17 09:26:50,8c1f646190001baf,spreading_factor,7.0,1637,1634,
2026-06-17 09:26:50,8c1f646190001baf,gateway_snr,1.7999999523162842,1637,1634,24e124fffef94d5c
2026-06-17 09:26:50,8c1f646190001baf,battery,3592.0,1637,1634,
2026-06-17 09:26:50,8c1f646190001baf,frame_counter,6736.0,1637,1634,
2026-06-17 09:26:50,8c1f646190001baf,ambient_temp,22.5,1637,1634,
2026-06-17 09:26:50,8c1f646190001baf,error_code,0.0,1637,1634,
2026-06-17 09:26:50,8c1f646190001baf,bandwidth,125000.0,1637,1634,
2026-06-17 09:27:10,8c1f646190001790,payload,1.0,1637,1634,def70903000049230000db340300dde909037903be0202eaed535354
2026-06-17 09:27:10,8c1f646190001790,spreading_factor,7.0,1637,1634,
2026-06-17 09:27:10,8c1f646190001790,frame_counter,3639.0,1637,1634,
2026-06-17 09:27:10,8c1f646190001790,battery_recovered,3696.0,1637,1634,
2026-06-17 09:27:10,8c1f646190001790,gateway_snr,1.0,1637,1634,24e124fffef949f8
2026-06-17 09:27:10,8c1f646190001790,battery,3672.0,1637,1634,
2026-06-17 09:27:10,8c1f646190001790,bandwidth,125000.0,1637,1634,
2026-06-17 09:27:10,8c1f646190001790,water_temp_min,21.5,1637,1634,
2026-06-17 09:27:10,8c1f646190001790,water_temp_max,21.5,1637,1634,
2026-06-17 09:27:10,8c1f646190001790,ambient_temp,22.0,1637,1634,
2026-06-17 09:27:10,8c1f646190001790,total_volume,9033.0,1637,1634,
2026-06-17 09:27:10,8c1f646190001790,leak_status,2.0,1637,1634,
2026-06-17 09:27:10,8c1f646190001790,gateway_rssi,-110.0,1637,1634,24e124fffef949f8
2026-06-17 09:27:10,8c1f646190001790,error_code,0.0,1637,1634,
2026-06-17 09:27:20,8c1f6461900021a9,gateway_rssi,-107.0,1637,1634,24e124fffef949f8
2026-06-17 09:27:20,8c1f6461900021a9,water_temp_max,21.0,1637,1634,
2026-06-17 09:27:20,8c1f6461900021a9,gateway_snr,0.2000000029802322,1637,1634,24e124fffef949f8
2026-06-17 09:27:20,8c1f6461900021a9,battery,3608.0,1637,1634,
2026-06-17 09:27:20,8c1f6461900021a9,error_code,0.0,1637,1634,
2026-06-17 09:27:20,8c1f6461900021a9,total_volume,51977.0,1637,1634,
2026-06-17 09:27:20,8c1f6461900021a9,water_temp_min,20.5,1637,1634,
2026-06-17 09:27:20,8c1f6461900021a9,spreading_factor,7.0,1637,1634,
2026-06-17 09:27:20,8c1f6461900021a9,battery_recovered,3664.0,1637,1634,
2026-06-17 09:27:20,8c1f6461900021a9,leak_status,2.0,1637,1634,
2026-06-17 09:27:20,8c1f6461900021a9,payload,1.0,1637,1634,bce40903000009cb0000f8f81100b4d609035bfa020402e2e9515252
2026-06-17 09:27:20,8c1f6461900021a9,ambient_temp,21.0,1637,1634,
2026-06-17 09:27:20,8c1f6461900021a9,frame_counter,7892.0,1637,1634,
2026-06-17 09:27:20,8c1f6461900021a9,bandwidth,125000.0,1637,1634,
2026-06-17 09:28:48,8c1f646190002012,spreading_factor,7.0,1637,1634,
2026-06-17 09:28:48,8c1f646190002012,payload,1.0,1637,1634,71c3090300006f520000e1cd070078b50903dffb0e0302e7e9555554
2026-06-17 09:28:48,8c1f646190002012,gateway_snr,6.5,1637,1634,24e124fffef949f8
2026-06-17 09:28:48,8c1f646190002012,gateway_rssi,-105.0,1637,1634,24e124fffef949f8
2026-06-17 09:28:48,8c1f646190002012,ambient_temp,22.0,1637,1634,
2026-06-17 09:28:48,8c1f646190002012,battery_recovered,3664.0,1637,1634,
2026-06-17 09:28:48,8c1f646190002012,total_volume,21103.0,1637,1634,
2026-06-17 09:28:48,8c1f646190002012,water_temp_max,22.5,1637,1634,
2026-06-17 09:28:48,8c1f646190002012,battery,3648.0,1637,1634,
2026-06-17 09:28:48,8c1f646190002012,water_temp_min,22.5,1637,1634,
2026-06-17 09:28:48,8c1f646190002012,leak_status,2.0,1637,1634,
2026-06-17 09:28:48,8c1f646190002012,error_code,0.0,1637,1634,
2026-06-17 09:28:48,8c1f646190002012,bandwidth,125000.0,1637,1634,
2026-06-17 09:28:48,8c1f646190002012,frame_counter,2860.0,1637,1634,
2026-06-17 09:32:07,8c1f646190001af8,spreading_factor,7.0,1637,1634,
2026-06-17 09:32:07,8c1f646190001af8,payload,1.0,1637,1634,81c50903000071630000260000007db709037aff220202dee8565d53
2026-06-17 09:32:07,8c1f646190001af8,frame_counter,7621.0,1637,1634,
2026-06-17 09:32:07,8c1f646190001af8,error_code,0.0,1637,1634,
2026-06-17 09:32:07,8c1f646190001af8,water_temp_max,26.5,1637,1634,
2026-06-17 09:32:07,8c1f646190001af8,ambient_temp,21.5,1637,1634,
2026-06-17 09:32:07,8c1f646190001af8,total_volume,25457.0,1637,1634,
2026-06-17 09:32:07,8c1f646190001af8,battery_recovered,3656.0,1637,1634,
2026-06-17 09:32:07,8c1f646190001af8,bandwidth,125000.0,1637,1634,
2026-06-17 09:32:07,8c1f646190001af8,battery,3576.0,1637,1634,
2026-06-17 09:32:07,8c1f646190001af8,leak_status,2.0,1637,1634,
2026-06-17 09:32:07,8c1f646190001af8,water_temp_min,23.0,1637,1634,
2026-06-17 09:32:07,8c1f646190001af8,gateway_rssi,-103.0,1637,1634,24e124fffef94d5c
2026-06-17 09:32:07,8c1f646190001af8,gateway_snr,4.199999809265137,1637,1634,24e124fffef94d5c
2026-06-17 09:32:46,8c1f6461900017e3,water_temp_min,23.5,1637,1634,
2026-06-17 09:32:46,8c1f6461900017e3,water_temp_max,26.0,1637,1634,
2026-06-17 09:32:46,8c1f6461900017e3,frame_counter,3602.0,1637,1634,
2026-06-17 09:32:46,8c1f6461900017e3,gateway_snr,1.5,1637,1634,24e124fffef949f8
2026-06-17 09:32:46,8c1f6461900017e3,ambient_temp,23.5,1637,1634,
2026-06-17 09:32:46,8c1f6461900017e3,battery_recovered,3664.0,1637,1634,
2026-06-17 09:32:46,8c1f6461900017e3,battery,3640.0,1637,1634,
2026-06-17 09:32:46,8c1f6461900017e3,payload,1.0,1637,1634,6fec09030000fa0c0100e4010000c0e009033602ac1102e6e9575c57
2026-06-17 09:32:46,8c1f6461900017e3,spreading_factor,7.0,1637,1634,
2026-06-17 09:32:46,8c1f6461900017e3,total_volume,68858.0,1637,1634,
2026-06-17 09:32:46,8c1f6461900017e3,error_code,0.0,1637,1634,
2026-06-17 09:32:46,8c1f6461900017e3,gateway_rssi,-106.0,1637,1634,24e124fffef949f8
2026-06-17 09:32:46,8c1f6461900017e3,leak_status,2.0,1637,1634,
2026-06-17 09:32:46,8c1f6461900017e3,bandwidth,125000.0,1637,1634,
2026-06-17 09:33:12,24e124725d489523,gateway_snr,1.2000000476837158,1637,1634,24e124fffef949f8
2026-06-17 09:33:12,24e124725d489523,bandwidth,125000.0,1637,1634,
2026-06-17 09:33:12,24e124725d489523,spreading_factor,7.0,1637,1634,
2026-06-17 09:33:12,24e124725d489523,temperature,20.7,1637,1634,
2026-06-17 09:33:12,24e124725d489523,humidity,45.0,1637,1634,
2026-06-17 09:33:12,24e124725d489523,battery,39.0,1637,1634,
2026-06-17 09:33:12,24e124725d489523,gateway_rssi,-110.0,1637,1634,24e124fffef949f8
2026-06-17 09:33:12,24e124725d489523,payload,85.0,1637,1634,0175270367cf0004685a
2026-06-17 09:33:12,24e124725d489523,frame_counter,7523.0,1637,1634,
2026-06-17 09:33:14,8c1f6461900021c1,bandwidth,125000.0,1637,1634,
2026-06-17 09:33:14,8c1f6461900021c1,battery_recovered,3664.0,1637,1634,
2026-06-17 09:33:14,8c1f6461900021c1,error_code,0.0,1637,1634,
2026-06-17 09:33:14,8c1f6461900021c1,total_volume,115019.0,1637,1634,
2026-06-17 09:33:14,8c1f6461900021c1,battery,3592.0,1637,1634,
2026-06-17 09:33:14,8c1f6461900021c1,frame_counter,7667.0,1637,1634,
2026-06-17 09:33:14,8c1f6461900021c1,gateway_snr,0.800000011920929,1637,1634,24e124fffef94d5c
2026-06-17 09:33:14,8c1f6461900021c1,ambient_temp,20.5,1637,1634,
2026-06-17 09:33:14,8c1f6461900021c1,leak_status,0.0,1637,1634,
2026-06-17 09:33:14,8c1f6461900021c1,payload,1.0,1637,1634,f2fd090300004bc101001af30500000000000000000000e0e9505151
2026-06-17 09:33:14,8c1f6461900021c1,water_temp_min,20.0,1637,1634,
2026-06-17 09:33:14,8c1f6461900021c1,water_temp_max,20.5,1637,1634,
2026-06-17 09:33:14,8c1f6461900021c1,spreading_factor,7.0,1637,1634,
2026-06-17 09:33:14,8c1f6461900021c1,gateway_rssi,-106.0,1637,1634,24e124fffef94d5c
2026-06-17 09:34:20,8c1f6461900021e2,leak_status,2.0,1637,1634,
2026-06-17 09:34:20,8c1f6461900021e2,gateway_snr,7.199999809265137,1637,1634,24e124fffef949f8
2026-06-17 09:34:20,8c1f6461900021e2,ambient_temp,21.5,1637,1634,
2026-06-17 09:34:20,8c1f6461900021e2,total_volume,56805.0,1637,1634,
2026-06-17 09:34:20,8c1f6461900021e2,bandwidth,125000.0,1637,1634,
2026-06-17 09:34:20,8c1f6461900021e2,battery,3624.0,1637,1634,
2026-06-17 09:34:20,8c1f6461900021e2,payload,1.0,1637,1634,47fe09030000e5dd0000320000003cf00903db05280e02e4ea495153
2026-06-17 09:34:20,8c1f6461900021e2,water_temp_max,20.5,1637,1634,
2026-06-17 09:34:20,8c1f6461900021e2,water_temp_min,16.5,1637,1634,
2026-06-17 09:34:20,8c1f6461900021e2,frame_counter,3645.0,1637,1634,
2026-06-17 09:34:20,8c1f6461900021e2,spreading_factor,7.0,1637,1634,
2026-06-17 09:34:20,8c1f6461900021e2,battery_recovered,3672.0,1637,1634,
2026-06-17 09:34:20,8c1f6461900021e2,gateway_rssi,-105.0,1637,1634,24e124fffef949f8
2026-06-17 09:34:20,8c1f6461900021e2,error_code,0.0,1637,1634,
2026-06-17 09:36:30,8c1f646190001ba9,battery_recovered,3672.0,1637,1634,
2026-06-17 09:36:30,8c1f646190001ba9,ambient_temp,22.5,1637,1634,
2026-06-17 09:36:30,8c1f646190001ba9,bandwidth,125000.0,1637,1634,
2026-06-17 09:36:30,8c1f646190001ba9,battery,3608.0,1637,1634,
2026-06-17 09:36:30,8c1f646190001ba9,error_code,0.0,1637,1634,
2026-06-17 09:36:30,8c1f646190001ba9,water_temp_min,22.0,1637,1634,
2026-06-17 09:36:30,8c1f646190001ba9,frame_counter,7078.0,1637,1634,
2026-06-17 09:36:30,8c1f646190001ba9,gateway_snr,5.199999809265137,1637,1634,24e124fffef949f8
2026-06-17 09:36:30,8c1f646190001ba9,gateway_rssi,-107.0,1637,1634,24e124fffef949f8
2026-06-17 09:36:30,8c1f646190001ba9,water_temp_max,23.0,1637,1634,
2026-06-17 09:36:30,8c1f646190001ba9,total_volume,31805.0,1637,1634,
2026-06-17 09:36:30,8c1f646190001ba9,spreading_factor,7.0,1637,1634,
2026-06-17 09:36:30,8c1f646190001ba9,payload,1.0,1637,1634,c6ef090300003d7c000081460b00cae109034901570202e2ea545655
2026-06-17 09:36:30,8c1f646190001ba9,leak_status,2.0,1637,1634,
2026-06-17 09:36:51,8c1f6461900018ba,frame_counter,5756.0,1637,1634,
2026-06-17 09:36:51,8c1f6461900018ba,gateway_snr,4.800000190734863,1637,1634,24e124fffef94d5c
2026-06-17 09:36:51,8c1f6461900018ba,gateway_rssi,-103.0,1637,1634,24e124fffef94d5c
2026-06-17 09:36:51,8c1f6461900018ba,bandwidth,125000.0,1637,1634,
2026-06-17 09:36:51,8c1f6461900018ba,leak_status,2.0,1637,1634,
2026-06-17 09:36:51,8c1f6461900018ba,payload,1.0,1637,1634,a8b709030000ad1d000000000000d5a909033003be0202dfea525352
2026-06-17 09:36:51,8c1f6461900018ba,spreading_factor,7.0,1637,1634,
2026-06-17 09:36:51,8c1f6461900018ba,total_volume,7597.0,1637,1634,
2026-06-17 09:36:51,8c1f6461900018ba,error_code,0.0,1637,1634,
2026-06-17 09:36:51,8c1f6461900018ba,battery,3584.0,1637,1634,
2026-06-17 09:36:51,8c1f6461900018ba,battery_recovered,3672.0,1637,1634,
2026-06-17 09:36:51,8c1f6461900018ba,ambient_temp,21.0,1637,1634,
2026-06-17 09:36:51,8c1f6461900018ba,water_temp_max,21.5,1637,1634,
2026-06-17 09:36:51,8c1f6461900018ba,water_temp_min,21.0,1637,1634,
2026-06-17 09:37:55,8c1f646190001fcb,ambient_temp,22.0,1637,1634,
2026-06-17 09:37:55,8c1f646190001fcb,error_code,0.0,1637,1634,
2026-06-17 09:37:55,8c1f646190001fcb,spreading_factor,7.0,1637,1634,
2026-06-17 09:37:55,8c1f646190001fcb,water_temp_min,16.5,1637,1634,
2026-06-17 09:37:55,8c1f646190001fcb,gateway_snr,-0.2000000029802322,1637,1634,24e124fffef94d5c
2026-06-17 09:37:55,8c1f646190001fcb,leak_status,0.0,1637,1634,
2026-06-17 09:37:55,8c1f646190001fcb,payload,1.0,1637,1634,b1a40d030000745d000000000000000000000000000000eaed495454
2026-06-17 09:37:55,8c1f646190001fcb,battery,3672.0,1637,1634,
2026-06-17 09:37:55,8c1f646190001fcb,battery_recovered,3696.0,1637,1634,
2026-06-17 09:37:55,8c1f646190001fcb,gateway_rssi,-107.0,1637,1634,24e124fffef94d5c
2026-06-17 09:37:55,8c1f646190001fcb,frame_counter,7392.0,1637,1634,
2026-06-17 09:37:55,8c1f646190001fcb,bandwidth,125000.0,1637,1634,
2026-06-17 09:37:55,8c1f646190001fcb,total_volume,23924.0,1637,1634,
2026-06-17 09:37:55,8c1f646190001fcb,water_temp_max,22.0,1637,1634,
2026-06-17 09:38:10,8c1f646190002244,error_code,0.0,1637,1634,
2026-06-17 09:38:10,8c1f646190002244,frame_counter,6481.0,1637,1634,
2026-06-17 09:38:10,8c1f646190002244,leak_status,0.0,1637,1634,
2026-06-17 09:38:10,8c1f646190002244,payload,1.0,1637,1634,5fc10903000028b9010003000000000000000000000000e2eb555656
2026-06-17 09:38:10,8c1f646190002244,spreading_factor,7.0,1637,1634,
2026-06-17 09:38:10,8c1f646190002244,water_temp_min,22.5,1637,1634,
2026-06-17 09:38:10,8c1f646190002244,water_temp_max,23.0,1637,1634,
2026-06-17 09:38:10,8c1f646190002244,gateway_snr,4.199999809265137,1637,1634,24e124fffef94d5c
2026-06-17 09:38:10,8c1f646190002244,ambient_temp,23.0,1637,1634,
2026-06-17 09:38:10,8c1f646190002244,battery,3608.0,1637,1634,
2026-06-17 09:38:10,8c1f646190002244,bandwidth,125000.0,1637,1634,
2026-06-17 09:38:10,8c1f646190002244,gateway_rssi,-104.0,1637,1634,24e124fffef94d5c
2026-06-17 09:38:10,8c1f646190002244,total_volume,112936.0,1637,1634,
2026-06-17 09:38:10,8c1f646190002244,battery_recovered,3680.0,1637,1634,
2026-06-17 09:39:35,8c1f6461900021bd,gateway_snr,1.7999999523162842,1637,1634,24e124fffef94d5c
2026-06-17 09:39:35,8c1f6461900021bd,payload,1.0,1637,1634,eef8090300008d18010000000000000000000000000000dee8545454
2026-06-17 09:39:35,8c1f6461900021bd,battery,3576.0,1637,1634,
2026-06-17 09:39:35,8c1f6461900021bd,battery_recovered,3656.0,1637,1634,
2026-06-17 09:39:35,8c1f6461900021bd,spreading_factor,7.0,1637,1634,
2026-06-17 09:39:35,8c1f6461900021bd,water_temp_min,22.0,1637,1634,
2026-06-17 09:39:35,8c1f6461900021bd,gateway_rssi,-106.0,1637,1634,24e124fffef94d5c
2026-06-17 09:39:35,8c1f6461900021bd,water_temp_max,22.0,1637,1634,
2026-06-17 09:39:35,8c1f6461900021bd,bandwidth,125000.0,1637,1634,
2026-06-17 09:39:35,8c1f6461900021bd,error_code,0.0,1637,1634,
2026-06-17 09:39:35,8c1f6461900021bd,frame_counter,6637.0,1637,1634,
2026-06-17 09:39:35,8c1f6461900021bd,ambient_temp,22.0,1637,1634,
2026-06-17 09:39:35,8c1f6461900021bd,leak_status,0.0,1637,1634,
2026-06-17 09:39:35,8c1f6461900021bd,total_volume,71821.0,1637,1634,
2026-06-17 09:43:11,24e124725d489523,payload,85.0,1637,1634,0175270367cf00046859
2026-06-17 09:43:11,24e124725d489523,bandwidth,125000.0,1637,1634,
2026-06-17 09:43:11,24e124725d489523,gateway_snr,-1.2000000476837158,1637,1634,24e124fffef949f8
2026-06-17 09:43:11,24e124725d489523,gateway_rssi,-111.0,1637,1634,24e124fffef949f8
2026-06-17 09:43:11,24e124725d489523,frame_counter,7524.0,1637,1634,
2026-06-17 09:43:11,24e124725d489523,battery,39.0,1637,1634,
2026-06-17 09:43:11,24e124725d489523,temperature,20.7,1637,1634,
2026-06-17 09:43:11,24e124725d489523,humidity,44.5,1637,1634,
2026-06-17 09:43:11,24e124725d489523,spreading_factor,7.0,1637,1634,
2026-06-17 09:45:46,8c1f64619000227c,ambient_temp,23.0,1637,1634,
2026-06-17 09:45:46,8c1f64619000227c,battery_recovered,3664.0,1637,1634,
2026-06-17 09:45:46,8c1f64619000227c,leak_status,2.0,1637,1634,
2026-06-17 09:45:46,8c1f64619000227c,error_code,0.0,1637,1634,
2026-06-17 09:45:46,8c1f64619000227c,water_temp_min,23.0,1637,1634,
2026-06-17 09:45:46,8c1f64619000227c,total_volume,12937.0,1637,1634,
2026-06-17 09:45:46,8c1f64619000227c,spreading_factor,7.0,1637,1634,
2026-06-17 09:45:46,8c1f64619000227c,water_temp_max,23.0,1637,1634,
2026-06-17 09:45:46,8c1f64619000227c,payload,1.0,1637,1634,c0cf0903000089320000e7ad0400b9c1090343ff010102dee9565656
2026-06-17 09:45:46,8c1f64619000227c,bandwidth,125000.0,1637,1634,
2026-06-17 09:45:46,8c1f64619000227c,gateway_snr,-2.200000047683716,1637,1634,24e124fffef949f8
2026-06-17 09:45:46,8c1f64619000227c,frame_counter,7524.0,1637,1634,
2026-06-17 09:45:46,8c1f64619000227c,gateway_rssi,-113.0,1637,1634,24e124fffef949f8
2026-06-17 09:45:46,8c1f64619000227c,battery,3576.0,1637,1634,
2026-06-17 09:46:16,8c1f64619000171c,gateway_rssi,-109.0,1637,1634,24e124fffef949f8
2026-06-17 09:46:16,8c1f64619000171c,gateway_snr,4.5,1637,1634,24e124fffef949f8
2026-06-17 09:46:16,8c1f64619000171c,leak_status,2.0,1637,1634,
2026-06-17 09:46:16,8c1f64619000171c,payload,1.0,1637,1634,a9ad0d0300001946000012000000bc9f0d03be001d0202e8ea575857
2026-06-17 09:46:16,8c1f64619000171c,frame_counter,3609.0,1637,1634,
2026-06-17 09:46:16,8c1f64619000171c,water_temp_min,23.5,1637,1634,
2026-06-17 09:46:16,8c1f64619000171c,water_temp_max,24.0,1637,1634,
2026-06-17 09:46:16,8c1f64619000171c,error_code,0.0,1637,1634,
2026-06-17 09:46:16,8c1f64619000171c,battery_recovered,3672.0,1637,1634,
2026-06-17 09:46:16,8c1f64619000171c,ambient_temp,23.5,1637,1634,
2026-06-17 09:46:16,8c1f64619000171c,bandwidth,125000.0,1637,1634,
2026-06-17 09:46:16,8c1f64619000171c,battery,3656.0,1637,1634,
2026-06-17 09:46:16,8c1f64619000171c,total_volume,17945.0,1637,1634,
2026-06-17 09:46:16,8c1f64619000171c,spreading_factor,7.0,1637,1634,
2026-06-17 09:46:17,8c1f646190001c1f,leak_status,2.0,1637,1634,
2026-06-17 09:46:17,8c1f646190001c1f,water_temp_max,24.0,1637,1634,
2026-06-17 09:46:17,8c1f646190001c1f,spreading_factor,7.0,1637,1634,
2026-06-17 09:46:17,8c1f646190001c1f,ambient_temp,23.0,1637,1634,
2026-06-17 09:46:17,8c1f646190001c1f,total_volume,44073.0,1637,1634,
2026-06-17 09:46:17,8c1f646190001c1f,error_code,0.0,1637,1634,
2026-06-17 09:46:17,8c1f646190001c1f,frame_counter,1942.0,1637,1634,
2026-06-17 09:46:17,8c1f646190001c1f,payload,1.0,1637,1634,bdf20903000029ac000000000000b9e40903c7fdf31102e4ec585856
2026-06-17 09:46:17,8c1f646190001c1f,bandwidth,125000.0,1637,1634,
2026-06-17 09:46:17,8c1f646190001c1f,battery_recovered,3688.0,1637,1634,
2026-06-17 09:46:17,8c1f646190001c1f,gateway_snr,5.800000190734863,1637,1634,24e124fffef949f8
2026-06-17 09:46:17,8c1f646190001c1f,water_temp_min,24.0,1637,1634,
2026-06-17 09:46:17,8c1f646190001c1f,battery,3624.0,1637,1634,
2026-06-17 09:46:17,8c1f646190001c1f,gateway_rssi,-105.0,1637,1634,24e124fffef949f8
2026-06-17 09:49:28,8c1f646190001bea,battery,3592.0,1637,1634,
2026-06-17 09:49:28,8c1f646190001bea,error_code,0.0,1637,1634,
2026-06-17 09:49:28,8c1f646190001bea,frame_counter,7695.0,1637,1634,
2026-06-17 09:49:28,8c1f646190001bea,spreading_factor,7.0,1637,1634,
2026-06-17 09:49:28,8c1f646190001bea,battery_recovered,3656.0,1637,1634,
2026-06-17 09:49:28,8c1f646190001bea,bandwidth,125000.0,1637,1634,
2026-06-17 09:49:28,8c1f646190001bea,ambient_temp,22.5,1637,1634,
2026-06-17 09:49:28,8c1f646190001bea,gateway_rssi,-105.0,1637,1634,24e124fffef94d5c
2026-06-17 09:49:28,8c1f646190001bea,gateway_snr,3.5,1637,1634,24e124fffef94d5c
2026-06-17 09:49:28,8c1f646190001bea,water_temp_max,22.5,1637,1634,
2026-06-17 09:49:28,8c1f646190001bea,leak_status,2.0,1637,1634,
2026-06-17 09:49:28,8c1f646190001bea,water_temp_min,22.0,1637,1634,
2026-06-17 09:49:28,8c1f646190001bea,total_volume,34015.0,1637,1634,
2026-06-17 09:49:28,8c1f646190001bea,payload,1.0,1637,1634,6ee309030000df840000206c0c0083d50903d3fe0d0202e0e8545555
2026-06-17 09:51:44,8c1f646190001833,spreading_factor,7.0,1637,1634,
2026-06-17 09:51:44,8c1f646190001833,battery_recovered,3672.0,1637,1634,
2026-06-17 09:51:44,8c1f646190001833,error_code,0.0,1637,1634,
2026-06-17 09:51:44,8c1f646190001833,bandwidth,125000.0,1637,1634,
2026-06-17 09:51:44,8c1f646190001833,payload,1.0,1637,1634,adbb09030000262e000000000000b2ad09032e06450102e0ea545454
2026-06-17 09:51:44,8c1f646190001833,water_temp_max,22.0,1637,1634,
2026-06-17 09:51:44,8c1f646190001833,total_volume,11814.0,1637,1634,
2026-06-17 09:51:44,8c1f646190001833,gateway_rssi,-105.0,1637,1634,24e124fffef94d5c
2026-06-17 09:51:44,8c1f646190001833,battery,3592.0,1637,1634,
2026-06-17 09:51:44,8c1f646190001833,gateway_snr,3.5,1637,1634,24e124fffef94d5c
2026-06-17 09:51:44,8c1f646190001833,ambient_temp,22.0,1637,1634,
2026-06-17 09:51:44,8c1f646190001833,water_temp_min,22.0,1637,1634,
2026-06-17 09:51:44,8c1f646190001833,frame_counter,5854.0,1637,1634,
2026-06-17 09:51:44,8c1f646190001833,leak_status,2.0,1637,1634,
2026-06-17 09:54:32,8c1f6461900021e8,water_temp_min,25.0,1637,1634,
2026-06-17 09:54:32,8c1f6461900021e8,water_temp_max,25.5,1637,1634,
2026-06-17 09:54:32,8c1f6461900021e8,ambient_temp,23.5,1637,1634,
2026-06-17 09:54:32,8c1f6461900021e8,total_volume,46744.0,1637,1634,
2026-06-17 09:54:32,8c1f6461900021e8,gateway_snr,2.5,1637,1634,24e124fffef949f8
2026-06-17 09:54:32,8c1f6461900021e8,payload,1.0,1637,1634,52050a03000098b600007d61070062f70903a806ea0902e7ea5a5b57
2026-06-17 09:54:32,8c1f6461900021e8,battery,3648.0,1637,1634,
2026-06-17 09:54:32,8c1f6461900021e8,frame_counter,3456.0,1637,1634,
2026-06-17 09:54:32,8c1f6461900021e8,spreading_factor,7.0,1637,1634,
2026-06-17 09:54:32,8c1f6461900021e8,battery_recovered,3672.0,1637,1634,
2026-06-17 09:54:32,8c1f6461900021e8,leak_status,2.0,1637,1634,
2026-06-17 09:54:32,8c1f6461900021e8,gateway_rssi,-108.0,1637,1634,24e124fffef949f8
2026-06-17 09:54:32,8c1f6461900021e8,bandwidth,125000.0,1637,1634,
2026-06-17 09:54:32,8c1f6461900021e8,error_code,0.0,1637,1634,
2026-06-17 09:54:44,8c1f646190001ebd,leak_status,2.0,1637,1634,
2026-06-17 09:54:44,8c1f646190001ebd,gateway_snr,6.0,1637,1634,24e124fffef949f8
2026-06-17 09:54:44,8c1f646190001ebd,error_code,0.0,1637,1634,
2026-06-17 09:54:44,8c1f646190001ebd,water_temp_max,23.5,1637,1634,
2026-06-17 09:54:44,8c1f646190001ebd,battery_recovered,3696.0,1637,1634,
2026-06-17 09:54:44,8c1f646190001ebd,gateway_rssi,-106.0,1637,1634,24e124fffef949f8
2026-06-17 09:54:44,8c1f646190001ebd,spreading_factor,7.0,1637,1634,
2026-06-17 09:54:44,8c1f646190001ebd,bandwidth,125000.0,1637,1634,
2026-06-17 09:54:44,8c1f646190001ebd,ambient_temp,22.5,1637,1634,
2026-06-17 09:54:44,8c1f646190001ebd,total_volume,27358.0,1637,1634,
2026-06-17 09:54:44,8c1f646190001ebd,payload,1.0,1637,1634,31fc09030000de6a0000000000002aee090397fd3d0a02e3ed565755
2026-06-17 09:54:44,8c1f646190001ebd,frame_counter,7927.0,1637,1634,
2026-06-17 09:54:44,8c1f646190001ebd,battery,3616.0,1637,1634,
2026-06-17 09:54:44,8c1f646190001ebd,water_temp_min,23.0,1637,1634,
2026-06-17 09:55:55,8c1f6461900021c5,water_temp_min,21.5,1637,1634,
2026-06-17 09:55:55,8c1f6461900021c5,leak_status,2.0,1637,1634,
2026-06-17 09:55:55,8c1f6461900021c5,bandwidth,125000.0,1637,1634,
2026-06-17 09:55:55,8c1f6461900021c5,battery,3600.0,1637,1634,
2026-06-17 09:55:55,8c1f6461900021c5,ambient_temp,22.0,1637,1634,
2026-06-17 09:55:55,8c1f6461900021c5,water_temp_max,22.0,1637,1634,
2026-06-17 09:55:55,8c1f6461900021c5,total_volume,12238.0,1637,1634,
2026-06-17 09:55:55,8c1f6461900021c5,gateway_rssi,-107.0,1637,1634,24e124fffef949f8
2026-06-17 09:55:55,8c1f6461900021c5,frame_counter,6821.0,1637,1634,
2026-06-17 09:55:55,8c1f6461900021c5,error_code,0.0,1637,1634,
2026-06-17 09:55:55,8c1f6461900021c5,payload,1.0,1637,1634,94f109030000ce2f00000000000085e30903f7e4da0102e1e9535454
2026-06-17 09:55:55,8c1f6461900021c5,spreading_factor,7.0,1637,1634,
2026-06-17 09:55:55,8c1f6461900021c5,gateway_snr,4.0,1637,1634,24e124fffef949f8
2026-06-17 09:55:55,8c1f6461900021c5,battery_recovered,3664.0,1637,1634,
2026-06-17 09:56:42,8c1f646190001901,payload,1.0,1637,1634,52f609030000df3400000500000051e80903d601d20202dfeb535453
2026-06-17 09:56:42,8c1f646190001901,gateway_snr,3.0,1637,1634,24e124fffef94d5c
2026-06-17 09:56:42,8c1f646190001901,frame_counter,7670.0,1637,1634,
2026-06-17 09:56:42,8c1f646190001901,spreading_factor,7.0,1637,1634,
2026-06-17 09:56:42,8c1f646190001901,total_volume,13535.0,1637,1634,
2026-06-17 09:56:42,8c1f646190001901,battery_recovered,3680.0,1637,1634,
2026-06-17 09:56:42,8c1f646190001901,gateway_rssi,-105.0,1637,1634,24e124fffef94d5c
2026-06-17 09:56:42,8c1f646190001901,battery,3584.0,1637,1634,
2026-06-17 09:56:42,8c1f646190001901,error_code,0.0,1637,1634,
2026-06-17 09:56:42,8c1f646190001901,ambient_temp,21.5,1637,1634,
2026-06-17 09:56:42,8c1f646190001901,water_temp_max,22.0,1637,1634,
2026-06-17 09:56:42,8c1f646190001901,water_temp_min,21.5,1637,1634,
2026-06-17 09:56:42,8c1f646190001901,bandwidth,125000.0,1637,1634,
2026-06-17 09:56:42,8c1f646190001901,leak_status,2.0,1637,1634,
2026-06-17 09:57:54,8c1f646190001592,ambient_temp,21.0,1637,1634,
2026-06-17 09:57:54,8c1f646190001592,battery_recovered,3664.0,1637,1634,
2026-06-17 09:57:54,8c1f646190001592,error_code,0.0,1637,1634,
2026-06-17 09:57:54,8c1f646190001592,battery,3648.0,1637,1634,
2026-06-17 09:57:54,8c1f646190001592,bandwidth,125000.0,1637,1634,
2026-06-17 09:57:54,8c1f646190001592,water_temp_max,47.0,1637,1634,
2026-06-17 09:57:54,8c1f646190001592,frame_counter,3628.0,1637,1634,
2026-06-17 09:57:54,8c1f646190001592,gateway_snr,7.800000190734863,1637,1634,24e124fffef949f8
2026-06-17 09:57:54,8c1f646190001592,spreading_factor,7.0,1637,1634,
2026-06-17 09:57:54,8c1f646190001592,gateway_rssi,-104.0,1637,1634,24e124fffef949f8
2026-06-17 09:57:54,8c1f646190001592,leak_status,2.0,1637,1634,
2026-06-17 09:57:54,8c1f646190001592,total_volume,33692.0,1637,1634,
2026-06-17 09:57:54,8c1f646190001592,water_temp_min,21.0,1637,1634,
2026-06-17 09:57:54,8c1f646190001592,payload,1.0,1637,1634,9ad5090300009c83000024bc0b00b2c70903db00420402e7e9528652
2026-06-17 09:58:27,8c1f646190001c9b,spreading_factor,7.0,1637,1634,
2026-06-17 09:58:27,8c1f646190001c9b,gateway_snr,3.799999952316284,1637,1634,24e124fffef94d5c
2026-06-17 09:58:27,8c1f646190001c9b,water_temp_max,42.0,1637,1634,
2026-06-17 09:58:27,8c1f646190001c9b,water_temp_min,41.5,1637,1634,
2026-06-17 09:58:27,8c1f646190001c9b,leak_status,2.0,1637,1634,
2026-06-17 09:58:27,8c1f646190001c9b,total_volume,46750.0,1637,1634,
2026-06-17 09:58:27,8c1f646190001c9b,battery_recovered,3664.0,1637,1634,
2026-06-17 09:58:27,8c1f646190001c9b,ambient_temp,25.0,1637,1634,
2026-06-17 09:58:27,8c1f646190001c9b,gateway_rssi,-104.0,1637,1634,24e124fffef94d5c
2026-06-17 09:58:27,8c1f646190001c9b,error_code,0.0,1637,1634,
2026-06-17 09:58:27,8c1f646190001c9b,battery,3592.0,1637,1634,
2026-06-17 09:58:27,8c1f646190001c9b,bandwidth,125000.0,1637,1634,
2026-06-17 09:58:27,8c1f646190001c9b,frame_counter,7513.0,1637,1634,
2026-06-17 09:58:27,8c1f646190001c9b,payload,1.0,1637,1634,9af0090300009eb600000e940e00c4e209034b03530702e0e97b7c5a
2026-06-17 09:58:56,8c1f646190001947,error_code,0.0,1637,1634,
2026-06-17 09:58:56,8c1f646190001947,water_temp_max,23.0,1637,1634,
2026-06-17 09:58:56,8c1f646190001947,spreading_factor,7.0,1637,1634,
2026-06-17 09:58:56,8c1f646190001947,total_volume,38264.0,1637,1634,
2026-06-17 09:58:56,8c1f646190001947,gateway_snr,3.5,1637,1634,24e124fffef94d5c
2026-06-17 09:58:56,8c1f646190001947,leak_status,2.0,1637,1634,
2026-06-17 09:58:56,8c1f646190001947,water_temp_min,22.5,1637,1634,
2026-06-17 09:58:56,8c1f646190001947,gateway_rssi,-104.0,1637,1634,24e124fffef94d5c
2026-06-17 09:58:56,8c1f646190001947,frame_counter,7371.0,1637,1634,
2026-06-17 09:58:56,8c1f646190001947,payload,1.0,1637,1634,0a100a030000789500000000000038020a038003eb0a02dfe8555655
2026-06-17 09:58:56,8c1f646190001947,bandwidth,125000.0,1637,1634,
2026-06-17 09:58:56,8c1f646190001947,battery_recovered,3656.0,1637,1634,
2026-06-17 09:58:56,8c1f646190001947,battery,3584.0,1637,1634,
2026-06-17 09:58:56,8c1f646190001947,ambient_temp,22.5,1637,1634,
2026-06-17 09:59:23,8c1f64619000177c,leak_status,0.0,1637,1634,
2026-06-17 09:59:23,8c1f64619000177c,water_temp_max,21.5,1637,1634,
2026-06-17 09:59:23,8c1f64619000177c,payload,1.0,1637,1634,d5d609030000b6e1000000000000000000000000000000e3eb535354
2026-06-17 09:59:23,8c1f64619000177c,bandwidth,125000.0,1637,1634,
2026-06-17 09:59:23,8c1f64619000177c,ambient_temp,22.0,1637,1634,
2026-06-17 09:59:23,8c1f64619000177c,error_code,0.0,1637,1634,
2026-06-17 09:59:23,8c1f64619000177c,battery_recovered,3680.0,1637,1634,
2026-06-17 09:59:23,8c1f64619000177c,battery,3616.0,1637,1634,
2026-06-17 09:59:23,8c1f64619000177c,spreading_factor,7.0,1637,1634,
2026-06-17 09:59:23,8c1f64619000177c,water_temp_min,21.5,1637,1634,
2026-06-17 09:59:23,8c1f64619000177c,gateway_rssi,-99.0,1637,1634,24e124fffef949f8
2026-06-17 09:59:23,8c1f64619000177c,total_volume,57782.0,1637,1634,
2026-06-17 09:59:23,8c1f64619000177c,gateway_snr,10.0,1637,1634,24e124fffef949f8
2026-06-17 09:59:23,8c1f64619000177c,frame_counter,6452.0,1637,1634,
2026-06-17 09:59:44,8c1f646190001c1c,frame_counter,3674.0,1637,1634,
2026-06-17 09:59:44,8c1f646190001c1c,spreading_factor,7.0,1637,1634,
2026-06-17 09:59:44,8c1f646190001c1c,error_code,0.0,1637,1634,
2026-06-17 09:59:44,8c1f646190001c1c,battery,3616.0,1637,1634,
2026-06-17 09:59:44,8c1f646190001c1c,bandwidth,125000.0,1637,1634,
2026-06-17 09:59:44,8c1f646190001c1c,ambient_temp,22.5,1637,1634,
2026-06-17 09:59:44,8c1f646190001c1c,leak_status,2.0,1637,1634,
2026-06-17 09:59:44,8c1f646190001c1c,gateway_snr,2.0,1637,1634,24e124fffef949f8
2026-06-17 09:59:44,8c1f646190001c1c,gateway_rssi,-110.0,1637,1634,24e124fffef949f8
2026-06-17 09:59:44,8c1f646190001c1c,total_volume,39223.0,1637,1634,
2026-06-17 09:59:44,8c1f646190001c1c,water_temp_max,22.5,1637,1634,
2026-06-17 09:59:44,8c1f646190001c1c,water_temp_min,22.5,1637,1634,
2026-06-17 09:59:44,8c1f646190001c1c,battery_recovered,3656.0,1637,1634,
2026-06-17 09:59:44,8c1f646190001c1c,payload,1.0,1637,1634,e4cf0d030000379900004d0b0b0009c20d031c01070902e3e8555555
2026-06-17 10:01:15,8c1f6461900021db,gateway_rssi,-106.0,1637,1634,24e124fffef94d5c
2026-06-17 10:01:15,8c1f6461900021db,payload,1.0,1637,1634,12ce09030000d13a0000694f05000ac009036a01fe0002dee9515252
2026-06-17 10:01:15,8c1f6461900021db,water_temp_max,21.0,1637,1634,
2026-06-17 10:01:15,8c1f6461900021db,battery,3576.0,1637,1634,
2026-06-17 10:01:15,8c1f6461900021db,water_temp_min,20.5,1637,1634,
2026-06-17 10:01:15,8c1f6461900021db,spreading_factor,7.0,1637,1634,
2026-06-17 10:01:15,8c1f6461900021db,error_code,0.0,1637,1634,
2026-06-17 10:01:15,8c1f6461900021db,frame_counter,7763.0,1637,1634,
2026-06-17 10:01:15,8c1f6461900021db,ambient_temp,21.0,1637,1634,
2026-06-17 10:01:15,8c1f6461900021db,total_volume,15057.0,1637,1634,
2026-06-17 10:01:15,8c1f6461900021db,leak_status,2.0,1637,1634,
2026-06-17 10:01:15,8c1f6461900021db,battery_recovered,3664.0,1637,1634,
2026-06-17 10:01:15,8c1f6461900021db,gateway_snr,2.799999952316284,1637,1634,24e124fffef94d5c
2026-06-17 10:01:15,8c1f6461900021db,bandwidth,125000.0,1637,1634,
2026-06-17 10:02:51,8c1f6461900020d1,gateway_snr,6.0,1637,1634,24e124fffef949f8
2026-06-17 10:02:51,8c1f6461900020d1,leak_status,2.0,1637,1634,
2026-06-17 10:02:51,8c1f6461900020d1,water_temp_min,23.0,1637,1634,
2026-06-17 10:02:51,8c1f6461900020d1,gateway_rssi,-106.0,1637,1634,24e124fffef949f8
2026-06-17 10:02:51,8c1f6461900020d1,error_code,0.0,1637,1634,
2026-06-17 10:02:51,8c1f6461900020d1,total_volume,13636.0,1637,1634,
2026-06-17 10:02:51,8c1f6461900020d1,battery_recovered,3648.0,1637,1634,
2026-06-17 10:02:51,8c1f6461900020d1,battery,3576.0,1637,1634,
2026-06-17 10:02:51,8c1f6461900020d1,bandwidth,125000.0,1637,1634,
2026-06-17 10:02:51,8c1f6461900020d1,ambient_temp,24.0,1637,1634,
2026-06-17 10:02:51,8c1f6461900020d1,water_temp_max,23.0,1637,1634,
2026-06-17 10:02:51,8c1f6461900020d1,spreading_factor,7.0,1637,1634,
2026-06-17 10:02:51,8c1f6461900020d1,payload,1.0,1637,1634,b3d20903000044350000e6fd0400b5c409035702350102dee7565658
2026-06-17 10:02:51,8c1f6461900020d1,frame_counter,6353.0,1637,1634,
2026-06-17 10:03:11,24e124725d489523,spreading_factor,7.0,1637,1634,
2026-06-17 10:03:11,24e124725d489523,bandwidth,125000.0,1637,1634,
2026-06-17 10:03:11,24e124725d489523,payload,85.0,1637,1634,0175270367cf00046859
2026-06-17 10:03:11,24e124725d489523,battery,39.0,1637,1634,
2026-06-17 10:03:11,24e124725d489523,temperature,20.7,1637,1634,
2026-06-17 10:03:11,24e124725d489523,humidity,44.5,1637,1634,
2026-06-17 10:03:11,24e124725d489523,gateway_rssi,-112.0,1637,1634,24e124fffef949f8
2026-06-17 10:03:11,24e124725d489523,frame_counter,7526.0,1637,1634,
2026-06-17 10:03:11,24e124725d489523,gateway_snr,-1.2000000476837158,1637,1634,24e124fffef949f8
2026-06-17 10:03:37,8c1f6461900019cb,bandwidth,125000.0,1637,1634,
2026-06-17 10:03:37,8c1f6461900019cb,error_code,0.0,1637,1634,
2026-06-17 10:03:37,8c1f6461900019cb,battery,3592.0,1637,1634,
2026-06-17 10:03:37,8c1f6461900019cb,ambient_temp,20.0,1637,1634,
2026-06-17 10:03:37,8c1f6461900019cb,gateway_snr,-0.2000000029802322,1637,1634,24e124fffef94d5c
2026-06-17 10:03:37,8c1f6461900019cb,water_temp_min,20.5,1637,1634,
2026-06-17 10:03:37,8c1f6461900019cb,spreading_factor,7.0,1637,1634,
2026-06-17 10:03:37,8c1f6461900019cb,frame_counter,7821.0,1637,1634,
2026-06-17 10:03:37,8c1f6461900019cb,leak_status,2.0,1637,1634,
2026-06-17 10:03:37,8c1f6461900019cb,total_volume,10558.0,1637,1634,
2026-06-17 10:03:37,8c1f6461900019cb,water_temp_max,21.0,1637,1634,
2026-06-17 10:03:37,8c1f6461900019cb,gateway_rssi,-108.0,1637,1634,24e124fffef94d5c
2026-06-17 10:03:37,8c1f6461900019cb,payload,1.0,1637,1634,52d3090300003e2900000000000043c50903f400a60402e0ec515250
2026-06-17 10:03:37,8c1f6461900019cb,battery_recovered,3688.0,1637,1634,
2026-06-17 10:03:44,8c1f64619000170a,spreading_factor,7.0,1637,1634,
2026-06-17 10:03:44,8c1f64619000170a,bandwidth,125000.0,1637,1634,
2026-06-17 10:03:44,8c1f64619000170a,battery_recovered,3664.0,1637,1634,
2026-06-17 10:03:44,8c1f64619000170a,ambient_temp,23.5,1637,1634,
2026-06-17 10:03:44,8c1f64619000170a,water_temp_min,23.5,1637,1634,
2026-06-17 10:03:44,8c1f64619000170a,water_temp_max,23.5,1637,1634,
2026-06-17 10:03:44,8c1f64619000170a,gateway_snr,5.0,1637,1634,24e124fffef94d5c
2026-06-17 10:03:44,8c1f64619000170a,gateway_rssi,-103.0,1637,1634,24e124fffef94d5c
2026-06-17 10:03:44,8c1f64619000170a,leak_status,2.0,1637,1634,
2026-06-17 10:03:44,8c1f64619000170a,payload,1.0,1637,1634,05160a030000cb5c02007c270600630b0a03b71bc40d02e1e9575757
2026-06-17 10:03:44,8c1f64619000170a,battery,3600.0,1637,1634,
2026-06-17 10:03:44,8c1f64619000170a,frame_counter,6659.0,1637,1634,
2026-06-17 10:03:44,8c1f64619000170a,error_code,0.0,1637,1634,
2026-06-17 10:03:44,8c1f64619000170a,total_volume,154827.0,1637,1634,
2026-06-17 10:04:41,8c1f6461900021da,error_code,0.0,1637,1634,
2026-06-17 10:04:41,8c1f6461900021da,battery_recovered,3664.0,1637,1634,
2026-06-17 10:04:41,8c1f6461900021da,frame_counter,7495.0,1637,1634,
2026-06-17 10:04:41,8c1f6461900021da,bandwidth,125000.0,1637,1634,
2026-06-17 10:04:41,8c1f6461900021da,battery,3592.0,1637,1634,
2026-06-17 10:04:41,8c1f6461900021da,leak_status,2.0,1637,1634,
2026-06-17 10:04:41,8c1f6461900021da,payload,1.0,1637,1634,d5b3090300009e600000f7900800d5a509037805480302e0e9555554
2026-06-17 10:04:41,8c1f6461900021da,water_temp_min,22.5,1637,1634,
2026-06-17 10:04:41,8c1f6461900021da,water_temp_max,22.5,1637,1634,
2026-06-17 10:04:41,8c1f6461900021da,gateway_snr,5.800000190734863,1637,1634,24e124fffef94d5c
2026-06-17 10:04:41,8c1f6461900021da,gateway_rssi,-101.0,1637,1634,24e124fffef94d5c
2026-06-17 10:04:41,8c1f6461900021da,ambient_temp,22.0,1637,1634,
2026-06-17 10:04:41,8c1f6461900021da,total_volume,24734.0,1637,1634,
2026-06-17 10:04:41,8c1f6461900021da,spreading_factor,7.0,1637,1634,
2026-06-17 10:05:03,8c1f646190001963,ambient_temp,22.0,1637,1634,
2026-06-17 10:05:03,8c1f646190001963,battery_recovered,3680.0,1637,1634,
2026-06-17 10:05:03,8c1f646190001963,gateway_rssi,-95.0,1637,1634,24e124fffef94d5c
2026-06-17 10:05:03,8c1f646190001963,payload,1.0,1637,1634,1c0e0a030000c13d00000000000022000a03da02f40802e1eb545454
2026-06-17 10:05:03,8c1f646190001963,leak_status,2.0,1637,1634,
2026-06-17 10:05:03,8c1f646190001963,battery,3600.0,1637,1634,
2026-06-17 10:05:03,8c1f646190001963,bandwidth,125000.0,1637,1634,
2026-06-17 10:05:03,8c1f646190001963,water_temp_max,22.0,1637,1634,
2026-06-17 10:05:03,8c1f646190001963,error_code,0.0,1637,1634,
2026-06-17 10:05:03,8c1f646190001963,frame_counter,7740.0,1637,1634,
2026-06-17 10:05:03,8c1f646190001963,water_temp_min,22.0,1637,1634,
2026-06-17 10:05:03,8c1f646190001963,total_volume,15809.0,1637,1634,
2026-06-17 10:05:03,8c1f646190001963,spreading_factor,7.0,1637,1634,
2026-06-17 10:05:03,8c1f646190001963,gateway_snr,10.199999809265137,1637,1634,24e124fffef94d5c
2026-06-17 10:06:39,8c1f646190001e41,total_volume,42481.0,1637,1634,
2026-06-17 10:06:39,8c1f646190001e41,water_temp_min,44.0,1637,1634,
2026-06-17 10:06:39,8c1f646190001e41,ambient_temp,24.5,1637,1634,
2026-06-17 10:06:39,8c1f646190001e41,gateway_snr,4.0,1637,1634,24e124fffef949f8
2026-06-17 10:06:39,8c1f646190001e41,spreading_factor,7.0,1637,1634,
2026-06-17 10:06:39,8c1f646190001e41,leak_status,2.0,1637,1634,
2026-06-17 10:06:39,8c1f646190001e41,frame_counter,3567.0,1637,1634,
2026-06-17 10:06:39,8c1f646190001e41,payload,1.0,1637,1634,49040a030000f1a500005c110f0044f609030afde40102e8ec808159
2026-06-17 10:06:39,8c1f646190001e41,error_code,0.0,1637,1634,
2026-06-17 10:06:39,8c1f646190001e41,water_temp_max,44.5,1637,1634,
2026-06-17 10:06:39,8c1f646190001e41,battery,3656.0,1637,1634,
2026-06-17 10:06:39,8c1f646190001e41,gateway_rssi,-107.0,1637,1634,24e124fffef949f8
2026-06-17 10:06:39,8c1f646190001e41,battery_recovered,3688.0,1637,1634,
2026-06-17 10:06:39,8c1f646190001e41,bandwidth,125000.0,1637,1634,
2026-06-17 10:07:33,8c1f646190002120,gateway_rssi,-103.0,1637,1634,24e124fffef949f8
2026-06-17 10:07:33,8c1f646190002120,total_volume,42375.0,1637,1634,
2026-06-17 10:07:33,8c1f646190002120,water_temp_max,22.5,1637,1634,
2026-06-17 10:07:33,8c1f646190002120,leak_status,2.0,1637,1634,
2026-06-17 10:07:33,8c1f646190002120,payload,1.0,1637,1634,c6f00903000087a50000f5e70d00cae209039d00a40002e8eb545554
2026-06-17 10:07:33,8c1f646190002120,bandwidth,125000.0,1637,1634,
2026-06-17 10:07:33,8c1f646190002120,water_temp_min,22.0,1637,1634,
2026-06-17 10:07:33,8c1f646190002120,battery,3656.0,1637,1634,
2026-06-17 10:07:33,8c1f646190002120,error_code,0.0,1637,1634,
2026-06-17 10:07:33,8c1f646190002120,ambient_temp,22.0,1637,1634,
2026-06-17 10:07:33,8c1f646190002120,gateway_snr,8.800000190734863,1637,1634,24e124fffef949f8
2026-06-17 10:07:33,8c1f646190002120,battery_recovered,3680.0,1637,1634,
2026-06-17 10:07:33,8c1f646190002120,frame_counter,3624.0,1637,1634,
2026-06-17 10:07:33,8c1f646190002120,spreading_factor,7.0,1637,1634,
2026-06-17 10:08:05,8c1f6461900015c1,gateway_rssi,-94.0,1637,1634,24e124fffef94d5c
2026-06-17 10:08:05,8c1f6461900015c1,battery,3592.0,1637,1634,
2026-06-17 10:08:05,8c1f6461900015c1,gateway_snr,10.0,1637,1634,24e124fffef94d5c
2026-06-17 10:08:05,8c1f6461900015c1,total_volume,19025.0,1637,1634,
2026-06-17 10:08:05,8c1f6461900015c1,leak_status,2.0,1637,1634,
2026-06-17 10:08:05,8c1f6461900015c1,battery_recovered,3688.0,1637,1634,
2026-06-17 10:08:05,8c1f6461900015c1,error_code,0.0,1637,1634,
2026-06-17 10:08:05,8c1f6461900015c1,water_temp_min,14.5,1637,1634,
2026-06-17 10:08:05,8c1f6461900015c1,frame_counter,7612.0,1637,1634,
2026-06-17 10:08:05,8c1f6461900015c1,payload,1.0,1637,1634,faca09030000514a000000000000fdbc0903abff480102e0ec455a55
2026-06-17 10:08:05,8c1f6461900015c1,spreading_factor,7.0,1637,1634,
2026-06-17 10:08:05,8c1f6461900015c1,bandwidth,125000.0,1637,1634,
2026-06-17 10:08:05,8c1f6461900015c1,ambient_temp,22.5,1637,1634,
2026-06-17 10:08:05,8c1f6461900015c1,water_temp_max,25.0,1637,1634,
2026-06-17 10:09:17,8c1f646190001b0f,water_temp_max,50.5,1637,1634,
2026-06-17 10:09:17,8c1f646190001b0f,error_code,0.0,1637,1634,
2026-06-17 10:09:17,8c1f646190001b0f,payload,1.0,1637,1634,3fed09030000f789000032e40a00b4df0903ba01a10102e5e7598d55
2026-06-17 10:09:17,8c1f646190001b0f,frame_counter,6529.0,1637,1634,
2026-06-17 10:09:17,8c1f646190001b0f,water_temp_min,24.5,1637,1634,
2026-06-17 10:09:17,8c1f646190001b0f,leak_status,2.0,1637,1634,
2026-06-17 10:09:17,8c1f646190001b0f,total_volume,35319.0,1637,1634,
2026-06-17 10:09:17,8c1f646190001b0f,gateway_snr,-1.0,1637,1634,24e124fffef94d5c
2026-06-17 10:09:17,8c1f646190001b0f,battery_recovered,3648.0,1637,1634,
2026-06-17 10:09:17,8c1f646190001b0f,battery,3632.0,1637,1634,
2026-06-17 10:09:17,8c1f646190001b0f,bandwidth,125000.0,1637,1634,
2026-06-17 10:09:17,8c1f646190001b0f,spreading_factor,7.0,1637,1634,
2026-06-17 10:09:17,8c1f646190001b0f,gateway_rssi,-108.0,1637,1634,24e124fffef94d5c
2026-06-17 10:09:17,8c1f646190001b0f,ambient_temp,22.5,1637,1634,
2026-06-17 10:09:44,8c1f64619000228d,battery,3576.0,1637,1634,
2026-06-17 10:09:44,8c1f64619000228d,battery_recovered,3648.0,1637,1634,
2026-06-17 10:09:44,8c1f64619000228d,frame_counter,6432.0,1637,1634,
2026-06-17 10:09:44,8c1f64619000228d,total_volume,18073.0,1637,1634,
2026-06-17 10:09:44,8c1f64619000228d,spreading_factor,7.0,1637,1634,
2026-06-17 10:09:44,8c1f64619000228d,gateway_snr,7.0,1637,1634,24e124fffef94d5c
2026-06-17 10:09:44,8c1f64619000228d,error_code,0.0,1637,1634,
2026-06-17 10:09:44,8c1f64619000228d,bandwidth,125000.0,1637,1634,
2026-06-17 10:09:44,8c1f64619000228d,water_temp_min,22.0,1637,1634,
2026-06-17 10:09:44,8c1f64619000228d,ambient_temp,22.5,1637,1634,
2026-06-17 10:09:44,8c1f64619000228d,leak_status,2.0,1637,1634,
2026-06-17 10:09:44,8c1f64619000228d,water_temp_max,22.5,1637,1634,
2026-06-17 10:09:44,8c1f64619000228d,gateway_rssi,-100.0,1637,1634,24e124fffef94d5c
2026-06-17 10:09:44,8c1f64619000228d,payload,1.0,1637,1634,40be0903000099460000000000004fb0090388058e0902dee7545555
2026-06-17 10:09:46,8c1f6461900014f5,total_volume,22145.0,1637,1634,
2026-06-17 10:09:46,8c1f6461900014f5,battery_recovered,3664.0,1637,1634,
2026-06-17 10:09:46,8c1f6461900014f5,error_code,0.0,1637,1634,
2026-06-17 10:09:46,8c1f6461900014f5,water_temp_min,22.0,1637,1634,
2026-06-17 10:09:46,8c1f6461900014f5,payload,1.0,1637,1634,e3d30d0300008156000000000000dfc50d03b703870a02e5e9545456
2026-06-17 10:09:46,8c1f6461900014f5,water_temp_max,22.0,1637,1634,
2026-06-17 10:09:46,8c1f6461900014f5,leak_status,2.0,1637,1634,
2026-06-17 10:09:46,8c1f6461900014f5,gateway_rssi,-104.0,1637,1634,24e124fffef949f8
2026-06-17 10:09:46,8c1f6461900014f5,gateway_snr,8.800000190734863,1637,1634,24e124fffef949f8
2026-06-17 10:09:46,8c1f6461900014f5,ambient_temp,23.0,1637,1634,
2026-06-17 10:09:46,8c1f6461900014f5,battery,3632.0,1637,1634,
2026-06-17 10:09:46,8c1f6461900014f5,bandwidth,125000.0,1637,1634,
2026-06-17 10:09:46,8c1f6461900014f5,frame_counter,3581.0,1637,1634,
2026-06-17 10:09:46,8c1f6461900014f5,spreading_factor,7.0,1637,1634,
2026-06-17 10:11:39,8c1f646190001b91,spreading_factor,7.0,1637,1634,
2026-06-17 10:11:39,8c1f646190001b91,payload,1.0,1637,1634,82f10903000021b70000a2cb0e009ce309031801160302dde8545454
2026-06-17 10:11:39,8c1f646190001b91,water_temp_min,22.0,1637,1634,
2026-06-17 10:11:39,8c1f646190001b91,gateway_snr,3.799999952316284,1637,1634,24e124fffef94d5c
2026-06-17 10:11:39,8c1f646190001b91,gateway_rssi,-105.0,1637,1634,24e124fffef94d5c
2026-06-17 10:11:39,8c1f646190001b91,frame_counter,6542.0,1637,1634,
2026-06-17 10:11:39,8c1f646190001b91,ambient_temp,22.0,1637,1634,
2026-06-17 10:11:39,8c1f646190001b91,bandwidth,125000.0,1637,1634,
2026-06-17 10:11:39,8c1f646190001b91,battery,3568.0,1637,1634,
2026-06-17 10:11:39,8c1f646190001b91,leak_status,2.0,1637,1634,
2026-06-17 10:11:39,8c1f646190001b91,water_temp_max,22.0,1637,1634,
2026-06-17 10:11:39,8c1f646190001b91,total_volume,46881.0,1637,1634,
2026-06-17 10:11:39,8c1f646190001b91,error_code,0.0,1637,1634,
2026-06-17 10:11:39,8c1f646190001b91,battery_recovered,3656.0,1637,1634,
2026-06-17 10:12:14,8c1f6461900019cf,leak_status,0.0,1637,1634,
2026-06-17 10:12:14,8c1f6461900019cf,gateway_snr,8.800000190734863,1637,1634,24e124fffef949f8
2026-06-17 10:12:14,8c1f6461900019cf,ambient_temp,22.0,1637,1634,
2026-06-17 10:12:14,8c1f6461900019cf,total_volume,68359.0,1637,1634,
2026-06-17 10:12:14,8c1f6461900019cf,spreading_factor,7.0,1637,1634,
2026-06-17 10:12:14,8c1f6461900019cf,frame_counter,3557.0,1637,1634,
2026-06-17 10:12:14,8c1f6461900019cf,battery,3632.0,1637,1634,
2026-06-17 10:12:14,8c1f6461900019cf,battery_recovered,3656.0,1637,1634,
2026-06-17 10:12:14,8c1f6461900019cf,error_code,0.0,1637,1634,
2026-06-17 10:12:14,8c1f6461900019cf,bandwidth,125000.0,1637,1634,
2026-06-17 10:12:14,8c1f6461900019cf,water_temp_min,22.0,1637,1634,
2026-06-17 10:12:14,8c1f6461900019cf,water_temp_max,22.0,1637,1634,
2026-06-17 10:12:14,8c1f6461900019cf,payload,1.0,1637,1634,11fc09030000070b010000000000000000000000000000e5e8545454
2026-06-17 10:12:14,8c1f6461900019cf,gateway_rssi,-101.0,1637,1634,24e124fffef949f8
2026-06-17 10:12:38,8c1f646190002206,water_temp_max,22.5,1637,1634,
2026-06-17 10:12:38,8c1f646190002206,total_volume,201661.0,1637,1634,
2026-06-17 10:12:38,8c1f646190002206,spreading_factor,7.0,1637,1634,
2026-06-17 10:12:38,8c1f646190002206,gateway_snr,7.800000190734863,1637,1634,24e124fffef94d5c
2026-06-17 10:12:38,8c1f646190002206,payload,1.0,1637,1634,99fe09030000bd130300c74f0f00000000000000000000e1ea555555
2026-06-17 10:12:38,8c1f646190002206,leak_status,0.0,1637,1634,
2026-06-17 10:12:38,8c1f646190002206,frame_counter,7014.0,1637,1634,
2026-06-17 10:12:38,8c1f646190002206,gateway_rssi,-100.0,1637,1634,24e124fffef94d5c
2026-06-17 10:12:38,8c1f646190002206,ambient_temp,22.5,1637,1634,
2026-06-17 10:12:38,8c1f646190002206,bandwidth,125000.0,1637,1634,
2026-06-17 10:12:38,8c1f646190002206,battery,3600.0,1637,1634,
2026-06-17 10:12:38,8c1f646190002206,battery_recovered,3672.0,1637,1634,
2026-06-17 10:12:38,8c1f646190002206,error_code,0.0,1637,1634,
2026-06-17 10:12:38,8c1f646190002206,water_temp_min,22.5,1637,1634,
2026-06-17 10:13:15,24e124725d489523,battery,39.0,1637,1634,
2026-06-17 10:13:15,24e124725d489523,frame_counter,7527.0,1637,1634,
2026-06-17 10:13:15,24e124725d489523,payload,85.0,1637,1634,0175270367cf00046859
2026-06-17 10:13:15,24e124725d489523,gateway_rssi,-114.0,1637,1634,24e124fffef949f8
2026-06-17 10:13:15,24e124725d489523,gateway_snr,-4.800000190734863,1637,1634,24e124fffef949f8
2026-06-17 10:13:15,24e124725d489523,temperature,20.7,1637,1634,
2026-06-17 10:13:15,24e124725d489523,spreading_factor,7.0,1637,1634,
2026-06-17 10:13:15,24e124725d489523,bandwidth,125000.0,1637,1634,
2026-06-17 10:13:15,24e124725d489523,humidity,44.5,1637,1634,
2026-06-17 10:14:14,8c1f646190001bf1,error_code,0.0,1637,1634,
2026-06-17 10:14:14,8c1f646190001bf1,spreading_factor,7.0,1637,1634,
2026-06-17 10:14:14,8c1f646190001bf1,ambient_temp,22.0,1637,1634,
2026-06-17 10:14:14,8c1f646190001bf1,battery,3640.0,1637,1634,
2026-06-17 10:14:14,8c1f646190001bf1,battery_recovered,3672.0,1637,1634,
2026-06-17 10:14:14,8c1f646190001bf1,frame_counter,6329.0,1637,1634,
2026-06-17 10:14:14,8c1f646190001bf1,gateway_snr,5.800000190734863,1637,1634,24e124fffef94d5c
2026-06-17 10:14:14,8c1f646190001bf1,payload,1.0,1637,1634,71070a030000b3820000cb8d0b0086f90903d102de0002e6ea555554
2026-06-17 10:14:14,8c1f646190001bf1,leak_status,2.0,1637,1634,
2026-06-17 10:14:14,8c1f646190001bf1,bandwidth,125000.0,1637,1634,
2026-06-17 10:14:14,8c1f646190001bf1,gateway_rssi,-101.0,1637,1634,24e124fffef94d5c
2026-06-17 10:14:14,8c1f646190001bf1,total_volume,33459.0,1637,1634,
2026-06-17 10:14:14,8c1f646190001bf1,water_temp_max,22.5,1637,1634,
2026-06-17 10:14:14,8c1f646190001bf1,water_temp_min,22.5,1637,1634,
2026-06-17 10:14:21,8c1f646190001dd8,spreading_factor,7.0,1637,1634,
2026-06-17 10:14:21,8c1f646190001dd8,total_volume,55983.0,1637,1634,
2026-06-17 10:14:21,8c1f646190001dd8,water_temp_max,22.0,1637,1634,
2026-06-17 10:14:21,8c1f646190001dd8,water_temp_min,22.0,1637,1634,
2026-06-17 10:14:21,8c1f646190001dd8,ambient_temp,22.0,1637,1634,
2026-06-17 10:14:21,8c1f646190001dd8,bandwidth,125000.0,1637,1634,
2026-06-17 10:14:21,8c1f646190001dd8,battery,3624.0,1637,1634,
2026-06-17 10:14:21,8c1f646190001dd8,gateway_rssi,-110.0,1637,1634,24e124fffef949f8
2026-06-17 10:14:21,8c1f646190001dd8,battery_recovered,3664.0,1637,1634,
2026-06-17 10:14:21,8c1f646190001dd8,error_code,0.0,1637,1634,
2026-06-17 10:14:21,8c1f646190001dd8,frame_counter,3744.0,1637,1634,
2026-06-17 10:14:21,8c1f646190001dd8,leak_status,2.0,1637,1634,
2026-06-17 10:14:21,8c1f646190001dd8,gateway_snr,-1.0,1637,1634,24e124fffef949f8
2026-06-17 10:14:21,8c1f646190001dd8,payload,1.0,1637,1634,ebed09030000afda000008e0110003e0090355027b0202e4e9545454
2026-06-17 10:14:31,8c1f6461900021e0,gateway_snr,7.0,1637,1634,24e124fffef949f8
2026-06-17 10:14:31,8c1f6461900021e0,payload,1.0,1637,1634,3ace09030000832d010000000000000000000000000000e9ed555554
2026-06-17 10:14:31,8c1f6461900021e0,spreading_factor,7.0,1637,1634,
2026-06-17 10:14:31,8c1f6461900021e0,leak_status,0.0,1637,1634,
2026-06-17 10:14:31,8c1f6461900021e0,ambient_temp,22.0,1637,1634,
2026-06-17 10:14:31,8c1f6461900021e0,water_temp_min,22.5,1637,1634,
2026-06-17 10:14:31,8c1f6461900021e0,water_temp_max,22.5,1637,1634,
2026-06-17 10:14:31,8c1f6461900021e0,total_volume,77187.0,1637,1634,
2026-06-17 10:14:31,8c1f6461900021e0,battery,3664.0,1637,1634,
2026-06-17 10:14:31,8c1f6461900021e0,bandwidth,125000.0,1637,1634,
2026-06-17 10:14:31,8c1f6461900021e0,battery_recovered,3696.0,1637,1634,
2026-06-17 10:14:31,8c1f6461900021e0,gateway_rssi,-104.0,1637,1634,24e124fffef949f8
2026-06-17 10:14:31,8c1f6461900021e0,error_code,0.0,1637,1634,
2026-06-17 10:14:31,8c1f6461900021e0,frame_counter,2248.0,1637,1634,
2026-06-17 10:15:42,8c1f646190001968,water_temp_min,23.0,1637,1634,
2026-06-17 10:15:42,8c1f646190001968,water_temp_max,23.5,1637,1634,
2026-06-17 10:15:42,8c1f646190001968,spreading_factor,7.0,1637,1634,
2026-06-17 10:15:42,8c1f646190001968,payload,1.0,1637,1634,76e60903000051160100f729180095d809035af1370202e8eb565756
2026-06-17 10:15:42,8c1f646190001968,total_volume,71249.0,1637,1634,
2026-06-17 10:15:42,8c1f646190001968,leak_status,2.0,1637,1634,
2026-06-17 10:15:42,8c1f646190001968,gateway_snr,7.0,1637,1634,24e124fffef949f8
2026-06-17 10:15:42,8c1f646190001968,gateway_rssi,-105.0,1637,1634,24e124fffef949f8
2026-06-17 10:15:42,8c1f646190001968,frame_counter,3628.0,1637,1634,
2026-06-17 10:15:42,8c1f646190001968,error_code,0.0,1637,1634,
2026-06-17 10:15:42,8c1f646190001968,bandwidth,125000.0,1637,1634,
2026-06-17 10:15:42,8c1f646190001968,battery_recovered,3680.0,1637,1634,
2026-06-17 10:15:42,8c1f646190001968,ambient_temp,23.0,1637,1634,
2026-06-17 10:15:42,8c1f646190001968,battery,3656.0,1637,1634,
2026-06-17 10:16:59,8c1f646190002291,gateway_snr,4.199999809265137,1637,1634,24e124fffef949f8
2026-06-17 10:16:59,8c1f646190002291,ambient_temp,21.0,1637,1634,
2026-06-17 10:16:59,8c1f646190002291,spreading_factor,7.0,1637,1634,
2026-06-17 10:16:59,8c1f646190002291,frame_counter,6862.0,1637,1634,
2026-06-17 10:16:59,8c1f646190002291,gateway_rssi,-109.0,1637,1634,24e124fffef949f8
2026-06-17 10:16:59,8c1f646190002291,leak_status,3.0,1637,1634,
2026-06-17 10:16:59,8c1f646190002291,payload,1.0,1637,1634,f81b0a0300001017060000000000861609035a02000003e0e9525352
2026-06-17 10:16:59,8c1f646190002291,battery_recovered,3664.0,1637,1634,
2026-06-17 10:16:59,8c1f646190002291,battery,3592.0,1637,1634,
2026-06-17 10:16:59,8c1f646190002291,total_volume,399120.0,1637,1634,
2026-06-17 10:16:59,8c1f646190002291,error_code,0.0,1637,1634,
2026-06-17 10:16:59,8c1f646190002291,water_temp_min,21.0,1637,1634,
2026-06-17 10:16:59,8c1f646190002291,bandwidth,125000.0,1637,1634,
2026-06-17 10:16:59,8c1f646190002291,water_temp_max,21.5,1637,1634,
2026-06-17 10:19:36,8c1f64619000160f,bandwidth,125000.0,1637,1634,
2026-06-17 10:19:36,8c1f64619000160f,ambient_temp,23.0,1637,1634,
2026-06-17 10:19:36,8c1f64619000160f,battery,3648.0,1637,1634,
2026-06-17 10:19:36,8c1f64619000160f,water_temp_max,22.5,1637,1634,
2026-06-17 10:19:36,8c1f64619000160f,total_volume,119941.0,1637,1634,
2026-06-17 10:19:36,8c1f64619000160f,water_temp_min,22.5,1637,1634,
2026-06-17 10:19:36,8c1f64619000160f,gateway_rssi,-113.0,1637,1634,24e124fffef949f8
2026-06-17 10:19:36,8c1f64619000160f,gateway_snr,-0.2000000029802322,1637,1634,24e124fffef949f8
2026-06-17 10:19:36,8c1f64619000160f,leak_status,0.0,1637,1634,
2026-06-17 10:19:36,8c1f64619000160f,frame_counter,3643.0,1637,1634,
2026-06-17 10:19:36,8c1f64619000160f,error_code,0.0,1637,1634,
2026-06-17 10:19:36,8c1f64619000160f,spreading_factor,7.0,1637,1634,
2026-06-17 10:19:36,8c1f64619000160f,battery_recovered,3672.0,1637,1634,
2026-06-17 10:19:36,8c1f64619000160f,payload,1.0,1637,1634,b4d60d03000085d4010008000000000000000000000000e7ea555556
2026-06-17 10:22:37,8c1f6461900015ba,ambient_temp,21.0,1637,1634,
2026-06-17 10:22:37,8c1f6461900015ba,battery,3640.0,1637,1634,
2026-06-17 10:22:37,8c1f6461900015ba,bandwidth,125000.0,1637,1634,
2026-06-17 10:22:37,8c1f6461900015ba,battery_recovered,3680.0,1637,1634,
2026-06-17 10:22:37,8c1f6461900015ba,water_temp_min,21.5,1637,1634,
2026-06-17 10:22:37,8c1f6461900015ba,water_temp_max,21.5,1637,1634,
2026-06-17 10:22:37,8c1f6461900015ba,leak_status,2.0,1637,1634,
2026-06-17 10:22:37,8c1f6461900015ba,gateway_snr,4.5,1637,1634,24e124fffef949f8
2026-06-17 10:22:37,8c1f6461900015ba,payload,1.0,1637,1634,2e050a030000911b0000000000002ff70903b6fea40302e6eb535352
2026-06-17 10:22:37,8c1f6461900015ba,error_code,0.0,1637,1634,
2026-06-17 10:22:37,8c1f6461900015ba,gateway_rssi,-107.0,1637,1634,24e124fffef949f8
2026-06-17 10:22:37,8c1f6461900015ba,frame_counter,7266.0,1637,1634,
2026-06-17 10:22:37,8c1f6461900015ba,total_volume,7057.0,1637,1634,
2026-06-17 10:22:37,8c1f6461900015ba,spreading_factor,7.0,1637,1634,
2026-06-17 10:23:14,24e124725d489523,humidity,44.5,1637,1634,
2026-06-17 10:23:14,24e124725d489523,temperature,20.8,1637,1634,
2026-06-17 10:23:14,24e124725d489523,battery,39.0,1637,1634,
2026-06-17 10:23:14,24e124725d489523,payload,85.0,1637,1634,0175270367d000046859
2026-06-17 10:23:14,24e124725d489523,spreading_factor,7.0,1637,1634,
2026-06-17 10:23:14,24e124725d489523,bandwidth,125000.0,1637,1634,
2026-06-17 10:23:14,24e124725d489523,frame_counter,7528.0,1637,1634,
2026-06-17 10:23:14,24e124725d489523,gateway_rssi,-112.0,1637,1634,24e124fffef949f8
2026-06-17 10:23:14,24e124725d489523,gateway_snr,-4.5,1637,1634,24e124fffef949f8
2026-06-17 10:23:30,8c1f646190001743,payload,1.0,1637,1634,79fb09030000681f000000000000a6ed0903a102360202e5ec555656
2026-06-17 10:23:30,8c1f646190001743,leak_status,2.0,1637,1634,
2026-06-17 10:23:30,8c1f646190001743,gateway_snr,-3.5,1637,1634,24e124fffef949f8
2026-06-17 10:23:30,8c1f646190001743,battery,3632.0,1637,1634,
2026-06-17 10:23:30,8c1f646190001743,error_code,0.0,1637,1634,
2026-06-17 10:23:30,8c1f646190001743,battery_recovered,3688.0,1637,1634,
2026-06-17 10:23:30,8c1f646190001743,frame_counter,1988.0,1637,1634,
2026-06-17 10:23:30,8c1f646190001743,gateway_rssi,-114.0,1637,1634,24e124fffef949f8
2026-06-17 10:23:30,8c1f646190001743,bandwidth,125000.0,1637,1634,
2026-06-17 10:23:30,8c1f646190001743,ambient_temp,23.0,1637,1634,
2026-06-17 10:23:30,8c1f646190001743,spreading_factor,7.0,1637,1634,
2026-06-17 10:23:30,8c1f646190001743,water_temp_min,22.5,1637,1634,
2026-06-17 10:23:30,8c1f646190001743,total_volume,8040.0,1637,1634,
2026-06-17 10:23:30,8c1f646190001743,water_temp_max,23.0,1637,1634,
2026-06-17 10:24:31,8c1f6461900015ed,leak_status,2.0,1637,1634,
2026-06-17 10:24:31,8c1f6461900015ed,spreading_factor,7.0,1637,1634,
2026-06-17 10:24:31,8c1f6461900015ed,payload,1.0,1637,1634,c5f909030000eb6400000ea40900d0eb0903da014d0202e3eb535353
2026-06-17 10:24:31,8c1f6461900015ed,ambient_temp,21.5,1637,1634,
2026-06-17 10:24:31,8c1f6461900015ed,frame_counter,6148.0,1637,1634,
2026-06-17 10:24:31,8c1f6461900015ed,error_code,0.0,1637,1634,
2026-06-17 10:24:31,8c1f6461900015ed,gateway_rssi,-95.0,1637,1634,24e124fffef94d5c
2026-06-17 10:24:31,8c1f6461900015ed,battery_recovered,3680.0,1637,1634,
2026-06-17 10:24:31,8c1f6461900015ed,battery,3616.0,1637,1634,
2026-06-17 10:24:31,8c1f6461900015ed,bandwidth,125000.0,1637,1634,
2026-06-17 10:24:31,8c1f6461900015ed,gateway_snr,10.800000190734863,1637,1634,24e124fffef94d5c
2026-06-17 10:24:31,8c1f6461900015ed,total_volume,25835.0,1637,1634,
2026-06-17 10:24:31,8c1f6461900015ed,water_temp_max,21.5,1637,1634,
2026-06-17 10:24:31,8c1f6461900015ed,water_temp_min,21.5,1637,1634,
2026-06-17 10:25:08,8c1f6461900018f5,total_volume,51596.0,1637,1634,
2026-06-17 10:25:08,8c1f6461900018f5,leak_status,2.0,1637,1634,
2026-06-17 10:25:08,8c1f6461900018f5,water_temp_max,22.0,1637,1634,
2026-06-17 10:25:08,8c1f6461900018f5,spreading_factor,7.0,1637,1634,
2026-06-17 10:25:08,8c1f6461900018f5,payload,1.0,1637,1634,4de3090300008cc90000c5d9040044d5090327fded0d02e1e9545455
2026-06-17 10:25:08,8c1f6461900018f5,gateway_rssi,-104.0,1637,1634,24e124fffef949f8
2026-06-17 10:25:08,8c1f6461900018f5,frame_counter,7702.0,1637,1634,
2026-06-17 10:25:08,8c1f6461900018f5,gateway_snr,7.800000190734863,1637,1634,24e124fffef949f8
2026-06-17 10:25:08,8c1f6461900018f5,error_code,0.0,1637,1634,
2026-06-17 10:25:08,8c1f6461900018f5,battery_recovered,3664.0,1637,1634,
2026-06-17 10:25:08,8c1f6461900018f5,battery,3600.0,1637,1634,
2026-06-17 10:25:08,8c1f6461900018f5,bandwidth,125000.0,1637,1634,
2026-06-17 10:25:08,8c1f6461900018f5,ambient_temp,22.5,1637,1634,
2026-06-17 10:25:08,8c1f6461900018f5,water_temp_min,22.0,1637,1634,
2026-06-17 10:26:17,8c1f6461900019c7,water_temp_max,23.0,1637,1634,
2026-06-17 10:26:17,8c1f6461900019c7,ambient_temp,22.5,1637,1634,
2026-06-17 10:26:17,8c1f6461900019c7,error_code,0.0,1637,1634,
2026-06-17 10:26:17,8c1f6461900019c7,battery_recovered,3648.0,1637,1634,
2026-06-17 10:26:17,8c1f6461900019c7,battery,3568.0,1637,1634,
2026-06-17 10:26:17,8c1f6461900019c7,bandwidth,125000.0,1637,1634,
2026-06-17 10:26:17,8c1f6461900019c7,gateway_snr,2.5,1637,1634,24e124fffef94d5c
2026-06-17 10:26:17,8c1f6461900019c7,gateway_rssi,-105.0,1637,1634,24e124fffef94d5c
2026-06-17 10:26:17,8c1f6461900019c7,leak_status,2.0,1637,1634,
2026-06-17 10:26:17,8c1f6461900019c7,frame_counter,5930.0,1637,1634,
2026-06-17 10:26:17,8c1f6461900019c7,payload,1.0,1637,1634,fecc090300008b57000052480800ffbe090358fda80202dde7555655
2026-06-17 10:26:17,8c1f6461900019c7,spreading_factor,7.0,1637,1634,
2026-06-17 10:26:17,8c1f6461900019c7,total_volume,22411.0,1637,1634,
2026-06-17 10:26:17,8c1f6461900019c7,water_temp_min,22.5,1637,1634,
2026-06-17 10:26:49,8c1f646190001baf,leak_status,2.0,1637,1634,
2026-06-17 10:26:49,8c1f646190001baf,bandwidth,125000.0,1637,1634,
2026-06-17 10:26:49,8c1f646190001baf,gateway_rssi,-106.0,1637,1634,24e124fffef94d5c
2026-06-17 10:26:49,8c1f646190001baf,frame_counter,6737.0,1637,1634,
2026-06-17 10:26:49,8c1f646190001baf,error_code,0.0,1637,1634,
2026-06-17 10:26:49,8c1f646190001baf,battery_recovered,3656.0,1637,1634,
2026-06-17 10:26:49,8c1f646190001baf,battery,3592.0,1637,1634,
2026-06-17 10:26:49,8c1f646190001baf,payload,1.0,1637,1634,43f30903000038d200001fa9050068e509034400921402e0e8545555
2026-06-17 10:26:49,8c1f646190001baf,gateway_snr,2.200000047683716,1637,1634,24e124fffef94d5c
2026-06-17 10:26:49,8c1f646190001baf,water_temp_min,22.0,1637,1634,
2026-06-17 10:26:49,8c1f646190001baf,spreading_factor,7.0,1637,1634,
2026-06-17 10:26:49,8c1f646190001baf,water_temp_max,22.5,1637,1634,
2026-06-17 10:26:49,8c1f646190001baf,total_volume,53816.0,1637,1634,
2026-06-17 10:26:49,8c1f646190001baf,ambient_temp,22.5,1637,1634,
2026-06-17 10:27:10,8c1f646190001790,payload,1.0,1637,1634,ee050a03000049230000db3403001ef809034a02310202eaed535354
2026-06-17 10:27:10,8c1f646190001790,leak_status,2.0,1637,1634,
2026-06-17 10:27:10,8c1f646190001790,ambient_temp,22.0,1637,1634,
2026-06-17 10:27:10,8c1f646190001790,gateway_snr,2.799999952316284,1637,1634,24e124fffef949f8
2026-06-17 10:27:10,8c1f646190001790,gateway_rssi,-110.0,1637,1634,24e124fffef949f8
2026-06-17 10:27:10,8c1f646190001790,frame_counter,3640.0,1637,1634,
2026-06-17 10:27:10,8c1f646190001790,error_code,0.0,1637,1634,
2026-06-17 10:27:10,8c1f646190001790,battery_recovered,3696.0,1637,1634,
2026-06-17 10:27:10,8c1f646190001790,spreading_factor,7.0,1637,1634,
2026-06-17 10:27:10,8c1f646190001790,water_temp_max,21.5,1637,1634,
2026-06-17 10:27:10,8c1f646190001790,battery,3672.0,1637,1634,
2026-06-17 10:27:10,8c1f646190001790,total_volume,9033.0,1637,1634,
2026-06-17 10:27:10,8c1f646190001790,water_temp_min,21.5,1637,1634,
2026-06-17 10:27:10,8c1f646190001790,bandwidth,125000.0,1637,1634,
2026-06-17 10:27:20,8c1f6461900021a9,ambient_temp,21.0,1637,1634,
2026-06-17 10:27:20,8c1f6461900021a9,total_volume,51977.0,1637,1634,
2026-06-17 10:27:20,8c1f6461900021a9,spreading_factor,7.0,1637,1634,
2026-06-17 10:27:20,8c1f6461900021a9,water_temp_max,21.0,1637,1634,
2026-06-17 10:27:20,8c1f6461900021a9,bandwidth,125000.0,1637,1634,
2026-06-17 10:27:20,8c1f6461900021a9,water_temp_min,20.5,1637,1634,
2026-06-17 10:27:20,8c1f6461900021a9,battery_recovered,3664.0,1637,1634,
2026-06-17 10:27:20,8c1f6461900021a9,battery,3608.0,1637,1634,
2026-06-17 10:27:20,8c1f6461900021a9,error_code,0.0,1637,1634,
2026-06-17 10:27:20,8c1f6461900021a9,leak_status,2.0,1637,1634,
2026-06-17 10:27:20,8c1f6461900021a9,gateway_snr,3.0,1637,1634,24e124fffef949f8
2026-06-17 10:27:20,8c1f6461900021a9,gateway_rssi,-108.0,1637,1634,24e124fffef949f8
2026-06-17 10:27:20,8c1f6461900021a9,payload,1.0,1637,1634,ccf20903000009cb0000f8f81100f5e409031afe940402e2e9515252
2026-06-17 10:27:20,8c1f6461900021a9,frame_counter,7893.0,1637,1634,
2026-06-17 10:28:48,8c1f646190002012,ambient_temp,22.5,1637,1634,
2026-06-17 10:28:48,8c1f646190002012,bandwidth,125000.0,1637,1634,
2026-06-17 10:28:48,8c1f646190002012,battery,3648.0,1637,1634,
2026-06-17 10:28:48,8c1f646190002012,gateway_snr,7.199999809265137,1637,1634,24e124fffef949f8
2026-06-17 10:28:48,8c1f646190002012,spreading_factor,7.0,1637,1634,
2026-06-17 10:28:48,8c1f646190002012,water_temp_min,22.5,1637,1634,
2026-06-17 10:28:48,8c1f646190002012,gateway_rssi,-105.0,1637,1634,24e124fffef949f8
2026-06-17 10:28:48,8c1f646190002012,payload,1.0,1637,1634,81d1090300006f520000e1cd070079c309034cfbf60202e7e9555555
2026-06-17 10:28:48,8c1f646190002012,water_temp_max,22.5,1637,1634,
2026-06-17 10:28:48,8c1f646190002012,total_volume,21103.0,1637,1634,
2026-06-17 10:28:48,8c1f646190002012,leak_status,2.0,1637,1634,
2026-06-17 10:28:48,8c1f646190002012,frame_counter,2861.0,1637,1634,
2026-06-17 10:28:48,8c1f646190002012,error_code,0.0,1637,1634,
2026-06-17 10:28:48,8c1f646190002012,battery_recovered,3664.0,1637,1634,
2026-06-17 10:32:07,8c1f646190001af8,bandwidth,125000.0,1637,1634,
2026-06-17 10:32:07,8c1f646190001af8,ambient_temp,21.5,1637,1634,
2026-06-17 10:32:07,8c1f646190001af8,battery,3584.0,1637,1634,
2026-06-17 10:32:07,8c1f646190001af8,water_temp_max,23.5,1637,1634,
2026-06-17 10:32:07,8c1f646190001af8,total_volume,25457.0,1637,1634,
2026-06-17 10:32:07,8c1f646190001af8,water_temp_min,22.5,1637,1634,
2026-06-17 10:32:07,8c1f646190001af8,gateway_rssi,-104.0,1637,1634,24e124fffef94d5c
2026-06-17 10:32:07,8c1f646190001af8,gateway_snr,4.199999809265137,1637,1634,24e124fffef94d5c
2026-06-17 10:32:07,8c1f646190001af8,leak_status,2.0,1637,1634,
2026-06-17 10:32:07,8c1f646190001af8,payload,1.0,1637,1634,91d3090300007163000026000000a4c509032f00420202dfe8555753
2026-06-17 10:32:07,8c1f646190001af8,spreading_factor,7.0,1637,1634,
2026-06-17 10:32:07,8c1f646190001af8,error_code,0.0,1637,1634,
2026-06-17 10:32:07,8c1f646190001af8,frame_counter,7622.0,1637,1634,
2026-06-17 10:32:07,8c1f646190001af8,battery_recovered,3656.0,1637,1634,
2026-06-17 10:32:45,8c1f6461900017e3,leak_status,2.0,1637,1634,
2026-06-17 10:32:45,8c1f6461900017e3,gateway_snr,2.0,1637,1634,24e124fffef949f8
2026-06-17 10:32:45,8c1f6461900017e3,gateway_rssi,-109.0,1637,1634,24e124fffef949f8
2026-06-17 10:32:45,8c1f6461900017e3,water_temp_min,20.0,1637,1634,
2026-06-17 10:32:45,8c1f6461900017e3,payload,1.0,1637,1634,7ffa09030000ff0c0100e401000081ec090352fc421102e6e9506158
2026-06-17 10:32:45,8c1f6461900017e3,spreading_factor,7.0,1637,1634,
2026-06-17 10:32:45,8c1f6461900017e3,error_code,0.0,1637,1634,
2026-06-17 10:32:45,8c1f6461900017e3,frame_counter,3603.0,1637,1634,
2026-06-17 10:32:45,8c1f6461900017e3,total_volume,68863.0,1637,1634,
2026-06-17 10:32:45,8c1f6461900017e3,water_temp_max,28.5,1637,1634,
2026-06-17 10:32:45,8c1f6461900017e3,battery_recovered,3664.0,1637,1634,
2026-06-17 10:32:45,8c1f6461900017e3,battery,3640.0,1637,1634,
2026-06-17 10:32:45,8c1f6461900017e3,bandwidth,125000.0,1637,1634,
2026-06-17 10:32:45,8c1f6461900017e3,ambient_temp,24.0,1637,1634,
2026-06-17 10:33:13,8c1f6461900021c1,ambient_temp,20.0,1637,1634,
2026-06-17 10:33:13,8c1f6461900021c1,total_volume,115030.0,1637,1634,
2026-06-17 10:33:13,8c1f6461900021c1,water_temp_min,20.5,1637,1634,
2026-06-17 10:33:13,8c1f6461900021c1,spreading_factor,7.0,1637,1634,
2026-06-17 10:33:13,8c1f6461900021c1,battery_recovered,3664.0,1637,1634,
2026-06-17 10:33:13,8c1f6461900021c1,water_temp_max,20.5,1637,1634,
2026-06-17 10:33:13,8c1f6461900021c1,gateway_snr,-1.5,1637,1634,24e124fffef94d5c
2026-06-17 10:33:13,8c1f6461900021c1,frame_counter,7668.0,1637,1634,
2026-06-17 10:33:13,8c1f6461900021c1,payload,1.0,1637,1634,020c0a03000056c101001af30500000000000000000000e0e9515150
2026-06-17 10:33:13,8c1f6461900021c1,leak_status,0.0,1637,1634,
2026-06-17 10:33:13,8c1f6461900021c1,gateway_rssi,-109.0,1637,1634,24e124fffef94d5c
2026-06-17 10:33:13,8c1f6461900021c1,bandwidth,125000.0,1637,1634,
2026-06-17 10:33:13,8c1f6461900021c1,battery,3592.0,1637,1634,
2026-06-17 10:33:13,8c1f6461900021c1,error_code,0.0,1637,1634,
2026-06-17 10:33:15,24e124725d489523,spreading_factor,7.0,1637,1634,
2026-06-17 10:33:15,24e124725d489523,frame_counter,7529.0,1637,1634,
2026-06-17 10:33:15,24e124725d489523,gateway_rssi,-114.0,1637,1634,24e124fffef949f8
2026-06-17 10:33:15,24e124725d489523,gateway_snr,-3.200000047683716,1637,1634,24e124fffef949f8
2026-06-17 10:33:15,24e124725d489523,payload,85.0,1637,1634,0175270367cf00046859
2026-06-17 10:33:15,24e124725d489523,humidity,44.5,1637,1634,
2026-06-17 10:33:15,24e124725d489523,battery,39.0,1637,1634,
2026-06-17 10:33:15,24e124725d489523,bandwidth,125000.0,1637,1634,
2026-06-17 10:33:15,24e124725d489523,temperature,20.7,1637,1634,
2026-06-17 10:34:20,8c1f6461900021e2,bandwidth,125000.0,1637,1634,
2026-06-17 10:34:20,8c1f6461900021e2,error_code,0.0,1637,1634,
2026-06-17 10:34:20,8c1f6461900021e2,battery,3624.0,1637,1634,
2026-06-17 10:34:20,8c1f6461900021e2,gateway_rssi,-105.0,1637,1634,24e124fffef949f8
2026-06-17 10:34:20,8c1f6461900021e2,ambient_temp,24.0,1637,1634,
2026-06-17 10:34:20,8c1f6461900021e2,water_temp_min,16.0,1637,1634,
2026-06-17 10:34:20,8c1f6461900021e2,water_temp_max,23.0,1637,1634,
2026-06-17 10:34:20,8c1f6461900021e2,payload,1.0,1637,1634,570c0a030000f3dd0000320000007dfe090350057f0f02e4ea485658
2026-06-17 10:34:20,8c1f6461900021e2,frame_counter,3646.0,1637,1634,
2026-06-17 10:34:20,8c1f6461900021e2,battery_recovered,3672.0,1637,1634,
2026-06-17 10:34:20,8c1f6461900021e2,total_volume,56819.0,1637,1634,
2026-06-17 10:34:20,8c1f6461900021e2,leak_status,2.0,1637,1634,
2026-06-17 10:34:20,8c1f6461900021e2,spreading_factor,7.0,1637,1634,
2026-06-17 10:34:20,8c1f6461900021e2,gateway_snr,7.199999809265137,1637,1634,24e124fffef949f8
2026-06-17 10:35:27,8c1f6461900020a5,frame_counter,7610.0,1637,1634,
2026-06-17 10:35:27,8c1f6461900020a5,bandwidth,125000.0,1637,1634,
2026-06-17 10:35:27,8c1f6461900020a5,battery_recovered,3656.0,1637,1634,
2026-06-17 10:35:27,8c1f6461900020a5,battery,3624.0,1637,1634,
2026-06-17 10:35:27,8c1f6461900020a5,error_code,0.0,1637,1634,
2026-06-17 10:35:27,8c1f6461900020a5,payload,1.0,1637,1634,44160a030000253c0000000000005a080a0395fee70402e4e8535456
2026-06-17 10:35:27,8c1f6461900020a5,spreading_factor,7.0,1637,1634,
2026-06-17 10:35:27,8c1f6461900020a5,ambient_temp,23.0,1637,1634,
2026-06-17 10:35:27,8c1f6461900020a5,water_temp_max,22.0,1637,1634,
2026-06-17 10:35:27,8c1f6461900020a5,total_volume,15397.0,1637,1634,
2026-06-17 10:35:27,8c1f6461900020a5,gateway_snr,5.199999809265137,1637,1634,24e124fffef94d5c
2026-06-17 10:35:27,8c1f6461900020a5,leak_status,2.0,1637,1634,
2026-06-17 10:35:27,8c1f6461900020a5,gateway_rssi,-100.0,1637,1634,24e124fffef94d5c
2026-06-17 10:35:27,8c1f6461900020a5,water_temp_min,21.5,1637,1634,
2026-06-17 10:36:30,8c1f646190001ba9,total_volume,31805.0,1637,1634,
2026-06-17 10:36:30,8c1f646190001ba9,water_temp_min,22.0,1637,1634,
2026-06-17 10:36:30,8c1f646190001ba9,frame_counter,7079.0,1637,1634,
2026-06-17 10:36:30,8c1f646190001ba9,battery,3600.0,1637,1634,
2026-06-17 10:36:30,8c1f646190001ba9,spreading_factor,7.0,1637,1634,
2026-06-17 10:36:30,8c1f646190001ba9,payload,1.0,1637,1634,d6fd090300003d7c000081460b00cbef09036601530202e1ea545455
2026-06-17 10:36:30,8c1f646190001ba9,water_temp_max,22.0,1637,1634,
2026-06-17 10:36:30,8c1f646190001ba9,battery_recovered,3672.0,1637,1634,
2026-06-17 10:36:30,8c1f646190001ba9,leak_status,2.0,1637,1634,
2026-06-17 10:36:30,8c1f646190001ba9,gateway_snr,5.5,1637,1634,24e124fffef949f8
2026-06-17 10:36:30,8c1f646190001ba9,ambient_temp,22.5,1637,1634,
2026-06-17 10:36:30,8c1f646190001ba9,bandwidth,125000.0,1637,1634,
2026-06-17 10:36:30,8c1f646190001ba9,gateway_rssi,-107.0,1637,1634,24e124fffef949f8
2026-06-17 10:36:30,8c1f646190001ba9,error_code,0.0,1637,1634,
2026-06-17 10:36:51,8c1f6461900018ba,water_temp_min,21.5,1637,1634,
2026-06-17 10:36:51,8c1f6461900018ba,water_temp_max,21.5,1637,1634,
2026-06-17 10:36:51,8c1f6461900018ba,total_volume,7597.0,1637,1634,
2026-06-17 10:36:51,8c1f6461900018ba,leak_status,2.0,1637,1634,
2026-06-17 10:36:51,8c1f6461900018ba,spreading_factor,7.0,1637,1634,
2026-06-17 10:36:51,8c1f6461900018ba,battery,3584.0,1637,1634,
2026-06-17 10:36:51,8c1f6461900018ba,battery_recovered,3672.0,1637,1634,
2026-06-17 10:36:51,8c1f6461900018ba,error_code,0.0,1637,1634,
2026-06-17 10:36:51,8c1f6461900018ba,ambient_temp,21.0,1637,1634,
2026-06-17 10:36:51,8c1f6461900018ba,bandwidth,125000.0,1637,1634,
2026-06-17 10:36:51,8c1f6461900018ba,payload,1.0,1637,1634,b8c509030000ad1d000000000000d6b70903a1028c0202dfea535352
2026-06-17 10:36:51,8c1f6461900018ba,frame_counter,5757.0,1637,1634,
2026-06-17 10:36:51,8c1f6461900018ba,gateway_rssi,-104.0,1637,1634,24e124fffef94d5c
2026-06-17 10:36:51,8c1f6461900018ba,gateway_snr,4.5,1637,1634,24e124fffef94d5c
2026-06-17 10:37:55,8c1f646190001fcb,water_temp_max,23.5,1637,1634,
2026-06-17 10:37:55,8c1f646190001fcb,error_code,0.0,1637,1634,
2026-06-17 10:37:55,8c1f646190001fcb,frame_counter,7393.0,1637,1634,
2026-06-17 10:37:55,8c1f646190001fcb,total_volume,23930.0,1637,1634,
2026-06-17 10:37:55,8c1f646190001fcb,gateway_snr,-0.2000000029802322,1637,1634,24e124fffef94d5c
2026-06-17 10:37:55,8c1f646190001fcb,leak_status,0.0,1637,1634,
2026-06-17 10:37:55,8c1f646190001fcb,battery,3632.0,1637,1634,
2026-06-17 10:37:55,8c1f646190001fcb,gateway_rssi,-108.0,1637,1634,24e124fffef94d5c
2026-06-17 10:37:55,8c1f646190001fcb,bandwidth,125000.0,1637,1634,
2026-06-17 10:37:55,8c1f646190001fcb,water_temp_min,15.5,1637,1634,
2026-06-17 10:37:55,8c1f646190001fcb,spreading_factor,7.0,1637,1634,
2026-06-17 10:37:55,8c1f646190001fcb,payload,1.0,1637,1634,c1b20d0300007a5d000000000000000000000000000000e5ed475756
2026-06-17 10:37:55,8c1f646190001fcb,battery_recovered,3696.0,1637,1634,
2026-06-17 10:37:55,8c1f646190001fcb,ambient_temp,23.0,1637,1634,
2026-06-17 10:38:10,8c1f646190002244,spreading_factor,7.0,1637,1634,
2026-06-17 10:38:10,8c1f646190002244,bandwidth,125000.0,1637,1634,
2026-06-17 10:38:10,8c1f646190002244,battery,3608.0,1637,1634,
2026-06-17 10:38:10,8c1f646190002244,battery_recovered,3680.0,1637,1634,
2026-06-17 10:38:10,8c1f646190002244,gateway_snr,4.0,1637,1634,24e124fffef94d5c
2026-06-17 10:38:10,8c1f646190002244,error_code,0.0,1637,1634,
2026-06-17 10:38:10,8c1f646190002244,frame_counter,6482.0,1637,1634,
2026-06-17 10:38:10,8c1f646190002244,gateway_rssi,-105.0,1637,1634,24e124fffef94d5c
2026-06-17 10:38:10,8c1f646190002244,water_temp_min,23.0,1637,1634,
2026-06-17 10:38:10,8c1f646190002244,payload,1.0,1637,1634,6fcf090300002fb9010003000000000000000000000000e2eb565656
2026-06-17 10:38:10,8c1f646190002244,leak_status,0.0,1637,1634,
2026-06-17 10:38:10,8c1f646190002244,total_volume,112943.0,1637,1634,
2026-06-17 10:38:10,8c1f646190002244,water_temp_max,23.0,1637,1634,
2026-06-17 10:38:10,8c1f646190002244,ambient_temp,23.0,1637,1634,
2026-06-17 10:39:35,8c1f6461900021bd,total_volume,71828.0,1637,1634,
2026-06-17 10:39:35,8c1f6461900021bd,spreading_factor,7.0,1637,1634,
2026-06-17 10:39:35,8c1f6461900021bd,payload,1.0,1637,1634,fe060a0300009418010000000000000000000000000000dee8545555
2026-06-17 10:39:35,8c1f6461900021bd,leak_status,0.0,1637,1634,
2026-06-17 10:39:35,8c1f6461900021bd,error_code,0.0,1637,1634,
2026-06-17 10:39:35,8c1f6461900021bd,frame_counter,6638.0,1637,1634,
2026-06-17 10:39:35,8c1f6461900021bd,gateway_rssi,-106.0,1637,1634,24e124fffef94d5c
2026-06-17 10:39:35,8c1f6461900021bd,gateway_snr,1.5,1637,1634,24e124fffef94d5c
2026-06-17 10:39:35,8c1f6461900021bd,water_temp_max,22.5,1637,1634,
2026-06-17 10:39:35,8c1f6461900021bd,water_temp_min,22.0,1637,1634,
2026-06-17 10:39:35,8c1f6461900021bd,bandwidth,125000.0,1637,1634,
2026-06-17 10:39:35,8c1f6461900021bd,ambient_temp,22.5,1637,1634,
2026-06-17 10:39:35,8c1f6461900021bd,battery,3576.0,1637,1634,
2026-06-17 10:39:35,8c1f6461900021bd,battery_recovered,3656.0,1637,1634,
2026-06-17 10:43:15,24e124725d489523,humidity,44.0,1637,1634,
2026-06-17 10:43:15,24e124725d489523,frame_counter,7530.0,1637,1634,
2026-06-17 10:43:15,24e124725d489523,payload,85.0,1637,1634,0175270367d000046858
2026-06-17 10:43:15,24e124725d489523,battery,39.0,1637,1634,
2026-06-17 10:43:15,24e124725d489523,temperature,20.8,1637,1634,
2026-06-17 10:43:15,24e124725d489523,gateway_rssi,-111.0,1637,1634,24e124fffef949f8
2026-06-17 10:43:15,24e124725d489523,gateway_snr,-1.0,1637,1634,24e124fffef949f8
2026-06-17 10:43:15,24e124725d489523,spreading_factor,7.0,1637,1634,
2026-06-17 10:43:15,24e124725d489523,bandwidth,125000.0,1637,1634,
2026-06-17 10:45:46,8c1f64619000227c,gateway_rssi,-112.0,1637,1634,24e124fffef949f8
2026-06-17 10:45:46,8c1f64619000227c,gateway_snr,-4.0,1637,1634,24e124fffef949f8
2026-06-17 10:45:46,8c1f64619000227c,water_temp_min,23.0,1637,1634,
2026-06-17 10:45:46,8c1f64619000227c,frame_counter,7525.0,1637,1634,
2026-06-17 10:45:46,8c1f64619000227c,error_code,0.0,1637,1634,
2026-06-17 10:45:46,8c1f64619000227c,battery_recovered,3664.0,1637,1634,
2026-06-17 10:45:46,8c1f64619000227c,battery,3576.0,1637,1634,
2026-06-17 10:45:46,8c1f64619000227c,total_volume,12937.0,1637,1634,
2026-06-17 10:45:46,8c1f64619000227c,leak_status,2.0,1637,1634,
2026-06-17 10:45:46,8c1f64619000227c,payload,1.0,1637,1634,d0dd0903000089320000e7ad0400facf090389fec50002dee9565656
2026-06-17 10:45:46,8c1f64619000227c,water_temp_max,23.0,1637,1634,
2026-06-17 10:45:46,8c1f64619000227c,ambient_temp,23.0,1637,1634,
2026-06-17 10:45:46,8c1f64619000227c,spreading_factor,7.0,1637,1634,
2026-06-17 10:45:46,8c1f64619000227c,bandwidth,125000.0,1637,1634,
2026-06-17 10:46:15,8c1f64619000171c,leak_status,2.0,1637,1634,
2026-06-17 10:46:15,8c1f64619000171c,gateway_snr,4.800000190734863,1637,1634,24e124fffef949f8
2026-06-17 10:46:15,8c1f64619000171c,payload,1.0,1637,1634,b9bb0d0300001b46000012000000bdad0d0383013f0202e6ea4e5a56
2026-06-17 10:46:15,8c1f64619000171c,bandwidth,125000.0,1637,1634,
2026-06-17 10:46:15,8c1f64619000171c,ambient_temp,23.0,1637,1634,
2026-06-17 10:46:15,8c1f64619000171c,battery_recovered,3672.0,1637,1634,
2026-06-17 10:46:15,8c1f64619000171c,gateway_rssi,-108.0,1637,1634,24e124fffef949f8
2026-06-17 10:46:15,8c1f64619000171c,frame_counter,3610.0,1637,1634,
2026-06-17 10:46:15,8c1f64619000171c,error_code,0.0,1637,1634,
2026-06-17 10:46:15,8c1f64619000171c,battery,3640.0,1637,1634,
2026-06-17 10:46:15,8c1f64619000171c,water_temp_max,25.0,1637,1634,
2026-06-17 10:46:15,8c1f64619000171c,water_temp_min,19.0,1637,1634,
2026-06-17 10:46:15,8c1f64619000171c,spreading_factor,7.0,1637,1634,
2026-06-17 10:46:15,8c1f64619000171c,total_volume,17947.0,1637,1634,
2026-06-17 10:46:16,8c1f646190001c1f,leak_status,2.0,1637,1634,
2026-06-17 10:46:16,8c1f646190001c1f,gateway_snr,5.800000190734863,1637,1634,24e124fffef949f8
2026-06-17 10:46:16,8c1f646190001c1f,frame_counter,1943.0,1637,1634,
2026-06-17 10:46:16,8c1f646190001c1f,gateway_rssi,-106.0,1637,1634,24e124fffef949f8
2026-06-17 10:46:16,8c1f646190001c1f,error_code,0.0,1637,1634,
2026-06-17 10:46:16,8c1f646190001c1f,battery_recovered,3688.0,1637,1634,
2026-06-17 10:46:16,8c1f646190001c1f,bandwidth,125000.0,1637,1634,
2026-06-17 10:46:16,8c1f646190001c1f,battery,3624.0,1637,1634,
2026-06-17 10:46:16,8c1f646190001c1f,spreading_factor,7.0,1637,1634,
2026-06-17 10:46:16,8c1f646190001c1f,payload,1.0,1637,1634,cd000a0300002bac000000000000ccf80903f9f6b61302e4ec585856
2026-06-17 10:46:16,8c1f646190001c1f,ambient_temp,23.0,1637,1634,
2026-06-17 10:46:16,8c1f646190001c1f,water_temp_min,24.0,1637,1634,
2026-06-17 10:46:16,8c1f646190001c1f,total_volume,44075.0,1637,1634,
2026-06-17 10:46:16,8c1f646190001c1f,water_temp_max,24.0,1637,1634,
2026-06-17 10:47:02,8c1f6461900020a5,total_volume,15397.0,1637,1634,
2026-06-17 10:47:02,8c1f6461900020a5,spreading_factor,7.0,1637,1634,
2026-06-17 10:47:02,8c1f6461900020a5,battery,3584.0,1637,1634,
2026-06-17 10:47:02,8c1f6461900020a5,frame_counter,7609.0,1637,1634,
2026-06-17 10:47:02,8c1f6461900020a5,error_code,0.0,1637,1634,
2026-06-17 10:47:02,8c1f6461900020a5,water_temp_min,21.5,1637,1634,
2026-06-17 10:47:02,8c1f6461900020a5,battery_recovered,3656.0,1637,1634,
2026-06-17 10:47:02,8c1f6461900020a5,ambient_temp,23.0,1637,1634,
2026-06-17 10:47:02,8c1f6461900020a5,bandwidth,125000.0,1637,1634,
2026-06-17 10:47:02,8c1f6461900020a5,gateway_rssi,-100.0,1637,1634,24e124fffef94d5c
2026-06-17 10:47:02,8c1f6461900020a5,payload,1.0,1637,1634,34080a030000253c00000000000059fa0903c400f30402dfe8535456
2026-06-17 10:47:02,8c1f6461900020a5,leak_status,2.0,1637,1634,
2026-06-17 10:47:02,8c1f6461900020a5,gateway_snr,8.0,1637,1634,24e124fffef94d5c
2026-06-17 10:47:02,8c1f6461900020a5,water_temp_max,22.0,1637,1634,
2026-06-17 10:47:54,8c1f646190001fc1,error_code,0.0,1637,1634,
2026-06-17 10:47:54,8c1f646190001fc1,payload,1.0,1637,1634,a3060a030000b2c50000321f0a00ae000a037c00930a02dee65d9457
2026-06-17 10:47:54,8c1f646190001fc1,battery,3576.0,1637,1634,
2026-06-17 10:47:54,8c1f646190001fc1,spreading_factor,7.0,1637,1634,
2026-06-17 10:47:54,8c1f646190001fc1,water_temp_min,26.5,1637,1634,
2026-06-17 10:47:54,8c1f646190001fc1,bandwidth,125000.0,1637,1634,
2026-06-17 10:47:54,8c1f646190001fc1,battery_recovered,3640.0,1637,1634,
2026-06-17 10:47:54,8c1f646190001fc1,gateway_rssi,-94.0,1637,1634,24e124fffef94d5c
2026-06-17 10:47:54,8c1f646190001fc1,leak_status,2.0,1637,1634,
2026-06-17 10:47:54,8c1f646190001fc1,frame_counter,6901.0,1637,1634,
2026-06-17 10:47:54,8c1f646190001fc1,gateway_snr,9.5,1637,1634,24e124fffef94d5c
2026-06-17 10:47:54,8c1f646190001fc1,total_volume,50610.0,1637,1634,
2026-06-17 10:47:54,8c1f646190001fc1,water_temp_max,54.0,1637,1634,
2026-06-17 10:47:54,8c1f646190001fc1,ambient_temp,23.5,1637,1634,
2026-06-17 10:49:23,8c1f646190001501,water_temp_min,22.0,1637,1634,
2026-06-17 10:49:23,8c1f646190001501,spreading_factor,7.0,1637,1634,
2026-06-17 10:49:23,8c1f646190001501,water_temp_max,22.0,1637,1634,
2026-06-17 10:49:23,8c1f646190001501,total_volume,21710.0,1637,1634,
2026-06-17 10:49:23,8c1f646190001501,gateway_snr,9.5,1637,1634,24e124fffef949f8
2026-06-17 10:49:23,8c1f646190001501,bandwidth,125000.0,1637,1634,
2026-06-17 10:49:23,8c1f646190001501,leak_status,2.0,1637,1634,
2026-06-17 10:49:23,8c1f646190001501,error_code,0.0,1637,1634,
2026-06-17 10:49:23,8c1f646190001501,battery_recovered,3696.0,1637,1634,
2026-06-17 10:49:23,8c1f646190001501,battery,3672.0,1637,1634,
2026-06-17 10:49:23,8c1f646190001501,ambient_temp,22.0,1637,1634,
2026-06-17 10:49:23,8c1f646190001501,payload,1.0,1637,1634,12050f030000ce540000028e060035f70e03e303590502eaed545454
2026-06-17 10:49:23,8c1f646190001501,frame_counter,3298.0,1637,1634,
2026-06-17 10:49:23,8c1f646190001501,gateway_rssi,-100.0,1637,1634,24e124fffef949f8
2026-06-17 10:49:28,8c1f646190001bea,bandwidth,125000.0,1637,1634,
2026-06-17 10:49:28,8c1f646190001bea,error_code,0.0,1637,1634,
2026-06-17 10:49:28,8c1f646190001bea,frame_counter,7696.0,1637,1634,
2026-06-17 10:49:28,8c1f646190001bea,gateway_rssi,-104.0,1637,1634,24e124fffef94d5c
2026-06-17 10:49:28,8c1f646190001bea,gateway_snr,4.199999809265137,1637,1634,24e124fffef94d5c
2026-06-17 10:49:28,8c1f646190001bea,leak_status,2.0,1637,1634,
2026-06-17 10:49:28,8c1f646190001bea,payload,1.0,1637,1634,7ef109030000df840000206c0c0084e309038afe4c0202e0e8555555
2026-06-17 10:49:28,8c1f646190001bea,battery,3592.0,1637,1634,
2026-06-17 10:49:28,8c1f646190001bea,battery_recovered,3656.0,1637,1634,
2026-06-17 10:49:28,8c1f646190001bea,spreading_factor,7.0,1637,1634,
2026-06-17 10:49:28,8c1f646190001bea,total_volume,34015.0,1637,1634,
2026-06-17 10:49:28,8c1f646190001bea,water_temp_max,22.5,1637,1634,
2026-06-17 10:49:28,8c1f646190001bea,ambient_temp,22.5,1637,1634,
2026-06-17 10:49:28,8c1f646190001bea,water_temp_min,22.5,1637,1634,
2026-06-17 10:51:44,8c1f646190001833,ambient_temp,22.5,1637,1634,
2026-06-17 10:51:44,8c1f646190001833,bandwidth,125000.0,1637,1634,
2026-06-17 10:51:44,8c1f646190001833,battery,3592.0,1637,1634,
2026-06-17 10:51:44,8c1f646190001833,battery_recovered,3672.0,1637,1634,
2026-06-17 10:51:44,8c1f646190001833,error_code,0.0,1637,1634,
2026-06-17 10:51:44,8c1f646190001833,frame_counter,5855.0,1637,1634,
2026-06-17 10:51:44,8c1f646190001833,gateway_rssi,-104.0,1637,1634,24e124fffef94d5c
2026-06-17 10:51:44,8c1f646190001833,gateway_snr,4.0,1637,1634,24e124fffef94d5c
2026-06-17 10:51:44,8c1f646190001833,total_volume,11814.0,1637,1634,
2026-06-17 10:51:44,8c1f646190001833,water_temp_max,22.0,1637,1634,
2026-06-17 10:51:44,8c1f646190001833,water_temp_min,22.0,1637,1634,
2026-06-17 10:51:44,8c1f646190001833,spreading_factor,7.0,1637,1634,
2026-06-17 10:51:44,8c1f646190001833,leak_status,2.0,1637,1634,
2026-06-17 10:51:44,8c1f646190001833,payload,1.0,1637,1634,bdc909030000262e000000000000b3bb09030904900102e0ea545455
2026-06-17 10:53:11,24e124725d489523,temperature,20.8,1637,1634,
2026-06-17 10:53:11,24e124725d489523,spreading_factor,7.0,1637,1634,
2026-06-17 10:53:11,24e124725d489523,frame_counter,7531.0,1637,1634,
2026-06-17 10:53:11,24e124725d489523,battery,39.0,1637,1634,
2026-06-17 10:53:11,24e124725d489523,humidity,44.0,1637,1634,
2026-06-17 10:53:11,24e124725d489523,gateway_snr,-5.5,1637,1634,24e124fffef949f8
2026-06-17 10:53:11,24e124725d489523,gateway_rssi,-113.0,1637,1634,24e124fffef949f8
2026-06-17 10:53:11,24e124725d489523,payload,85.0,1637,1634,0175270367d000046858
2026-06-17 10:53:11,24e124725d489523,bandwidth,125000.0,1637,1634,
2026-06-17 10:54:32,8c1f6461900021e8,ambient_temp,23.5,1637,1634,
2026-06-17 10:54:32,8c1f6461900021e8,frame_counter,3457.0,1637,1634,
2026-06-17 10:54:32,8c1f6461900021e8,error_code,0.0,1637,1634,
2026-06-17 10:54:32,8c1f6461900021e8,battery_recovered,3672.0,1637,1634,
2026-06-17 10:54:32,8c1f6461900021e8,battery,3664.0,1637,1634,
2026-06-17 10:54:32,8c1f6461900021e8,bandwidth,125000.0,1637,1634,
2026-06-17 10:54:32,8c1f6461900021e8,payload,1.0,1637,1634,62130a03000099b600007d61070063050a0310038d0802e9ea5a5b57
2026-06-17 10:54:32,8c1f6461900021e8,spreading_factor,7.0,1637,1634,
2026-06-17 10:54:32,8c1f6461900021e8,total_volume,46745.0,1637,1634,
2026-06-17 10:54:32,8c1f6461900021e8,water_temp_max,25.5,1637,1634,
2026-06-17 10:54:32,8c1f6461900021e8,water_temp_min,25.0,1637,1634,
2026-06-17 10:54:32,8c1f6461900021e8,gateway_rssi,-109.0,1637,1634,24e124fffef949f8
2026-06-17 10:54:32,8c1f6461900021e8,gateway_snr,4.199999809265137,1637,1634,24e124fffef949f8
2026-06-17 10:54:32,8c1f6461900021e8,leak_status,2.0,1637,1634,
2026-06-17 10:54:44,8c1f646190001ebd,battery,3616.0,1637,1634,
2026-06-17 10:54:44,8c1f646190001ebd,battery_recovered,3696.0,1637,1634,
2026-06-17 10:54:44,8c1f646190001ebd,error_code,0.0,1637,1634,
2026-06-17 10:54:44,8c1f646190001ebd,frame_counter,7928.0,1637,1634,
2026-06-17 10:54:44,8c1f646190001ebd,gateway_rssi,-105.0,1637,1634,24e124fffef949f8
2026-06-17 10:54:44,8c1f646190001ebd,ambient_temp,22.5,1637,1634,
2026-06-17 10:54:44,8c1f646190001ebd,bandwidth,125000.0,1637,1634,
2026-06-17 10:54:44,8c1f646190001ebd,leak_status,2.0,1637,1634,
2026-06-17 10:54:44,8c1f646190001ebd,gateway_snr,7.0,1637,1634,24e124fffef949f8
2026-06-17 10:54:44,8c1f646190001ebd,payload,1.0,1637,1634,410a0a030000df6a0000000000006bfc09037901ea0c02e3ed565755
2026-06-17 10:54:44,8c1f646190001ebd,spreading_factor,7.0,1637,1634,
2026-06-17 10:54:44,8c1f646190001ebd,water_temp_min,23.0,1637,1634,
2026-06-17 10:54:44,8c1f646190001ebd,water_temp_max,23.5,1637,1634,
2026-06-17 10:54:44,8c1f646190001ebd,total_volume,27359.0,1637,1634,
2026-06-17 10:55:55,8c1f6461900021c5,gateway_snr,7.0,1637,1634,24e124fffef949f8
2026-06-17 10:55:55,8c1f6461900021c5,battery,3600.0,1637,1634,
2026-06-17 10:55:55,8c1f6461900021c5,bandwidth,125000.0,1637,1634,
2026-06-17 10:55:55,8c1f6461900021c5,ambient_temp,22.0,1637,1634,
2026-06-17 10:55:55,8c1f6461900021c5,gateway_rssi,-105.0,1637,1634,24e124fffef949f8
2026-06-17 10:55:55,8c1f6461900021c5,frame_counter,6822.0,1637,1634,
2026-06-17 10:55:55,8c1f6461900021c5,error_code,0.0,1637,1634,
2026-06-17 10:55:55,8c1f6461900021c5,battery_recovered,3664.0,1637,1634,
2026-06-17 10:55:55,8c1f6461900021c5,total_volume,12246.0,1637,1634,
2026-06-17 10:55:55,8c1f6461900021c5,water_temp_max,22.0,1637,1634,
2026-06-17 10:55:55,8c1f6461900021c5,water_temp_min,18.0,1637,1634,
2026-06-17 10:55:55,8c1f6461900021c5,spreading_factor,7.0,1637,1634,
2026-06-17 10:55:55,8c1f6461900021c5,payload,1.0,1637,1634,a4ff09030000d62f000000000000c7f109032de20d0202e1e94c5454
2026-06-17 10:55:55,8c1f6461900021c5,leak_status,2.0,1637,1634,
2026-06-17 10:56:42,8c1f646190001901,ambient_temp,21.5,1637,1634,
2026-06-17 10:56:42,8c1f646190001901,error_code,0.0,1637,1634,
2026-06-17 10:56:42,8c1f646190001901,frame_counter,7671.0,1637,1634,
2026-06-17 10:56:42,8c1f646190001901,gateway_rssi,-105.0,1637,1634,24e124fffef94d5c
2026-06-17 10:56:42,8c1f646190001901,gateway_snr,2.5,1637,1634,24e124fffef94d5c
2026-06-17 10:56:42,8c1f646190001901,leak_status,2.0,1637,1634,
2026-06-17 10:56:42,8c1f646190001901,bandwidth,125000.0,1637,1634,
2026-06-17 10:56:42,8c1f646190001901,battery,3584.0,1637,1634,
2026-06-17 10:56:42,8c1f646190001901,battery_recovered,3680.0,1637,1634,
2026-06-17 10:56:42,8c1f646190001901,water_temp_max,24.0,1637,1634,
2026-06-17 10:56:42,8c1f646190001901,water_temp_min,14.5,1637,1634,
2026-06-17 10:56:42,8c1f646190001901,spreading_factor,7.0,1637,1634,
2026-06-17 10:56:42,8c1f646190001901,total_volume,13540.0,1637,1634,
2026-06-17 10:56:42,8c1f646190001901,payload,1.0,1637,1634,62040a030000e43400000500000092f60903cc018b0302dfeb455853
2026-06-17 10:57:54,8c1f646190001592,bandwidth,125000.0,1637,1634,
2026-06-17 10:57:54,8c1f646190001592,ambient_temp,25.5,1637,1634,
2026-06-17 10:57:54,8c1f646190001592,frame_counter,3630.0,1637,1634,
2026-06-17 10:57:54,8c1f646190001592,gateway_rssi,-104.0,1637,1634,24e124fffef949f8
2026-06-17 10:57:54,8c1f646190001592,gateway_snr,8.0,1637,1634,24e124fffef949f8
2026-06-17 10:57:54,8c1f646190001592,leak_status,0.0,1637,1634,
2026-06-17 10:57:54,8c1f646190001592,payload,1.0,1637,1634,aae309030000b9830000d2be0b00000000000000000000e1ea7d965b
2026-06-17 10:57:54,8c1f646190001592,battery,3600.0,1637,1634,
2026-06-17 10:57:54,8c1f646190001592,battery_recovered,3672.0,1637,1634,
2026-06-17 10:57:54,8c1f646190001592,error_code,0.0,1637,1634,
2026-06-17 10:57:54,8c1f646190001592,water_temp_min,42.5,1637,1634,
2026-06-17 10:57:54,8c1f646190001592,spreading_factor,7.0,1637,1634,
2026-06-17 10:57:54,8c1f646190001592,total_volume,33721.0,1637,1634,
2026-06-17 10:57:54,8c1f646190001592,water_temp_max,55.0,1637,1634,
2026-06-17 10:58:27,8c1f646190001c9b,battery,3600.0,1637,1634,
2026-06-17 10:58:27,8c1f646190001c9b,ambient_temp,25.0,1637,1634,
2026-06-17 10:58:27,8c1f646190001c9b,bandwidth,125000.0,1637,1634,
2026-06-17 10:58:27,8c1f646190001c9b,gateway_rssi,-105.0,1637,1634,24e124fffef94d5c
2026-06-17 10:58:27,8c1f646190001c9b,gateway_snr,3.200000047683716,1637,1634,24e124fffef94d5c
2026-06-17 10:58:27,8c1f646190001c9b,leak_status,2.0,1637,1634,
2026-06-17 10:58:27,8c1f646190001c9b,payload,1.0,1637,1634,aafe090300009eb6000013940e00c5f009034201d00702e1e77b7b5a
2026-06-17 10:58:27,8c1f646190001c9b,spreading_factor,7.0,1637,1634,
2026-06-17 10:58:27,8c1f646190001c9b,battery_recovered,3648.0,1637,1634,
2026-06-17 10:58:27,8c1f646190001c9b,error_code,0.0,1637,1634,
2026-06-17 10:58:27,8c1f646190001c9b,frame_counter,7516.0,1637,1634,
2026-06-17 10:58:27,8c1f646190001c9b,water_temp_max,41.5,1637,1634,
2026-06-17 10:58:27,8c1f646190001c9b,total_volume,46750.0,1637,1634,
2026-06-17 10:58:27,8c1f646190001c9b,water_temp_min,41.5,1637,1634,
2026-06-17 10:58:56,8c1f646190001947,total_volume,38265.0,1637,1634,
2026-06-17 10:58:56,8c1f646190001947,spreading_factor,7.0,1637,1634,
2026-06-17 10:58:56,8c1f646190001947,gateway_snr,4.0,1637,1634,24e124fffef94d5c
2026-06-17 10:58:56,8c1f646190001947,gateway_rssi,-104.0,1637,1634,24e124fffef94d5c
2026-06-17 10:58:56,8c1f646190001947,payload,1.0,1637,1634,1a1e0a030000799500000000000039100a034503150a02e0e8555655
2026-06-17 10:58:56,8c1f646190001947,leak_status,2.0,1637,1634,
2026-06-17 10:58:56,8c1f646190001947,frame_counter,7372.0,1637,1634,
2026-06-17 10:58:56,8c1f646190001947,error_code,0.0,1637,1634,
2026-06-17 10:58:56,8c1f646190001947,battery_recovered,3656.0,1637,1634,
2026-06-17 10:58:56,8c1f646190001947,battery,3592.0,1637,1634,
2026-06-17 10:58:56,8c1f646190001947,bandwidth,125000.0,1637,1634,
2026-06-17 10:58:56,8c1f646190001947,ambient_temp,22.5,1637,1634,
2026-06-17 10:58:56,8c1f646190001947,water_temp_min,22.5,1637,1634,
2026-06-17 10:58:56,8c1f646190001947,water_temp_max,23.0,1637,1634,
2026-06-17 10:59:23,8c1f64619000177c,ambient_temp,22.0,1637,1634,
2026-06-17 10:59:23,8c1f64619000177c,battery_recovered,3680.0,1637,1634,
2026-06-17 10:59:23,8c1f64619000177c,error_code,0.0,1637,1634,
2026-06-17 10:59:23,8c1f64619000177c,bandwidth,125000.0,1637,1634,
2026-06-17 10:59:23,8c1f64619000177c,battery,3616.0,1637,1634,
2026-06-17 10:59:23,8c1f64619000177c,gateway_snr,9.0,1637,1634,24e124fffef949f8
2026-06-17 10:59:23,8c1f64619000177c,leak_status,0.0,1637,1634,
2026-06-17 10:59:23,8c1f64619000177c,payload,1.0,1637,1634,e5e409030000bde1000000000000000000000000000000e3eb535454
2026-06-17 10:59:23,8c1f64619000177c,spreading_factor,7.0,1637,1634,
2026-06-17 10:59:23,8c1f64619000177c,total_volume,57789.0,1637,1634,
2026-06-17 10:59:23,8c1f64619000177c,water_temp_max,22.0,1637,1634,
2026-06-17 10:59:23,8c1f64619000177c,frame_counter,6453.0,1637,1634,
2026-06-17 10:59:23,8c1f64619000177c,gateway_rssi,-101.0,1637,1634,24e124fffef949f8
2026-06-17 10:59:23,8c1f64619000177c,water_temp_min,21.5,1637,1634,
2026-06-17 10:59:29,8c1f646190001fc1,bandwidth,125000.0,1637,1634,
2026-06-17 10:59:29,8c1f646190001fc1,battery_recovered,3640.0,1637,1634,
2026-06-17 10:59:29,8c1f646190001fc1,error_code,0.0,1637,1634,
2026-06-17 10:59:29,8c1f646190001fc1,frame_counter,6898.0,1637,1634,
2026-06-17 10:59:29,8c1f646190001fc1,battery,3576.0,1637,1634,
2026-06-17 10:59:29,8c1f646190001fc1,gateway_snr,10.800000190734863,1637,1634,24e124fffef94d5c
2026-06-17 10:59:29,8c1f646190001fc1,leak_status,2.0,1637,1634,
2026-06-17 10:59:29,8c1f646190001fc1,payload,1.0,1637,1634,93f8090300009ec50000741d0a008eea090315040b0b02dee6579256
2026-06-17 10:59:29,8c1f646190001fc1,spreading_factor,7.0,1637,1634,
2026-06-17 10:59:29,8c1f646190001fc1,total_volume,50590.0,1637,1634,
2026-06-17 10:59:29,8c1f646190001fc1,water_temp_max,53.0,1637,1634,
2026-06-17 10:59:29,8c1f646190001fc1,water_temp_min,23.5,1637,1634,
2026-06-17 10:59:29,8c1f646190001fc1,gateway_rssi,-96.0,1637,1634,24e124fffef94d5c
2026-06-17 10:59:29,8c1f646190001fc1,ambient_temp,23.0,1637,1634,
2026-06-17 10:59:44,8c1f646190001c1c,battery,3624.0,1637,1634,
2026-06-17 10:59:44,8c1f646190001c1c,battery_recovered,3656.0,1637,1634,
2026-06-17 10:59:44,8c1f646190001c1c,error_code,0.0,1637,1634,
2026-06-17 10:59:44,8c1f646190001c1c,frame_counter,3675.0,1637,1634,
2026-06-17 10:59:44,8c1f646190001c1c,gateway_rssi,-112.0,1637,1634,24e124fffef949f8
2026-06-17 10:59:44,8c1f646190001c1c,gateway_snr,0.5,1637,1634,24e124fffef949f8
2026-06-17 10:59:44,8c1f646190001c1c,leak_status,2.0,1637,1634,
2026-06-17 10:59:44,8c1f646190001c1c,payload,1.0,1637,1634,f4dd0d030000389900004d0b0b000ad00d0355ff1e0702e4e8555555
2026-06-17 10:59:44,8c1f646190001c1c,spreading_factor,7.0,1637,1634,
2026-06-17 10:59:44,8c1f646190001c1c,total_volume,39224.0,1637,1634,
2026-06-17 10:59:44,8c1f646190001c1c,water_temp_max,22.5,1637,1634,
2026-06-17 10:59:44,8c1f646190001c1c,water_temp_min,22.5,1637,1634,
2026-06-17 10:59:44,8c1f646190001c1c,ambient_temp,22.5,1637,1634,
2026-06-17 10:59:44,8c1f646190001c1c,bandwidth,125000.0,1637,1634,
2026-06-17 11:01:14,8c1f6461900021db,battery_recovered,3664.0,1637,1634,
2026-06-17 11:01:14,8c1f6461900021db,error_code,0.0,1637,1634,
2026-06-17 11:01:14,8c1f6461900021db,frame_counter,7764.0,1637,1634,
2026-06-17 11:01:14,8c1f6461900021db,leak_status,2.0,1637,1634,
2026-06-17 11:01:14,8c1f6461900021db,payload,1.0,1637,1634,22dc09030000d13a0000694f05004bce09036601dd0002dee9525253
2026-06-17 11:01:14,8c1f6461900021db,gateway_rssi,-105.0,1637,1634,24e124fffef94d5c
2026-06-17 11:01:14,8c1f6461900021db,gateway_snr,2.0,1637,1634,24e124fffef94d5c
2026-06-17 11:01:14,8c1f6461900021db,spreading_factor,7.0,1637,1634,
2026-06-17 11:01:14,8c1f6461900021db,total_volume,15057.0,1637,1634,
2026-06-17 11:01:14,8c1f6461900021db,water_temp_max,21.0,1637,1634,
2026-06-17 11:01:14,8c1f6461900021db,water_temp_min,21.0,1637,1634,
2026-06-17 11:01:14,8c1f6461900021db,battery,3576.0,1637,1634,
2026-06-17 11:01:14,8c1f6461900021db,bandwidth,125000.0,1637,1634,
2026-06-17 11:01:14,8c1f6461900021db,ambient_temp,21.5,1637,1634,
2026-06-17 11:03:15,24e124725d489523,battery,39.0,1637,1634,
2026-06-17 11:03:15,24e124725d489523,bandwidth,125000.0,1637,1634,
2026-06-17 11:03:15,24e124725d489523,gateway_rssi,-113.0,1637,1634,24e124fffef949f8
2026-06-17 11:03:15,24e124725d489523,gateway_snr,-1.5,1637,1634,24e124fffef949f8
2026-06-17 11:03:15,24e124725d489523,spreading_factor,7.0,1637,1634,
2026-06-17 11:03:15,24e124725d489523,temperature,20.8,1637,1634,
2026-06-17 11:03:15,24e124725d489523,frame_counter,7532.0,1637,1634,
2026-06-17 11:03:15,24e124725d489523,humidity,44.0,1637,1634,
2026-06-17 11:03:15,24e124725d489523,payload,85.0,1637,1634,0175270367d000046858
2026-06-17 11:03:37,8c1f6461900019cb,battery,3592.0,1637,1634,
2026-06-17 11:03:37,8c1f6461900019cb,battery_recovered,3688.0,1637,1634,
2026-06-17 11:03:37,8c1f6461900019cb,error_code,0.0,1637,1634,
2026-06-17 11:03:37,8c1f6461900019cb,frame_counter,7822.0,1637,1634,
2026-06-17 11:03:37,8c1f6461900019cb,gateway_rssi,-107.0,1637,1634,24e124fffef94d5c
2026-06-17 11:03:37,8c1f6461900019cb,ambient_temp,20.5,1637,1634,
2026-06-17 11:03:37,8c1f6461900019cb,bandwidth,125000.0,1637,1634,
2026-06-17 11:03:37,8c1f6461900019cb,spreading_factor,7.0,1637,1634,
2026-06-17 11:03:37,8c1f6461900019cb,total_volume,10558.0,1637,1634,
2026-06-17 11:03:37,8c1f6461900019cb,water_temp_max,21.0,1637,1634,
2026-06-17 11:03:37,8c1f6461900019cb,water_temp_min,20.5,1637,1634,
2026-06-17 11:03:37,8c1f6461900019cb,leak_status,2.0,1637,1634,
2026-06-17 11:03:37,8c1f6461900019cb,gateway_snr,1.2000000476837158,1637,1634,24e124fffef94d5c
2026-06-17 11:03:37,8c1f6461900019cb,payload,1.0,1637,1634,62e1090300003e2900000000000085d3090328fe600402e0ec515251
2026-06-17 11:03:43,8c1f64619000170a,water_temp_min,23.5,1637,1634,
2026-06-17 11:03:43,8c1f64619000170a,frame_counter,6660.0,1637,1634,
2026-06-17 11:03:43,8c1f64619000170a,water_temp_max,23.5,1637,1634,
2026-06-17 11:03:43,8c1f64619000170a,leak_status,2.0,1637,1634,
2026-06-17 11:03:43,8c1f64619000170a,battery_recovered,3672.0,1637,1634,
2026-06-17 11:03:43,8c1f64619000170a,payload,1.0,1637,1634,15240a030000d45c02007c27060024160a037c1b310c02e6ea575758
2026-06-17 11:03:43,8c1f64619000170a,spreading_factor,7.0,1637,1634,
2026-06-17 11:03:43,8c1f64619000170a,gateway_rssi,-103.0,1637,1634,24e124fffef94d5c
2026-06-17 11:03:43,8c1f64619000170a,gateway_snr,2.799999952316284,1637,1634,24e124fffef94d5c
2026-06-17 11:03:43,8c1f64619000170a,error_code,0.0,1637,1634,
2026-06-17 11:03:43,8c1f64619000170a,bandwidth,125000.0,1637,1634,
2026-06-17 11:03:43,8c1f64619000170a,battery,3640.0,1637,1634,
2026-06-17 11:03:43,8c1f64619000170a,total_volume,154836.0,1637,1634,
2026-06-17 11:03:43,8c1f64619000170a,ambient_temp,24.0,1637,1634,
2026-06-17 11:04:41,8c1f6461900021da,water_temp_max,22.5,1637,1634,
2026-06-17 11:04:41,8c1f6461900021da,error_code,0.0,1637,1634,
2026-06-17 11:04:41,8c1f6461900021da,battery,3584.0,1637,1634,
2026-06-17 11:04:41,8c1f6461900021da,battery_recovered,3664.0,1637,1634,
2026-06-17 11:04:41,8c1f6461900021da,frame_counter,7496.0,1637,1634,
2026-06-17 11:04:41,8c1f6461900021da,gateway_rssi,-102.0,1637,1634,24e124fffef94d5c
2026-06-17 11:04:41,8c1f6461900021da,gateway_snr,5.800000190734863,1637,1634,24e124fffef94d5c
2026-06-17 11:04:41,8c1f6461900021da,leak_status,2.0,1637,1634,
2026-06-17 11:04:41,8c1f6461900021da,water_temp_min,22.5,1637,1634,
2026-06-17 11:04:41,8c1f6461900021da,total_volume,24734.0,1637,1634,
2026-06-17 11:04:41,8c1f6461900021da,spreading_factor,7.0,1637,1634,
2026-06-17 11:04:41,8c1f6461900021da,payload,1.0,1637,1634,e5c1090300009e600000f790080016b409037008f90202dfe9555554
2026-06-17 11:04:41,8c1f6461900021da,ambient_temp,22.0,1637,1634,
2026-06-17 11:04:41,8c1f6461900021da,bandwidth,125000.0,1637,1634,
2026-06-17 11:05:03,8c1f646190001963,water_temp_min,22.0,1637,1634,
2026-06-17 11:05:03,8c1f646190001963,water_temp_max,22.0,1637,1634,
2026-06-17 11:05:03,8c1f646190001963,total_volume,15809.0,1637,1634,
2026-06-17 11:05:03,8c1f646190001963,spreading_factor,7.0,1637,1634,
2026-06-17 11:05:03,8c1f646190001963,payload,1.0,1637,1634,2c1c0a030000c13d000000000000230e0a03d303440702e2eb545454
2026-06-17 11:05:03,8c1f646190001963,gateway_rssi,-94.0,1637,1634,24e124fffef94d5c
2026-06-17 11:05:03,8c1f646190001963,leak_status,2.0,1637,1634,
2026-06-17 11:05:03,8c1f646190001963,gateway_snr,11.0,1637,1634,24e124fffef94d5c
2026-06-17 11:05:03,8c1f646190001963,bandwidth,125000.0,1637,1634,
2026-06-17 11:05:03,8c1f646190001963,ambient_temp,22.0,1637,1634,
2026-06-17 11:05:03,8c1f646190001963,battery,3608.0,1637,1634,
2026-06-17 11:05:03,8c1f646190001963,frame_counter,7742.0,1637,1634,
2026-06-17 11:05:03,8c1f646190001963,error_code,0.0,1637,1634,
2026-06-17 11:05:03,8c1f646190001963,battery_recovered,3680.0,1637,1634,
2026-06-17 11:06:38,8c1f646190001e41,battery,3656.0,1637,1634,
2026-06-17 11:06:38,8c1f646190001e41,water_temp_min,44.0,1637,1634,
2026-06-17 11:06:38,8c1f646190001e41,water_temp_max,52.0,1637,1634,
2026-06-17 11:06:38,8c1f646190001e41,total_volume,42485.0,1637,1634,
2026-06-17 11:06:38,8c1f646190001e41,error_code,0.0,1637,1634,
2026-06-17 11:06:38,8c1f646190001e41,gateway_rssi,-107.0,1637,1634,24e124fffef949f8
2026-06-17 11:06:38,8c1f646190001e41,frame_counter,3568.0,1637,1634,
2026-06-17 11:06:38,8c1f646190001e41,payload,1.0,1637,1634,59120a030000f5a50000b0110f0085040a03c5ff390202e8ec80905b
2026-06-17 11:06:38,8c1f646190001e41,gateway_snr,5.0,1637,1634,24e124fffef949f8
2026-06-17 11:06:38,8c1f646190001e41,leak_status,2.0,1637,1634,
2026-06-17 11:06:38,8c1f646190001e41,bandwidth,125000.0,1637,1634,
2026-06-17 11:06:38,8c1f646190001e41,ambient_temp,25.5,1637,1634,
2026-06-17 11:06:38,8c1f646190001e41,spreading_factor,7.0,1637,1634,
2026-06-17 11:06:38,8c1f646190001e41,battery_recovered,3688.0,1637,1634,
2026-06-17 11:07:33,8c1f646190002120,battery_recovered,3680.0,1637,1634,
2026-06-17 11:07:33,8c1f646190002120,error_code,0.0,1637,1634,
2026-06-17 11:07:33,8c1f646190002120,ambient_temp,22.0,1637,1634,
2026-06-17 11:07:33,8c1f646190002120,water_temp_max,22.5,1637,1634,
2026-06-17 11:07:33,8c1f646190002120,water_temp_min,22.0,1637,1634,
2026-06-17 11:07:33,8c1f646190002120,spreading_factor,7.0,1637,1634,
2026-06-17 11:07:33,8c1f646190002120,total_volume,42375.0,1637,1634,
2026-06-17 11:07:33,8c1f646190002120,gateway_snr,8.5,1637,1634,24e124fffef949f8
2026-06-17 11:07:33,8c1f646190002120,gateway_rssi,-102.0,1637,1634,24e124fffef949f8
2026-06-17 11:07:33,8c1f646190002120,frame_counter,3625.0,1637,1634,
2026-06-17 11:07:33,8c1f646190002120,leak_status,2.0,1637,1634,
2026-06-17 11:07:33,8c1f646190002120,payload,1.0,1637,1634,d6fe0903000087a50000f5e70d00cbf0090379008c0002e8eb545554
2026-06-17 11:07:33,8c1f646190002120,bandwidth,125000.0,1637,1634,
2026-06-17 11:07:33,8c1f646190002120,battery,3656.0,1637,1634,
2026-06-17 11:08:05,8c1f6461900015c1,water_temp_min,12.5,1637,1634,
2026-06-17 11:08:05,8c1f6461900015c1,water_temp_max,22.0,1637,1634,
2026-06-17 11:08:05,8c1f6461900015c1,total_volume,19040.0,1637,1634,
2026-06-17 11:08:05,8c1f6461900015c1,spreading_factor,7.0,1637,1634,
2026-06-17 11:08:05,8c1f6461900015c1,ambient_temp,22.5,1637,1634,
2026-06-17 11:08:05,8c1f6461900015c1,battery,3592.0,1637,1634,
2026-06-17 11:08:05,8c1f6461900015c1,payload,1.0,1637,1634,0ad909030000604a00000000000058ce0903b4fe8f0102e0ec415455
2026-06-17 11:08:05,8c1f6461900015c1,frame_counter,7613.0,1637,1634,
2026-06-17 11:08:05,8c1f6461900015c1,bandwidth,125000.0,1637,1634,
2026-06-17 11:08:05,8c1f6461900015c1,battery_recovered,3688.0,1637,1634,
2026-06-17 11:08:05,8c1f6461900015c1,error_code,0.0,1637,1634,
2026-06-17 11:08:05,8c1f6461900015c1,gateway_rssi,-94.0,1637,1634,24e124fffef94d5c
2026-06-17 11:08:05,8c1f6461900015c1,gateway_snr,11.199999809265137,1637,1634,24e124fffef94d5c
2026-06-17 11:08:05,8c1f6461900015c1,leak_status,2.0,1637,1634,
2026-06-17 11:09:17,8c1f646190001b0f,water_temp_max,51.0,1637,1634,
2026-06-17 11:09:17,8c1f646190001b0f,spreading_factor,7.0,1637,1634,
2026-06-17 11:09:17,8c1f646190001b0f,total_volume,35321.0,1637,1634,
2026-06-17 11:09:17,8c1f646190001b0f,payload,1.0,1637,1634,4ffb09030000f989000048e40a00ddf60903ae015d0102dfe7608e57
2026-06-17 11:09:17,8c1f646190001b0f,leak_status,2.0,1637,1634,
2026-06-17 11:09:17,8c1f646190001b0f,ambient_temp,23.5,1637,1634,
2026-06-17 11:09:17,8c1f646190001b0f,bandwidth,125000.0,1637,1634,
2026-06-17 11:09:17,8c1f646190001b0f,battery,3584.0,1637,1634,
2026-06-17 11:09:17,8c1f646190001b0f,battery_recovered,3648.0,1637,1634,
2026-06-17 11:09:17,8c1f646190001b0f,error_code,0.0,1637,1634,
2026-06-17 11:09:17,8c1f646190001b0f,frame_counter,6530.0,1637,1634,
2026-06-17 11:09:17,8c1f646190001b0f,gateway_rssi,-110.0,1637,1634,24e124fffef94d5c
2026-06-17 11:09:17,8c1f646190001b0f,gateway_snr,-8.0,1637,1634,24e124fffef94d5c
2026-06-17 11:09:17,8c1f646190001b0f,water_temp_min,28.0,1637,1634,
2026-06-17 11:09:43,8c1f64619000228d,battery,3576.0,1637,1634,
2026-06-17 11:09:43,8c1f64619000228d,bandwidth,125000.0,1637,1634,
2026-06-17 11:09:43,8c1f64619000228d,gateway_rssi,-101.0,1637,1634,24e124fffef94d5c
2026-06-17 11:09:43,8c1f64619000228d,frame_counter,6433.0,1637,1634,
2026-06-17 11:09:43,8c1f64619000228d,ambient_temp,22.5,1637,1634,
2026-06-17 11:09:43,8c1f64619000228d,battery_recovered,3648.0,1637,1634,
2026-06-17 11:09:43,8c1f64619000228d,gateway_snr,6.5,1637,1634,24e124fffef94d5c
2026-06-17 11:09:43,8c1f64619000228d,leak_status,2.0,1637,1634,
2026-06-17 11:09:43,8c1f64619000228d,water_temp_min,22.5,1637,1634,
2026-06-17 11:09:43,8c1f64619000228d,water_temp_max,22.5,1637,1634,
2026-06-17 11:09:43,8c1f64619000228d,total_volume,18074.0,1637,1634,
2026-06-17 11:09:43,8c1f64619000228d,spreading_factor,7.0,1637,1634,
2026-06-17 11:09:43,8c1f64619000228d,payload,1.0,1637,1634,50cc090300009a4600000000000050be09037c032b0a02dee7555555
2026-06-17 11:09:43,8c1f64619000228d,error_code,0.0,1637,1634,
2026-06-17 11:09:46,8c1f6461900014f5,frame_counter,3582.0,1637,1634,
2026-06-17 11:09:46,8c1f6461900014f5,battery_recovered,3664.0,1637,1634,
2026-06-17 11:09:46,8c1f6461900014f5,error_code,0.0,1637,1634,
2026-06-17 11:09:46,8c1f6461900014f5,ambient_temp,23.0,1637,1634,
2026-06-17 11:09:46,8c1f6461900014f5,bandwidth,125000.0,1637,1634,
2026-06-17 11:09:46,8c1f6461900014f5,gateway_rssi,-103.0,1637,1634,24e124fffef949f8
2026-06-17 11:09:46,8c1f6461900014f5,battery,3632.0,1637,1634,
2026-06-17 11:09:46,8c1f6461900014f5,total_volume,22147.0,1637,1634,
2026-06-17 11:09:46,8c1f6461900014f5,water_temp_max,22.5,1637,1634,
2026-06-17 11:09:46,8c1f6461900014f5,payload,1.0,1637,1634,f3e10d030000835600000000000020d40d03ba009d0c02e5e9545556
2026-06-17 11:09:46,8c1f6461900014f5,leak_status,2.0,1637,1634,
2026-06-17 11:09:46,8c1f6461900014f5,gateway_snr,7.199999809265137,1637,1634,24e124fffef949f8
2026-06-17 11:09:46,8c1f6461900014f5,spreading_factor,7.0,1637,1634,
2026-06-17 11:09:46,8c1f6461900014f5,water_temp_min,22.0,1637,1634,
