timestamp,client_id,installation_id,topic,value,msg
1781654986,1637,1634,1637/obj/lora/8c1f64619000228d/error_code,0.0,
1781654986,1637,1634,1637/obj/lora/8c1f64619000228d/gateway_snr,9.0,24e124fffef94d5c
1781654986,1637,1634,1637/obj/lora/8c1f64619000228d/gateway_rssi,-97.0,24e124fffef94d5c
1781654986,1637,1634,1637/obj/lora/8c1f64619000228d/battery,3584.0,
1781654986,1637,1634,1637/obj/lora/8c1f64619000228d/frame_counter,6422.0,
1781654987,1637,1634,1637/obj/lora/8c1f6461900014f5/payload,1.0,43470d030000755600000000000055390d03f6fd250a02e5e9535455
1781654987,1637,1634,1637/obj/lora/8c1f6461900014f5/battery,3632.0,
1781654987,1637,1634,1637/obj/lora/8c1f6461900014f5/spreading_factor,7.0,
1781654987,1637,1634,1637/obj/lora/8c1f6461900014f5/ambient_temp,22.5,
1781654987,1637,1634,1637/obj/lora/8c1f6461900014f5/gateway_snr,6.5,24e124fffef949f8
1781654987,1637,1634,1637/obj/lora/8c1f6461900014f5/error_code,0.0,
1781654987,1637,1634,1637/obj/lora/8c1f6461900014f5/bandwidth,125000.0,
1781654987,1637,1634,1637/obj/lora/8c1f6461900014f5/gateway_rssi,-104.0,24e124fffef949f8
1781654987,1637,1634,1637/obj/lora/8c1f6461900014f5/frame_counter,3571.0,
1781654987,1637,1634,1637/obj/lora/8c1f6461900014f5/,0.0,
1781654987,1637,1634,1637/obj/lora/8c1f6461900014f5/battery_recovered,3664.0,
1781654987,1637,1634,1637/obj/lora/8c1f6461900014f5/total_volume,22133.0,
1781654987,1637,1634,1637/obj/lora/8c1f6461900014f5/water_temp_max,22.0,
1781654987,1637,1634,1637/obj/lora/8c1f6461900014f5/leak_status,2.0,
1781654987,1637,1634,1637/obj/lora/8c1f6461900014f5/water_temp_min,21.5,
1781655081,1637,1634,1637/obj/lora/8c1f646190002222/error_code,0.0,
1781655081,1637,1634,1637/obj/lora/8c1f646190002222/payload,1.0,f135090300005d780000080000001e2809031201a20002e9ec555554
1781655081,1637,1634,1637/obj/lora/8c1f646190002222/ambient_temp,22.0,
1781655081,1637,1634,1637/obj/lora/8c1f646190002222/total_volume,30813.0,
1781655081,1637,1634,1637/obj/lora/8c1f646190002222/water_temp_min,22.5,
1781655081,1637,1634,1637/obj/lora/8c1f646190002222/battery_recovered,3688.0,
1781655081,1637,1634,1637/obj/lora/8c1f646190002222/bandwidth,125000.0,
1781655081,1637,1634,1637/obj/lora/8c1f646190002222/leak_status,2.0,
1781655081,1637,1634,1637/obj/lora/8c1f646190002222/gateway_rssi,-109.0,24e124fffef949f8
1781655081,1637,1634,1637/obj/lora/8c1f646190002222/spreading_factor,7.0,
1781655081,1637,1634,1637/obj/lora/8c1f646190002222/battery,3664.0,
1781655081,1637,1634,1637/obj/lora/8c1f646190002222/,0.0,
1781655081,1637,1634,1637/obj/lora/8c1f646190002222/frame_counter,3631.0,
1781655081,1637,1634,1637/obj/lora/8c1f646190002222/gateway_snr,1.2000000476837158,24e124fffef949f8
1781655081,1637,1634,1637/obj/lora/8c1f646190002222/water_temp_max,22.5,
1781655100,1637,1634,1637/obj/lora/8c1f646190001b91/bandwidth,125000.0,
1781655100,1637,1634,1637/obj/lora/8c1f646190001b91/total_volume,46881.0,
1781655100,1637,1634,1637/obj/lora/8c1f646190001b91/spreading_factor,7.0,
1781655100,1637,1634,1637/obj/lora/8c1f646190001b91/battery,3568.0,
1781655100,1637,1634,1637/obj/lora/8c1f646190001b91/leak_status,2.0,
1781655100,1637,1634,1637/obj/lora/8c1f646190001b91/error_code,0.0,
1781655100,1637,1634,1637/obj/lora/8c1f646190001b91/water_temp_max,52.0,
1781655100,1637,1634,1637/obj/lora/8c1f646190001b91/ambient_temp,22.0,
1781655100,1637,1634,1637/obj/lora/8c1f646190001b91/payload,1.0,e2640903000021b70000a0cb0e00005709034000740302dde9549054
1781655100,1637,1634,1637/obj/lora/8c1f646190001b91/frame_counter,6532.0,
1781655100,1637,1634,1637/obj/lora/8c1f646190001b91/,0.0,
1781655100,1637,1634,1637/obj/lora/8c1f646190001b91/gateway_rssi,-106.0,24e124fffef94d5c
1781655100,1637,1634,1637/obj/lora/8c1f646190001b91/gateway_snr,2.5,24e124fffef94d5c
1781655100,1637,1634,1637/obj/lora/8c1f646190001b91/battery_recovered,3664.0,
1781655100,1637,1634,1637/obj/lora/8c1f646190001b91/water_temp_min,22.0,
1781655135,1637,1634,1637/obj/lora/8c1f6461900019cf/gateway_snr,9.5,24e124fffef949f8
1781655135,1637,1634,1637/obj/lora/8c1f6461900019cf/gateway_rssi,-102.0,24e124fffef949f8
1781655135,1637,1634,1637/obj/lora/8c1f6461900019cf/leak_status,0.0,
1781655135,1637,1634,1637/obj/lora/8c1f6461900019cf/bandwidth,125000.0,
1781655135,1637,1634,1637/obj/lora/8c1f6461900019cf/battery_recovered,3656.0,
1781655135,1637,1634,1637/obj/lora/8c1f6461900019cf/,0.0,
1781655135,1637,1634,1637/obj/lora/8c1f6461900019cf/water_temp_min,22.0,
1781655135,1637,1634,1637/obj/lora/8c1f6461900019cf/ambient_temp,22.0,
1781655135,1637,1634,1637/obj/lora/8c1f6461900019cf/error_code,0.0,
1781655135,1637,1634,1637/obj/lora/8c1f6461900019cf/spreading_factor,7.0,
1781655135,1637,1634,1637/obj/lora/8c1f6461900019cf/total_volume,68315.0,
1781655135,1637,1634,1637/obj/lora/8c1f6461900019cf/frame_counter,3544.0,
1781655135,1637,1634,1637/obj/lora/8c1f6461900019cf/battery,3632.0,
1781655135,1637,1634,1637/obj/lora/8c1f6461900019cf/water_temp_max,22.0,
1781655135,1637,1634,1637/obj/lora/8c1f6461900019cf/payload,1.0,716f09030000db0a010000000000000000000000000000e5e8545454
1781655159,1637,1634,1637/obj/lora/8c1f646190002206/,0.0,
1781655159,1637,1634,1637/obj/lora/8c1f646190002206/water_temp_max,22.0,
1781655159,1637,1634,1637/obj/lora/8c1f646190002206/total_volume,201550.0,
1781655159,1637,1634,1637/obj/lora/8c1f646190002206/leak_status,0.0,
1781655159,1637,1634,1637/obj/lora/8c1f646190002206/frame_counter,7003.0,
1781655159,1637,1634,1637/obj/lora/8c1f646190002206/bandwidth,125000.0,
1781655159,1637,1634,1637/obj/lora/8c1f646190002206/gateway_rssi,-101.0,24e124fffef94d5c
1781655159,1637,1634,1637/obj/lora/8c1f646190002206/ambient_temp,22.0,
1781655159,1637,1634,1637/obj/lora/8c1f646190002206/battery_recovered,3672.0,
1781655159,1637,1634,1637/obj/lora/8c1f646190002206/water_temp_min,22.0,
1781655159,1637,1634,1637/obj/lora/8c1f646190002206/payload,1.0,f971090300004e130300c74f0f00000000000000000000e1ea545454
1781655159,1637,1634,1637/obj/lora/8c1f646190002206/battery,3600.0,
1781655159,1637,1634,1637/obj/lora/8c1f646190002206/error_code,0.0,
1781655159,1637,1634,1637/obj/lora/8c1f646190002206/gateway_snr,7.5,24e124fffef94d5c
1781655159,1637,1634,1637/obj/lora/8c1f646190002206/spreading_factor,7.0,
1781655192,1637,1634,1637/obj/lora/24e124725d489523/,0.0,
1781655192,1637,1634,1637/obj/lora/24e124725d489523/battery,39.0,
1781655192,1637,1634,1637/obj/lora/24e124725d489523/temperature,20.5,
1781655192,1637,1634,1637/obj/lora/24e124725d489523/gateway_rssi,-107.0,24e124fffef949f8
1781655192,1637,1634,1637/obj/lora/24e124725d489523/frame_counter,7467.0,
1781655192,1637,1634,1637/obj/lora/24e124725d489523/spreading_factor,7.0,
1781655192,1637,1634,1637/obj/lora/24e124725d489523/humidity,52.0,
1781655192,1637,1634,1637/obj/lora/24e124725d489523/payload,85.0,0175270367cd00046868
1781655192,1637,1634,1637/obj/lora/24e124725d489523/gateway_snr,5.5,24e124fffef949f8
1781655192,1637,1634,1637/obj/lora/24e124725d489523/bandwidth,125000.0,
1781655255,1637,1634,1637/obj/lora/8c1f646190001bf1/water_temp_max,22.0,
1781655255,1637,1634,1637/obj/lora/8c1f646190001bf1/battery_recovered,3672.0,
1781655255,1637,1634,1637/obj/lora/8c1f646190001bf1/leak_status,2.0,
1781655255,1637,1634,1637/obj/lora/8c1f646190001bf1/water_temp_min,22.0,
1781655255,1637,1634,1637/obj/lora/8c1f646190001bf1/gateway_rssi,-103.0,24e124fffef94d5c
1781655255,1637,1634,1637/obj/lora/8c1f646190001bf1/spreading_factor,7.0,
1781655255,1637,1634,1637/obj/lora/8c1f646190001bf1/frame_counter,6319.0,
1781655255,1637,1634,1637/obj/lora/8c1f646190001bf1/battery,3608.0,
1781655255,1637,1634,1637/obj/lora/8c1f646190001bf1/error_code,0.0,
1781655255,1637,1634,1637/obj/lora/8c1f646190001bf1/total_volume,33446.0,
1781655255,1637,1634,1637/obj/lora/8c1f646190001bf1/,0.0,
1781655255,1637,1634,1637/obj/lora/8c1f646190001bf1/payload,1.0,d17a09030000a6820000c88c0b00f56c0903d902310102e2ea545453
1781655255,1637,1634,1637/obj/lora/8c1f646190001bf1/ambient_temp,21.5,
1781655255,1637,1634,1637/obj/lora/8c1f646190001bf1/bandwidth,125000.0,
1781655255,1637,1634,1637/obj/lora/8c1f646190001bf1/gateway_snr,4.800000190734863,24e124fffef94d5c
1781655262,1637,1634,1637/obj/lora/8c1f646190001dd8/frame_counter,3733.0,
1781655262,1637,1634,1637/obj/lora/8c1f646190001dd8/payload,1.0,4b6109030000afda000008e0110079530903e802920202e4e9545454
1781655262,1637,1634,1637/obj/lora/8c1f646190001dd8/battery_recovered,3664.0,
1781655262,1637,1634,1637/obj/lora/8c1f646190001dd8/bandwidth,125000.0,
1781655262,1637,1634,1637/obj/lora/8c1f646190001dd8/water_temp_min,22.0,
1781655262,1637,1634,1637/obj/lora/8c1f646190001dd8/ambient_temp,22.0,
1781655262,1637,1634,1637/obj/lora/8c1f646190001dd8/error_code,0.0,
1781655262,1637,1634,1637/obj/lora/8c1f646190001dd8/battery,3624.0,
1781655262,1637,1634,1637/obj/lora/8c1f646190001dd8/gateway_rssi,-111.0,24e124fffef949f8
1781655262,1637,1634,1637/obj/lora/8c1f646190001dd8/water_temp_max,22.0,
1781655262,1637,1634,1637/obj/lora/8c1f646190001dd8/,0.0,
1781655262,1637,1634,1637/obj/lora/8c1f646190001dd8/leak_status,2.0,
1781655262,1637,1634,1637/obj/lora/8c1f646190001dd8/total_volume,55983.0,
1781655262,1637,1634,1637/obj/lora/8c1f646190001dd8/gateway_snr,2.200000047683716,24e124fffef949f8
1781655262,1637,1634,1637/obj/lora/8c1f646190001dd8/spreading_factor,7.0,
1781655272,1637,1634,1637/obj/lora/8c1f6461900021e0/error_code,0.0,
1781655272,1637,1634,1637/obj/lora/8c1f6461900021e0/water_temp_max,22.0,
1781655272,1637,1634,1637/obj/lora/8c1f6461900021e0/payload,1.0,9a4109030000542d010000000000000000000000000000e9ec545454
1781655272,1637,1634,1637/obj/lora/8c1f6461900021e0/gateway_rssi,-104.0,24e124fffef949f8
1781655272,1637,1634,1637/obj/lora/8c1f6461900021e0/battery_recovered,3688.0,
1781655272,1637,1634,1637/obj/lora/8c1f6461900021e0/water_temp_min,22.0,
1781655272,1637,1634,1637/obj/lora/8c1f6461900021e0/frame_counter,2238.0,
1781655272,1637,1634,1637/obj/lora/8c1f6461900021e0/,0.0,
1781655272,1637,1634,1637/obj/lora/8c1f6461900021e0/leak_status,0.0,
1781655272,1637,1634,1637/obj/lora/8c1f6461900021e0/gateway_snr,7.800000190734863,24e124fffef949f8
1781655272,1637,1634,1637/obj/lora/8c1f6461900021e0/battery,3664.0,
1781655272,1637,1634,1637/obj/lora/8c1f6461900021e0/total_volume,77140.0,
1781655272,1637,1634,1637/obj/lora/8c1f6461900021e0/spreading_factor,7.0,
1781655272,1637,1634,1637/obj/lora/8c1f6461900021e0/bandwidth,125000.0,
1781655272,1637,1634,1637/obj/lora/8c1f6461900021e0/ambient_temp,22.0,
1781655345,1637,1634,1637/obj/lora/8c1f646190001968/battery,3656.0,
1781655345,1637,1634,1637/obj/lora/8c1f646190001968/ambient_temp,23.5,
1781655345,1637,1634,1637/obj/lora/8c1f646190001968/,0.0,
1781655345,1637,1634,1637/obj/lora/8c1f646190001968/water_temp_max,24.0,
1781655345,1637,1634,1637/obj/lora/8c1f646190001968/spreading_factor,7.0,
1781655345,1637,1634,1637/obj/lora/8c1f646190001968/payload,1.0,d659090300004d160100af291800ea4b0903c3effc0102e8eb575857
1781655345,1637,1634,1637/obj/lora/8c1f646190001968/total_volume,71245.0,
1781655345,1637,1634,1637/obj/lora/8c1f646190001968/leak_status,2.0,
1781655345,1637,1634,1637/obj/lora/8c1f646190001968/error_code,0.0,
1781655345,1637,1634,1637/obj/lora/8c1f646190001968/gateway_rssi,-105.0,24e124fffef949f8
1781655345,1637,1634,1637/obj/lora/8c1f646190001968/frame_counter,3616.0,
1781655345,1637,1634,1637/obj/lora/8c1f646190001968/battery_recovered,3680.0,
1781655345,1637,1634,1637/obj/lora/8c1f646190001968/gateway_snr,5.800000190734863,24e124fffef949f8
1781655345,1637,1634,1637/obj/lora/8c1f646190001968/bandwidth,125000.0,
1781655345,1637,1634,1637/obj/lora/8c1f646190001968/water_temp_min,23.5,
1781655420,1637,1634,1637/obj/lora/8c1f646190002291/total_volume,398683.0,
1781655420,1637,1634,1637/obj/lora/8c1f646190002291/water_temp_min,21.0,
1781655420,1637,1634,1637/obj/lora/8c1f646190002291/ambient_temp,21.0,
1781655420,1637,1634,1637/obj/lora/8c1f646190002291/water_temp_max,21.0,
1781655420,1637,1634,1637/obj/lora/8c1f646190002291/payload,1.0,588f090300005b15060000000000861609035a02000003dfe9525252
1781655420,1637,1634,1637/obj/lora/8c1f646190002291/battery,3584.0,
1781655420,1637,1634,1637/obj/lora/8c1f646190002291/error_code,0.0,
1781655420,1637,1634,1637/obj/lora/8c1f646190002291/battery_recovered,3664.0,
1781655420,1637,1634,1637/obj/lora/8c1f646190002291/bandwidth,125000.0,
1781655420,1637,1634,1637/obj/lora/8c1f646190002291/gateway_rssi,-115.0,24e124fffef949f8
1781655420,1637,1634,1637/obj/lora/8c1f646190002291/gateway_snr,-3.799999952316284,24e124fffef949f8
1781655420,1637,1634,1637/obj/lora/8c1f646190002291/,0.0,
1781655420,1637,1634,1637/obj/lora/8c1f646190002291/spreading_factor,7.0,
1781655420,1637,1634,1637/obj/lora/8c1f646190002291/frame_counter,6848.0,
1781655420,1637,1634,1637/obj/lora/8c1f646190002291/leak_status,3.0,
1781655723,1637,1634,1637/obj/lora/8c1f646190001ec9/ambient_temp,20.5,
1781655723,1637,1634,1637/obj/lora/8c1f646190001ec9/water_temp_min,21.0,
1781655723,1637,1634,1637/obj/lora/8c1f646190001ec9/error_code,0.0,
1781655723,1637,1634,1637/obj/lora/8c1f646190001ec9/battery_recovered,3664.0,
1781655723,1637,1634,1637/obj/lora/8c1f646190001ec9/water_temp_max,21.5,
1781655723,1637,1634,1637/obj/lora/8c1f646190001ec9/,0.0,
1781655723,1637,1634,1637/obj/lora/8c1f646190001ec9/payload,1.0,b64109030000fc860000f75a0b00ad330903d101630202e1e9525351
1781655723,1637,1634,1637/obj/lora/8c1f646190001ec9/gateway_rssi,-104.0,24e124fffef94d5c
1781655723,1637,1634,1637/obj/lora/8c1f646190001ec9/bandwidth,125000.0,
1781655723,1637,1634,1637/obj/lora/8c1f646190001ec9/spreading_factor,7.0,
1781655723,1637,1634,1637/obj/lora/8c1f646190001ec9/leak_status,2.0,
1781655723,1637,1634,1637/obj/lora/8c1f646190001ec9/frame_counter,6551.0,
1781655723,1637,1634,1637/obj/lora/8c1f646190001ec9/gateway_snr,5.199999809265137,24e124fffef94d5c
1781655723,1637,1634,1637/obj/lora/8c1f646190001ec9/battery,3600.0,
1781655723,1637,1634,1637/obj/lora/8c1f646190001ec9/total_volume,34556.0,
1781655758,1637,1634,1637/obj/lora/8c1f6461900015ba/ambient_temp,21.0,
1781655758,1637,1634,1637/obj/lora/8c1f6461900015ba/water_temp_max,21.5,
1781655758,1637,1634,1637/obj/lora/8c1f6461900015ba/total_volume,7057.0,
1781655758,1637,1634,1637/obj/lora/8c1f6461900015ba/battery_recovered,3680.0,
1781655758,1637,1634,1637/obj/lora/8c1f6461900015ba/spreading_factor,7.0,
1781655758,1637,1634,1637/obj/lora/8c1f6461900015ba/bandwidth,125000.0,
1781655758,1637,1634,1637/obj/lora/8c1f6461900015ba/leak_status,2.0,
1781655758,1637,1634,1637/obj/lora/8c1f6461900015ba/battery,3640.0,
1781655758,1637,1634,1637/obj/lora/8c1f6461900015ba/frame_counter,7254.0,
1781655758,1637,1634,1637/obj/lora/8c1f6461900015ba/gateway_rssi,-106.0,24e124fffef949f8
1781655758,1637,1634,1637/obj/lora/8c1f6461900015ba/error_code,0.0,
1781655758,1637,1634,1637/obj/lora/8c1f6461900015ba/payload,1.0,8e7809030000911b000000000000a56a09038600c80302e6eb525352
1781655758,1637,1634,1637/obj/lora/8c1f6461900015ba/,0.0,
1781655758,1637,1634,1637/obj/lora/8c1f6461900015ba/water_temp_min,21.0,
1781655758,1637,1634,1637/obj/lora/8c1f6461900015ba/gateway_snr,6.0,24e124fffef949f8
1781655794,1637,1634,1637/obj/lora/24e124725d489523/spreading_factor,7.0,
1781655794,1637,1634,1637/obj/lora/24e124725d489523/temperature,20.5,
1781655794,1637,1634,1637/obj/lora/24e124725d489523/gateway_snr,4.5,24e124fffef949f8
1781655794,1637,1634,1637/obj/lora/24e124725d489523/gateway_rssi,-107.0,24e124fffef949f8
1781655794,1637,1634,1637/obj/lora/24e124725d489523/humidity,52.0,
1781655794,1637,1634,1637/obj/lora/24e124725d489523/bandwidth,125000.0,
1781655794,1637,1634,1637/obj/lora/24e124725d489523/payload,85.0,0175270367cd00046868
1781655794,1637,1634,1637/obj/lora/24e124725d489523/frame_counter,7468.0,
1781655794,1637,1634,1637/obj/lora/24e124725d489523/battery,39.0,
1781655794,1637,1634,1637/obj/lora/24e124725d489523/,0.0,
1781655811,1637,1634,1637/obj/lora/8c1f646190001743/error_code,0.0,
1781655811,1637,1634,1637/obj/lora/8c1f646190001743/gateway_snr,-9.199999809265137,24e124fffef949f8
1781655811,1637,1634,1637/obj/lora/8c1f646190001743/frame_counter,1972.0,
1781655811,1637,1634,1637/obj/lora/8c1f646190001743/ambient_temp,23.5,
1781655811,1637,1634,1637/obj/lora/8c1f646190001743/bandwidth,125000.0,
1781655811,1637,1634,1637/obj/lora/8c1f646190001743/leak_status,2.0,
1781655811,1637,1634,1637/obj/lora/8c1f646190001743/water_temp_max,22.5,
1781655811,1637,1634,1637/obj/lora/8c1f646190001743/water_temp_min,22.5,
1781655811,1637,1634,1637/obj/lora/8c1f646190001743/battery_recovered,3688.0,
1781655811,1637,1634,1637/obj/lora/8c1f646190001743/payload,1.0,d96e09030000681f000000000000da600903ad012a0202e9ec555557
1781655811,1637,1634,1637/obj/lora/8c1f646190001743/spreading_factor,7.0,
1781655811,1637,1634,1637/obj/lora/8c1f646190001743/gateway_rssi,-113.0,24e124fffef949f8
1781655811,1637,1634,1637/obj/lora/8c1f646190001743/battery,3664.0,
1781655811,1637,1634,1637/obj/lora/8c1f646190001743/,0.0,
1781655811,1637,1634,1637/obj/lora/8c1f646190001743/total_volume,8040.0,
1781655872,1637,1634,1637/obj/lora/8c1f6461900015ed/battery,3616.0,
1781655872,1637,1634,1637/obj/lora/8c1f6461900015ed/error_code,0.0,
1781655872,1637,1634,1637/obj/lora/8c1f6461900015ed/frame_counter,6136.0,
1781655872,1637,1634,1637/obj/lora/8c1f6461900015ed/spreading_factor,7.0,
1781655872,1637,1634,1637/obj/lora/8c1f6461900015ed/leak_status,2.0,
1781655872,1637,1634,1637/obj/lora/8c1f6461900015ed/payload,1.0,256d09030000eb6400000ea40900465f09038401580202e3eb525252
1781655872,1637,1634,1637/obj/lora/8c1f6461900015ed/,0.0,
1781655872,1637,1634,1637/obj/lora/8c1f6461900015ed/ambient_temp,21.0,
1781655872,1637,1634,1637/obj/lora/8c1f6461900015ed/battery_recovered,3680.0,
1781655872,1637,1634,1637/obj/lora/8c1f6461900015ed/water_temp_min,21.0,
1781655872,1637,1634,1637/obj/lora/8c1f6461900015ed/bandwidth,125000.0,
1781655872,1637,1634,1637/obj/lora/8c1f6461900015ed/gateway_snr,11.5,24e124fffef94d5c
1781655872,1637,1634,1637/obj/lora/8c1f6461900015ed/gateway_rssi,-94.0,24e124fffef94d5c
1781655872,1637,1634,1637/obj/lora/8c1f6461900015ed/water_temp_max,21.0,
1781655872,1637,1634,1637/obj/lora/8c1f6461900015ed/total_volume,25835.0,
1781655909,1637,1634,1637/obj/lora/8c1f6461900018f5/water_temp_min,22.0,
1781655909,1637,1634,1637/obj/lora/8c1f6461900018f5/total_volume,51583.0,
1781655909,1637,1634,1637/obj/lora/8c1f6461900018f5/error_code,0.0,
1781655909,1637,1634,1637/obj/lora/8c1f6461900018f5/water_temp_max,22.0,
1781655909,1637,1634,1637/obj/lora/8c1f6461900018f5/gateway_snr,7.5,24e124fffef949f8
1781655909,1637,1634,1637/obj/lora/8c1f6461900018f5/leak_status,2.0,
1781655909,1637,1634,1637/obj/lora/8c1f6461900018f5/payload,1.0,ad56090300007fc90000c5d90400c5480903a0fa8e0d02e2ea545456
1781655909,1637,1634,1637/obj/lora/8c1f6461900018f5/ambient_temp,23.0,
1781655909,1637,1634,1637/obj/lora/8c1f6461900018f5/,0.0,
1781655909,1637,1634,1637/obj/lora/8c1f6461900018f5/frame_counter,7691.0,
1781655909,1637,1634,1637/obj/lora/8c1f6461900018f5/battery_recovered,3672.0,
1781655909,1637,1634,1637/obj/lora/8c1f6461900018f5/spreading_factor,7.0,
1781655909,1637,1634,1637/obj/lora/8c1f6461900018f5/battery,3608.0,
1781655909,1637,1634,1637/obj/lora/8c1f6461900018f5/bandwidth,125000.0,
1781655909,1637,1634,1637/obj/lora/8c1f6461900018f5/gateway_rssi,-106.0,24e124fffef949f8
1781655978,1637,1634,1637/obj/lora/8c1f6461900019c7/spreading_factor,7.0,
1781655978,1637,1634,1637/obj/lora/8c1f6461900019c7/gateway_snr,1.2000000476837158,24e124fffef94d5c
1781655978,1637,1634,1637/obj/lora/8c1f6461900019c7/battery,3584.0,
1781655978,1637,1634,1637/obj/lora/8c1f6461900019c7/water_temp_max,22.5,
1781655978,1637,1634,1637/obj/lora/8c1f6461900019c7/ambient_temp,22.0,
1781655978,1637,1634,1637/obj/lora/8c1f6461900019c7/water_temp_min,22.0,
1781655978,1637,1634,1637/obj/lora/8c1f6461900019c7/,0.0,
1781655978,1637,1634,1637/obj/lora/8c1f6461900019c7/bandwidth,125000.0,
1781655978,1637,1634,1637/obj/lora/8c1f6461900019c7/payload,1.0,5e40090300008b5700005248080075320903e5fe760202dfe7545554
1781655978,1637,1634,1637/obj/lora/8c1f6461900019c7/leak_status,2.0,
1781655978,1637,1634,1637/obj/lora/8c1f6461900019c7/frame_counter,5919.0,
1781655978,1637,1634,1637/obj/lora/8c1f6461900019c7/total_volume,22411.0,
1781655978,1637,1634,1637/obj/lora/8c1f6461900019c7/error_code,0.0,
1781655978,1637,1634,1637/obj/lora/8c1f6461900019c7/battery_recovered,3648.0,
1781655978,1637,1634,1637/obj/lora/8c1f6461900019c7/gateway_rssi,-106.0,24e124fffef94d5c
1781656010,1637,1634,1637/obj/lora/8c1f646190001baf/gateway_rssi,-105.0,24e124fffef94d5c
1781656010,1637,1634,1637/obj/lora/8c1f646190001baf/battery_recovered,3656.0,
1781656010,1637,1634,1637/obj/lora/8c1f646190001baf/water_temp_max,22.0,
1781656010,1637,1634,1637/obj/lora/8c1f646190001baf/water_temp_min,22.0,
1781656010,1637,1634,1637/obj/lora/8c1f646190001baf/,0.0,
1781656010,1637,1634,1637/obj/lora/8c1f646190001baf/bandwidth,125000.0,
1781656010,1637,1634,1637/obj/lora/8c1f646190001baf/gateway_snr,3.799999952316284,24e124fffef94d5c
1781656010,1637,1634,1637/obj/lora/8c1f646190001baf/frame_counter,6725.0,
1781656010,1637,1634,1637/obj/lora/8c1f646190001baf/total_volume,53780.0,
1781656010,1637,1634,1637/obj/lora/8c1f646190001baf/payload,1.0,a3660903000014d20000bca805009b580903b3feb41102e0e8545454
1781656010,1637,1634,1637/obj/lora/8c1f646190001baf/spreading_factor,7.0,
1781656010,1637,1634,1637/obj/lora/8c1f646190001baf/battery,3592.0,
1781656010,1637,1634,1637/obj/lora/8c1f646190001baf/ambient_temp,22.0,
1781656010,1637,1634,1637/obj/lora/8c1f646190001baf/error_code,0.0,
1781656010,1637,1634,1637/obj/lora/8c1f646190001baf/leak_status,2.0,
1781656031,1637,1634,1637/obj/lora/8c1f646190001790/water_temp_max,21.5,
1781656031,1637,1634,1637/obj/lora/8c1f646190001790/error_code,0.0,
1781656031,1637,1634,1637/obj/lora/8c1f646190001790/spreading_factor,7.0,
1781656031,1637,1634,1637/obj/lora/8c1f646190001790/gateway_rssi,-109.0,24e124fffef949f8
1781656031,1637,1634,1637/obj/lora/8c1f646190001790/water_temp_min,21.0,
1781656031,1637,1634,1637/obj/lora/8c1f646190001790/gateway_snr,2.5,24e124fffef949f8
1781656031,1637,1634,1637/obj/lora/8c1f646190001790/total_volume,9033.0,
1781656031,1637,1634,1637/obj/lora/8c1f646190001790/payload,1.0,4e790903000049230000db340300546b090381fe850202eaed525354
1781656031,1637,1634,1637/obj/lora/8c1f646190001790/leak_status,2.0,
1781656031,1637,1634,1637/obj/lora/8c1f646190001790/battery_recovered,3696.0,
1781656031,1637,1634,1637/obj/lora/8c1f646190001790/bandwidth,125000.0,
1781656031,1637,1634,1637/obj/lora/8c1f646190001790/ambient_temp,22.0,
1781656031,1637,1634,1637/obj/lora/8c1f646190001790/battery,3672.0,
1781656031,1637,1634,1637/obj/lora/8c1f646190001790/frame_counter,3627.0,
1781656031,1637,1634,1637/obj/lora/8c1f646190001790/,0.0,
1781656041,1637,1634,1637/obj/lora/8c1f6461900021a9/gateway_rssi,-111.0,24e124fffef949f8
1781656041,1637,1634,1637/obj/lora/8c1f6461900021a9/error_code,0.0,
1781656041,1637,1634,1637/obj/lora/8c1f6461900021a9/water_temp_min,20.5,
1781656041,1637,1634,1637/obj/lora/8c1f6461900021a9/frame_counter,7883.0,
1781656041,1637,1634,1637/obj/lora/8c1f6461900021a9/battery,3608.0,
1781656041,1637,1634,1637/obj/lora/8c1f6461900021a9/gateway_snr,1.5,24e124fffef949f8
1781656041,1637,1634,1637/obj/lora/8c1f6461900021a9/,0.0,
1781656041,1637,1634,1637/obj/lora/8c1f6461900021a9/ambient_temp,21.0,
1781656041,1637,1634,1637/obj/lora/8c1f6461900021a9/spreading_factor,7.0,
1781656041,1637,1634,1637/obj/lora/8c1f6461900021a9/bandwidth,125000.0,
1781656041,1637,1634,1637/obj/lora/8c1f6461900021a9/total_volume,51977.0,
1781656041,1637,1634,1637/obj/lora/8c1f6461900021a9/water_temp_max,20.5,
1781656041,1637,1634,1637/obj/lora/8c1f6461900021a9/battery_recovered,3664.0,
1781656041,1637,1634,1637/obj/lora/8c1f6461900021a9/leak_status,2.0,
1781656041,1637,1634,1637/obj/lora/8c1f6461900021a9/payload,1.0,2c660903000009cb0000f8f811002b580903dffca10302e2e9515152
1781656129,1637,1634,1637/obj/lora/8c1f646190002012/ambient_temp,22.0,
1781656129,1637,1634,1637/obj/lora/8c1f646190002012/battery_recovered,3664.0,
1781656129,1637,1634,1637/obj/lora/8c1f646190002012/,0.0,
1781656129,1637,1634,1637/obj/lora/8c1f646190002012/total_volume,21103.0,
1781656129,1637,1634,1637/obj/lora/8c1f646190002012/payload,1.0,e144090300006f520000e1cd0700ef36090317fd800302e7e9545554
1781656129,1637,1634,1637/obj/lora/8c1f646190002012/leak_status,2.0,
1781656129,1637,1634,1637/obj/lora/8c1f646190002012/gateway_snr,6.5,24e124fffef949f8
1781656129,1637,1634,1637/obj/lora/8c1f646190002012/error_code,0.0,
1781656129,1637,1634,1637/obj/lora/8c1f646190002012/frame_counter,2851.0,
1781656129,1637,1634,1637/obj/lora/8c1f646190002012/spreading_factor,7.0,
1781656129,1637,1634,1637/obj/lora/8c1f646190002012/gateway_rssi,-105.0,24e124fffef949f8
1781656129,1637,1634,1637/obj/lora/8c1f646190002012/water_temp_min,22.0,
1781656129,1637,1634,1637/obj/lora/8c1f646190002012/battery,3648.0,
1781656129,1637,1634,1637/obj/lora/8c1f646190002012/water_temp_max,22.5,
1781656129,1637,1634,1637/obj/lora/8c1f646190002012/bandwidth,125000.0,
1781656328,1637,1634,1637/obj/lora/8c1f646190001af8/water_temp_min,20.5,
1781656328,1637,1634,1637/obj/lora/8c1f646190001af8/payload,1.0,f146090300007063000026000000093909035601460202dee8515a52
1781656328,1637,1634,1637/obj/lora/8c1f646190001af8/battery,3576.0,
1781656328,1637,1634,1637/obj/lora/8c1f646190001af8/bandwidth,125000.0,
1781656328,1637,1634,1637/obj/lora/8c1f646190001af8/error_code,0.0,
1781656328,1637,1634,1637/obj/lora/8c1f646190001af8/water_temp_max,25.0,
1781656328,1637,1634,1637/obj/lora/8c1f646190001af8/ambient_temp,21.0,
1781656328,1637,1634,1637/obj/lora/8c1f646190001af8/,0.0,
1781656328,1637,1634,1637/obj/lora/8c1f646190001af8/frame_counter,7611.0,
1781656328,1637,1634,1637/obj/lora/8c1f646190001af8/gateway_rssi,-104.0,24e124fffef94d5c
1781656328,1637,1634,1637/obj/lora/8c1f646190001af8/leak_status,2.0,
1781656328,1637,1634,1637/obj/lora/8c1f646190001af8/total_volume,25456.0,
1781656328,1637,1634,1637/obj/lora/8c1f646190001af8/battery_recovered,3656.0,
1781656328,1637,1634,1637/obj/lora/8c1f646190001af8/gateway_snr,4.0,24e124fffef94d5c
1781656328,1637,1634,1637/obj/lora/8c1f646190001af8/spreading_factor,7.0,
1781656367,1637,1634,1637/obj/lora/8c1f6461900017e3/error_code,0.0,
1781656367,1637,1634,1637/obj/lora/8c1f6461900017e3/battery,3640.0,
1781656367,1637,1634,1637/obj/lora/8c1f6461900017e3/leak_status,2.0,
1781656367,1637,1634,1637/obj/lora/8c1f6461900017e3/gateway_rssi,-107.0,24e124fffef949f8
1781656367,1637,1634,1637/obj/lora/8c1f6461900017e3/payload,1.0,df6d09030000de0c0100e40100007e62090392ff6c1102e6e9565c58
1781656367,1637,1634,1637/obj/lora/8c1f6461900017e3/ambient_temp,24.0,
1781656367,1637,1634,1637/obj/lora/8c1f6461900017e3/gateway_snr,6.0,24e124fffef949f8
1781656367,1637,1634,1637/obj/lora/8c1f6461900017e3/,0.0,
1781656367,1637,1634,1637/obj/lora/8c1f6461900017e3/water_temp_max,26.0,
1781656367,1637,1634,1637/obj/lora/8c1f6461900017e3/total_volume,68830.0,
1781656367,1637,1634,1637/obj/lora/8c1f6461900017e3/frame_counter,3591.0,
1781656367,1637,1634,1637/obj/lora/8c1f6461900017e3/spreading_factor,7.0,
1781656367,1637,1634,1637/obj/lora/8c1f6461900017e3/bandwidth,125000.0,
1781656367,1637,1634,1637/obj/lora/8c1f6461900017e3/battery_recovered,3664.0,
1781656367,1637,1634,1637/obj/lora/8c1f6461900017e3/water_temp_min,23.0,
1781656396,1637,1634,1637/obj/lora/24e124725d489523/payload,85.0,0175270367cd00046868
1781656396,1637,1634,1637/obj/lora/8c1f6461900021c1/gateway_rssi,-107.0,24e124fffef94d5c
1781656396,1637,1634,1637/obj/lora/24e124725d489523/,0.0,
1781656396,1637,1634,1637/obj/lora/8c1f6461900021c1/spreading_factor,7.0,
1781656396,1637,1634,1637/obj/lora/24e124725d489523/battery,39.0,
1781656396,1637,1634,1637/obj/lora/24e124725d489523/temperature,20.5,
1781656396,1637,1634,1637/obj/lora/24e124725d489523/humidity,52.0,
1781656396,1637,1634,1637/obj/lora/8c1f6461900021c1/gateway_snr,-0.800000011920929,24e124fffef94d5c
1781656396,1637,1634,1637/obj/lora/8c1f6461900021c1/total_volume,114910.0,
1781656396,1637,1634,1637/obj/lora/24e124725d489523/gateway_snr,5.800000190734863,24e124fffef949f8
1781656396,1637,1634,1637/obj/lora/8c1f6461900021c1/battery_recovered,3664.0,
1781656396,1637,1634,1637/obj/lora/8c1f6461900021c1/water_temp_max,20.0,
1781656396,1637,1634,1637/obj/lora/24e124725d489523/gateway_rssi,-107.0,24e124fffef949f8
1781656396,1637,1634,1637/obj/lora/24e124725d489523/bandwidth,125000.0,
1781656396,1637,1634,1637/obj/lora/8c1f6461900021c1/,0.0,
1781656396,1637,1634,1637/obj/lora/8c1f6461900021c1/payload,1.0,627f09030000dec001001af30500000000000000000000e1e9505050
1781656396,1637,1634,1637/obj/lora/8c1f6461900021c1/water_temp_min,20.0,
1781656396,1637,1634,1637/obj/lora/8c1f6461900021c1/error_code,0.0,
1781656396,1637,1634,1637/obj/lora/8c1f6461900021c1/bandwidth,125000.0,
1781656396,1637,1634,1637/obj/lora/8c1f6461900021c1/ambient_temp,20.0,
1781656396,1637,1634,1637/obj/lora/8c1f6461900021c1/battery,3600.0,
1781656396,1637,1634,1637/obj/lora/24e124725d489523/frame_counter,7469.0,
1781656396,1637,1634,1637/obj/lora/8c1f6461900021c1/leak_status,0.0,
1781656396,1637,1634,1637/obj/lora/24e124725d489523/spreading_factor,7.0,
1781656396,1637,1634,1637/obj/lora/8c1f6461900021c1/frame_counter,7655.0,
1781656461,1637,1634,1637/obj/lora/8c1f6461900021e2/gateway_snr,6.800000190734863,24e124fffef949f8
1781656461,1637,1634,1637/obj/lora/8c1f6461900021e2/leak_status,2.0,
1781656461,1637,1634,1637/obj/lora/8c1f6461900021e2/ambient_temp,22.5,
1781656461,1637,1634,1637/obj/lora/8c1f6461900021e2/gateway_rssi,-104.0,24e124fffef949f8
1781656461,1637,1634,1637/obj/lora/8c1f6461900021e2/battery_recovered,3672.0,
1781656461,1637,1634,1637/obj/lora/8c1f6461900021e2/payload,1.0,b77f09030000bedd000032000000c4710903e702070e02e5ea555555
1781656461,1637,1634,1637/obj/lora/8c1f6461900021e2/water_temp_min,22.5,
1781656461,1637,1634,1637/obj/lora/8c1f6461900021e2/,0.0,
1781656461,1637,1634,1637/obj/lora/8c1f6461900021e2/water_temp_max,22.5,
1781656461,1637,1634,1637/obj/lora/8c1f6461900021e2/spreading_factor,7.0,
1781656461,1637,1634,1637/obj/lora/8c1f6461900021e2/total_volume,56766.0,
1781656461,1637,1634,1637/obj/lora/8c1f6461900021e2/frame_counter,3634.0,
1781656461,1637,1634,1637/obj/lora/8c1f6461900021e2/battery,3632.0,
1781656461,1637,1634,1637/obj/lora/8c1f6461900021e2/error_code,0.0,
1781656461,1637,1634,1637/obj/lora/8c1f6461900021e2/bandwidth,125000.0,
1781656528,1637,1634,1637/obj/lora/8c1f6461900020a5/total_volume,15394.0,
1781656528,1637,1634,1637/obj/lora/8c1f6461900020a5/payload,1.0,a48909030000223c000000000000ca7b09030e00000502dee8525355
1781656528,1637,1634,1637/obj/lora/8c1f6461900020a5/water_temp_min,21.0,
1781656528,1637,1634,1637/obj/lora/8c1f6461900020a5/frame_counter,7600.0,
1781656528,1637,1634,1637/obj/lora/8c1f6461900020a5/water_temp_max,21.5,
1781656528,1637,1634,1637/obj/lora/8c1f6461900020a5/ambient_temp,22.5,
1781656528,1637,1634,1637/obj/lora/8c1f6461900020a5/spreading_factor,7.0,
1781656528,1637,1634,1637/obj/lora/8c1f6461900020a5/battery,3576.0,
1781656528,1637,1634,1637/obj/lora/8c1f6461900020a5/gateway_snr,7.199999809265137,24e124fffef94d5c
1781656528,1637,1634,1637/obj/lora/8c1f6461900020a5/leak_status,2.0,
1781656528,1637,1634,1637/obj/lora/8c1f6461900020a5/battery_recovered,3656.0,
1781656528,1637,1634,1637/obj/lora/8c1f6461900020a5/error_code,0.0,
1781656528,1637,1634,1637/obj/lora/8c1f6461900020a5/,0.0,
1781656528,1637,1634,1637/obj/lora/8c1f6461900020a5/gateway_rssi,-102.0,24e124fffef94d5c
1781656528,1637,1634,1637/obj/lora/8c1f6461900020a5/bandwidth,125000.0,
1781656591,1637,1634,1637/obj/lora/8c1f646190001ba9/frame_counter,7067.0,
1781656591,1637,1634,1637/obj/lora/8c1f646190001ba9/battery,3624.0,
1781656591,1637,1634,1637/obj/lora/8c1f646190001ba9/,0.0,
1781656591,1637,1634,1637/obj/lora/8c1f646190001ba9/gateway_snr,4.0,24e124fffef949f8
1781656591,1637,1634,1637/obj/lora/8c1f646190001ba9/bandwidth,125000.0,
1781656591,1637,1634,1637/obj/lora/8c1f646190001ba9/battery_recovered,3672.0,
1781656591,1637,1634,1637/obj/lora/8c1f646190001ba9/gateway_rssi,-109.0,24e124fffef949f8
1781656591,1637,1634,1637/obj/lora/8c1f646190001ba9/payload,1.0,3671090300001b7c0000a1430b00dc6b0903c701b60102e4ea5e955c
1781656591,1637,1634,1637/obj/lora/8c1f646190001ba9/ambient_temp,26.0,
1781656591,1637,1634,1637/obj/lora/8c1f646190001ba9/spreading_factor,7.0,
1781656591,1637,1634,1637/obj/lora/8c1f646190001ba9/water_temp_max,54.5,
1781656591,1637,1634,1637/obj/lora/8c1f646190001ba9/total_volume,31771.0,
1781656591,1637,1634,1637/obj/lora/8c1f646190001ba9/error_code,0.0,
1781656591,1637,1634,1637/obj/lora/8c1f646190001ba9/water_temp_min,27.0,
1781656591,1637,1634,1637/obj/lora/8c1f646190001ba9/leak_status,2.0,
1781656612,1637,1634,1637/obj/lora/8c1f6461900018ba/frame_counter,5745.0,
1781656612,1637,1634,1637/obj/lora/8c1f6461900018ba/payload,1.0,183909030000ad1d0000000000000c2b0903d0026f0202dfea525252
1781656612,1637,1634,1637/obj/lora/8c1f6461900018ba/error_code,0.0,
1781656612,1637,1634,1637/obj/lora/8c1f6461900018ba/gateway_rssi,-104.0,24e124fffef94d5c
1781656612,1637,1634,1637/obj/lora/8c1f6461900018ba/total_volume,7597.0,
1781656612,1637,1634,1637/obj/lora/8c1f6461900018ba/spreading_factor,7.0,
1781656612,1637,1634,1637/obj/lora/8c1f6461900018ba/,0.0,
1781656612,1637,1634,1637/obj/lora/8c1f6461900018ba/water_temp_max,21.0,
1781656612,1637,1634,1637/obj/lora/8c1f6461900018ba/ambient_temp,21.0,
1781656612,1637,1634,1637/obj/lora/8c1f6461900018ba/battery_recovered,3672.0,
1781656612,1637,1634,1637/obj/lora/8c1f6461900018ba/battery,3584.0,
1781656612,1637,1634,1637/obj/lora/8c1f6461900018ba/water_temp_min,21.0,
1781656612,1637,1634,1637/obj/lora/8c1f6461900018ba/leak_status,2.0,
1781656612,1637,1634,1637/obj/lora/8c1f6461900018ba/bandwidth,125000.0,
1781656612,1637,1634,1637/obj/lora/8c1f6461900018ba/gateway_snr,4.5,24e124fffef94d5c
1781656677,1637,1634,1637/obj/lora/8c1f646190001fcb/gateway_rssi,-107.0,24e124fffef94d5c
1781656677,1637,1634,1637/obj/lora/8c1f646190001fcb/error_code,0.0,
1781656677,1637,1634,1637/obj/lora/8c1f646190001fcb/payload,1.0,21260d0300006e5d0000000000001f180d038aff2b0602e4ed555655
1781656677,1637,1634,1637/obj/lora/8c1f646190001fcb/leak_status,2.0,
1781656677,1637,1634,1637/obj/lora/8c1f646190001fcb/frame_counter,7382.0,
1781656677,1637,1634,1637/obj/lora/8c1f646190001fcb/bandwidth,125000.0,
1781656677,1637,1634,1637/obj/lora/8c1f646190001fcb/total_volume,23918.0,
1781656677,1637,1634,1637/obj/lora/8c1f646190001fcb/,0.0,
1781656677,1637,1634,1637/obj/lora/8c1f646190001fcb/gateway_snr,0.5,24e124fffef94d5c
1781656677,1637,1634,1637/obj/lora/8c1f646190001fcb/battery,3624.0,
1781656677,1637,1634,1637/obj/lora/8c1f646190001fcb/spreading_factor,7.0,
1781656677,1637,1634,1637/obj/lora/8c1f646190001fcb/water_temp_max,23.0,
1781656677,1637,1634,1637/obj/lora/8c1f646190001fcb/water_temp_min,22.5,
1781656677,1637,1634,1637/obj/lora/8c1f646190001fcb/battery_recovered,3696.0,
1781656677,1637,1634,1637/obj/lora/8c1f646190001fcb/ambient_temp,22.5,
1781656691,1637,1634,1637/obj/lora/8c1f646190002244/ambient_temp,22.5,
1781656691,1637,1634,1637/obj/lora/8c1f646190002244/total_volume,112867.0,
1781656691,1637,1634,1637/obj/lora/8c1f646190002244/gateway_snr,4.800000190734863,24e124fffef94d5c
1781656691,1637,1634,1637/obj/lora/8c1f646190002244/water_temp_max,22.5,
1781656691,1637,1634,1637/obj/lora/8c1f646190002244/spreading_factor,7.0,
1781656691,1637,1634,1637/obj/lora/8c1f646190002244/leak_status,0.0,
1781656691,1637,1634,1637/obj/lora/8c1f646190002244/error_code,0.0,
1781656691,1637,1634,1637/obj/lora/8c1f646190002244/payload,1.0,cf4209030000e3b8010003000000000000000000000000e2eb555555
1781656691,1637,1634,1637/obj/lora/8c1f646190002244/frame_counter,6470.0,
1781656691,1637,1634,1637/obj/lora/8c1f646190002244/water_temp_min,22.5,
1781656691,1637,1634,1637/obj/lora/8c1f646190002244/battery_recovered,3680.0,
1781656691,1637,1634,1637/obj/lora/8c1f646190002244/bandwidth,125000.0,
1781656691,1637,1634,1637/obj/lora/8c1f646190002244/,0.0,
1781656691,1637,1634,1637/obj/lora/8c1f646190002244/battery,3608.0,
1781656691,1637,1634,1637/obj/lora/8c1f646190002244/gateway_rssi,-103.0,24e124fffef94d5c
1781656776,1637,1634,1637/obj/lora/8c1f6461900021bd/frame_counter,6627.0,
1781656776,1637,1634,1637/obj/lora/8c1f6461900021bd/battery_recovered,3656.0,
1781656776,1637,1634,1637/obj/lora/8c1f6461900021bd/total_volume,71771.0,
1781656776,1637,1634,1637/obj/lora/8c1f6461900021bd/payload,1.0,5e7a090300005b18010000000000000000000000000000dee8535453
1781656776,1637,1634,1637/obj/lora/8c1f6461900021bd/error_code,0.0,
1781656776,1637,1634,1637/obj/lora/8c1f6461900021bd/water_temp_max,22.0,
1781656776,1637,1634,1637/obj/lora/8c1f6461900021bd/,0.0,
1781656776,1637,1634,1637/obj/lora/8c1f6461900021bd/gateway_rssi,-106.0,24e124fffef94d5c
1781656776,1637,1634,1637/obj/lora/8c1f6461900021bd/gateway_snr,1.7999999523162842,24e124fffef94d5c
1781656776,1637,1634,1637/obj/lora/8c1f6461900021bd/bandwidth,125000.0,
1781656776,1637,1634,1637/obj/lora/8c1f6461900021bd/ambient_temp,21.5,
1781656776,1637,1634,1637/obj/lora/8c1f6461900021bd/water_temp_min,21.5,
1781656776,1637,1634,1637/obj/lora/8c1f6461900021bd/leak_status,0.0,
1781656776,1637,1634,1637/obj/lora/8c1f6461900021bd/battery,3576.0,
1781656776,1637,1634,1637/obj/lora/8c1f6461900021bd/spreading_factor,7.0,
1781656994,1637,1634,1637/obj/lora/24e124725d489523/battery,39.0,
1781656994,1637,1634,1637/obj/lora/24e124725d489523/,0.0,
1781656994,1637,1634,1637/obj/lora/24e124725d489523/payload,85.0,0175270367cd00046868
1781656994,1637,1634,1637/obj/lora/24e124725d489523/gateway_rssi,-106.0,24e124fffef949f8
1781656994,1637,1634,1637/obj/lora/24e124725d489523/gateway_snr,6.0,24e124fffef949f8
1781656994,1637,1634,1637/obj/lora/24e124725d489523/spreading_factor,7.0,
1781656994,1637,1634,1637/obj/lora/24e124725d489523/bandwidth,125000.0,
1781656994,1637,1634,1637/obj/lora/24e124725d489523/humidity,52.0,
1781656994,1637,1634,1637/obj/lora/24e124725d489523/temperature,20.5,
1781656994,1637,1634,1637/obj/lora/24e124725d489523/frame_counter,7470.0,
1781657147,1637,1634,1637/obj/lora/8c1f64619000227c/water_temp_min,22.5,
1781657147,1637,1634,1637/obj/lora/8c1f64619000227c/total_volume,12937.0,
1781657147,1637,1634,1637/obj/lora/8c1f64619000227c/water_temp_max,23.0,
1781657147,1637,1634,1637/obj/lora/8c1f64619000227c/battery_recovered,3664.0,
1781657147,1637,1634,1637/obj/lora/8c1f64619000227c/gateway_rssi,-111.0,24e124fffef949f8
1781657147,1637,1634,1637/obj/lora/8c1f64619000227c/ambient_temp,23.5,
1781657147,1637,1634,1637/obj/lora/8c1f64619000227c/error_code,0.0,
1781657147,1637,1634,1637/obj/lora/8c1f64619000227c/,0.0,
1781657147,1637,1634,1637/obj/lora/8c1f64619000227c/payload,1.0,30510903000089320000e7ad040030430903bffecb0002dee9555657
1781657147,1637,1634,1637/obj/lora/8c1f64619000227c/gateway_snr,0.0,24e124fffef949f8
1781657147,1637,1634,1637/obj/lora/8c1f64619000227c/frame_counter,7512.0,
1781657147,1637,1634,1637/obj/lora/8c1f64619000227c/battery,3576.0,
1781657147,1637,1634,1637/obj/lora/8c1f64619000227c/spreading_factor,7.0,
1781657147,1637,1634,1637/obj/lora/8c1f64619000227c/bandwidth,125000.0,
1781657147,1637,1634,1637/obj/lora/8c1f64619000227c/leak_status,2.0,
1781657177,1637,1634,1637/obj/lora/8c1f646190001c1f/total_volume,44050.0,
1781657177,1637,1634,1637/obj/lora/8c1f646190001c1f/,0.0,
1781657177,1637,1634,1637/obj/lora/8c1f646190001c1f/gateway_snr,6.0,24e124fffef949f8
1781657177,1637,1634,1637/obj/lora/8c1f646190001c1f/bandwidth,125000.0,
1781657177,1637,1634,1637/obj/lora/8c1f646190001c1f/spreading_factor,7.0,
1781657177,1637,1634,1637/obj/lora/8c1f64619000171c/total_volume,17945.0,
1781657177,1637,1634,1637/obj/lora/8c1f64619000171c/ambient_temp,23.5,
1781657177,1637,1634,1637/obj/lora/8c1f64619000171c/bandwidth,125000.0,
1781657177,1637,1634,1637/obj/lora/8c1f646190001c1f/leak_status,2.0,
1781657177,1637,1634,1637/obj/lora/8c1f64619000171c/leak_status,2.0,
1781657177,1637,1634,1637/obj/lora/8c1f64619000171c/battery,3648.0,
1781657177,1637,1634,1637/obj/lora/8c1f64619000171c/battery_recovered,3672.0,
1781657177,1637,1634,1637/obj/lora/8c1f646190001c1f/gateway_rssi,-106.0,24e124fffef949f8
1781657177,1637,1634,1637/obj/lora/8c1f64619000171c/water_temp_max,24.0,
1781657177,1637,1634,1637/obj/lora/8c1f64619000171c/payload,1.0,192f0d030000194600001200000033210d033201460202e7ea575857
1781657177,1637,1634,1637/obj/lora/8c1f64619000171c/water_temp_min,23.5,
1781657177,1637,1634,1637/obj/lora/8c1f64619000171c/frame_counter,3598.0,
1781657177,1637,1634,1637/obj/lora/8c1f646190001c1f/payload,1.0,2d740903000012ac0000000000007e6b0903ee00501402e4ec575756
1781657177,1637,1634,1637/obj/lora/8c1f646190001c1f/frame_counter,1933.0,
1781657177,1637,1634,1637/obj/lora/8c1f646190001c1f/error_code,0.0,
1781657177,1637,1634,1637/obj/lora/8c1f646190001c1f/water_temp_min,23.5,
1781657177,1637,1634,1637/obj/lora/8c1f646190001c1f/battery_recovered,3688.0,
1781657177,1637,1634,1637/obj/lora/8c1f64619000171c/,0.0,
1781657177,1637,1634,1637/obj/lora/8c1f646190001c1f/water_temp_max,23.5,
1781657177,1637,1634,1637/obj/lora/8c1f64619000171c/error_code,0.0,
1781657177,1637,1634,1637/obj/lora/8c1f64619000171c/gateway_snr,5.0,24e124fffef949f8
1781657177,1637,1634,1637/obj/lora/8c1f646190001c1f/ambient_temp,23.0,
1781657177,1637,1634,1637/obj/lora/8c1f646190001c1f/battery,3624.0,
1781657177,1637,1634,1637/obj/lora/8c1f64619000171c/gateway_rssi,-108.0,24e124fffef949f8
1781657177,1637,1634,1637/obj/lora/8c1f64619000171c/spreading_factor,7.0,
1781657277,1637,1634,1637/obj/lora/8c1f646190001fc1/battery_recovered,3640.0,
1781657277,1637,1634,1637/obj/lora/8c1f646190001fc1/water_temp_min,21.5,
1781657277,1637,1634,1637/obj/lora/8c1f646190001fc1/gateway_rssi,-95.0,24e124fffef94d5c
1781657277,1637,1634,1637/obj/lora/8c1f646190001fc1/battery,3568.0,
1781657277,1637,1634,1637/obj/lora/8c1f646190001fc1/ambient_temp,21.5,
1781657277,1637,1634,1637/obj/lora/8c1f646190001fc1/,0.0,
1781657277,1637,1634,1637/obj/lora/8c1f646190001fc1/water_temp_max,21.5,
1781657277,1637,1634,1637/obj/lora/8c1f646190001fc1/frame_counter,6889.0,
1781657277,1637,1634,1637/obj/lora/8c1f646190001fc1/leak_status,2.0,
1781657277,1637,1634,1637/obj/lora/8c1f646190001fc1/error_code,0.0,
1781657277,1637,1634,1637/obj/lora/8c1f646190001fc1/gateway_snr,11.199999809265137,24e124fffef94d5c
1781657277,1637,1634,1637/obj/lora/8c1f646190001fc1/total_volume,50535.0,
1781657277,1637,1634,1637/obj/lora/8c1f646190001fc1/bandwidth,125000.0,
1781657277,1637,1634,1637/obj/lora/8c1f646190001fc1/spreading_factor,7.0,
1781657277,1637,1634,1637/obj/lora/8c1f646190001fc1/payload,1.0,037a0903000067c50000291a0a00046c09031707180d02dde6535353
1781657365,1637,1634,1637/obj/lora/8c1f646190001501/battery_recovered,3696.0,
1781657365,1637,1634,1637/obj/lora/8c1f646190001501/ambient_temp,22.0,
1781657365,1637,1634,1637/obj/lora/8c1f646190001501/error_code,0.0,
1781657365,1637,1634,1637/obj/lora/8c1f646190001501/,0.0,
1781657365,1637,1634,1637/obj/lora/8c1f646190001501/frame_counter,3286.0,
1781657365,1637,1634,1637/obj/lora/8c1f646190001501/gateway_rssi,-101.0,24e124fffef949f8
1781657365,1637,1634,1637/obj/lora/8c1f646190001501/water_temp_max,22.0,
1781657365,1637,1634,1637/obj/lora/8c1f646190001501/total_volume,21709.0,
1781657365,1637,1634,1637/obj/lora/8c1f646190001501/leak_status,2.0,
1781657365,1637,1634,1637/obj/lora/8c1f646190001501/payload,1.0,72780e030000cd540000028e06006b6a0e035603430402eaed545454
1781657365,1637,1634,1637/obj/lora/8c1f646190001501/spreading_factor,7.0,
1781657365,1637,1634,1637/obj/lora/8c1f646190001501/gateway_snr,10.0,24e124fffef949f8
1781657365,1637,1634,1637/obj/lora/8c1f646190001501/battery,3672.0,
1781657365,1637,1634,1637/obj/lora/8c1f646190001501/bandwidth,125000.0,
1781657365,1637,1634,1637/obj/lora/8c1f646190001501/water_temp_min,22.0,
1781657371,1637,1634,1637/obj/lora/8c1f646190001bea/leak_status,2.0,
1781657371,1637,1634,1637/obj/lora/8c1f646190001bea/water_temp_max,43.5,
1781657371,1637,1634,1637/obj/lora/8c1f646190001bea/battery_recovered,3656.0,
1781657371,1637,1634,1637/obj/lora/8c1f646190001bea/ambient_temp,25.0,
1781657371,1637,1634,1637/obj/lora/8c1f646190001bea/gateway_rssi,-106.0,24e124fffef94d5c
1781657371,1637,1634,1637/obj/lora/8c1f646190001bea/,0.0,
1781657371,1637,1634,1637/obj/lora/8c1f646190001bea/spreading_factor,7.0,
1781657371,1637,1634,1637/obj/lora/8c1f646190001bea/frame_counter,7686.0,
1781657371,1637,1634,1637/obj/lora/8c1f646190001bea/total_volume,34015.0,
1781657371,1637,1634,1637/obj/lora/8c1f646190001bea/battery,3616.0,
1781657371,1637,1634,1637/obj/lora/8c1f646190001bea/bandwidth,125000.0,
1781657371,1637,1634,1637/obj/lora/8c1f646190001bea/payload,1.0,de6409030000df840000206c0c00fa5b09036c036e0402e3e85b7f5a
1781657371,1637,1634,1637/obj/lora/8c1f646190001bea/gateway_snr,1.0,24e124fffef94d5c
1781657371,1637,1634,1637/obj/lora/8c1f646190001bea/water_temp_min,25.5,
1781657371,1637,1634,1637/obj/lora/8c1f646190001bea/error_code,0.0,
1781657505,1637,1634,1637/obj/lora/8c1f646190001833/battery_recovered,3672.0,
1781657505,1637,1634,1637/obj/lora/8c1f646190001833/frame_counter,5843.0,
1781657505,1637,1634,1637/obj/lora/8c1f646190001833/spreading_factor,7.0,
1781657505,1637,1634,1637/obj/lora/8c1f646190001833/ambient_temp,22.0,
1781657505,1637,1634,1637/obj/lora/8c1f646190001833/total_volume,11814.0,
1781657505,1637,1634,1637/obj/lora/8c1f646190001833/,0.0,
1781657505,1637,1634,1637/obj/lora/8c1f646190001833/battery,3592.0,
1781657505,1637,1634,1637/obj/lora/8c1f646190001833/water_temp_max,21.5,
1781657505,1637,1634,1637/obj/lora/8c1f646190001833/leak_status,2.0,
1781657505,1637,1634,1637/obj/lora/8c1f646190001833/water_temp_min,21.5,
1781657505,1637,1634,1637/obj/lora/8c1f646190001833/gateway_snr,3.799999952316284,24e124fffef94d5c
1781657505,1637,1634,1637/obj/lora/8c1f646190001833/gateway_rssi,-105.0,24e124fffef94d5c
1781657505,1637,1634,1637/obj/lora/8c1f646190001833/payload,1.0,1d3d09030000262e000000000000292f0903a504880102e0ea535354
1781657505,1637,1634,1637/obj/lora/8c1f646190001833/error_code,0.0,
1781657505,1637,1634,1637/obj/lora/8c1f646190001833/bandwidth,125000.0,
1781657594,1637,1634,1637/obj/lora/24e124725d489523/gateway_snr,7.0,24e124fffef949f8
1781657594,1637,1634,1637/obj/lora/24e124725d489523/gateway_rssi,-106.0,24e124fffef949f8
1781657594,1637,1634,1637/obj/lora/24e124725d489523/bandwidth,125000.0,
1781657594,1637,1634,1637/obj/lora/24e124725d489523/temperature,20.5,
1781657594,1637,1634,1637/obj/lora/24e124725d489523/frame_counter,7471.0,
1781657594,1637,1634,1637/obj/lora/24e124725d489523/spreading_factor,7.0,
1781657594,1637,1634,1637/obj/lora/24e124725d489523/battery,39.0,
1781657594,1637,1634,1637/obj/lora/24e124725d489523/,0.0,
1781657594,1637,1634,1637/obj/lora/24e124725d489523/payload,85.0,0175270367cd00046868
1781657594,1637,1634,1637/obj/lora/24e124725d489523/humidity,52.0,
1781657673,1637,1634,1637/obj/lora/8c1f6461900021e8/payload,1.0,c286090300008fb600007d610700d9780903d6fe900702e7eb5a5a57
1781657673,1637,1634,1637/obj/lora/8c1f6461900021e8/water_temp_max,25.0,
1781657673,1637,1634,1637/obj/lora/8c1f6461900021e8/spreading_factor,7.0,
1781657673,1637,1634,1637/obj/lora/8c1f6461900021e8/frame_counter,3446.0,
1781657673,1637,1634,1637/obj/lora/8c1f6461900021e8/gateway_snr,4.5,24e124fffef949f8
1781657673,1637,1634,1637/obj/lora/8c1f6461900021e8/battery,3648.0,
1781657673,1637,1634,1637/obj/lora/8c1f6461900021e8/battery_recovered,3680.0,
1781657673,1637,1634,1637/obj/lora/8c1f6461900021e8/total_volume,46735.0,
1781657673,1637,1634,1637/obj/lora/8c1f6461900021e8/gateway_rssi,-109.0,24e124fffef949f8
1781657673,1637,1634,1637/obj/lora/8c1f6461900021e8/error_code,0.0,
1781657673,1637,1634,1637/obj/lora/8c1f6461900021e8/water_temp_min,25.0,
1781657673,1637,1634,1637/obj/lora/8c1f6461900021e8/,0.0,
1781657673,1637,1634,1637/obj/lora/8c1f6461900021e8/leak_status,2.0,
1781657673,1637,1634,1637/obj/lora/8c1f6461900021e8/bandwidth,125000.0,
1781657673,1637,1634,1637/obj/lora/8c1f6461900021e8/ambient_temp,23.5,
1781657685,1637,1634,1637/obj/lora/8c1f646190001ebd/battery,3664.0,
1781657685,1637,1634,1637/obj/lora/8c1f646190001ebd/battery_recovered,3696.0,
1781657685,1637,1634,1637/obj/lora/8c1f646190001ebd/water_temp_min,23.0,
1781657685,1637,1634,1637/obj/lora/8c1f646190001ebd/spreading_factor,7.0,
1781657685,1637,1634,1637/obj/lora/8c1f646190001ebd/payload,1.0,a17d09030000d06a000000000000a16f0903bd04360c02e9ed565655
1781657685,1637,1634,1637/obj/lora/8c1f646190001ebd/error_code,0.0,
1781657685,1637,1634,1637/obj/lora/8c1f646190001ebd/gateway_rssi,-106.0,24e124fffef949f8
1781657685,1637,1634,1637/obj/lora/8c1f646190001ebd/water_temp_max,23.0,
1781657685,1637,1634,1637/obj/lora/8c1f646190001ebd/,0.0,
1781657685,1637,1634,1637/obj/lora/8c1f646190001ebd/total_volume,27344.0,
1781657685,1637,1634,1637/obj/lora/8c1f646190001ebd/bandwidth,125000.0,
1781657685,1637,1634,1637/obj/lora/8c1f646190001ebd/ambient_temp,22.5,
1781657685,1637,1634,1637/obj/lora/8c1f646190001ebd/leak_status,2.0,
1781657685,1637,1634,1637/obj/lora/8c1f646190001ebd/frame_counter,7917.0,
1781657685,1637,1634,1637/obj/lora/8c1f646190001ebd/gateway_snr,5.800000190734863,24e124fffef949f8
1781657756,1637,1634,1637/obj/lora/8c1f6461900021c5/gateway_rssi,-108.0,24e124fffef949f8
1781657756,1637,1634,1637/obj/lora/8c1f6461900021c5/bandwidth,125000.0,
1781657756,1637,1634,1637/obj/lora/8c1f6461900021c5/frame_counter,6811.0,
1781657756,1637,1634,1637/obj/lora/8c1f6461900021c5/battery_recovered,3664.0,
1781657756,1637,1634,1637/obj/lora/8c1f6461900021c5/gateway_snr,3.0,24e124fffef949f8
1781657756,1637,1634,1637/obj/lora/8c1f6461900021c5/total_volume,12224.0,
1781657756,1637,1634,1637/obj/lora/8c1f6461900021c5/water_temp_min,19.5,
1781657756,1637,1634,1637/obj/lora/8c1f6461900021c5/payload,1.0,047309030000c02f0000000000001969090364f3cb0102e1e94f5155
1781657756,1637,1634,1637/obj/lora/8c1f6461900021c5/ambient_temp,22.5,
1781657756,1637,1634,1637/obj/lora/8c1f6461900021c5/leak_status,2.0,
1781657756,1637,1634,1637/obj/lora/8c1f6461900021c5/water_temp_max,20.5,
1781657756,1637,1634,1637/obj/lora/8c1f6461900021c5/battery,3600.0,
1781657756,1637,1634,1637/obj/lora/8c1f6461900021c5/,0.0,
1781657756,1637,1634,1637/obj/lora/8c1f6461900021c5/error_code,0.0,
1781657756,1637,1634,1637/obj/lora/8c1f6461900021c5/spreading_factor,7.0,
1781657803,1637,1634,1637/obj/lora/8c1f646190001901/frame_counter,7660.0,
1781657803,1637,1634,1637/obj/lora/8c1f646190001901/battery,3592.0,
1781657803,1637,1634,1637/obj/lora/8c1f646190001901/spreading_factor,7.0,
1781657803,1637,1634,1637/obj/lora/8c1f646190001901/total_volume,13532.0,
1781657803,1637,1634,1637/obj/lora/8c1f646190001901/payload,1.0,c27709030000dc34000005000000f3690903ad002f0202e0e9545a58
1781657803,1637,1634,1637/obj/lora/8c1f646190001901/gateway_snr,6.0,24e124fffef94d5c
1781657803,1637,1634,1637/obj/lora/8c1f646190001901/water_temp_max,25.0,
1781657803,1637,1634,1637/obj/lora/8c1f646190001901/,0.0,
1781657803,1637,1634,1637/obj/lora/8c1f646190001901/error_code,0.0,
1781657803,1637,1634,1637/obj/lora/8c1f646190001901/ambient_temp,24.0,
1781657803,1637,1634,1637/obj/lora/8c1f646190001901/bandwidth,125000.0,
1781657803,1637,1634,1637/obj/lora/8c1f646190001901/gateway_rssi,-102.0,24e124fffef94d5c
1781657803,1637,1634,1637/obj/lora/8c1f646190001901/battery_recovered,3664.0,
1781657803,1637,1634,1637/obj/lora/8c1f646190001901/leak_status,2.0,
1781657803,1637,1634,1637/obj/lora/8c1f646190001901/water_temp_min,22.0,
1781657875,1637,1634,1637/obj/lora/8c1f646190001592/total_volume,33675.0,
1781657875,1637,1634,1637/obj/lora/8c1f646190001592/,0.0,
1781657875,1637,1634,1637/obj/lora/8c1f646190001592/error_code,0.0,
1781657875,1637,1634,1637/obj/lora/8c1f646190001592/battery,3608.0,
1781657875,1637,1634,1637/obj/lora/8c1f646190001592/water_temp_max,22.5,
1781657875,1637,1634,1637/obj/lora/8c1f646190001592/spreading_factor,7.0,
1781657875,1637,1634,1637/obj/lora/8c1f646190001592/leak_status,2.0,
1781657875,1637,1634,1637/obj/lora/8c1f646190001592/water_temp_min,22.0,
1781657875,1637,1634,1637/obj/lora/8c1f646190001592/battery_recovered,3672.0,
1781657875,1637,1634,1637/obj/lora/8c1f646190001592/frame_counter,3616.0,
1781657875,1637,1634,1637/obj/lora/8c1f646190001592/gateway_snr,8.0,24e124fffef949f8
1781657875,1637,1634,1637/obj/lora/8c1f646190001592/bandwidth,125000.0,
1781657875,1637,1634,1637/obj/lora/8c1f646190001592/ambient_temp,22.0,
1781657875,1637,1634,1637/obj/lora/8c1f646190001592/gateway_rssi,-103.0,24e124fffef949f8
1781657875,1637,1634,1637/obj/lora/8c1f646190001592/payload,1.0,0a57090300008b8300009eba0b003b490903f8007f0302e2ea545554
1781657908,1637,1634,1637/obj/lora/8c1f646190001c9b/spreading_factor,7.0,
1781657908,1637,1634,1637/obj/lora/8c1f646190001c9b/gateway_rssi,-104.0,24e124fffef94d5c
1781657908,1637,1634,1637/obj/lora/8c1f646190001c9b/payload,1.0,0a720903000099b60000d0930e003b64090344028a0602e4e77b7c5a
1781657908,1637,1634,1637/obj/lora/8c1f646190001c9b/battery,3624.0,
1781657908,1637,1634,1637/obj/lora/8c1f646190001c9b/ambient_temp,25.0,
1781657908,1637,1634,1637/obj/lora/8c1f646190001c9b/frame_counter,7504.0,
1781657908,1637,1634,1637/obj/lora/8c1f646190001c9b/battery_recovered,3648.0,
1781657908,1637,1634,1637/obj/lora/8c1f646190001c9b/total_volume,46745.0,
1781657908,1637,1634,1637/obj/lora/8c1f646190001c9b/water_temp_min,41.5,
1781657908,1637,1634,1637/obj/lora/8c1f646190001c9b/gateway_snr,5.199999809265137,24e124fffef94d5c
1781657908,1637,1634,1637/obj/lora/8c1f646190001c9b/water_temp_max,42.0,
1781657908,1637,1634,1637/obj/lora/8c1f646190001c9b/error_code,0.0,
1781657908,1637,1634,1637/obj/lora/8c1f646190001c9b/leak_status,2.0,
1781657908,1637,1634,1637/obj/lora/8c1f646190001c9b/bandwidth,125000.0,
1781657908,1637,1634,1637/obj/lora/8c1f646190001c9b/,0.0,
1781657937,1637,1634,1637/obj/lora/8c1f646190001947/water_temp_min,22.0,
1781657937,1637,1634,1637/obj/lora/8c1f646190001947/ambient_temp,22.0,
1781657937,1637,1634,1637/obj/lora/8c1f646190001947/gateway_snr,4.0,24e124fffef94d5c
1781657937,1637,1634,1637/obj/lora/8c1f646190001947/frame_counter,7360.0,
1781657937,1637,1634,1637/obj/lora/8c1f646190001947/water_temp_max,22.5,
1781657937,1637,1634,1637/obj/lora/8c1f646190001947/gateway_rssi,-104.0,24e124fffef94d5c
1781657937,1637,1634,1637/obj/lora/8c1f646190001947/error_code,0.0,
1781657937,1637,1634,1637/obj/lora/8c1f646190001947/bandwidth,125000.0,
1781657937,1637,1634,1637/obj/lora/8c1f646190001947/spreading_factor,7.0,
1781657937,1637,1634,1637/obj/lora/8c1f646190001947/battery,3592.0,
1781657937,1637,1634,1637/obj/lora/8c1f646190001947/total_volume,38253.0,
1781657937,1637,1634,1637/obj/lora/8c1f646190001947/payload,1.0,7a91090300006d950000000000006f8309038f04560902e0e8545554
1781657937,1637,1634,1637/obj/lora/8c1f646190001947/,0.0,
1781657937,1637,1634,1637/obj/lora/8c1f646190001947/leak_status,2.0,
1781657937,1637,1634,1637/obj/lora/8c1f646190001947/battery_recovered,3656.0,
1781657964,1637,1634,1637/obj/lora/8c1f64619000177c/battery,3616.0,
1781657964,1637,1634,1637/obj/lora/8c1f64619000177c/water_temp_min,21.5,
1781657964,1637,1634,1637/obj/lora/8c1f64619000177c/payload,1.0,4558090300007fe1000000000000000000000000000000e3eb535455
1781657964,1637,1634,1637/obj/lora/8c1f64619000177c/gateway_rssi,-99.0,24e124fffef949f8
1781657964,1637,1634,1637/obj/lora/8c1f64619000177c/water_temp_max,22.0,
1781657964,1637,1634,1637/obj/lora/8c1f64619000177c/error_code,0.0,
1781657964,1637,1634,1637/obj/lora/8c1f64619000177c/frame_counter,6443.0,
1781657964,1637,1634,1637/obj/lora/8c1f64619000177c/,0.0,
1781657964,1637,1634,1637/obj/lora/8c1f64619000177c/ambient_temp,22.5,
1781657964,1637,1634,1637/obj/lora/8c1f64619000177c/gateway_snr,9.199999809265137,24e124fffef949f8
1781657964,1637,1634,1637/obj/lora/8c1f64619000177c/leak_status,0.0,
1781657964,1637,1634,1637/obj/lora/8c1f64619000177c/bandwidth,125000.0,
1781657964,1637,1634,1637/obj/lora/8c1f64619000177c/battery_recovered,3680.0,
1781657964,1637,1634,1637/obj/lora/8c1f64619000177c/spreading_factor,7.0,
1781657964,1637,1634,1637/obj/lora/8c1f64619000177c/total_volume,57727.0,
1781657986,1637,1634,1637/obj/lora/8c1f646190001c1c/bandwidth,125000.0,
1781657986,1637,1634,1637/obj/lora/8c1f646190001c1c/spreading_factor,7.0,
1781657986,1637,1634,1637/obj/lora/8c1f646190001c1c/payload,1.0,54510d030000319900004d0b0b0080430d03d5fe4a0702e4e8545554
1781657986,1637,1634,1637/obj/lora/8c1f646190001c1c/error_code,0.0,
1781657986,1637,1634,1637/obj/lora/8c1f646190001c1c/water_temp_max,22.5,
1781657986,1637,1634,1637/obj/lora/8c1f646190001c1c/frame_counter,3662.0,
1781657986,1637,1634,1637/obj/lora/8c1f646190001c1c/total_volume,39217.0,
1781657986,1637,1634,1637/obj/lora/8c1f646190001c1c/gateway_rssi,-111.0,24e124fffef949f8
1781657986,1637,1634,1637/obj/lora/8c1f646190001c1c/water_temp_min,22.0,
1781657986,1637,1634,1637/obj/lora/8c1f646190001c1c/battery_recovered,3656.0,
1781657986,1637,1634,1637/obj/lora/8c1f646190001c1c/gateway_snr,0.20000000298023224,24e124fffef949f8
1781657986,1637,1634,1637/obj/lora/8c1f646190001c1c/battery,3624.0,
1781657986,1637,1634,1637/obj/lora/8c1f646190001c1c/,0.0,
1781657986,1637,1634,1637/obj/lora/8c1f646190001c1c/ambient_temp,22.0,
1781657986,1637,1634,1637/obj/lora/8c1f646190001c1c/leak_status,2.0,
1781658075,1637,1634,1637/obj/lora/8c1f6461900021db/error_code,0.0,
1781658075,1637,1634,1637/obj/lora/8c1f6461900021db/spreading_factor,7.0,
1781658075,1637,1634,1637/obj/lora/8c1f6461900021db/battery_recovered,3664.0,
1781658075,1637,1634,1637/obj/lora/8c1f6461900021db/frame_counter,7752.0,
1781658075,1637,1634,1637/obj/lora/8c1f6461900021db/bandwidth,125000.0,
1781658075,1637,1634,1637/obj/lora/8c1f6461900021db/,0.0,
1781658075,1637,1634,1637/obj/lora/8c1f6461900021db/battery,3576.0,
1781658075,1637,1634,1637/obj/lora/8c1f6461900021db/payload,1.0,824f09030000d13a0000694f05008141090324ff040102dee9515152
1781658075,1637,1634,1637/obj/lora/8c1f6461900021db/water_temp_max,20.5,
1781658075,1637,1634,1637/obj/lora/8c1f6461900021db/ambient_temp,21.0,
1781658075,1637,1634,1637/obj/lora/8c1f6461900021db/gateway_snr,1.5,24e124fffef94d5c
1781658075,1637,1634,1637/obj/lora/8c1f6461900021db/gateway_rssi,-107.0,24e124fffef94d5c
1781658075,1637,1634,1637/obj/lora/8c1f6461900021db/leak_status,2.0,
1781658075,1637,1634,1637/obj/lora/8c1f6461900021db/total_volume,15057.0,
1781658075,1637,1634,1637/obj/lora/8c1f6461900021db/water_temp_min,20.5,
1781658172,1637,1634,1637/obj/lora/8c1f6461900020d1/leak_status,2.0,
1781658172,1637,1634,1637/obj/lora/8c1f6461900020d1/ambient_temp,23.5,
1781658172,1637,1634,1637/obj/lora/8c1f6461900020d1/gateway_snr,6.800000190734863,24e124fffef949f8
1781658172,1637,1634,1637/obj/lora/8c1f6461900020d1/battery,3576.0,
1781658172,1637,1634,1637/obj/lora/8c1f6461900020d1/battery_recovered,3648.0,
1781658172,1637,1634,1637/obj/lora/8c1f6461900020d1/total_volume,13636.0,
1781658172,1637,1634,1637/obj/lora/8c1f6461900020d1/gateway_rssi,-106.0,24e124fffef949f8
1781658172,1637,1634,1637/obj/lora/8c1f6461900020d1/,0.0,
1781658172,1637,1634,1637/obj/lora/8c1f6461900020d1/water_temp_max,23.0,
1781658172,1637,1634,1637/obj/lora/8c1f6461900020d1/bandwidth,125000.0,
1781658172,1637,1634,1637/obj/lora/8c1f6461900020d1/water_temp_min,23.0,
1781658172,1637,1634,1637/obj/lora/8c1f6461900020d1/payload,1.0,23540903000044350000e6fd04002c4609030a04500102dee7565657
1781658172,1637,1634,1637/obj/lora/8c1f6461900020d1/frame_counter,6342.0,
1781658172,1637,1634,1637/obj/lora/8c1f6461900020d1/spreading_factor,7.0,
1781658172,1637,1634,1637/obj/lora/8c1f6461900020d1/error_code,0.0,
1781658196,1637,1634,1637/obj/lora/24e124725d489523/bandwidth,125000.0,
1781658196,1637,1634,1637/obj/lora/24e124725d489523/battery,39.0,
1781658196,1637,1634,1637/obj/lora/24e124725d489523/payload,85.0,0175270367cd00046868
1781658196,1637,1634,1637/obj/lora/24e124725d489523/spreading_factor,7.0,
1781658196,1637,1634,1637/obj/lora/24e124725d489523/frame_counter,7472.0,
1781658196,1637,1634,1637/obj/lora/24e124725d489523/temperature,20.5,
1781658196,1637,1634,1637/obj/lora/24e124725d489523/humidity,52.0,
1781658196,1637,1634,1637/obj/lora/24e124725d489523/,0.0,
1781658196,1637,1634,1637/obj/lora/24e124725d489523/gateway_rssi,-106.0,24e124fffef949f8
1781658196,1637,1634,1637/obj/lora/24e124725d489523/gateway_snr,4.5,24e124fffef949f8
1781658218,1637,1634,1637/obj/lora/8c1f6461900019cb/gateway_rssi,-104.0,24e124fffef94d5c
1781658218,1637,1634,1637/obj/lora/8c1f6461900019cb/payload,1.0,c254090300003d29000000000000bb4609039e00070502e0ec505050
1781658218,1637,1634,1637/obj/lora/8c1f6461900019cb/frame_counter,7810.0,
1781658218,1637,1634,1637/obj/lora/8c1f6461900019cb/spreading_factor,7.0,
1781658218,1637,1634,1637/obj/lora/8c1f6461900019cb/error_code,0.0,
1781658218,1637,1634,1637/obj/lora/8c1f6461900019cb/gateway_snr,3.5,24e124fffef94d5c
1781658218,1637,1634,1637/obj/lora/8c1f6461900019cb/ambient_temp,20.0,
1781658218,1637,1634,1637/obj/lora/8c1f6461900019cb/water_temp_max,20.0,
1781658218,1637,1634,1637/obj/lora/8c1f6461900019cb/bandwidth,125000.0,
1781658218,1637,1634,1637/obj/lora/8c1f6461900019cb/,0.0,
1781658218,1637,1634,1637/obj/lora/8c1f6461900019cb/total_volume,10557.0,
1781658218,1637,1634,1637/obj/lora/8c1f6461900019cb/battery,3592.0,
1781658218,1637,1634,1637/obj/lora/8c1f6461900019cb/water_temp_min,20.0,
1781658218,1637,1634,1637/obj/lora/8c1f6461900019cb/leak_status,2.0,
1781658218,1637,1634,1637/obj/lora/8c1f6461900019cb/battery_recovered,3688.0,
1781658225,1637,1634,1637/obj/lora/8c1f64619000170a/error_code,0.0,
1781658225,1637,1634,1637/obj/lora/8c1f64619000170a/ambient_temp,23.5,
1781658225,1637,1634,1637/obj/lora/8c1f64619000170a/total_volume,154735.0,
1781658225,1637,1634,1637/obj/lora/8c1f64619000170a/water_temp_max,23.5,
1781658225,1637,1634,1637/obj/lora/8c1f64619000170a/spreading_factor,7.0,
1781658225,1637,1634,1637/obj/lora/8c1f64619000170a/gateway_rssi,-103.0,24e124fffef94d5c
1781658225,1637,1634,1637/obj/lora/8c1f64619000170a/,0.0,
1781658225,1637,1634,1637/obj/lora/8c1f64619000170a/bandwidth,125000.0,
1781658225,1637,1634,1637/obj/lora/8c1f64619000170a/battery,3608.0,
1781658225,1637,1634,1637/obj/lora/8c1f64619000170a/leak_status,2.0,
1781658225,1637,1634,1637/obj/lora/8c1f64619000170a/payload,1.0,7597090300006f5c02007c270600a6890903bd1c040d02e2eb565757
1781658225,1637,1634,1637/obj/lora/8c1f64619000170a/battery_recovered,3680.0,
1781658225,1637,1634,1637/obj/lora/8c1f64619000170a/water_temp_min,23.0,
1781658225,1637,1634,1637/obj/lora/8c1f64619000170a/gateway_snr,4.199999809265137,24e124fffef94d5c
1781658225,1637,1634,1637/obj/lora/8c1f64619000170a/frame_counter,6649.0,
1781658282,1637,1634,1637/obj/lora/8c1f6461900021da/error_code,0.0,
1781658282,1637,1634,1637/obj/lora/8c1f6461900021da/total_volume,24734.0,
1781658282,1637,1634,1637/obj/lora/8c1f6461900021da/water_temp_max,22.5,
1781658282,1637,1634,1637/obj/lora/8c1f6461900021da/spreading_factor,7.0,
1781658282,1637,1634,1637/obj/lora/8c1f6461900021da/ambient_temp,22.0,
1781658282,1637,1634,1637/obj/lora/8c1f6461900021da/gateway_snr,7.0,24e124fffef94d5c
1781658282,1637,1634,1637/obj/lora/8c1f6461900021da/gateway_rssi,-101.0,24e124fffef94d5c
1781658282,1637,1634,1637/obj/lora/8c1f6461900021da/leak_status,2.0,
1781658282,1637,1634,1637/obj/lora/8c1f6461900021da/frame_counter,7485.0,
1781658282,1637,1634,1637/obj/lora/8c1f6461900021da/water_temp_min,22.0,
1781658282,1637,1634,1637/obj/lora/8c1f6461900021da/battery_recovered,3664.0,
1781658282,1637,1634,1637/obj/lora/8c1f6461900021da/,0.0,
1781658282,1637,1634,1637/obj/lora/8c1f6461900021da/bandwidth,125000.0,
1781658282,1637,1634,1637/obj/lora/8c1f6461900021da/battery,3592.0,
1781658282,1637,1634,1637/obj/lora/8c1f6461900021da/payload,1.0,4535090300009e600000f79008004c2709034305f20202e0e9545554
1781658304,1637,1634,1637/obj/lora/8c1f646190001963/total_volume,15800.0,
1781658304,1637,1634,1637/obj/lora/8c1f646190001963/water_temp_max,21.5,
1781658304,1637,1634,1637/obj/lora/8c1f646190001963/water_temp_min,21.5,
1781658304,1637,1634,1637/obj/lora/8c1f646190001963/gateway_snr,9.199999809265137,24e124fffef94d5c
1781658304,1637,1634,1637/obj/lora/8c1f646190001963/spreading_factor,7.0,
1781658304,1637,1634,1637/obj/lora/8c1f646190001963/battery,3592.0,
1781658304,1637,1634,1637/obj/lora/8c1f646190001963/error_code,0.0,
1781658304,1637,1634,1637/obj/lora/8c1f646190001963/bandwidth,125000.0,
1781658304,1637,1634,1637/obj/lora/8c1f646190001963/gateway_rssi,-96.0,24e124fffef94d5c
1781658304,1637,1634,1637/obj/lora/8c1f646190001963/payload,1.0,8c8f09030000b83d00000000000099810903a503a90702e0eb535352
1781658304,1637,1634,1637/obj/lora/8c1f646190001963/ambient_temp,21.0,
1781658304,1637,1634,1637/obj/lora/8c1f646190001963/,0.0,
1781658304,1637,1634,1637/obj/lora/8c1f646190001963/battery_recovered,3680.0,
1781658304,1637,1634,1637/obj/lora/8c1f646190001963/frame_counter,7729.0,
1781658304,1637,1634,1637/obj/lora/8c1f646190001963/leak_status,2.0,
1781658400,1637,1634,1637/obj/lora/8c1f646190001e41/spreading_factor,7.0,
1781658400,1637,1634,1637/obj/lora/8c1f646190001e41/payload,1.0,b98509030000f1a500005c110f00bb770903adfe6a0102e8ec808159
1781658400,1637,1634,1637/obj/lora/8c1f646190001e41/gateway_rssi,-107.0,24e124fffef949f8
1781658400,1637,1634,1637/obj/lora/8c1f646190001e41/water_temp_min,44.0,
1781658400,1637,1634,1637/obj/lora/8c1f646190001e41/error_code,0.0,
1781658400,1637,1634,1637/obj/lora/8c1f646190001e41/frame_counter,3556.0,
1781658400,1637,1634,1637/obj/lora/8c1f646190001e41/water_temp_max,44.5,
1781658400,1637,1634,1637/obj/lora/8c1f646190001e41/battery_recovered,3688.0,
1781658400,1637,1634,1637/obj/lora/8c1f646190001e41/gateway_snr,3.200000047683716,24e124fffef949f8
1781658400,1637,1634,1637/obj/lora/8c1f646190001e41/total_volume,42481.0,
1781658400,1637,1634,1637/obj/lora/8c1f646190001e41/leak_status,2.0,
1781658400,1637,1634,1637/obj/lora/8c1f646190001e41/bandwidth,125000.0,
1781658400,1637,1634,1637/obj/lora/8c1f646190001e41/,0.0,
1781658400,1637,1634,1637/obj/lora/8c1f646190001e41/ambient_temp,24.5,
1781658400,1637,1634,1637/obj/lora/8c1f646190001e41/battery,3656.0,
1781658454,1637,1634,1637/obj/lora/8c1f646190002120/leak_status,2.0,
1781658454,1637,1634,1637/obj/lora/8c1f646190002120/frame_counter,3613.0,
1781658454,1637,1634,1637/obj/lora/8c1f646190002120/spreading_factor,7.0,
1781658454,1637,1634,1637/obj/lora/8c1f646190002120/ambient_temp,22.0,
1781658454,1637,1634,1637/obj/lora/8c1f646190002120/bandwidth,125000.0,
1781658454,1637,1634,1637/obj/lora/8c1f646190002120/battery_recovered,3680.0,
1781658454,1637,1634,1637/obj/lora/8c1f646190002120/water_temp_min,22.0,
1781658454,1637,1634,1637/obj/lora/8c1f646190002120/,0.0,
1781658454,1637,1634,1637/obj/lora/8c1f646190002120/battery,3656.0,
1781658454,1637,1634,1637/obj/lora/8c1f646190002120/error_code,0.0,
1781658454,1637,1634,1637/obj/lora/8c1f646190002120/water_temp_max,22.5,
1781658454,1637,1634,1637/obj/lora/8c1f646190002120/gateway_snr,9.0,24e124fffef949f8
1781658454,1637,1634,1637/obj/lora/8c1f646190002120/gateway_rssi,-102.0,24e124fffef949f8
1781658454,1637,1634,1637/obj/lora/8c1f646190002120/total_volume,42375.0,
1781658454,1637,1634,1637/obj/lora/8c1f646190002120/payload,1.0,36720903000087a50000f5e70d004164090385007c0002e8eb545554
1781658486,1637,1634,1637/obj/lora/8c1f6461900015c1/leak_status,2.0,
1781658486,1637,1634,1637/obj/lora/8c1f6461900015c1/gateway_rssi,-94.0,24e124fffef94d5c
1781658486,1637,1634,1637/obj/lora/8c1f6461900015c1/water_temp_max,21.5,
1781658486,1637,1634,1637/obj/lora/8c1f6461900015c1/water_temp_min,21.5,
1781658486,1637,1634,1637/obj/lora/8c1f6461900015c1/spreading_factor,7.0,
1781658486,1637,1634,1637/obj/lora/8c1f6461900015c1/bandwidth,125000.0,
1781658486,1637,1634,1637/obj/lora/8c1f6461900015c1/battery_recovered,3688.0,
1781658486,1637,1634,1637/obj/lora/8c1f6461900015c1/total_volume,18981.0,
1781658486,1637,1634,1637/obj/lora/8c1f6461900015c1/,0.0,
1781658486,1637,1634,1637/obj/lora/8c1f6461900015c1/battery,3592.0,
1781658486,1637,1634,1637/obj/lora/8c1f6461900015c1/error_code,0.0,
1781658486,1637,1634,1637/obj/lora/8c1f6461900015c1/ambient_temp,21.5,
1781658486,1637,1634,1637/obj/lora/8c1f6461900015c1/frame_counter,7601.0,
1781658486,1637,1634,1637/obj/lora/8c1f6461900015c1/gateway_snr,11.199999809265137,24e124fffef94d5c
1781658486,1637,1634,1637/obj/lora/8c1f6461900015c1/payload,1.0,6a4c09030000254a000000000000693e0903bdfebd0102e0ec535353
1781658559,1637,1634,1637/obj/lora/8c1f646190001b0f/battery_recovered,3648.0,
1781658559,1637,1634,1637/obj/lora/8c1f646190001b0f/battery,3592.0,
1781658559,1637,1634,1637/obj/lora/8c1f646190001b0f/error_code,0.0,
1781658559,1637,1634,1637/obj/lora/8c1f646190001b0f/payload,1.0,af6e09030000f2890000e6e30a00ca6009036702650102e0e7555654
1781658559,1637,1634,1637/obj/lora/8c1f646190001b0f/leak_status,2.0,
1781658559,1637,1634,1637/obj/lora/8c1f646190001b0f/gateway_rssi,-111.0,24e124fffef94d5c
1781658559,1637,1634,1637/obj/lora/8c1f646190001b0f/frame_counter,6518.0,
1781658559,1637,1634,1637/obj/lora/8c1f646190001b0f/total_volume,35314.0,
1781658559,1637,1634,1637/obj/lora/8c1f646190001b0f/bandwidth,125000.0,
1781658559,1637,1634,1637/obj/lora/8c1f646190001b0f/,0.0,
1781658559,1637,1634,1637/obj/lora/8c1f646190001b0f/gateway_snr,-8.199999809265137,24e124fffef94d5c
1781658559,1637,1634,1637/obj/lora/8c1f646190001b0f/water_temp_min,22.5,
1781658559,1637,1634,1637/obj/lora/8c1f646190001b0f/water_temp_max,23.0,
1781658559,1637,1634,1637/obj/lora/8c1f646190001b0f/spreading_factor,7.0,
1781658559,1637,1634,1637/obj/lora/8c1f646190001b0f/ambient_temp,22.0,
1781658586,1637,1634,1637/obj/lora/8c1f64619000228d/water_temp_max,20.5,
1781658586,1637,1634,1637/obj/lora/8c1f64619000228d/ambient_temp,22.5,
1781658586,1637,1634,1637/obj/lora/8c1f64619000228d/water_temp_min,20.0,
1781658586,1637,1634,1637/obj/lora/8c1f64619000228d/spreading_factor,7.0,
1781658586,1637,1634,1637/obj/lora/8c1f64619000228d/battery_recovered,3648.0,
1781658586,1637,1634,1637/obj/lora/8c1f64619000228d/frame_counter,6423.0,
1781658586,1637,1634,1637/obj/lora/8c1f64619000228d/bandwidth,125000.0,
1781658586,1637,1634,1637/obj/lora/8c1f64619000228d/total_volume,18056.0,
1781658586,1637,1634,1637/obj/lora/8c1f64619000228d/gateway_snr,9.5,24e124fffef94d5c
1781658586,1637,1634,1637/obj/lora/8c1f64619000228d/leak_status,2.0,
1781658586,1637,1634,1637/obj/lora/8c1f64619000228d/payload,1.0,b03f0903000088460000000000000b320903590ddf0802e3e7505155
1781658586,1637,1634,1637/obj/lora/8c1f64619000228d/gateway_rssi,-97.0,24e124fffef94d5c
1781658586,1637,1634,1637/obj/lora/8c1f64619000228d/battery,3616.0,
1781658586,1637,1634,1637/obj/lora/8c1f64619000228d/error_code,0.0,
1781658586,1637,1634,1637/obj/lora/8c1f64619000228d/,0.0,
1781658587,1637,1634,1637/obj/lora/8c1f6461900014f5/ambient_temp,22.5,
1781658587,1637,1634,1637/obj/lora/8c1f6461900014f5/spreading_factor,7.0,
1781658587,1637,1634,1637/obj/lora/8c1f6461900014f5/total_volume,22134.0,
1781658587,1637,1634,1637/obj/lora/8c1f6461900014f5/gateway_rssi,-103.0,24e124fffef949f8
1781658587,1637,1634,1637/obj/lora/8c1f6461900014f5/water_temp_min,21.5,
1781658587,1637,1634,1637/obj/lora/8c1f6461900014f5/water_temp_max,22.0,
1781658587,1637,1634,1637/obj/lora/8c1f6461900014f5/error_code,0.0,
1781658587,1637,1634,1637/obj/lora/8c1f6461900014f5/leak_status,2.0,
1781658587,1637,1634,1637/obj/lora/8c1f6461900014f5/bandwidth,125000.0,
1781658587,1637,1634,1637/obj/lora/8c1f6461900014f5/gateway_snr,5.5,24e124fffef949f8
1781658587,1637,1634,1637/obj/lora/8c1f6461900014f5/,0.0,
1781658587,1637,1634,1637/obj/lora/8c1f6461900014f5/battery_recovered,3664.0,
1781658587,1637,1634,1637/obj/lora/8c1f6461900014f5/battery,3632.0,
1781658587,1637,1634,1637/obj/lora/8c1f6461900014f5/frame_counter,3572.0,
1781658587,1637,1634,1637/obj/lora/8c1f6461900014f5/payload,1.0,53550d030000765600000000000056470d03cbfd3c0b02e5e9535455
1781658659,1637,1634,1637/obj/lora/8c1f64619000177c/leak_status,0.0,
1781658659,1637,1634,1637/obj/lora/8c1f64619000177c/payload,1.0,354a090300007ae1000000000000000000000000000000e7eb535354
1781658659,1637,1634,1637/obj/lora/8c1f64619000177c/gateway_rssi,-100.0,24e124fffef949f8
1781658659,1637,1634,1637/obj/lora/8c1f64619000177c/gateway_snr,10.0,24e124fffef949f8
1781658659,1637,1634,1637/obj/lora/8c1f64619000177c/spreading_factor,7.0,
1781658659,1637,1634,1637/obj/lora/8c1f64619000177c/total_volume,57722.0,
1781658659,1637,1634,1637/obj/lora/8c1f64619000177c/ambient_temp,22.0,
1781658659,1637,1634,1637/obj/lora/8c1f64619000177c/bandwidth,125000.0,
1781658659,1637,1634,1637/obj/lora/8c1f64619000177c/battery,3648.0,
1781658659,1637,1634,1637/obj/lora/8c1f64619000177c/water_temp_max,21.5,
1781658659,1637,1634,1637/obj/lora/8c1f64619000177c/,0.0,
1781658659,1637,1634,1637/obj/lora/8c1f64619000177c/error_code,0.0,
1781658659,1637,1634,1637/obj/lora/8c1f64619000177c/frame_counter,6441.0,
1781658659,1637,1634,1637/obj/lora/8c1f64619000177c/battery_recovered,3680.0,
1781658659,1637,1634,1637/obj/lora/8c1f64619000177c/water_temp_min,21.5,
1781658680,1637,1634,1637/obj/lora/8c1f646190002222/error_code,0.0,
1781658680,1637,1634,1637/obj/lora/8c1f646190002222/payload,1.0,0144090300005d780000080000001f360903e401a50002e9ec555554
1781658680,1637,1634,1637/obj/lora/8c1f646190002222/battery,3664.0,
1781658680,1637,1634,1637/obj/lora/8c1f646190002222/spreading_factor,7.0,
1781658680,1637,1634,1637/obj/lora/8c1f646190002222/gateway_snr,2.0,24e124fffef949f8
1781658680,1637,1634,1637/obj/lora/8c1f646190002222/water_temp_min,22.5,
1781658680,1637,1634,1637/obj/lora/8c1f646190002222/battery_recovered,3688.0,
1781658680,1637,1634,1637/obj/lora/8c1f646190002222/leak_status,2.0,
1781658680,1637,1634,1637/obj/lora/8c1f646190002222/water_temp_max,22.5,
1781658680,1637,1634,1637/obj/lora/8c1f646190002222/gateway_rssi,-110.0,24e124fffef949f8
1781658680,1637,1634,1637/obj/lora/8c1f646190002222/total_volume,30813.0,
1781658680,1637,1634,1637/obj/lora/8c1f646190002222/bandwidth,125000.0,
1781658680,1637,1634,1637/obj/lora/8c1f646190002222/,0.0,
1781658680,1637,1634,1637/obj/lora/8c1f646190002222/ambient_temp,22.0,
1781658680,1637,1634,1637/obj/lora/8c1f646190002222/frame_counter,3632.0,
1781658700,1637,1634,1637/obj/lora/8c1f646190001b91/spreading_factor,7.0,
1781658700,1637,1634,1637/obj/lora/8c1f646190001b91/battery_recovered,3656.0,
1781658700,1637,1634,1637/obj/lora/8c1f646190001b91/,0.0,
1781658700,1637,1634,1637/obj/lora/8c1f646190001b91/total_volume,46881.0,
1781658700,1637,1634,1637/obj/lora/8c1f646190001b91/error_code,0.0,
1781658700,1637,1634,1637/obj/lora/8c1f646190001b91/water_temp_max,50.0,
1781658700,1637,1634,1637/obj/lora/8c1f646190001b91/leak_status,2.0,
1781658700,1637,1634,1637/obj/lora/8c1f646190001b91/water_temp_min,27.0,
1781658700,1637,1634,1637/obj/lora/8c1f646190001b91/bandwidth,125000.0,
1781658700,1637,1634,1637/obj/lora/8c1f646190001b91/battery,3568.0,
1781658700,1637,1634,1637/obj/lora/8c1f646190001b91/frame_counter,6533.0,
1781658700,1637,1634,1637/obj/lora/8c1f646190001b91/payload,1.0,f2720903000021b70000a2cb0e00936c0903f9ff840402dde85e8c57
1781658700,1637,1634,1637/obj/lora/8c1f646190001b91/ambient_temp,23.5,
1781658700,1637,1634,1637/obj/lora/8c1f646190001b91/gateway_snr,6.800000190734863,24e124fffef94d5c
1781658700,1637,1634,1637/obj/lora/8c1f646190001b91/gateway_rssi,-101.0,24e124fffef94d5c
1781658735,1637,1634,1637/obj/lora/8c1f6461900019cf/battery,3632.0,
1781658735,1637,1634,1637/obj/lora/8c1f6461900019cf/spreading_factor,7.0,
1781658735,1637,1634,1637/obj/lora/8c1f6461900019cf/error_code,0.0,
1781658735,1637,1634,1637/obj/lora/8c1f6461900019cf/frame_counter,3545.0,
1781658735,1637,1634,1637/obj/lora/8c1f6461900019cf/ambient_temp,21.5,
1781658735,1637,1634,1637/obj/lora/8c1f6461900019cf/water_temp_max,22.0,
1781658735,1637,1634,1637/obj/lora/8c1f6461900019cf/leak_status,0.0,
1781658735,1637,1634,1637/obj/lora/8c1f6461900019cf/battery_recovered,3656.0,
1781658735,1637,1634,1637/obj/lora/8c1f6461900019cf/bandwidth,125000.0,
1781658735,1637,1634,1637/obj/lora/8c1f6461900019cf/,0.0,
1781658735,1637,1634,1637/obj/lora/8c1f6461900019cf/gateway_rssi,-101.0,24e124fffef949f8
1781658735,1637,1634,1637/obj/lora/8c1f6461900019cf/payload,1.0,817d09030000df0a010000000000000000000000000000e5e8545453
1781658735,1637,1634,1637/obj/lora/8c1f6461900019cf/gateway_snr,7.800000190734863,24e124fffef949f8
1781658735,1637,1634,1637/obj/lora/8c1f6461900019cf/water_temp_min,22.0,
1781658735,1637,1634,1637/obj/lora/8c1f6461900019cf/total_volume,68319.0,
1781658759,1637,1634,1637/obj/lora/8c1f646190002206/battery_recovered,3672.0,
1781658759,1637,1634,1637/obj/lora/8c1f646190002206/spreading_factor,7.0,
1781658759,1637,1634,1637/obj/lora/8c1f646190002206/payload,1.0,09800903000056130300c74f0f00000000000000000000e1ea545454
1781658759,1637,1634,1637/obj/lora/8c1f646190002206/total_volume,201558.0,
1781658759,1637,1634,1637/obj/lora/8c1f646190002206/gateway_snr,7.199999809265137,24e124fffef94d5c
1781658759,1637,1634,1637/obj/lora/8c1f646190002206/ambient_temp,22.0,
1781658759,1637,1634,1637/obj/lora/8c1f646190002206/error_code,0.0,
1781658759,1637,1634,1637/obj/lora/8c1f646190002206/water_temp_min,22.0,
1781658759,1637,1634,1637/obj/lora/8c1f646190002206/battery,3600.0,
1781658759,1637,1634,1637/obj/lora/8c1f646190002206/leak_status,0.0,
1781658759,1637,1634,1637/obj/lora/8c1f646190002206/frame_counter,7004.0,
1781658759,1637,1634,1637/obj/lora/8c1f646190002206/,0.0,
1781658759,1637,1634,1637/obj/lora/8c1f646190002206/gateway_rssi,-101.0,24e124fffef94d5c
1781658759,1637,1634,1637/obj/lora/8c1f646190002206/water_temp_max,22.0,
1781658759,1637,1634,1637/obj/lora/8c1f646190002206/bandwidth,125000.0,
1781658791,1637,1634,1637/obj/lora/24e124725d489523/gateway_snr,2.200000047683716,24e124fffef949f8
1781658791,1637,1634,1637/obj/lora/24e124725d489523/,0.0,
1781658791,1637,1634,1637/obj/lora/24e124725d489523/battery,39.0,
1781658791,1637,1634,1637/obj/lora/24e124725d489523/payload,85.0,0175270367cd00046868
1781658791,1637,1634,1637/obj/lora/24e124725d489523/frame_counter,7473.0,
1781658791,1637,1634,1637/obj/lora/24e124725d489523/humidity,52.0,
1781658791,1637,1634,1637/obj/lora/24e124725d489523/gateway_rssi,-105.0,24e124fffef949f8
1781658791,1637,1634,1637/obj/lora/24e124725d489523/spreading_factor,7.0,
1781658791,1637,1634,1637/obj/lora/24e124725d489523/bandwidth,125000.0,
1781658791,1637,1634,1637/obj/lora/24e124725d489523/temperature,20.5,
1781658855,1637,1634,1637/obj/lora/8c1f646190001bf1/bandwidth,125000.0,
1781658855,1637,1634,1637/obj/lora/8c1f646190001bf1/water_temp_min,22.0,
1781658855,1637,1634,1637/obj/lora/8c1f646190001bf1/,0.0,
1781658855,1637,1634,1637/obj/lora/8c1f646190001bf1/spreading_factor,7.0,
1781658855,1637,1634,1637/obj/lora/8c1f646190001bf1/battery_recovered,3672.0,
1781658855,1637,1634,1637/obj/lora/8c1f646190001bf1/battery,3600.0,
1781658855,1637,1634,1637/obj/lora/8c1f646190001bf1/frame_counter,6320.0,
1781658855,1637,1634,1637/obj/lora/8c1f646190001bf1/water_temp_max,22.0,
1781658855,1637,1634,1637/obj/lora/8c1f646190001bf1/total_volume,33446.0,
1781658855,1637,1634,1637/obj/lora/8c1f646190001bf1/payload,1.0,e18809030000a6820000c88c0b00f67a09039601370102e1ea545453
1781658855,1637,1634,1637/obj/lora/8c1f646190001bf1/gateway_rssi,-103.0,24e124fffef94d5c
1781658855,1637,1634,1637/obj/lora/8c1f646190001bf1/leak_status,2.0,
1781658855,1637,1634,1637/obj/lora/8c1f646190001bf1/error_code,0.0,
1781658855,1637,1634,1637/obj/lora/8c1f646190001bf1/gateway_snr,5.5,24e124fffef94d5c
1781658855,1637,1634,1637/obj/lora/8c1f646190001bf1/ambient_temp,21.5,
1781658862,1637,1634,1637/obj/lora/8c1f646190001dd8/leak_status,2.0,
1781658862,1637,1634,1637/obj/lora/8c1f646190001dd8/error_code,0.0,
1781658862,1637,1634,1637/obj/lora/8c1f646190001dd8/spreading_factor,7.0,
1781658862,1637,1634,1637/obj/lora/8c1f646190001dd8/ambient_temp,22.0,
1781658862,1637,1634,1637/obj/lora/8c1f646190001dd8/gateway_rssi,-111.0,24e124fffef949f8
1781658862,1637,1634,1637/obj/lora/8c1f646190001dd8/frame_counter,3735.0,
1781658862,1637,1634,1637/obj/lora/8c1f646190001dd8/water_temp_min,22.0,
1781658862,1637,1634,1637/obj/lora/8c1f646190001dd8/battery_recovered,3664.0,
1781658862,1637,1634,1637/obj/lora/8c1f646190001dd8/payload,1.0,5b6f09030000afda000008e011007a61090345026e0202e4e9545454
1781658862,1637,1634,1637/obj/lora/8c1f646190001dd8/total_volume,55983.0,
1781658862,1637,1634,1637/obj/lora/8c1f646190001dd8/,0.0,
1781658862,1637,1634,1637/obj/lora/8c1f646190001dd8/water_temp_max,22.0,
1781658862,1637,1634,1637/obj/lora/8c1f646190001dd8/bandwidth,125000.0,
1781658862,1637,1634,1637/obj/lora/8c1f646190001dd8/battery,3624.0,
1781658862,1637,1634,1637/obj/lora/8c1f646190001dd8/gateway_snr,0.800000011920929,24e124fffef949f8
1781658872,1637,1634,1637/obj/lora/8c1f6461900021e0/spreading_factor,7.0,
1781658872,1637,1634,1637/obj/lora/8c1f6461900021e0/battery_recovered,3696.0,
1781658872,1637,1634,1637/obj/lora/8c1f6461900021e0/gateway_rssi,-104.0,24e124fffef949f8
1781658872,1637,1634,1637/obj/lora/8c1f6461900021e0/ambient_temp,22.0,
1781658872,1637,1634,1637/obj/lora/8c1f6461900021e0/water_temp_max,22.0,
1781658872,1637,1634,1637/obj/lora/8c1f6461900021e0/leak_status,0.0,
1781658872,1637,1634,1637/obj/lora/8c1f6461900021e0/water_temp_min,22.0,
1781658872,1637,1634,1637/obj/lora/8c1f6461900021e0/,0.0,
1781658872,1637,1634,1637/obj/lora/8c1f6461900021e0/payload,1.0,aa4f09030000582d010000000000000000000000000000e9ed545454
1781658872,1637,1634,1637/obj/lora/8c1f6461900021e0/error_code,0.0,
1781658872,1637,1634,1637/obj/lora/8c1f6461900021e0/total_volume,77144.0,
1781658872,1637,1634,1637/obj/lora/8c1f6461900021e0/frame_counter,2239.0,
1781658872,1637,1634,1637/obj/lora/8c1f6461900021e0/gateway_snr,8.5,24e124fffef949f8
1781658872,1637,1634,1637/obj/lora/8c1f6461900021e0/bandwidth,125000.0,
1781658872,1637,1634,1637/obj/lora/8c1f6461900021e0/battery,3664.0,
1781658944,1637,1634,1637/obj/lora/8c1f646190001968/frame_counter,3617.0,
1781658944,1637,1634,1637/obj/lora/8c1f646190001968/gateway_snr,7.199999809265137,24e124fffef949f8
1781658944,1637,1634,1637/obj/lora/8c1f646190001968/,0.0,
1781658944,1637,1634,1637/obj/lora/8c1f646190001968/ambient_temp,23.5,
1781658944,1637,1634,1637/obj/lora/8c1f646190001968/water_temp_max,23.5,
1781658944,1637,1634,1637/obj/lora/8c1f646190001968/total_volume,71245.0,
1781658944,1637,1634,1637/obj/lora/8c1f646190001968/gateway_rssi,-106.0,24e124fffef949f8
1781658944,1637,1634,1637/obj/lora/8c1f646190001968/payload,1.0,e667090300004d160100af291800eb59090323ef150202e8eb565757
1781658944,1637,1634,1637/obj/lora/8c1f646190001968/leak_status,2.0,
1781658944,1637,1634,1637/obj/lora/8c1f646190001968/bandwidth,125000.0,
1781658944,1637,1634,1637/obj/lora/8c1f646190001968/water_temp_min,23.0,
1781658944,1637,1634,1637/obj/lora/8c1f646190001968/battery,3656.0,
1781658944,1637,1634,1637/obj/lora/8c1f646190001968/error_code,0.0,
1781658944,1637,1634,1637/obj/lora/8c1f646190001968/spreading_factor,7.0,
1781658944,1637,1634,1637/obj/lora/8c1f646190001968/battery_recovered,3680.0,
1781659020,1637,1634,1637/obj/lora/8c1f646190002291/ambient_temp,21.0,
1781659020,1637,1634,1637/obj/lora/8c1f646190002291/water_temp_max,21.0,
1781659020,1637,1634,1637/obj/lora/8c1f646190002291/frame_counter,6849.0,
1781659020,1637,1634,1637/obj/lora/8c1f646190002291/total_volume,398727.0,
1781659020,1637,1634,1637/obj/lora/8c1f646190002291/battery_recovered,3664.0,
1781659020,1637,1634,1637/obj/lora/8c1f646190002291/battery,3584.0,
1781659020,1637,1634,1637/obj/lora/8c1f646190002291/gateway_rssi,-110.0,24e124fffef949f8
1781659020,1637,1634,1637/obj/lora/8c1f646190002291/bandwidth,125000.0,
1781659020,1637,1634,1637/obj/lora/8c1f646190002291/,0.0,
1781659020,1637,1634,1637/obj/lora/8c1f646190002291/water_temp_min,21.0,
1781659020,1637,1634,1637/obj/lora/8c1f646190002291/gateway_snr,0.800000011920929,24e124fffef949f8
1781659020,1637,1634,1637/obj/lora/8c1f646190002291/leak_status,3.0,
1781659020,1637,1634,1637/obj/lora/8c1f646190002291/error_code,0.0,
1781659020,1637,1634,1637/obj/lora/8c1f646190002291/payload,1.0,689d090300008715060000000000861609035a02000003dfe9525252
1781659020,1637,1634,1637/obj/lora/8c1f646190002291/spreading_factor,7.0,
1781659177,1637,1634,1637/obj/lora/8c1f64619000160f/battery_recovered,3672.0,
1781659177,1637,1634,1637/obj/lora/8c1f64619000160f/ambient_temp,23.0,
1781659177,1637,1634,1637/obj/lora/8c1f64619000160f/bandwidth,125000.0,
1781659177,1637,1634,1637/obj/lora/8c1f64619000160f/spreading_factor,7.0,
1781659177,1637,1634,1637/obj/lora/8c1f64619000160f/total_volume,119861.0,
1781659177,1637,1634,1637/obj/lora/8c1f64619000160f/water_temp_max,22.5,
1781659177,1637,1634,1637/obj/lora/8c1f64619000160f/leak_status,0.0,
1781659177,1637,1634,1637/obj/lora/8c1f64619000160f/error_code,0.0,
1781659177,1637,1634,1637/obj/lora/8c1f64619000160f/frame_counter,3630.0,
1781659177,1637,1634,1637/obj/lora/8c1f64619000160f/gateway_snr,4.199999809265137,24e124fffef949f8
1781659177,1637,1634,1637/obj/lora/8c1f64619000160f/payload,1.0,24580d03000035d4010008000000000000000000000000e7ea555556
1781659177,1637,1634,1637/obj/lora/8c1f64619000160f/,0.0,
1781659177,1637,1634,1637/obj/lora/8c1f64619000160f/battery,3648.0,
1781659177,1637,1634,1637/obj/lora/8c1f64619000160f/water_temp_min,22.5,
1781659177,1637,1634,1637/obj/lora/8c1f64619000160f/gateway_rssi,-109.0,24e124fffef949f8
1781659323,1637,1634,1637/obj/lora/8c1f646190001ec9/payload,1.0,c64f09030000fc860000f75a0b00ee410903d102860202e1e9525351
1781659323,1637,1634,1637/obj/lora/8c1f646190001ec9/water_temp_max,21.5,
1781659323,1637,1634,1637/obj/lora/8c1f646190001ec9/spreading_factor,7.0,
1781659323,1637,1634,1637/obj/lora/8c1f646190001ec9/gateway_snr,-0.20000000298023224,24e124fffef94d5c
1781659323,1637,1634,1637/obj/lora/8c1f646190001ec9/bandwidth,125000.0,
1781659323,1637,1634,1637/obj/lora/8c1f646190001ec9/gateway_rssi,-102.0,24e124fffef94d5c
1781659323,1637,1634,1637/obj/lora/8c1f646190001ec9/battery,3600.0,
1781659323,1637,1634,1637/obj/lora/8c1f646190001ec9/battery_recovered,3664.0,
1781659323,1637,1634,1637/obj/lora/8c1f646190001ec9/ambient_temp,20.5,
1781659323,1637,1634,1637/obj/lora/8c1f646190001ec9/total_volume,34556.0,
1781659323,1637,1634,1637/obj/lora/8c1f646190001ec9/frame_counter,6552.0,
1781659323,1637,1634,1637/obj/lora/8c1f646190001ec9/,0.0,
1781659323,1637,1634,1637/obj/lora/8c1f646190001ec9/leak_status,2.0,
1781659323,1637,1634,1637/obj/lora/8c1f646190001ec9/water_temp_min,21.0,
1781659323,1637,1634,1637/obj/lora/8c1f646190001ec9/error_code,0.0,
1781659358,1637,1634,1637/obj/lora/8c1f6461900015ba/gateway_snr,5.0,24e124fffef949f8
1781659358,1637,1634,1637/obj/lora/8c1f6461900015ba/frame_counter,7255.0,
1781659358,1637,1634,1637/obj/lora/8c1f6461900015ba/battery,3656.0,
1781659358,1637,1634,1637/obj/lora/8c1f6461900015ba/water_temp_max,21.0,
1781659358,1637,1634,1637/obj/lora/8c1f6461900015ba/leak_status,2.0,
1781659358,1637,1634,1637/obj/lora/8c1f6461900015ba/ambient_temp,21.0,
1781659358,1637,1634,1637/obj/lora/8c1f6461900015ba/,0.0,
1781659358,1637,1634,1637/obj/lora/8c1f6461900015ba/payload,1.0,9e8609030000911b000000000000a67809030dff850302e8eb525252
1781659358,1637,1634,1637/obj/lora/8c1f6461900015ba/error_code,0.0,
1781659358,1637,1634,1637/obj/lora/8c1f6461900015ba/bandwidth,125000.0,
1781659358,1637,1634,1637/obj/lora/8c1f6461900015ba/total_volume,7057.0,
1781659358,1637,1634,1637/obj/lora/8c1f6461900015ba/gateway_rssi,-107.0,24e124fffef949f8
1781659358,1637,1634,1637/obj/lora/8c1f6461900015ba/spreading_factor,7.0,
1781659358,1637,1634,1637/obj/lora/8c1f6461900015ba/water_temp_min,21.0,
1781659358,1637,1634,1637/obj/lora/8c1f6461900015ba/battery_recovered,3680.0,
1781659393,1637,1634,1637/obj/lora/24e124725d489523/battery,39.0,
1781659393,1637,1634,1637/obj/lora/24e124725d489523/,0.0,
1781659393,1637,1634,1637/obj/lora/24e124725d489523/payload,85.0,0175270367cd00046868
1781659393,1637,1634,1637/obj/lora/24e124725d489523/humidity,52.0,
1781659393,1637,1634,1637/obj/lora/24e124725d489523/bandwidth,125000.0,
1781659393,1637,1634,1637/obj/lora/24e124725d489523/temperature,20.5,
1781659393,1637,1634,1637/obj/lora/24e124725d489523/gateway_snr,5.800000190734863,24e124fffef949f8
1781659393,1637,1634,1637/obj/lora/24e124725d489523/frame_counter,7474.0,
1781659393,1637,1634,1637/obj/lora/24e124725d489523/gateway_rssi,-107.0,24e124fffef949f8
1781659393,1637,1634,1637/obj/lora/24e124725d489523/spreading_factor,7.0,
1781659411,1637,1634,1637/obj/lora/8c1f646190001743/payload,1.0,e97c09030000681f000000000000da6e09037702350202e6ec555557
1781659411,1637,1634,1637/obj/lora/8c1f646190001743/water_temp_min,22.5,
1781659411,1637,1634,1637/obj/lora/8c1f646190001743/frame_counter,1974.0,
1781659411,1637,1634,1637/obj/lora/8c1f646190001743/,0.0,
1781659411,1637,1634,1637/obj/lora/8c1f646190001743/total_volume,8040.0,
1781659411,1637,1634,1637/obj/lora/8c1f646190001743/gateway_snr,-7.0,24e124fffef949f8
1781659411,1637,1634,1637/obj/lora/8c1f646190001743/spreading_factor,7.0,
1781659411,1637,1634,1637/obj/lora/8c1f646190001743/gateway_rssi,-113.0,24e124fffef949f8
1781659411,1637,1634,1637/obj/lora/8c1f646190001743/battery_recovered,3688.0,
1781659411,1637,1634,1637/obj/lora/8c1f646190001743/error_code,0.0,
1781659411,1637,1634,1637/obj/lora/8c1f646190001743/battery,3640.0,
1781659411,1637,1634,1637/obj/lora/8c1f646190001743/bandwidth,125000.0,
1781659411,1637,1634,1637/obj/lora/8c1f646190001743/ambient_temp,23.5,
1781659411,1637,1634,1637/obj/lora/8c1f646190001743/water_temp_max,22.5,
1781659411,1637,1634,1637/obj/lora/8c1f646190001743/leak_status,2.0,
1781659472,1637,1634,1637/obj/lora/8c1f6461900015ed/water_temp_min,21.0,
1781659472,1637,1634,1637/obj/lora/8c1f6461900015ed/total_volume,25835.0,
1781659472,1637,1634,1637/obj/lora/8c1f6461900015ed/spreading_factor,7.0,
1781659472,1637,1634,1637/obj/lora/8c1f6461900015ed/gateway_rssi,-94.0,24e124fffef94d5c
1781659472,1637,1634,1637/obj/lora/8c1f6461900015ed/error_code,0.0,
1781659472,1637,1634,1637/obj/lora/8c1f6461900015ed/battery_recovered,3680.0,
1781659472,1637,1634,1637/obj/lora/8c1f6461900015ed/payload,1.0,357b09030000eb6400000ea40900476d0903a000010202e3eb525253
1781659472,1637,1634,1637/obj/lora/8c1f6461900015ed/leak_status,2.0,
1781659472,1637,1634,1637/obj/lora/8c1f6461900015ed/,0.0,
1781659472,1637,1634,1637/obj/lora/8c1f6461900015ed/ambient_temp,21.5,
1781659472,1637,1634,1637/obj/lora/8c1f6461900015ed/gateway_snr,9.800000190734863,24e124fffef94d5c
1781659472,1637,1634,1637/obj/lora/8c1f6461900015ed/frame_counter,6137.0,
1781659472,1637,1634,1637/obj/lora/8c1f6461900015ed/battery,3616.0,
1781659472,1637,1634,1637/obj/lora/8c1f6461900015ed/water_temp_max,21.0,
1781659472,1637,1634,1637/obj/lora/8c1f6461900015ed/bandwidth,125000.0,
1781659509,1637,1634,1637/obj/lora/8c1f6461900018f5/,0.0,
1781659509,1637,1634,1637/obj/lora/8c1f6461900018f5/ambient_temp,23.0,
1781659509,1637,1634,1637/obj/lora/8c1f6461900018f5/total_volume,51584.0,
1781659509,1637,1634,1637/obj/lora/8c1f6461900018f5/water_temp_min,22.0,
1781659509,1637,1634,1637/obj/lora/8c1f6461900018f5/gateway_rssi,-105.0,24e124fffef949f8
1781659509,1637,1634,1637/obj/lora/8c1f6461900018f5/bandwidth,125000.0,
1781659509,1637,1634,1637/obj/lora/8c1f6461900018f5/water_temp_max,22.0,
1781659509,1637,1634,1637/obj/lora/8c1f6461900018f5/payload,1.0,bd640903000080c90000c5d90400c65609032efd7e0b02e2e9545456
1781659509,1637,1634,1637/obj/lora/8c1f6461900018f5/frame_counter,7692.0,
1781659509,1637,1634,1637/obj/lora/8c1f6461900018f5/error_code,0.0,
1781659509,1637,1634,1637/obj/lora/8c1f6461900018f5/spreading_factor,7.0,
1781659509,1637,1634,1637/obj/lora/8c1f6461900018f5/gateway_snr,1.2000000476837158,24e124fffef949f8
1781659509,1637,1634,1637/obj/lora/8c1f6461900018f5/battery,3608.0,
1781659509,1637,1634,1637/obj/lora/8c1f6461900018f5/battery_recovered,3664.0,
1781659509,1637,1634,1637/obj/lora/8c1f6461900018f5/leak_status,2.0,
1781659578,1637,1634,1637/obj/lora/8c1f6461900019c7/total_volume,22411.0,
1781659578,1637,1634,1637/obj/lora/8c1f6461900019c7/frame_counter,5920.0,
1781659578,1637,1634,1637/obj/lora/8c1f6461900019c7/water_temp_min,22.0,
1781659578,1637,1634,1637/obj/lora/8c1f6461900019c7/ambient_temp,22.5,
1781659578,1637,1634,1637/obj/lora/8c1f6461900019c7/leak_status,2.0,
1781659578,1637,1634,1637/obj/lora/8c1f6461900019c7/water_temp_max,22.5,
1781659578,1637,1634,1637/obj/lora/8c1f6461900019c7/spreading_factor,7.0,
1781659578,1637,1634,1637/obj/lora/8c1f6461900019c7/bandwidth,125000.0,
1781659578,1637,1634,1637/obj/lora/8c1f6461900019c7/payload,1.0,6e4e090300008b570000524808007640090324ff610202dee7545555
1781659578,1637,1634,1637/obj/lora/8c1f6461900019c7/battery_recovered,3648.0,
1781659578,1637,1634,1637/obj/lora/8c1f6461900019c7/battery,3576.0,
1781659578,1637,1634,1637/obj/lora/8c1f6461900019c7/gateway_rssi,-106.0,24e124fffef94d5c
1781659578,1637,1634,1637/obj/lora/8c1f6461900019c7/gateway_snr,2.0,24e124fffef94d5c
1781659578,1637,1634,1637/obj/lora/8c1f6461900019c7/,0.0,
1781659578,1637,1634,1637/obj/lora/8c1f6461900019c7/error_code,0.0,
1781659610,1637,1634,1637/obj/lora/8c1f646190001baf/,0.0,
1781659610,1637,1634,1637/obj/lora/8c1f646190001baf/frame_counter,6726.0,
1781659610,1637,1634,1637/obj/lora/8c1f646190001baf/total_volume,53782.0,
1781659610,1637,1634,1637/obj/lora/8c1f646190001baf/water_temp_min,22.0,
1781659610,1637,1634,1637/obj/lora/8c1f646190001baf/leak_status,2.0,
1781659610,1637,1634,1637/obj/lora/8c1f646190001baf/error_code,0.0,
1781659610,1637,1634,1637/obj/lora/8c1f646190001baf/gateway_snr,4.0,24e124fffef94d5c
1781659610,1637,1634,1637/obj/lora/8c1f646190001baf/battery_recovered,3656.0,
1781659610,1637,1634,1637/obj/lora/8c1f646190001baf/gateway_rssi,-106.0,24e124fffef94d5c
1781659610,1637,1634,1637/obj/lora/8c1f646190001baf/bandwidth,125000.0,
1781659610,1637,1634,1637/obj/lora/8c1f646190001baf/spreading_factor,7.0,
1781659610,1637,1634,1637/obj/lora/8c1f646190001baf/payload,1.0,b3740903000016d20000bca80500dc6609031ef6a21302e0e8545454
1781659610,1637,1634,1637/obj/lora/8c1f646190001baf/battery,3592.0,
1781659610,1637,1634,1637/obj/lora/8c1f646190001baf/ambient_temp,22.0,
1781659610,1637,1634,1637/obj/lora/8c1f646190001baf/water_temp_max,22.0,
1781659631,1637,1634,1637/obj/lora/8c1f646190001790/ambient_temp,21.5,
1781659631,1637,1634,1637/obj/lora/8c1f646190001790/water_temp_min,21.0,
1781659631,1637,1634,1637/obj/lora/8c1f646190001790/frame_counter,3628.0,
1781659631,1637,1634,1637/obj/lora/8c1f646190001790/error_code,0.0,
1781659631,1637,1634,1637/obj/lora/8c1f646190001790/total_volume,9033.0,
1781659631,1637,1634,1637/obj/lora/8c1f646190001790/bandwidth,125000.0,
1781659631,1637,1634,1637/obj/lora/8c1f646190001790/battery,3664.0,
1781659631,1637,1634,1637/obj/lora/8c1f646190001790/spreading_factor,7.0,
1781659631,1637,1634,1637/obj/lora/8c1f646190001790/leak_status,2.0,
1781659631,1637,1634,1637/obj/lora/8c1f646190001790/water_temp_max,21.0,
1781659631,1637,1634,1637/obj/lora/8c1f646190001790/gateway_rssi,-110.0,24e124fffef949f8
1781659631,1637,1634,1637/obj/lora/8c1f646190001790/payload,1.0,5e870903000049230000db340300557909033bfe510202e9ed525253
1781659631,1637,1634,1637/obj/lora/8c1f646190001790/,0.0,
1781659631,1637,1634,1637/obj/lora/8c1f646190001790/gateway_snr,3.200000047683716,24e124fffef949f8
1781659631,1637,1634,1637/obj/lora/8c1f646190001790/battery_recovered,3696.0,
1781659641,1637,1634,1637/obj/lora/8c1f6461900021a9/leak_status,2.0,
1781659641,1637,1634,1637/obj/lora/8c1f6461900021a9/frame_counter,7884.0,
1781659641,1637,1634,1637/obj/lora/8c1f6461900021a9/water_temp_max,20.5,
1781659641,1637,1634,1637/obj/lora/8c1f6461900021a9/bandwidth,125000.0,
1781659641,1637,1634,1637/obj/lora/8c1f6461900021a9/payload,1.0,3c740903000009cb0000f8f811006c660903c6fb410402e5e9515152
1781659641,1637,1634,1637/obj/lora/8c1f6461900021a9/total_volume,51977.0,
1781659641,1637,1634,1637/obj/lora/8c1f6461900021a9/battery,3632.0,
1781659641,1637,1634,1637/obj/lora/8c1f6461900021a9/error_code,0.0,
1781659641,1637,1634,1637/obj/lora/8c1f6461900021a9/,0.0,
1781659641,1637,1634,1637/obj/lora/8c1f6461900021a9/gateway_rssi,-111.0,24e124fffef949f8
1781659641,1637,1634,1637/obj/lora/8c1f6461900021a9/battery_recovered,3664.0,
1781659641,1637,1634,1637/obj/lora/8c1f6461900021a9/spreading_factor,7.0,
1781659641,1637,1634,1637/obj/lora/8c1f6461900021a9/gateway_snr,2.200000047683716,24e124fffef949f8
1781659641,1637,1634,1637/obj/lora/8c1f6461900021a9/water_temp_min,20.5,
1781659641,1637,1634,1637/obj/lora/8c1f6461900021a9/ambient_temp,21.0,
1781659729,1637,1634,1637/obj/lora/8c1f646190002012/frame_counter,2852.0,
1781659729,1637,1634,1637/obj/lora/8c1f646190002012/water_temp_max,22.5,
1781659729,1637,1634,1637/obj/lora/8c1f646190002012/gateway_rssi,-105.0,24e124fffef949f8
1781659729,1637,1634,1637/obj/lora/8c1f646190002012/gateway_snr,7.0,24e124fffef949f8
1781659729,1637,1634,1637/obj/lora/8c1f646190002012/battery,3648.0,
1781659729,1637,1634,1637/obj/lora/8c1f646190002012/,0.0,
1781659729,1637,1634,1637/obj/lora/8c1f646190002012/error_code,0.0,
1781659729,1637,1634,1637/obj/lora/8c1f646190002012/battery_recovered,3664.0,
1781659729,1637,1634,1637/obj/lora/8c1f646190002012/spreading_factor,7.0,
1781659729,1637,1634,1637/obj/lora/8c1f646190002012/leak_status,2.0,
1781659729,1637,1634,1637/obj/lora/8c1f646190002012/bandwidth,125000.0,
1781659729,1637,1634,1637/obj/lora/8c1f646190002012/total_volume,21103.0,
1781659729,1637,1634,1637/obj/lora/8c1f646190002012/water_temp_min,22.0,
1781659729,1637,1634,1637/obj/lora/8c1f646190002012/payload,1.0,f152090300006f520000e1cd0700f0440903fcfd8c0302e7e9545554
1781659729,1637,1634,1637/obj/lora/8c1f646190002012/ambient_temp,22.0,
1781659909,1637,1634,1637/obj/lora/8c1f646190001d93/frame_counter,5870.0,
1781659909,1637,1634,1637/obj/lora/8c1f646190001d93/battery,3624.0,
1781659909,1637,1634,1637/obj/lora/8c1f646190001d93/total_volume,72817.0,
1781659909,1637,1634,1637/obj/lora/8c1f646190001d93/leak_status,2.0,
1781659909,1637,1634,1637/obj/lora/8c1f646190001d93/bandwidth,125000.0,
1781659909,1637,1634,1637/obj/lora/8c1f646190001d93/water_temp_min,28.5,
1781659909,1637,1634,1637/obj/lora/8c1f646190001d93/water_temp_max,29.0,
1781659909,1637,1634,1637/obj/lora/8c1f646190001d93/spreading_factor,7.0,
1781659909,1637,1634,1637/obj/lora/8c1f646190001d93/battery_recovered,3696.0,
1781659909,1637,1634,1637/obj/lora/8c1f646190001d93/ambient_temp,27.0,
1781659909,1637,1634,1637/obj/lora/8c1f646190001d93/payload,1.0,fa7709030000711c0100f0270000eb6909035c043f1502e4ed61625e
1781659909,1637,1634,1637/obj/lora/8c1f646190001d93/,0.0,
1781659909,1637,1634,1637/obj/lora/8c1f646190001d93/gateway_snr,-7.5,24e124fffef94d5c
1781659909,1637,1634,1637/obj/lora/8c1f646190001d93/gateway_rssi,-110.0,24e124fffef94d5c
1781659909,1637,1634,1637/obj/lora/8c1f646190001d93/error_code,0.0,
1781659927,1637,1634,1637/obj/lora/8c1f646190001af8/error_code,0.0,
1781659927,1637,1634,1637/obj/lora/8c1f646190001af8/bandwidth,125000.0,
1781659927,1637,1634,1637/obj/lora/8c1f646190001af8/ambient_temp,21.0,
1781659927,1637,1634,1637/obj/lora/8c1f646190001af8/payload,1.0,0155090300007063000026000000f5460903d9ff660302dee8535452
1781659927,1637,1634,1637/obj/lora/8c1f646190001af8/,0.0,
1781659927,1637,1634,1637/obj/lora/8c1f646190001af8/gateway_snr,4.0,24e124fffef94d5c
1781659927,1637,1634,1637/obj/lora/8c1f646190001af8/spreading_factor,7.0,
1781659927,1637,1634,1637/obj/lora/8c1f646190001af8/battery,3576.0,
1781659927,1637,1634,1637/obj/lora/8c1f646190001af8/water_temp_max,22.0,
1781659927,1637,1634,1637/obj/lora/8c1f646190001af8/total_volume,25456.0,
1781659927,1637,1634,1637/obj/lora/8c1f646190001af8/frame_counter,7613.0,
1781659927,1637,1634,1637/obj/lora/8c1f646190001af8/water_temp_min,21.5,
1781659927,1637,1634,1637/obj/lora/8c1f646190001af8/leak_status,2.0,
1781659927,1637,1634,1637/obj/lora/8c1f646190001af8/battery_recovered,3656.0,
1781659927,1637,1634,1637/obj/lora/8c1f646190001af8/gateway_rssi,-104.0,24e124fffef94d5c
1781659966,1637,1634,1637/obj/lora/8c1f6461900017e3/spreading_factor,7.0,
1781659966,1637,1634,1637/obj/lora/8c1f6461900017e3/bandwidth,125000.0,
1781659966,1637,1634,1637/obj/lora/8c1f6461900017e3/water_temp_max,26.5,
1781659966,1637,1634,1637/obj/lora/8c1f6461900017e3/battery_recovered,3672.0,
1781659966,1637,1634,1637/obj/lora/8c1f6461900017e3/total_volume,68831.0,
1781659966,1637,1634,1637/obj/lora/8c1f6461900017e3/,0.0,
1781659966,1637,1634,1637/obj/lora/8c1f6461900017e3/ambient_temp,24.0,
1781659966,1637,1634,1637/obj/lora/8c1f6461900017e3/battery,3640.0,
1781659966,1637,1634,1637/obj/lora/8c1f6461900017e3/gateway_snr,0.800000011920929,24e124fffef949f8
1781659966,1637,1634,1637/obj/lora/8c1f6461900017e3/water_temp_min,26.0,
1781659966,1637,1634,1637/obj/lora/8c1f6461900017e3/gateway_rssi,-106.0,24e124fffef949f8
1781659966,1637,1634,1637/obj/lora/8c1f6461900017e3/leak_status,2.0,
1781659966,1637,1634,1637/obj/lora/8c1f6461900017e3/error_code,0.0,
1781659966,1637,1634,1637/obj/lora/8c1f6461900017e3/frame_counter,3592.0,
1781659966,1637,1634,1637/obj/lora/8c1f6461900017e3/payload,1.0,ef7b09030000df0c0100e401000000720903adfd7e0f02e6ea5c5d58
1781659993,1637,1634,1637/obj/lora/24e124725d489523/frame_counter,7475.0,
1781659993,1637,1634,1637/obj/lora/24e124725d489523/battery,39.0,
1781659993,1637,1634,1637/obj/lora/24e124725d489523/payload,85.0,0175270367cd00046867
1781659993,1637,1634,1637/obj/lora/24e124725d489523/humidity,51.5,
1781659993,1637,1634,1637/obj/lora/24e124725d489523/bandwidth,125000.0,
1781659993,1637,1634,1637/obj/lora/24e124725d489523/gateway_rssi,-106.0,24e124fffef949f8
1781659993,1637,1634,1637/obj/lora/24e124725d489523/gateway_snr,3.5,24e124fffef949f8
1781659993,1637,1634,1637/obj/lora/24e124725d489523/spreading_factor,7.0,
1781659993,1637,1634,1637/obj/lora/24e124725d489523/temperature,20.5,
1781659993,1637,1634,1637/obj/lora/24e124725d489523/,0.0,
1781659996,1637,1634,1637/obj/lora/8c1f6461900021c1/total_volume,114920.0,
1781659996,1637,1634,1637/obj/lora/8c1f6461900021c1/ambient_temp,20.0,
1781659996,1637,1634,1637/obj/lora/8c1f6461900021c1/spreading_factor,7.0,
1781659996,1637,1634,1637/obj/lora/8c1f6461900021c1/error_code,0.0,
1781659996,1637,1634,1637/obj/lora/8c1f6461900021c1/gateway_snr,-1.5,24e124fffef94d5c
1781659996,1637,1634,1637/obj/lora/8c1f6461900021c1/,0.0,
1781659996,1637,1634,1637/obj/lora/8c1f6461900021c1/battery_recovered,3664.0,
1781659996,1637,1634,1637/obj/lora/8c1f6461900021c1/water_temp_min,19.5,
1781659996,1637,1634,1637/obj/lora/8c1f6461900021c1/gateway_rssi,-108.0,24e124fffef94d5c
1781659996,1637,1634,1637/obj/lora/8c1f6461900021c1/frame_counter,7656.0,
1781659996,1637,1634,1637/obj/lora/8c1f6461900021c1/water_temp_max,20.0,
1781659996,1637,1634,1637/obj/lora/8c1f6461900021c1/bandwidth,125000.0,
1781659996,1637,1634,1637/obj/lora/8c1f6461900021c1/battery,3592.0,
1781659996,1637,1634,1637/obj/lora/8c1f6461900021c1/leak_status,0.0,
1781659996,1637,1634,1637/obj/lora/8c1f6461900021c1/payload,1.0,728d09030000e8c001001af30500000000000000000000e0e94f5050
1781660061,1637,1634,1637/obj/lora/8c1f6461900021e2/leak_status,2.0,
1781660061,1637,1634,1637/obj/lora/8c1f6461900021e2/ambient_temp,22.5,
1781660061,1637,1634,1637/obj/lora/8c1f6461900021e2/spreading_factor,7.0,
1781660061,1637,1634,1637/obj/lora/8c1f6461900021e2/bandwidth,125000.0,
1781660061,1637,1634,1637/obj/lora/8c1f6461900021e2/water_temp_min,22.0,
1781660061,1637,1634,1637/obj/lora/8c1f6461900021e2/,0.0,
1781660061,1637,1634,1637/obj/lora/8c1f6461900021e2/error_code,0.0,
1781660061,1637,1634,1637/obj/lora/8c1f6461900021e2/battery,3632.0,
1781660061,1637,1634,1637/obj/lora/8c1f6461900021e2/total_volume,56768.0,
1781660061,1637,1634,1637/obj/lora/8c1f6461900021e2/water_temp_max,22.5,
1781660061,1637,1634,1637/obj/lora/8c1f6461900021e2/gateway_snr,7.5,24e124fffef949f8
1781660061,1637,1634,1637/obj/lora/8c1f6461900021e2/gateway_rssi,-105.0,24e124fffef949f8
1781660061,1637,1634,1637/obj/lora/8c1f6461900021e2/frame_counter,3635.0,
1781660061,1637,1634,1637/obj/lora/8c1f6461900021e2/battery_recovered,3672.0,
1781660061,1637,1634,1637/obj/lora/8c1f6461900021e2/payload,1.0,c78d09030000c0dd000032000000c57f0903cffeb01002e5ea545555
1781660128,1637,1634,1637/obj/lora/8c1f6461900020a5/total_volume,15394.0,
1781660128,1637,1634,1637/obj/lora/8c1f6461900020a5/frame_counter,7601.0,
1781660128,1637,1634,1637/obj/lora/8c1f6461900020a5/gateway_rssi,-100.0,24e124fffef94d5c
1781660128,1637,1634,1637/obj/lora/8c1f6461900020a5/leak_status,2.0,
1781660128,1637,1634,1637/obj/lora/8c1f6461900020a5/bandwidth,125000.0,
1781660128,1637,1634,1637/obj/lora/8c1f6461900020a5/ambient_temp,22.5,
1781660128,1637,1634,1637/obj/lora/8c1f6461900020a5/error_code,0.0,
1781660128,1637,1634,1637/obj/lora/8c1f6461900020a5/payload,1.0,b49709030000223c000000000000cb8909036f003a0502dee8525355
1781660128,1637,1634,1637/obj/lora/8c1f6461900020a5/gateway_snr,6.5,24e124fffef94d5c
1781660128,1637,1634,1637/obj/lora/8c1f6461900020a5/,0.0,
1781660128,1637,1634,1637/obj/lora/8c1f6461900020a5/spreading_factor,7.0,
1781660128,1637,1634,1637/obj/lora/8c1f6461900020a5/water_temp_min,21.0,
1781660128,1637,1634,1637/obj/lora/8c1f6461900020a5/water_temp_max,21.5,
1781660128,1637,1634,1637/obj/lora/8c1f6461900020a5/battery_recovered,3656.0,
1781660128,1637,1634,1637/obj/lora/8c1f6461900020a5/battery,3576.0,
1781660191,1637,1634,1637/obj/lora/8c1f646190001ba9/spreading_factor,7.0,
1781660191,1637,1634,1637/obj/lora/8c1f646190001ba9/water_temp_max,27.0,
1781660191,1637,1634,1637/obj/lora/8c1f646190001ba9/ambient_temp,24.0,
1781660191,1637,1634,1637/obj/lora/8c1f646190001ba9/bandwidth,125000.0,
1781660191,1637,1634,1637/obj/lora/8c1f646190001ba9/frame_counter,7070.0,
1781660191,1637,1634,1637/obj/lora/8c1f646190001ba9/gateway_snr,1.5,24e124fffef949f8
1781660191,1637,1634,1637/obj/lora/8c1f646190001ba9/gateway_rssi,-109.0,24e124fffef949f8
1781660191,1637,1634,1637/obj/lora/8c1f646190001ba9/water_temp_min,22.5,
1781660191,1637,1634,1637/obj/lora/8c1f646190001ba9/error_code,0.0,
1781660191,1637,1634,1637/obj/lora/8c1f646190001ba9/,0.0,
1781660191,1637,1634,1637/obj/lora/8c1f646190001ba9/payload,1.0,467f090300001b7c0000a1430b005d7109032c01b40202e7ea555e58
1781660191,1637,1634,1637/obj/lora/8c1f646190001ba9/battery_recovered,3672.0,
1781660191,1637,1634,1637/obj/lora/8c1f646190001ba9/leak_status,2.0,
1781660191,1637,1634,1637/obj/lora/8c1f646190001ba9/battery,3648.0,
1781660191,1637,1634,1637/obj/lora/8c1f646190001ba9/total_volume,31771.0,
1781660212,1637,1634,1637/obj/lora/8c1f6461900018ba/water_temp_min,21.0,
1781660212,1637,1634,1637/obj/lora/8c1f6461900018ba/battery_recovered,3672.0,
1781660212,1637,1634,1637/obj/lora/8c1f6461900018ba/spreading_factor,7.0,
1781660212,1637,1634,1637/obj/lora/8c1f6461900018ba/frame_counter,5746.0,
1781660212,1637,1634,1637/obj/lora/8c1f6461900018ba/leak_status,2.0,
1781660212,1637,1634,1637/obj/lora/8c1f6461900018ba/gateway_rssi,-104.0,24e124fffef94d5c
1781660212,1637,1634,1637/obj/lora/8c1f6461900018ba/payload,1.0,284709030000ad1d0000000000004d390903de02820202e6ea525252
1781660212,1637,1634,1637/obj/lora/8c1f6461900018ba/water_temp_max,21.0,
1781660212,1637,1634,1637/obj/lora/8c1f6461900018ba/ambient_temp,21.0,
1781660212,1637,1634,1637/obj/lora/8c1f6461900018ba/bandwidth,125000.0,
1781660212,1637,1634,1637/obj/lora/8c1f6461900018ba/,0.0,
1781660212,1637,1634,1637/obj/lora/8c1f6461900018ba/gateway_snr,5.0,24e124fffef94d5c
1781660212,1637,1634,1637/obj/lora/8c1f6461900018ba/total_volume,7597.0,
1781660212,1637,1634,1637/obj/lora/8c1f6461900018ba/error_code,0.0,
1781660212,1637,1634,1637/obj/lora/8c1f6461900018ba/battery,3640.0,
1781660276,1637,1634,1637/obj/lora/8c1f646190001fcb/spreading_factor,7.0,
1781660276,1637,1634,1637/obj/lora/8c1f646190001fcb/gateway_snr,0.800000011920929,24e124fffef94d5c
1781660276,1637,1634,1637/obj/lora/8c1f646190001fcb/battery,3624.0,
1781660276,1637,1634,1637/obj/lora/8c1f646190001fcb/payload,1.0,31340d0300006e5d00000000000060260d03a6ff3a0502e4ed555555
1781660276,1637,1634,1637/obj/lora/8c1f646190001fcb/error_code,0.0,
1781660276,1637,1634,1637/obj/lora/8c1f646190001fcb/water_temp_min,22.5,
1781660276,1637,1634,1637/obj/lora/8c1f646190001fcb/battery_recovered,3696.0,
1781660276,1637,1634,1637/obj/lora/8c1f646190001fcb/total_volume,23918.0,
1781660276,1637,1634,1637/obj/lora/8c1f646190001fcb/leak_status,2.0,
1781660276,1637,1634,1637/obj/lora/8c1f646190001fcb/,0.0,
1781660276,1637,1634,1637/obj/lora/8c1f646190001fcb/water_temp_max,22.5,
1781660276,1637,1634,1637/obj/lora/8c1f646190001fcb/frame_counter,7383.0,
1781660276,1637,1634,1637/obj/lora/8c1f646190001fcb/bandwidth,125000.0,
1781660276,1637,1634,1637/obj/lora/8c1f646190001fcb/gateway_rssi,-108.0,24e124fffef94d5c
1781660276,1637,1634,1637/obj/lora/8c1f646190001fcb/ambient_temp,22.5,
1781660291,1637,1634,1637/obj/lora/8c1f646190002244/leak_status,0.0,
1781660291,1637,1634,1637/obj/lora/8c1f646190002244/bandwidth,125000.0,
1781660291,1637,1634,1637/obj/lora/8c1f646190002244/spreading_factor,7.0,
1781660291,1637,1634,1637/obj/lora/8c1f646190002244/battery_recovered,3672.0,
1781660291,1637,1634,1637/obj/lora/8c1f646190002244/battery,3600.0,
1781660291,1637,1634,1637/obj/lora/8c1f646190002244/frame_counter,6471.0,
1781660291,1637,1634,1637/obj/lora/8c1f646190002244/,0.0,
1781660291,1637,1634,1637/obj/lora/8c1f646190002244/water_temp_min,22.5,
1781660291,1637,1634,1637/obj/lora/8c1f646190002244/error_code,0.0,
1781660291,1637,1634,1637/obj/lora/8c1f646190002244/payload,1.0,df5009030000ecb8010003000000000000000000000000e1ea555554
1781660291,1637,1634,1637/obj/lora/8c1f646190002244/gateway_snr,4.0,24e124fffef94d5c
1781660291,1637,1634,1637/obj/lora/8c1f646190002244/water_temp_max,22.5,
1781660291,1637,1634,1637/obj/lora/8c1f646190002244/ambient_temp,22.0,
1781660291,1637,1634,1637/obj/lora/8c1f646190002244/total_volume,112876.0,
1781660291,1637,1634,1637/obj/lora/8c1f646190002244/gateway_rssi,-104.0,24e124fffef94d5c
1781660376,1637,1634,1637/obj/lora/8c1f6461900021bd/leak_status,0.0,
1781660376,1637,1634,1637/obj/lora/8c1f6461900021bd/payload,1.0,6e88090300006218010000000000000000000000000000dee8535353
1781660376,1637,1634,1637/obj/lora/8c1f6461900021bd/error_code,0.0,
1781660376,1637,1634,1637/obj/lora/8c1f6461900021bd/total_volume,71778.0,
1781660376,1637,1634,1637/obj/lora/8c1f6461900021bd/spreading_factor,7.0,
1781660376,1637,1634,1637/obj/lora/8c1f6461900021bd/water_temp_min,21.5,
1781660376,1637,1634,1637/obj/lora/8c1f6461900021bd/gateway_rssi,-106.0,24e124fffef94d5c
1781660376,1637,1634,1637/obj/lora/8c1f6461900021bd/frame_counter,6628.0,
1781660376,1637,1634,1637/obj/lora/8c1f6461900021bd/gateway_snr,1.7999999523162842,24e124fffef94d5c
1781660376,1637,1634,1637/obj/lora/8c1f6461900021bd/ambient_temp,21.5,
1781660376,1637,1634,1637/obj/lora/8c1f6461900021bd/water_temp_max,21.5,
1781660376,1637,1634,1637/obj/lora/8c1f6461900021bd/,0.0,
1781660376,1637,1634,1637/obj/lora/8c1f6461900021bd/battery_recovered,3656.0,
1781660376,1637,1634,1637/obj/lora/8c1f6461900021bd/bandwidth,125000.0,
1781660376,1637,1634,1637/obj/lora/8c1f6461900021bd/battery,3576.0,
1781660592,1637,1634,1637/obj/lora/24e124725d489523/spreading_factor,7.0,
1781660592,1637,1634,1637/obj/lora/24e124725d489523/temperature,20.5,
1781660592,1637,1634,1637/obj/lora/24e124725d489523/bandwidth,125000.0,
1781660592,1637,1634,1637/obj/lora/24e124725d489523/payload,85.0,0175270367cd00046867
1781660592,1637,1634,1637/obj/lora/24e124725d489523/battery,39.0,
1781660592,1637,1634,1637/obj/lora/24e124725d489523/,0.0,
1781660592,1637,1634,1637/obj/lora/24e124725d489523/frame_counter,7476.0,
1781660592,1637,1634,1637/obj/lora/24e124725d489523/gateway_snr,5.199999809265137,24e124fffef949f8
1781660592,1637,1634,1637/obj/lora/24e124725d489523/humidity,51.5,
1781660592,1637,1634,1637/obj/lora/24e124725d489523/gateway_rssi,-106.0,24e124fffef949f8
1781660747,1637,1634,1637/obj/lora/8c1f64619000227c/water_temp_max,23.0,
1781660747,1637,1634,1637/obj/lora/8c1f64619000227c/spreading_factor,7.0,
1781660747,1637,1634,1637/obj/lora/8c1f64619000227c/bandwidth,125000.0,
1781660747,1637,1634,1637/obj/lora/8c1f64619000227c/water_temp_min,22.5,
1781660747,1637,1634,1637/obj/lora/8c1f64619000227c/ambient_temp,23.0,
1781660747,1637,1634,1637/obj/lora/8c1f64619000227c/battery,3600.0,
1781660747,1637,1634,1637/obj/lora/8c1f64619000227c/total_volume,12937.0,
1781660747,1637,1634,1637/obj/lora/8c1f64619000227c/payload,1.0,405f0903000089320000e7ad04007151090307fefd0002e1ea555656
1781660747,1637,1634,1637/obj/lora/8c1f64619000227c/frame_counter,7516.0,
1781660747,1637,1634,1637/obj/lora/8c1f64619000227c/battery_recovered,3672.0,
1781660747,1637,1634,1637/obj/lora/8c1f64619000227c/,0.0,
1781660747,1637,1634,1637/obj/lora/8c1f64619000227c/leak_status,2.0,
1781660747,1637,1634,1637/obj/lora/8c1f64619000227c/gateway_snr,0.0,24e124fffef949f8
1781660747,1637,1634,1637/obj/lora/8c1f64619000227c/gateway_rssi,-110.0,24e124fffef949f8
1781660747,1637,1634,1637/obj/lora/8c1f64619000227c/error_code,0.0,
1781660776,1637,1634,1637/obj/lora/8c1f64619000171c/water_temp_max,23.5,
1781660776,1637,1634,1637/obj/lora/8c1f64619000171c/ambient_temp,23.5,
1781660776,1637,1634,1637/obj/lora/8c1f64619000171c/battery_recovered,3672.0,
1781660776,1637,1634,1637/obj/lora/8c1f64619000171c/water_temp_min,23.5,
1781660776,1637,1634,1637/obj/lora/8c1f64619000171c/gateway_snr,4.5,24e124fffef949f8
1781660776,1637,1634,1637/obj/lora/8c1f64619000171c/,0.0,
1781660776,1637,1634,1637/obj/lora/8c1f64619000171c/bandwidth,125000.0,
1781660776,1637,1634,1637/obj/lora/8c1f64619000171c/frame_counter,3599.0,
1781660776,1637,1634,1637/obj/lora/8c1f64619000171c/gateway_rssi,-109.0,24e124fffef949f8
1781660776,1637,1634,1637/obj/lora/8c1f64619000171c/error_code,0.0,
1781660776,1637,1634,1637/obj/lora/8c1f64619000171c/total_volume,17945.0,
1781660776,1637,1634,1637/obj/lora/8c1f64619000171c/spreading_factor,7.0,
1781660776,1637,1634,1637/obj/lora/8c1f64619000171c/payload,1.0,293d0d0300001946000012000000342f0d036101130202e6ea575757
1781660776,1637,1634,1637/obj/lora/8c1f64619000171c/leak_status,2.0,
1781660776,1637,1634,1637/obj/lora/8c1f64619000171c/battery,3640.0,
1781660777,1637,1634,1637/obj/lora/8c1f646190001c1f/payload,1.0,3d820903000015ac000000000000f47b09036df76b1302e4ec575756
1781660777,1637,1634,1637/obj/lora/8c1f646190001c1f/spreading_factor,7.0,
1781660777,1637,1634,1637/obj/lora/8c1f646190001c1f/total_volume,44053.0,
1781660777,1637,1634,1637/obj/lora/8c1f646190001c1f/gateway_rssi,-106.0,24e124fffef949f8
1781660777,1637,1634,1637/obj/lora/8c1f646190001c1f/gateway_snr,4.800000190734863,24e124fffef949f8
1781660777,1637,1634,1637/obj/lora/8c1f646190001c1f/bandwidth,125000.0,
1781660777,1637,1634,1637/obj/lora/8c1f646190001c1f/error_code,0.0,
1781660777,1637,1634,1637/obj/lora/8c1f646190001c1f/frame_counter,1934.0,
1781660777,1637,1634,1637/obj/lora/8c1f646190001c1f/leak_status,2.0,
1781660777,1637,1634,1637/obj/lora/8c1f646190001c1f/battery_recovered,3688.0,
1781660777,1637,1634,1637/obj/lora/8c1f646190001c1f/ambient_temp,23.0,
1781660777,1637,1634,1637/obj/lora/8c1f646190001c1f/battery,3624.0,
1781660777,1637,1634,1637/obj/lora/8c1f646190001c1f/,0.0,
1781660777,1637,1634,1637/obj/lora/8c1f646190001c1f/water_temp_max,23.5,
1781660777,1637,1634,1637/obj/lora/8c1f646190001c1f/water_temp_min,23.5,
1781660876,1637,1634,1637/obj/lora/8c1f646190001fc1/water_temp_min,21.5,
1781660876,1637,1634,1637/obj/lora/8c1f646190001fc1/frame_counter,6890.0,
1781660876,1637,1634,1637/obj/lora/8c1f646190001fc1/total_volume,50538.0,
1781660876,1637,1634,1637/obj/lora/8c1f646190001fc1/error_code,0.0,
1781660876,1637,1634,1637/obj/lora/8c1f646190001fc1/battery,3568.0,
1781660876,1637,1634,1637/obj/lora/8c1f646190001fc1/payload,1.0,1388090300006ac50000291a0a00047a09032e04020d02dde6535353
1781660876,1637,1634,1637/obj/lora/8c1f646190001fc1/leak_status,2.0,
1781660876,1637,1634,1637/obj/lora/8c1f646190001fc1/water_temp_max,21.5,
1781660876,1637,1634,1637/obj/lora/8c1f646190001fc1/ambient_temp,21.5,
1781660876,1637,1634,1637/obj/lora/8c1f646190001fc1/gateway_snr,10.800000190734863,24e124fffef94d5c
1781660876,1637,1634,1637/obj/lora/8c1f646190001fc1/gateway_rssi,-95.0,24e124fffef94d5c
1781660876,1637,1634,1637/obj/lora/8c1f646190001fc1/spreading_factor,7.0,
1781660876,1637,1634,1637/obj/lora/8c1f646190001fc1/bandwidth,125000.0,
1781660876,1637,1634,1637/obj/lora/8c1f646190001fc1/,0.0,
1781660876,1637,1634,1637/obj/lora/8c1f646190001fc1/battery_recovered,3640.0,
1781660965,1637,1634,1637/obj/lora/8c1f646190001501/gateway_rssi,-101.0,24e124fffef949f8
1781660965,1637,1634,1637/obj/lora/8c1f646190001501/spreading_factor,7.0,
1781660965,1637,1634,1637/obj/lora/8c1f646190001501/total_volume,21709.0,
1781660965,1637,1634,1637/obj/lora/8c1f646190001501/water_temp_max,22.0,
1781660965,1637,1634,1637/obj/lora/8c1f646190001501/water_temp_min,22.0,
1781660965,1637,1634,1637/obj/lora/8c1f646190001501/,0.0,
1781660965,1637,1634,1637/obj/lora/8c1f646190001501/ambient_temp,22.0,
1781660965,1637,1634,1637/obj/lora/8c1f646190001501/gateway_snr,9.199999809265137,24e124fffef949f8
1781660965,1637,1634,1637/obj/lora/8c1f646190001501/error_code,0.0,
1781660965,1637,1634,1637/obj/lora/8c1f646190001501/payload,1.0,82860e030000cd540000028e0600ac780e038b02950402eaed545454
1781660965,1637,1634,1637/obj/lora/8c1f646190001501/battery_recovered,3696.0,
1781660965,1637,1634,1637/obj/lora/8c1f646190001501/frame_counter,3289.0,
1781660965,1637,1634,1637/obj/lora/8c1f646190001501/battery,3672.0,
1781660965,1637,1634,1637/obj/lora/8c1f646190001501/bandwidth,125000.0,
1781660965,1637,1634,1637/obj/lora/8c1f646190001501/leak_status,2.0,
1781660971,1637,1634,1637/obj/lora/8c1f646190001bea/error_code,0.0,
1781660971,1637,1634,1637/obj/lora/8c1f646190001bea/,0.0,
1781660971,1637,1634,1637/obj/lora/8c1f646190001bea/gateway_rssi,-107.0,24e124fffef94d5c
1781660971,1637,1634,1637/obj/lora/8c1f646190001bea/battery_recovered,3656.0,
1781660971,1637,1634,1637/obj/lora/8c1f646190001bea/water_temp_max,25.5,
1781660971,1637,1634,1637/obj/lora/8c1f646190001bea/battery,3608.0,
1781660971,1637,1634,1637/obj/lora/8c1f646190001bea/ambient_temp,23.0,
1781660971,1637,1634,1637/obj/lora/8c1f646190001bea/spreading_factor,7.0,
1781660971,1637,1634,1637/obj/lora/8c1f646190001bea/frame_counter,7687.0,
1781660971,1637,1634,1637/obj/lora/8c1f646190001bea/payload,1.0,ee7209030000df840000206c0c00fb6409034afece0102e2e8555b56
1781660971,1637,1634,1637/obj/lora/8c1f646190001bea/leak_status,2.0,
1781660971,1637,1634,1637/obj/lora/8c1f646190001bea/bandwidth,125000.0,
1781660971,1637,1634,1637/obj/lora/8c1f646190001bea/total_volume,34015.0,
1781660971,1637,1634,1637/obj/lora/8c1f646190001bea/gateway_snr,2.200000047683716,24e124fffef94d5c
1781660971,1637,1634,1637/obj/lora/8c1f646190001bea/water_temp_min,22.5,
1781661105,1637,1634,1637/obj/lora/8c1f646190001833/gateway_rssi,-105.0,24e124fffef94d5c
1781661105,1637,1634,1637/obj/lora/8c1f646190001833/frame_counter,5844.0,
1781661105,1637,1634,1637/obj/lora/8c1f646190001833/bandwidth,125000.0,
1781661105,1637,1634,1637/obj/lora/8c1f646190001833/,0.0,
1781661105,1637,1634,1637/obj/lora/8c1f646190001833/ambient_temp,22.0,
1781661105,1637,1634,1637/obj/lora/8c1f646190001833/payload,1.0,2d4b09030000262e0000000000002a3d0903ec054c0102e5ea535354
1781661105,1637,1634,1637/obj/lora/8c1f646190001833/water_temp_min,21.5,
1781661105,1637,1634,1637/obj/lora/8c1f646190001833/gateway_snr,2.5,24e124fffef94d5c
1781661105,1637,1634,1637/obj/lora/8c1f646190001833/total_volume,11814.0,
1781661105,1637,1634,1637/obj/lora/8c1f646190001833/spreading_factor,7.0,
1781661105,1637,1634,1637/obj/lora/8c1f646190001833/leak_status,2.0,
1781661105,1637,1634,1637/obj/lora/8c1f646190001833/battery,3632.0,
1781661105,1637,1634,1637/obj/lora/8c1f646190001833/error_code,0.0,
1781661105,1637,1634,1637/obj/lora/8c1f646190001833/battery_recovered,3672.0,
1781661105,1637,1634,1637/obj/lora/8c1f646190001833/water_temp_max,21.5,
1781661192,1637,1634,1637/obj/lora/24e124725d489523/bandwidth,125000.0,
1781661192,1637,1634,1637/obj/lora/24e124725d489523/,0.0,
1781661192,1637,1634,1637/obj/lora/24e124725d489523/spreading_factor,7.0,
1781661192,1637,1634,1637/obj/lora/24e124725d489523/frame_counter,7477.0,
1781661192,1637,1634,1637/obj/lora/24e124725d489523/battery,39.0,
1781661192,1637,1634,1637/obj/lora/24e124725d489523/gateway_rssi,-107.0,24e124fffef949f8
1781661192,1637,1634,1637/obj/lora/24e124725d489523/humidity,51.0,
1781661192,1637,1634,1637/obj/lora/24e124725d489523/payload,85.0,0175270367cd00046866
1781661192,1637,1634,1637/obj/lora/24e124725d489523/gateway_snr,6.5,24e124fffef949f8
1781661192,1637,1634,1637/obj/lora/24e124725d489523/temperature,20.5,
1781661273,1637,1634,1637/obj/lora/8c1f6461900021e8/ambient_temp,23.5,
1781661273,1637,1634,1637/obj/lora/8c1f6461900021e8/,0.0,
1781661273,1637,1634,1637/obj/lora/8c1f6461900021e8/payload,1.0,d2940903000090b600007d610700da8609032eff1d0a02e7eb5a5a57
1781661273,1637,1634,1637/obj/lora/8c1f6461900021e8/battery_recovered,3680.0,
1781661273,1637,1634,1637/obj/lora/8c1f6461900021e8/total_volume,46736.0,
1781661273,1637,1634,1637/obj/lora/8c1f6461900021e8/frame_counter,3447.0,
1781661273,1637,1634,1637/obj/lora/8c1f6461900021e8/battery,3648.0,
1781661273,1637,1634,1637/obj/lora/8c1f6461900021e8/bandwidth,125000.0,
1781661273,1637,1634,1637/obj/lora/8c1f6461900021e8/leak_status,2.0,
1781661273,1637,1634,1637/obj/lora/8c1f6461900021e8/gateway_snr,4.0,24e124fffef949f8
1781661273,1637,1634,1637/obj/lora/8c1f6461900021e8/water_temp_min,25.0,
1781661273,1637,1634,1637/obj/lora/8c1f6461900021e8/error_code,0.0,
1781661273,1637,1634,1637/obj/lora/8c1f6461900021e8/spreading_factor,7.0,
1781661273,1637,1634,1637/obj/lora/8c1f6461900021e8/water_temp_max,25.0,
1781661273,1637,1634,1637/obj/lora/8c1f6461900021e8/gateway_rssi,-109.0,24e124fffef949f8
1781661285,1637,1634,1637/obj/lora/8c1f646190001ebd/leak_status,2.0,
1781661285,1637,1634,1637/obj/lora/8c1f646190001ebd/ambient_temp,22.5,
1781661285,1637,1634,1637/obj/lora/8c1f646190001ebd/total_volume,27346.0,
1781661285,1637,1634,1637/obj/lora/8c1f646190001ebd/,0.0,
1781661285,1637,1634,1637/obj/lora/8c1f646190001ebd/payload,1.0,b18b09030000d26a000000000000e27d09038204c10c02e3ed565655
1781661285,1637,1634,1637/obj/lora/8c1f646190001ebd/frame_counter,7918.0,
1781661285,1637,1634,1637/obj/lora/8c1f646190001ebd/gateway_snr,5.5,24e124fffef949f8
1781661285,1637,1634,1637/obj/lora/8c1f646190001ebd/error_code,0.0,
1781661285,1637,1634,1637/obj/lora/8c1f646190001ebd/battery,3616.0,
1781661285,1637,1634,1637/obj/lora/8c1f646190001ebd/water_temp_max,23.0,
1781661285,1637,1634,1637/obj/lora/8c1f646190001ebd/bandwidth,125000.0,
1781661285,1637,1634,1637/obj/lora/8c1f646190001ebd/water_temp_min,23.0,
1781661285,1637,1634,1637/obj/lora/8c1f646190001ebd/battery_recovered,3696.0,
1781661285,1637,1634,1637/obj/lora/8c1f646190001ebd/spreading_factor,7.0,
1781661285,1637,1634,1637/obj/lora/8c1f646190001ebd/gateway_rssi,-105.0,24e124fffef949f8
1781661356,1637,1634,1637/obj/lora/8c1f6461900021c5/water_temp_min,20.0,
1781661356,1637,1634,1637/obj/lora/8c1f6461900021c5/frame_counter,6813.0,
1781661356,1637,1634,1637/obj/lora/8c1f6461900021c5/water_temp_max,20.5,
1781661356,1637,1634,1637/obj/lora/8c1f6461900021c5/bandwidth,125000.0,
1781661356,1637,1634,1637/obj/lora/8c1f6461900021c5/battery,3600.0,
1781661356,1637,1634,1637/obj/lora/8c1f6461900021c5/spreading_factor,7.0,
1781661356,1637,1634,1637/obj/lora/8c1f6461900021c5/ambient_temp,22.0,
1781661356,1637,1634,1637/obj/lora/8c1f6461900021c5/,0.0,
1781661356,1637,1634,1637/obj/lora/8c1f6461900021c5/battery_recovered,3664.0,
1781661356,1637,1634,1637/obj/lora/8c1f6461900021c5/error_code,0.0,
1781661356,1637,1634,1637/obj/lora/8c1f6461900021c5/leak_status,2.0,
1781661356,1637,1634,1637/obj/lora/8c1f6461900021c5/gateway_snr,3.5,24e124fffef949f8
1781661356,1637,1634,1637/obj/lora/8c1f6461900021c5/total_volume,12224.0,
1781661356,1637,1634,1637/obj/lora/8c1f6461900021c5/payload,1.0,148109030000c02f0000000000001a73090321f07e0202e1e9505154
1781661356,1637,1634,1637/obj/lora/8c1f6461900021c5/gateway_rssi,-107.0,24e124fffef949f8
1781661403,1637,1634,1637/obj/lora/8c1f646190001901/total_volume,13532.0,
1781661403,1637,1634,1637/obj/lora/8c1f646190001901/gateway_snr,5.800000190734863,24e124fffef94d5c
1781661403,1637,1634,1637/obj/lora/8c1f646190001901/ambient_temp,23.0,
1781661403,1637,1634,1637/obj/lora/8c1f646190001901/frame_counter,7661.0,
1781661403,1637,1634,1637/obj/lora/8c1f646190001901/error_code,0.0,
1781661403,1637,1634,1637/obj/lora/8c1f646190001901/battery,3600.0,
1781661403,1637,1634,1637/obj/lora/8c1f646190001901/payload,1.0,d28509030000dc34000005000000f4770903b502b00202e1eb565956
1781661403,1637,1634,1637/obj/lora/8c1f646190001901/spreading_factor,7.0,
1781661403,1637,1634,1637/obj/lora/8c1f646190001901/,0.0,
1781661403,1637,1634,1637/obj/lora/8c1f646190001901/gateway_rssi,-102.0,24e124fffef94d5c
1781661403,1637,1634,1637/obj/lora/8c1f646190001901/bandwidth,125000.0,
1781661403,1637,1634,1637/obj/lora/8c1f646190001901/water_temp_min,23.0,
1781661403,1637,1634,1637/obj/lora/8c1f646190001901/water_temp_max,24.5,
1781661403,1637,1634,1637/obj/lora/8c1f646190001901/battery_recovered,3680.0,
1781661403,1637,1634,1637/obj/lora/8c1f646190001901/leak_status,2.0,
1781661475,1637,1634,1637/obj/lora/8c1f646190001592/leak_status,2.0,
1781661475,1637,1634,1637/obj/lora/8c1f646190001592/battery,3608.0,
1781661475,1637,1634,1637/obj/lora/8c1f646190001592/,0.0,
1781661475,1637,1634,1637/obj/lora/8c1f646190001592/gateway_snr,7.5,24e124fffef949f8
1781661475,1637,1634,1637/obj/lora/8c1f646190001592/ambient_temp,22.0,
1781661475,1637,1634,1637/obj/lora/8c1f646190001592/error_code,0.0,
1781661475,1637,1634,1637/obj/lora/8c1f646190001592/payload,1.0,1a65090300008b8300009eba0b003c5709036eff2a0302e2ea545454
1781661475,1637,1634,1637/obj/lora/8c1f646190001592/water_temp_max,22.0,
1781661475,1637,1634,1637/obj/lora/8c1f646190001592/total_volume,33675.0,
1781661475,1637,1634,1637/obj/lora/8c1f646190001592/frame_counter,3617.0,
1781661475,1637,1634,1637/obj/lora/8c1f646190001592/spreading_factor,7.0,
1781661475,1637,1634,1637/obj/lora/8c1f646190001592/water_temp_min,22.0,
1781661475,1637,1634,1637/obj/lora/8c1f646190001592/gateway_rssi,-102.0,24e124fffef949f8
1781661475,1637,1634,1637/obj/lora/8c1f646190001592/battery_recovered,3672.0,
1781661475,1637,1634,1637/obj/lora/8c1f646190001592/bandwidth,125000.0,
1781661508,1637,1634,1637/obj/lora/8c1f646190001c9b/water_temp_max,41.5,
1781661508,1637,1634,1637/obj/lora/8c1f646190001c9b/battery_recovered,3664.0,
1781661508,1637,1634,1637/obj/lora/8c1f646190001c9b/total_volume,46745.0,
1781661508,1637,1634,1637/obj/lora/8c1f646190001c9b/error_code,0.0,
1781661508,1637,1634,1637/obj/lora/8c1f646190001c9b/payload,1.0,1a800903000099b60000d5930e003c720903d202600702e0e97a7b5a
1781661508,1637,1634,1637/obj/lora/8c1f646190001c9b/leak_status,2.0,
1781661508,1637,1634,1637/obj/lora/8c1f646190001c9b/frame_counter,7505.0,
1781661508,1637,1634,1637/obj/lora/8c1f646190001c9b/bandwidth,125000.0,
1781661508,1637,1634,1637/obj/lora/8c1f646190001c9b/,0.0,
1781661508,1637,1634,1637/obj/lora/8c1f646190001c9b/spreading_factor,7.0,
1781661508,1637,1634,1637/obj/lora/8c1f646190001c9b/gateway_snr,4.800000190734863,24e124fffef94d5c
1781661508,1637,1634,1637/obj/lora/8c1f646190001c9b/battery,3592.0,
1781661508,1637,1634,1637/obj/lora/8c1f646190001c9b/water_temp_min,41.0,
1781661508,1637,1634,1637/obj/lora/8c1f646190001c9b/gateway_rssi,-104.0,24e124fffef94d5c
1781661508,1637,1634,1637/obj/lora/8c1f646190001c9b/ambient_temp,25.0,
1781661537,1637,1634,1637/obj/lora/8c1f646190001947/error_code,0.0,
1781661537,1637,1634,1637/obj/lora/8c1f646190001947/payload,1.0,8a9f090300006e95000000000000b0910903f702220902dfe8545454
1781661537,1637,1634,1637/obj/lora/8c1f646190001947/gateway_rssi,-104.0,24e124fffef94d5c
1781661537,1637,1634,1637/obj/lora/8c1f646190001947/bandwidth,125000.0,
1781661537,1637,1634,1637/obj/lora/8c1f646190001947/battery,3584.0,
1781661537,1637,1634,1637/obj/lora/8c1f646190001947/total_volume,38254.0,
1781661537,1637,1634,1637/obj/lora/8c1f646190001947/frame_counter,7361.0,
1781661537,1637,1634,1637/obj/lora/8c1f646190001947/spreading_factor,7.0,
1781661537,1637,1634,1637/obj/lora/8c1f646190001947/gateway_snr,4.199999809265137,24e124fffef94d5c
1781661537,1637,1634,1637/obj/lora/8c1f646190001947/water_temp_min,22.0,
1781661537,1637,1634,1637/obj/lora/8c1f646190001947/battery_recovered,3656.0,
1781661537,1637,1634,1637/obj/lora/8c1f646190001947/leak_status,2.0,
1781661537,1637,1634,1637/obj/lora/8c1f646190001947/ambient_temp,22.0,
1781661537,1637,1634,1637/obj/lora/8c1f646190001947/,0.0,
1781661537,1637,1634,1637/obj/lora/8c1f646190001947/water_temp_max,22.0,
1781661564,1637,1634,1637/obj/lora/8c1f64619000177c/payload,1.0,55660903000084e1000000000000000000000000000000e3eb535454
1781661564,1637,1634,1637/obj/lora/8c1f64619000177c/gateway_rssi,-100.0,24e124fffef949f8
1781661564,1637,1634,1637/obj/lora/8c1f64619000177c/battery,3616.0,
1781661564,1637,1634,1637/obj/lora/8c1f64619000177c/leak_status,0.0,
1781661564,1637,1634,1637/obj/lora/8c1f64619000177c/total_volume,57732.0,
1781661564,1637,1634,1637/obj/lora/8c1f64619000177c/spreading_factor,7.0,
1781661564,1637,1634,1637/obj/lora/8c1f64619000177c/gateway_snr,11.0,24e124fffef949f8
1781661564,1637,1634,1637/obj/lora/8c1f64619000177c/ambient_temp,22.0,
1781661564,1637,1634,1637/obj/lora/8c1f64619000177c/error_code,0.0,
1781661564,1637,1634,1637/obj/lora/8c1f64619000177c/bandwidth,125000.0,
1781661564,1637,1634,1637/obj/lora/8c1f64619000177c/battery_recovered,3680.0,
1781661564,1637,1634,1637/obj/lora/8c1f64619000177c/water_temp_max,22.0,
1781661564,1637,1634,1637/obj/lora/8c1f64619000177c/water_temp_min,21.5,
1781661564,1637,1634,1637/obj/lora/8c1f64619000177c/,0.0,
1781661564,1637,1634,1637/obj/lora/8c1f64619000177c/frame_counter,6444.0,
1781661585,1637,1634,1637/obj/lora/8c1f646190001c1c/payload,1.0,645f0d030000329900004d0b0b0081510d034e00ae0702e6e8545454
1781661585,1637,1634,1637/obj/lora/8c1f646190001c1c/,0.0,
1781661585,1637,1634,1637/obj/lora/8c1f646190001c1c/water_temp_max,22.0,
1781661585,1637,1634,1637/obj/lora/8c1f646190001c1c/total_volume,39218.0,
1781661585,1637,1634,1637/obj/lora/8c1f646190001c1c/water_temp_min,22.0,
1781661585,1637,1634,1637/obj/lora/8c1f646190001c1c/leak_status,2.0,
1781661585,1637,1634,1637/obj/lora/8c1f646190001c1c/spreading_factor,7.0,
1781661585,1637,1634,1637/obj/lora/8c1f646190001c1c/frame_counter,3665.0,
1781661585,1637,1634,1637/obj/lora/8c1f646190001c1c/battery_recovered,3656.0,
1781661585,1637,1634,1637/obj/lora/8c1f646190001c1c/bandwidth,125000.0,
1781661585,1637,1634,1637/obj/lora/8c1f646190001c1c/ambient_temp,22.0,
1781661585,1637,1634,1637/obj/lora/8c1f646190001c1c/gateway_rssi,-111.0,24e124fffef949f8
1781661585,1637,1634,1637/obj/lora/8c1f646190001c1c/gateway_snr,-1.2000000476837158,24e124fffef949f8
1781661585,1637,1634,1637/obj/lora/8c1f646190001c1c/battery,3640.0,
1781661585,1637,1634,1637/obj/lora/8c1f646190001c1c/error_code,0.0,
1781661675,1637,1634,1637/obj/lora/8c1f6461900021db/battery,3576.0,
1781661675,1637,1634,1637/obj/lora/8c1f6461900021db/gateway_snr,2.200000047683716,24e124fffef94d5c
1781661675,1637,1634,1637/obj/lora/8c1f6461900021db/battery_recovered,3664.0,
1781661675,1637,1634,1637/obj/lora/8c1f6461900021db/error_code,0.0,
1781661675,1637,1634,1637/obj/lora/8c1f6461900021db/frame_counter,7753.0,
1781661675,1637,1634,1637/obj/lora/8c1f6461900021db/water_temp_max,20.5,
1781661675,1637,1634,1637/obj/lora/8c1f6461900021db/,0.0,
1781661675,1637,1634,1637/obj/lora/8c1f6461900021db/gateway_rssi,-105.0,24e124fffef94d5c
1781661675,1637,1634,1637/obj/lora/8c1f6461900021db/payload,1.0,925d09030000d13a0000694f0500c24f09033400330102dee9515152
1781661675,1637,1634,1637/obj/lora/8c1f6461900021db/total_volume,15057.0,
1781661675,1637,1634,1637/obj/lora/8c1f6461900021db/ambient_temp,21.0,
1781661675,1637,1634,1637/obj/lora/8c1f6461900021db/leak_status,2.0,
1781661675,1637,1634,1637/obj/lora/8c1f6461900021db/water_temp_min,20.5,
1781661675,1637,1634,1637/obj/lora/8c1f6461900021db/spreading_factor,7.0,
1781661675,1637,1634,1637/obj/lora/8c1f6461900021db/bandwidth,125000.0,
1781661772,1637,1634,1637/obj/lora/8c1f6461900020d1/ambient_temp,24.0,
1781661772,1637,1634,1637/obj/lora/8c1f6461900020d1/gateway_rssi,-106.0,24e124fffef949f8
1781661772,1637,1634,1637/obj/lora/8c1f6461900020d1/,0.0,
1781661772,1637,1634,1637/obj/lora/8c1f6461900020d1/bandwidth,125000.0,
1781661772,1637,1634,1637/obj/lora/8c1f6461900020d1/spreading_factor,7.0,
1781661772,1637,1634,1637/obj/lora/8c1f6461900020d1/battery_recovered,3648.0,
1781661772,1637,1634,1637/obj/lora/8c1f6461900020d1/water_temp_max,23.0,
1781661772,1637,1634,1637/obj/lora/8c1f6461900020d1/water_temp_min,23.0,
1781661772,1637,1634,1637/obj/lora/8c1f6461900020d1/payload,1.0,33620903000044350000e6fd04002d540903ff02df0102dee7565658
1781661772,1637,1634,1637/obj/lora/8c1f6461900020d1/total_volume,13636.0,
1781661772,1637,1634,1637/obj/lora/8c1f6461900020d1/leak_status,2.0,
1781661772,1637,1634,1637/obj/lora/8c1f6461900020d1/frame_counter,6343.0,
1781661772,1637,1634,1637/obj/lora/8c1f6461900020d1/gateway_snr,5.0,24e124fffef949f8
1781661772,1637,1634,1637/obj/lora/8c1f6461900020d1/battery,3576.0,
1781661772,1637,1634,1637/obj/lora/8c1f6461900020d1/error_code,0.0,
1781661791,1637,1634,1637/obj/lora/24e124725d489523/spreading_factor,7.0,
1781661791,1637,1634,1637/obj/lora/24e124725d489523/gateway_snr,6.199999809265137,24e124fffef949f8
1781661791,1637,1634,1637/obj/lora/24e124725d489523/frame_counter,7478.0,
1781661791,1637,1634,1637/obj/lora/24e124725d489523/humidity,51.0,
1781661791,1637,1634,1637/obj/lora/24e124725d489523/temperature,20.5,
1781661791,1637,1634,1637/obj/lora/24e124725d489523/,0.0,
1781661791,1637,1634,1637/obj/lora/24e124725d489523/battery,39.0,
1781661791,1637,1634,1637/obj/lora/24e124725d489523/bandwidth,125000.0,
1781661791,1637,1634,1637/obj/lora/24e124725d489523/gateway_rssi,-106.0,24e124fffef949f8
1781661791,1637,1634,1637/obj/lora/24e124725d489523/payload,85.0,0175270367cd00046866
1781661818,1637,1634,1637/obj/lora/8c1f6461900019cb/,0.0,
1781661818,1637,1634,1637/obj/lora/8c1f6461900019cb/frame_counter,7811.0,
1781661818,1637,1634,1637/obj/lora/8c1f6461900019cb/total_volume,10557.0,
1781661818,1637,1634,1637/obj/lora/8c1f6461900019cb/payload,1.0,d262090300003d29000000000000fc54090333ffc30502e0ec50504f
1781661818,1637,1634,1637/obj/lora/8c1f6461900019cb/gateway_snr,1.2000000476837158,24e124fffef94d5c
1781661818,1637,1634,1637/obj/lora/8c1f6461900019cb/water_temp_max,20.0,
1781661818,1637,1634,1637/obj/lora/8c1f6461900019cb/bandwidth,125000.0,
1781661818,1637,1634,1637/obj/lora/8c1f6461900019cb/ambient_temp,19.5,
1781661818,1637,1634,1637/obj/lora/8c1f6461900019cb/battery,3592.0,
1781661818,1637,1634,1637/obj/lora/8c1f6461900019cb/error_code,0.0,
1781661818,1637,1634,1637/obj/lora/8c1f6461900019cb/spreading_factor,7.0,
1781661818,1637,1634,1637/obj/lora/8c1f6461900019cb/leak_status,2.0,
1781661818,1637,1634,1637/obj/lora/8c1f6461900019cb/water_temp_min,20.0,
1781661818,1637,1634,1637/obj/lora/8c1f6461900019cb/battery_recovered,3688.0,
1781661818,1637,1634,1637/obj/lora/8c1f6461900019cb/gateway_rssi,-107.0,24e124fffef94d5c
1781661824,1637,1634,1637/obj/lora/8c1f64619000170a/,0.0,
1781661824,1637,1634,1637/obj/lora/8c1f64619000170a/payload,1.0,85a509030000795c02007c270600a7970903eb20410b02e1e9565757
1781661824,1637,1634,1637/obj/lora/8c1f64619000170a/error_code,0.0,
1781661824,1637,1634,1637/obj/lora/8c1f64619000170a/water_temp_max,23.5,
1781661824,1637,1634,1637/obj/lora/8c1f64619000170a/gateway_snr,3.200000047683716,24e124fffef94d5c
1781661824,1637,1634,1637/obj/lora/8c1f64619000170a/battery_recovered,3664.0,
1781661824,1637,1634,1637/obj/lora/8c1f64619000170a/total_volume,154745.0,
1781661824,1637,1634,1637/obj/lora/8c1f64619000170a/bandwidth,125000.0,
1781661824,1637,1634,1637/obj/lora/8c1f64619000170a/spreading_factor,7.0,
1781661824,1637,1634,1637/obj/lora/8c1f64619000170a/leak_status,2.0,
1781661824,1637,1634,1637/obj/lora/8c1f64619000170a/ambient_temp,23.5,
1781661824,1637,1634,1637/obj/lora/8c1f64619000170a/frame_counter,6650.0,
1781661824,1637,1634,1637/obj/lora/8c1f64619000170a/gateway_rssi,-104.0,24e124fffef94d5c
1781661824,1637,1634,1637/obj/lora/8c1f64619000170a/water_temp_min,23.0,
1781661824,1637,1634,1637/obj/lora/8c1f64619000170a/battery,3600.0,
1781661882,1637,1634,1637/obj/lora/8c1f6461900021da/battery_recovered,3664.0,
1781661882,1637,1634,1637/obj/lora/8c1f6461900021da/gateway_snr,7.199999809265137,24e124fffef94d5c
1781661882,1637,1634,1637/obj/lora/8c1f6461900021da/gateway_rssi,-101.0,24e124fffef94d5c
1781661882,1637,1634,1637/obj/lora/8c1f6461900021da/payload,1.0,5543090300009e600000f79008004d350903b206010302e0e9545554
1781661882,1637,1634,1637/obj/lora/8c1f6461900021da/battery,3592.0,
1781661882,1637,1634,1637/obj/lora/8c1f6461900021da/leak_status,2.0,
1781661882,1637,1634,1637/obj/lora/8c1f6461900021da/bandwidth,125000.0,
1781661882,1637,1634,1637/obj/lora/8c1f6461900021da/error_code,0.0,
1781661882,1637,1634,1637/obj/lora/8c1f6461900021da/frame_counter,7486.0,
1781661882,1637,1634,1637/obj/lora/8c1f6461900021da/,0.0,
1781661882,1637,1634,1637/obj/lora/8c1f6461900021da/ambient_temp,22.0,
1781661882,1637,1634,1637/obj/lora/8c1f6461900021da/water_temp_min,22.0,
1781661882,1637,1634,1637/obj/lora/8c1f6461900021da/water_temp_max,22.5,
1781661882,1637,1634,1637/obj/lora/8c1f6461900021da/total_volume,24734.0,
1781661882,1637,1634,1637/obj/lora/8c1f6461900021da/spreading_factor,7.0,
1781661904,1637,1634,1637/obj/lora/8c1f646190001963/water_temp_min,21.5,
1781661904,1637,1634,1637/obj/lora/8c1f646190001963/water_temp_max,21.5,
1781661904,1637,1634,1637/obj/lora/8c1f646190001963/,0.0,
1781661904,1637,1634,1637/obj/lora/8c1f646190001963/battery_recovered,3680.0,
1781661904,1637,1634,1637/obj/lora/8c1f646190001963/frame_counter,7732.0,
1781661904,1637,1634,1637/obj/lora/8c1f646190001963/gateway_snr,10.0,24e124fffef94d5c
1781661904,1637,1634,1637/obj/lora/8c1f646190001963/payload,1.0,9c9d09030000b93d0000000000009a8f0903fc09f30802e8eb535353
1781661904,1637,1634,1637/obj/lora/8c1f646190001963/bandwidth,125000.0,
1781661904,1637,1634,1637/obj/lora/8c1f646190001963/spreading_factor,7.0,
1781661904,1637,1634,1637/obj/lora/8c1f646190001963/gateway_rssi,-96.0,24e124fffef94d5c
1781661904,1637,1634,1637/obj/lora/8c1f646190001963/total_volume,15801.0,
1781661904,1637,1634,1637/obj/lora/8c1f646190001963/leak_status,2.0,
1781661904,1637,1634,1637/obj/lora/8c1f646190001963/battery,3656.0,
1781661904,1637,1634,1637/obj/lora/8c1f646190001963/ambient_temp,21.5,
1781661904,1637,1634,1637/obj/lora/8c1f646190001963/error_code,0.0,
1781661999,1637,1634,1637/obj/lora/8c1f646190001e41/,0.0,
1781661999,1637,1634,1637/obj/lora/8c1f646190001e41/ambient_temp,24.5,
1781661999,1637,1634,1637/obj/lora/8c1f646190001e41/battery,3656.0,
1781661999,1637,1634,1637/obj/lora/8c1f646190001e41/leak_status,2.0,
1781661999,1637,1634,1637/obj/lora/8c1f646190001e41/frame_counter,3557.0,
1781661999,1637,1634,1637/obj/lora/8c1f646190001e41/water_temp_max,44.5,
1781661999,1637,1634,1637/obj/lora/8c1f646190001e41/gateway_snr,3.5,24e124fffef949f8
1781661999,1637,1634,1637/obj/lora/8c1f646190001e41/battery_recovered,3688.0,
1781661999,1637,1634,1637/obj/lora/8c1f646190001e41/payload,1.0,c99309030000f1a500005c110f00bb8509033cffe80102e8ec808159
1781661999,1637,1634,1637/obj/lora/8c1f646190001e41/total_volume,42481.0,
1781661999,1637,1634,1637/obj/lora/8c1f646190001e41/gateway_rssi,-107.0,24e124fffef949f8
1781661999,1637,1634,1637/obj/lora/8c1f646190001e41/bandwidth,125000.0,
1781661999,1637,1634,1637/obj/lora/8c1f646190001e41/error_code,0.0,
1781661999,1637,1634,1637/obj/lora/8c1f646190001e41/water_temp_min,44.0,
1781661999,1637,1634,1637/obj/lora/8c1f646190001e41/spreading_factor,7.0,
1781662054,1637,1634,1637/obj/lora/8c1f646190002120/spreading_factor,7.0,
1781662054,1637,1634,1637/obj/lora/8c1f646190002120/payload,1.0,46800903000087a50000f5e70d00427209031e018f0002eaeb545554
1781662054,1637,1634,1637/obj/lora/8c1f646190002120/leak_status,2.0,
1781662054,1637,1634,1637/obj/lora/8c1f646190002120/gateway_rssi,-102.0,24e124fffef949f8
1781662054,1637,1634,1637/obj/lora/8c1f646190002120/battery,3672.0,
1781662054,1637,1634,1637/obj/lora/8c1f646190002120/gateway_snr,7.5,24e124fffef949f8
1781662054,1637,1634,1637/obj/lora/8c1f646190002120/water_temp_min,22.0,
1781662054,1637,1634,1637/obj/lora/8c1f646190002120/ambient_temp,22.0,
1781662054,1637,1634,1637/obj/lora/8c1f646190002120/water_temp_max,22.5,
1781662054,1637,1634,1637/obj/lora/8c1f646190002120/frame_counter,3614.0,
1781662054,1637,1634,1637/obj/lora/8c1f646190002120/,0.0,
1781662054,1637,1634,1637/obj/lora/8c1f646190002120/bandwidth,125000.0,
1781662054,1637,1634,1637/obj/lora/8c1f646190002120/total_volume,42375.0,
1781662054,1637,1634,1637/obj/lora/8c1f646190002120/battery_recovered,3680.0,
1781662054,1637,1634,1637/obj/lora/8c1f646190002120/error_code,0.0,
1781662086,1637,1634,1637/obj/lora/8c1f6461900015c1/gateway_snr,11.199999809265137,24e124fffef94d5c
1781662086,1637,1634,1637/obj/lora/8c1f6461900015c1/gateway_rssi,-94.0,24e124fffef94d5c
1781662086,1637,1634,1637/obj/lora/8c1f6461900015c1/payload,1.0,7a5a09030000254a000000000000aa4c090362fd4b0102e0ec535353
1781662086,1637,1634,1637/obj/lora/8c1f6461900015c1/total_volume,18981.0,
1781662086,1637,1634,1637/obj/lora/8c1f6461900015c1/ambient_temp,21.5,
1781662086,1637,1634,1637/obj/lora/8c1f6461900015c1/spreading_factor,7.0,
1781662086,1637,1634,1637/obj/lora/8c1f6461900015c1/bandwidth,125000.0,
1781662086,1637,1634,1637/obj/lora/8c1f6461900015c1/battery_recovered,3688.0,
1781662086,1637,1634,1637/obj/lora/8c1f6461900015c1/battery,3592.0,
1781662086,1637,1634,1637/obj/lora/8c1f6461900015c1/frame_counter,7602.0,
1781662086,1637,1634,1637/obj/lora/8c1f6461900015c1/,0.0,
1781662086,1637,1634,1637/obj/lora/8c1f6461900015c1/water_temp_min,21.5,
1781662086,1637,1634,1637/obj/lora/8c1f6461900015c1/error_code,0.0,
1781662086,1637,1634,1637/obj/lora/8c1f6461900015c1/leak_status,2.0,
1781662086,1637,1634,1637/obj/lora/8c1f6461900015c1/water_temp_max,21.5,
1781662186,1637,1634,1637/obj/lora/8c1f64619000228d/gateway_rssi,-97.0,24e124fffef94d5c
1781662186,1637,1634,1637/obj/lora/8c1f64619000228d/gateway_snr,8.5,24e124fffef94d5c
1781662186,1637,1634,1637/obj/lora/8c1f64619000228d/spreading_factor,7.0,
1781662186,1637,1634,1637/obj/lora/8c1f64619000228d/error_code,0.0,
1781662186,1637,1634,1637/obj/lora/8c1f64619000228d/battery,3576.0,
1781662186,1637,1634,1637/obj/lora/8c1f64619000228d/total_volume,18058.0,
1781662186,1637,1634,1637/obj/lora/8c1f64619000228d/payload,1.0,c04d090300008a4600000000000087470903430aa60702dee7515355
1781662186,1637,1634,1637/obj/lora/8c1f64619000228d/leak_status,2.0,
1781662186,1637,1634,1637/obj/lora/8c1f64619000228d/water_temp_min,20.5,
1781662186,1637,1634,1637/obj/lora/8c1f64619000228d/bandwidth,125000.0,
1781662186,1637,1634,1637/obj/lora/8c1f64619000228d/ambient_temp,22.5,
1781662186,1637,1634,1637/obj/lora/8c1f64619000228d/battery_recovered,3648.0,
1781662186,1637,1634,1637/obj/lora/8c1f64619000228d/water_temp_max,21.5,
1781662186,1637,1634,1637/obj/lora/8c1f64619000228d/,0.0,
1781662186,1637,1634,1637/obj/lora/8c1f64619000228d/frame_counter,6424.0,
1781662187,1637,1634,1637/obj/lora/8c1f6461900014f5/,0.0,
1781662187,1637,1634,1637/obj/lora/8c1f6461900014f5/battery_recovered,3664.0,
1781662187,1637,1634,1637/obj/lora/8c1f6461900014f5/ambient_temp,22.0,
1781662187,1637,1634,1637/obj/lora/8c1f6461900014f5/gateway_snr,8.800000190734863,24e124fffef949f8
1781662187,1637,1634,1637/obj/lora/8c1f6461900014f5/gateway_rssi,-104.0,24e124fffef949f8
1781662187,1637,1634,1637/obj/lora/8c1f6461900014f5/water_temp_min,21.5,
1781662187,1637,1634,1637/obj/lora/8c1f6461900014f5/frame_counter,3573.0,
1781662187,1637,1634,1637/obj/lora/8c1f6461900014f5/leak_status,2.0,
1781662187,1637,1634,1637/obj/lora/8c1f6461900014f5/error_code,0.0,
1781662187,1637,1634,1637/obj/lora/8c1f6461900014f5/water_temp_max,22.0,
1781662187,1637,1634,1637/obj/lora/8c1f6461900014f5/battery,3632.0,
1781662187,1637,1634,1637/obj/lora/8c1f6461900014f5/spreading_factor,7.0,
1781662187,1637,1634,1637/obj/lora/8c1f6461900014f5/bandwidth,125000.0,
1781662187,1637,1634,1637/obj/lora/8c1f6461900014f5/total_volume,22136.0,
1781662187,1637,1634,1637/obj/lora/8c1f6461900014f5/payload,1.0,63630d030000785600000000000057550d03f6fb800d02e5e9535454
1781662280,1637,1634,1637/obj/lora/8c1f646190002222/ambient_temp,22.0,
1781662280,1637,1634,1637/obj/lora/8c1f646190002222/payload,1.0,115209030000647800000800000020440903e201d40002e9ec4b5c54
1781662280,1637,1634,1637/obj/lora/8c1f646190002222/gateway_rssi,-112.0,24e124fffef949f8
1781662280,1637,1634,1637/obj/lora/8c1f646190002222/frame_counter,3633.0,
1781662280,1637,1634,1637/obj/lora/8c1f646190002222/water_temp_max,26.0,
1781662280,1637,1634,1637/obj/lora/8c1f646190002222/total_volume,30820.0,
1781662280,1637,1634,1637/obj/lora/8c1f646190002222/error_code,0.0,
1781662280,1637,1634,1637/obj/lora/8c1f646190002222/battery_recovered,3688.0,
1781662280,1637,1634,1637/obj/lora/8c1f646190002222/leak_status,2.0,
1781662280,1637,1634,1637/obj/lora/8c1f646190002222/spreading_factor,7.0,
1781662280,1637,1634,1637/obj/lora/8c1f646190002222/battery,3664.0,
1781662280,1637,1634,1637/obj/lora/8c1f646190002222/water_temp_min,17.5,
1781662280,1637,1634,1637/obj/lora/8c1f646190002222/,0.0,
1781662280,1637,1634,1637/obj/lora/8c1f646190002222/bandwidth,125000.0,
1781662280,1637,1634,1637/obj/lora/8c1f646190002222/gateway_snr,0.0,24e124fffef949f8
1781662299,1637,1634,1637/obj/lora/8c1f646190001b91/leak_status,2.0,
1781662299,1637,1634,1637/obj/lora/8c1f646190001b91/gateway_snr,7.0,24e124fffef94d5c
1781662299,1637,1634,1637/obj/lora/8c1f646190001b91/gateway_rssi,-100.0,24e124fffef94d5c
1781662299,1637,1634,1637/obj/lora/8c1f646190001b91/spreading_factor,7.0,
1781662299,1637,1634,1637/obj/lora/8c1f646190001b91/battery,3568.0,
1781662299,1637,1634,1637/obj/lora/8c1f646190001b91/,0.0,
1781662299,1637,1634,1637/obj/lora/8c1f646190001b91/total_volume,46881.0,
1781662299,1637,1634,1637/obj/lora/8c1f646190001b91/bandwidth,125000.0,
1781662299,1637,1634,1637/obj/lora/8c1f646190001b91/error_code,0.0,
1781662299,1637,1634,1637/obj/lora/8c1f646190001b91/water_temp_min,23.5,
1781662299,1637,1634,1637/obj/lora/8c1f646190001b91/payload,1.0,02810903000021b70000a2cb0e001473090384035d0302dde9575e56
1781662299,1637,1634,1637/obj/lora/8c1f646190001b91/ambient_temp,23.0,
1781662299,1637,1634,1637/obj/lora/8c1f646190001b91/water_temp_max,27.0,
1781662299,1637,1634,1637/obj/lora/8c1f646190001b91/frame_counter,6534.0,
1781662299,1637,1634,1637/obj/lora/8c1f646190001b91/battery_recovered,3664.0,
1781662335,1637,1634,1637/obj/lora/8c1f6461900019cf/total_volume,68323.0,
1781662335,1637,1634,1637/obj/lora/8c1f6461900019cf/gateway_snr,9.0,24e124fffef949f8
1781662335,1637,1634,1637/obj/lora/8c1f6461900019cf/water_temp_min,21.5,
1781662335,1637,1634,1637/obj/lora/8c1f6461900019cf/ambient_temp,21.5,
1781662335,1637,1634,1637/obj/lora/8c1f6461900019cf/error_code,0.0,
1781662335,1637,1634,1637/obj/lora/8c1f6461900019cf/battery,3632.0,
1781662335,1637,1634,1637/obj/lora/8c1f6461900019cf/bandwidth,125000.0,
1781662335,1637,1634,1637/obj/lora/8c1f6461900019cf/gateway_rssi,-101.0,24e124fffef949f8
1781662335,1637,1634,1637/obj/lora/8c1f6461900019cf/,0.0,
1781662335,1637,1634,1637/obj/lora/8c1f6461900019cf/water_temp_max,22.0,
1781662335,1637,1634,1637/obj/lora/8c1f6461900019cf/leak_status,0.0,
1781662335,1637,1634,1637/obj/lora/8c1f6461900019cf/frame_counter,3546.0,
1781662335,1637,1634,1637/obj/lora/8c1f6461900019cf/spreading_factor,7.0,
1781662335,1637,1634,1637/obj/lora/8c1f6461900019cf/battery_recovered,3656.0,
1781662335,1637,1634,1637/obj/lora/8c1f6461900019cf/payload,1.0,918b09030000e30a010000000000000000000000000000e5e8535453
1781662359,1637,1634,1637/obj/lora/8c1f646190002206/error_code,0.0,
1781662359,1637,1634,1637/obj/lora/8c1f646190002206/total_volume,201568.0,
1781662359,1637,1634,1637/obj/lora/8c1f646190002206/,0.0,
1781662359,1637,1634,1637/obj/lora/8c1f646190002206/spreading_factor,7.0,
1781662359,1637,1634,1637/obj/lora/8c1f646190002206/gateway_snr,6.0,24e124fffef94d5c
1781662359,1637,1634,1637/obj/lora/8c1f646190002206/gateway_rssi,-101.0,24e124fffef94d5c
1781662359,1637,1634,1637/obj/lora/8c1f646190002206/frame_counter,7006.0,
1781662359,1637,1634,1637/obj/lora/8c1f646190002206/water_temp_max,22.0,
1781662359,1637,1634,1637/obj/lora/8c1f646190002206/ambient_temp,22.0,
1781662359,1637,1634,1637/obj/lora/8c1f646190002206/battery,3600.0,
1781662359,1637,1634,1637/obj/lora/8c1f646190002206/water_temp_min,22.0,
1781662359,1637,1634,1637/obj/lora/8c1f646190002206/battery_recovered,3672.0,
1781662359,1637,1634,1637/obj/lora/8c1f646190002206/payload,1.0,198e0903000060130300c74f0f00000000000000000000e1ea545454
1781662359,1637,1634,1637/obj/lora/8c1f646190002206/bandwidth,125000.0,
1781662359,1637,1634,1637/obj/lora/8c1f646190002206/leak_status,0.0,
1781662393,1637,1634,1637/obj/lora/24e124725d489523/frame_counter,7479.0,
1781662393,1637,1634,1637/obj/lora/24e124725d489523/humidity,50.5,
1781662393,1637,1634,1637/obj/lora/24e124725d489523/payload,85.0,0175270367cd00046865
1781662393,1637,1634,1637/obj/lora/24e124725d489523/bandwidth,125000.0,
1781662393,1637,1634,1637/obj/lora/24e124725d489523/temperature,20.5,
1781662393,1637,1634,1637/obj/lora/24e124725d489523/,0.0,
1781662393,1637,1634,1637/obj/lora/24e124725d489523/battery,39.0,
1781662393,1637,1634,1637/obj/lora/24e124725d489523/gateway_snr,5.800000190734863,24e124fffef949f8
1781662393,1637,1634,1637/obj/lora/24e124725d489523/spreading_factor,7.0,
1781662393,1637,1634,1637/obj/lora/24e124725d489523/gateway_rssi,-106.0,24e124fffef949f8
1781662455,1637,1634,1637/obj/lora/8c1f646190001bf1/frame_counter,6321.0,
1781662455,1637,1634,1637/obj/lora/8c1f646190001bf1/battery,3600.0,
1781662455,1637,1634,1637/obj/lora/8c1f646190001bf1/water_temp_min,22.0,
1781662455,1637,1634,1637/obj/lora/8c1f646190001bf1/bandwidth,125000.0,
1781662455,1637,1634,1637/obj/lora/8c1f646190001bf1/water_temp_max,22.0,
1781662455,1637,1634,1637/obj/lora/8c1f646190001bf1/spreading_factor,7.0,
1781662455,1637,1634,1637/obj/lora/8c1f646190001bf1/total_volume,33446.0,
1781662455,1637,1634,1637/obj/lora/8c1f646190001bf1/,0.0,
1781662455,1637,1634,1637/obj/lora/8c1f646190001bf1/battery_recovered,3672.0,
1781662455,1637,1634,1637/obj/lora/8c1f646190001bf1/payload,1.0,f19609030000a6820000c88c0b00f78809036a03210102e1ea545453
1781662455,1637,1634,1637/obj/lora/8c1f646190001bf1/gateway_rssi,-103.0,24e124fffef94d5c
1781662455,1637,1634,1637/obj/lora/8c1f646190001bf1/leak_status,2.0,
1781662455,1637,1634,1637/obj/lora/8c1f646190001bf1/error_code,0.0,
1781662455,1637,1634,1637/obj/lora/8c1f646190001bf1/ambient_temp,21.5,
1781662455,1637,1634,1637/obj/lora/8c1f646190001bf1/gateway_snr,5.0,24e124fffef94d5c
1781662462,1637,1634,1637/obj/lora/8c1f646190001dd8/,0.0,
1781662462,1637,1634,1637/obj/lora/8c1f646190001dd8/water_temp_min,22.0,
1781662462,1637,1634,1637/obj/lora/8c1f646190001dd8/gateway_snr,0.0,24e124fffef949f8
1781662462,1637,1634,1637/obj/lora/8c1f646190001dd8/leak_status,2.0,
1781662462,1637,1634,1637/obj/lora/8c1f646190001dd8/ambient_temp,22.0,
1781662462,1637,1634,1637/obj/lora/8c1f646190001dd8/frame_counter,3736.0,
1781662462,1637,1634,1637/obj/lora/8c1f646190001dd8/water_temp_max,22.0,
1781662462,1637,1634,1637/obj/lora/8c1f646190001dd8/bandwidth,125000.0,
1781662462,1637,1634,1637/obj/lora/8c1f646190001dd8/spreading_factor,7.0,
1781662462,1637,1634,1637/obj/lora/8c1f646190001dd8/total_volume,55983.0,
1781662462,1637,1634,1637/obj/lora/8c1f646190001dd8/error_code,0.0,
1781662462,1637,1634,1637/obj/lora/8c1f646190001dd8/gateway_rssi,-111.0,24e124fffef949f8
1781662462,1637,1634,1637/obj/lora/8c1f646190001dd8/battery_recovered,3664.0,
1781662462,1637,1634,1637/obj/lora/8c1f646190001dd8/battery,3648.0,
1781662462,1637,1634,1637/obj/lora/8c1f646190001dd8/payload,1.0,6b7d09030000afda000008e011007b6f09035f02010202e7e9545454
1781662472,1637,1634,1637/obj/lora/8c1f6461900021e0/payload,1.0,ba5d090300005d2d010000000000000000000000000000ebec545454
1781662472,1637,1634,1637/obj/lora/8c1f6461900021e0/battery_recovered,3688.0,
1781662472,1637,1634,1637/obj/lora/8c1f6461900021e0/gateway_rssi,-104.0,24e124fffef949f8
1781662472,1637,1634,1637/obj/lora/8c1f6461900021e0/battery,3680.0,
1781662472,1637,1634,1637/obj/lora/8c1f6461900021e0/water_temp_min,22.0,
1781662472,1637,1634,1637/obj/lora/8c1f6461900021e0/spreading_factor,7.0,
1781662472,1637,1634,1637/obj/lora/8c1f6461900021e0/,0.0,
1781662472,1637,1634,1637/obj/lora/8c1f6461900021e0/water_temp_max,22.0,
1781662472,1637,1634,1637/obj/lora/8c1f6461900021e0/ambient_temp,22.0,
1781662472,1637,1634,1637/obj/lora/8c1f6461900021e0/leak_status,0.0,
1781662472,1637,1634,1637/obj/lora/8c1f6461900021e0/gateway_snr,8.0,24e124fffef949f8
1781662472,1637,1634,1637/obj/lora/8c1f6461900021e0/total_volume,77149.0,
1781662472,1637,1634,1637/obj/lora/8c1f6461900021e0/bandwidth,125000.0,
1781662472,1637,1634,1637/obj/lora/8c1f6461900021e0/frame_counter,2240.0,
1781662472,1637,1634,1637/obj/lora/8c1f6461900021e0/error_code,0.0,
1781662544,1637,1634,1637/obj/lora/8c1f646190001968/total_volume,71245.0,
1781662544,1637,1634,1637/obj/lora/8c1f646190001968/water_temp_min,23.0,
1781662544,1637,1634,1637/obj/lora/8c1f646190001968/gateway_snr,6.0,24e124fffef949f8
1781662544,1637,1634,1637/obj/lora/8c1f646190001968/battery,3656.0,
1781662544,1637,1634,1637/obj/lora/8c1f646190001968/bandwidth,125000.0,
1781662544,1637,1634,1637/obj/lora/8c1f646190001968/ambient_temp,23.0,
1781662544,1637,1634,1637/obj/lora/8c1f646190001968/error_code,0.0,
1781662544,1637,1634,1637/obj/lora/8c1f646190001968/payload,1.0,f675090300004d160100af291800ec670903caf2100202e8eb565756
1781662544,1637,1634,1637/obj/lora/8c1f646190001968/,0.0,
1781662544,1637,1634,1637/obj/lora/8c1f646190001968/water_temp_max,23.5,
1781662544,1637,1634,1637/obj/lora/8c1f646190001968/battery_recovered,3680.0,
1781662544,1637,1634,1637/obj/lora/8c1f646190001968/leak_status,2.0,
1781662544,1637,1634,1637/obj/lora/8c1f646190001968/gateway_rssi,-106.0,24e124fffef949f8
1781662544,1637,1634,1637/obj/lora/8c1f646190001968/spreading_factor,7.0,
1781662544,1637,1634,1637/obj/lora/8c1f646190001968/frame_counter,3618.0,
1781662620,1637,1634,1637/obj/lora/8c1f646190002291/frame_counter,6850.0,
1781662620,1637,1634,1637/obj/lora/8c1f646190002291/battery_recovered,3664.0,
1781662620,1637,1634,1637/obj/lora/8c1f646190002291/gateway_rssi,-108.0,24e124fffef949f8
1781662620,1637,1634,1637/obj/lora/8c1f646190002291/water_temp_min,21.0,
1781662620,1637,1634,1637/obj/lora/8c1f646190002291/ambient_temp,21.0,
1781662620,1637,1634,1637/obj/lora/8c1f646190002291/payload,1.0,78ab09030000b115060000000000861609035a02000003dfe9525252
1781662620,1637,1634,1637/obj/lora/8c1f646190002291/battery,3584.0,
1781662620,1637,1634,1637/obj/lora/8c1f646190002291/water_temp_max,21.0,
1781662620,1637,1634,1637/obj/lora/8c1f646190002291/spreading_factor,7.0,
1781662620,1637,1634,1637/obj/lora/8c1f646190002291/total_volume,398769.0,
1781662620,1637,1634,1637/obj/lora/8c1f646190002291/bandwidth,125000.0,
1781662620,1637,1634,1637/obj/lora/8c1f646190002291/error_code,0.0,
1781662620,1637,1634,1637/obj/lora/8c1f646190002291/leak_status,3.0,
1781662620,1637,1634,1637/obj/lora/8c1f646190002291/,0.0,
1781662620,1637,1634,1637/obj/lora/8c1f646190002291/gateway_snr,2.799999952316284,24e124fffef949f8
1781662777,1637,1634,1637/obj/lora/8c1f64619000160f/spreading_factor,7.0,
1781662777,1637,1634,1637/obj/lora/8c1f64619000160f/error_code,0.0,
1781662777,1637,1634,1637/obj/lora/8c1f64619000160f/gateway_rssi,-109.0,24e124fffef949f8
1781662777,1637,1634,1637/obj/lora/8c1f64619000160f/water_temp_min,22.5,
1781662777,1637,1634,1637/obj/lora/8c1f64619000160f/total_volume,119871.0,
1781662777,1637,1634,1637/obj/lora/8c1f64619000160f/payload,1.0,34660d0300003fd4010008000000000000000000000000e8ea555556
1781662777,1637,1634,1637/obj/lora/8c1f64619000160f/gateway_snr,4.0,24e124fffef949f8
1781662777,1637,1634,1637/obj/lora/8c1f64619000160f/water_temp_max,22.5,
1781662777,1637,1634,1637/obj/lora/8c1f64619000160f/ambient_temp,23.0,
1781662777,1637,1634,1637/obj/lora/8c1f64619000160f/battery_recovered,3672.0,
1781662777,1637,1634,1637/obj/lora/8c1f64619000160f/,0.0,
1781662777,1637,1634,1637/obj/lora/8c1f64619000160f/battery,3656.0,
1781662777,1637,1634,1637/obj/lora/8c1f64619000160f/leak_status,0.0,
1781662777,1637,1634,1637/obj/lora/8c1f64619000160f/frame_counter,3633.0,
1781662777,1637,1634,1637/obj/lora/8c1f64619000160f/bandwidth,125000.0,
1781662923,1637,1634,1637/obj/lora/8c1f646190001ec9/gateway_rssi,-104.0,24e124fffef94d5c
1781662923,1637,1634,1637/obj/lora/8c1f646190001ec9/error_code,0.0,
1781662923,1637,1634,1637/obj/lora/8c1f646190001ec9/ambient_temp,20.5,
1781662923,1637,1634,1637/obj/lora/8c1f646190001ec9/water_temp_min,21.0,
1781662923,1637,1634,1637/obj/lora/8c1f646190001ec9/frame_counter,6553.0,
1781662923,1637,1634,1637/obj/lora/8c1f646190001ec9/spreading_factor,7.0,
1781662923,1637,1634,1637/obj/lora/8c1f646190001ec9/water_temp_max,21.5,
1781662923,1637,1634,1637/obj/lora/8c1f646190001ec9/battery_recovered,3664.0,
1781662923,1637,1634,1637/obj/lora/8c1f646190001ec9/bandwidth,125000.0,
1781662923,1637,1634,1637/obj/lora/8c1f646190001ec9/battery,3632.0,
1781662923,1637,1634,1637/obj/lora/8c1f646190001ec9/payload,1.0,d65d09030000fc860000f75a0b00ef4f09039601df0202e5e9525351
1781662923,1637,1634,1637/obj/lora/8c1f646190001ec9/total_volume,34556.0,
1781662923,1637,1634,1637/obj/lora/8c1f646190001ec9/gateway_snr,4.5,24e124fffef94d5c
1781662923,1637,1634,1637/obj/lora/8c1f646190001ec9/,0.0,
1781662923,1637,1634,1637/obj/lora/8c1f646190001ec9/leak_status,2.0,
1781662957,1637,1634,1637/obj/lora/8c1f6461900015ba/water_temp_max,21.0,
1781662957,1637,1634,1637/obj/lora/8c1f6461900015ba/gateway_snr,5.5,24e124fffef949f8
1781662957,1637,1634,1637/obj/lora/8c1f6461900015ba/frame_counter,7256.0,
1781662957,1637,1634,1637/obj/lora/8c1f6461900015ba/,0.0,
1781662957,1637,1634,1637/obj/lora/8c1f6461900015ba/bandwidth,125000.0,
1781662957,1637,1634,1637/obj/lora/8c1f6461900015ba/water_temp_min,21.0,
1781662957,1637,1634,1637/obj/lora/8c1f6461900015ba/leak_status,2.0,
1781662957,1637,1634,1637/obj/lora/8c1f6461900015ba/gateway_rssi,-107.0,24e124fffef949f8
1781662957,1637,1634,1637/obj/lora/8c1f6461900015ba/spreading_factor,7.0,
1781662957,1637,1634,1637/obj/lora/8c1f6461900015ba/ambient_temp,21.5,
1781662957,1637,1634,1637/obj/lora/8c1f6461900015ba/payload,1.0,ae9409030000911b000000000000a7860903d2fe660302e6eb525253
1781662957,1637,1634,1637/obj/lora/8c1f6461900015ba/total_volume,7057.0,
1781662957,1637,1634,1637/obj/lora/8c1f6461900015ba/error_code,0.0,
1781662957,1637,1634,1637/obj/lora/8c1f6461900015ba/battery,3640.0,
1781662957,1637,1634,1637/obj/lora/8c1f6461900015ba/battery_recovered,3680.0,
1781663011,1637,1634,1637/obj/lora/8c1f646190001743/payload,1.0,f98a09030000681f0000000000001e7d0903a103e40102e5ec555556
1781663011,1637,1634,1637/obj/lora/8c1f646190001743/gateway_snr,-4.5,24e124fffef949f8
1781663011,1637,1634,1637/obj/lora/8c1f646190001743/bandwidth,125000.0,
1781663011,1637,1634,1637/obj/lora/8c1f646190001743/ambient_temp,23.0,
1781663011,1637,1634,1637/obj/lora/8c1f646190001743/leak_status,2.0,
1781663011,1637,1634,1637/obj/lora/8c1f646190001743/water_temp_max,22.5,
1781663011,1637,1634,1637/obj/lora/8c1f646190001743/battery,3632.0,
1781663011,1637,1634,1637/obj/lora/8c1f646190001743/water_temp_min,22.5,
1781663011,1637,1634,1637/obj/lora/8c1f646190001743/total_volume,8040.0,
1781663011,1637,1634,1637/obj/lora/8c1f646190001743/frame_counter,1979.0,
1781663011,1637,1634,1637/obj/lora/8c1f646190001743/,0.0,
1781663011,1637,1634,1637/obj/lora/8c1f646190001743/spreading_factor,7.0,
1781663011,1637,1634,1637/obj/lora/8c1f646190001743/gateway_rssi,-114.0,24e124fffef949f8
1781663011,1637,1634,1637/obj/lora/8c1f646190001743/error_code,0.0,
1781663011,1637,1634,1637/obj/lora/8c1f646190001743/battery_recovered,3688.0,
1781663072,1637,1634,1637/obj/lora/8c1f6461900015ed/total_volume,25835.0,
1781663072,1637,1634,1637/obj/lora/8c1f6461900015ed/gateway_rssi,-94.0,24e124fffef94d5c
1781663072,1637,1634,1637/obj/lora/8c1f6461900015ed/leak_status,2.0,
1781663072,1637,1634,1637/obj/lora/8c1f6461900015ed/frame_counter,6138.0,
1781663072,1637,1634,1637/obj/lora/8c1f6461900015ed/bandwidth,125000.0,
1781663072,1637,1634,1637/obj/lora/8c1f6461900015ed/battery_recovered,3680.0,
1781663072,1637,1634,1637/obj/lora/8c1f6461900015ed/water_temp_min,21.0,
1781663072,1637,1634,1637/obj/lora/8c1f6461900015ed/payload,1.0,458909030000eb6400000ea40900487b090376014b0202e3eb525252
1781663072,1637,1634,1637/obj/lora/8c1f6461900015ed/,0.0,
1781663072,1637,1634,1637/obj/lora/8c1f6461900015ed/gateway_snr,11.199999809265137,24e124fffef94d5c
1781663072,1637,1634,1637/obj/lora/8c1f6461900015ed/spreading_factor,7.0,
1781663072,1637,1634,1637/obj/lora/8c1f6461900015ed/error_code,0.0,
1781663072,1637,1634,1637/obj/lora/8c1f6461900015ed/water_temp_max,21.0,
1781663072,1637,1634,1637/obj/lora/8c1f6461900015ed/battery,3616.0,
1781663072,1637,1634,1637/obj/lora/8c1f6461900015ed/ambient_temp,21.0,
1781663109,1637,1634,1637/obj/lora/8c1f6461900018f5/gateway_rssi,-104.0,24e124fffef949f8
1781663109,1637,1634,1637/obj/lora/8c1f6461900018f5/water_temp_max,22.0,
1781663109,1637,1634,1637/obj/lora/8c1f6461900018f5/water_temp_min,22.0,
1781663109,1637,1634,1637/obj/lora/8c1f6461900018f5/total_volume,51585.0,
1781663109,1637,1634,1637/obj/lora/8c1f6461900018f5/ambient_temp,22.5,
1781663109,1637,1634,1637/obj/lora/8c1f6461900018f5/frame_counter,7693.0,
1781663109,1637,1634,1637/obj/lora/8c1f6461900018f5/,0.0,
1781663109,1637,1634,1637/obj/lora/8c1f6461900018f5/error_code,0.0,
1781663109,1637,1634,1637/obj/lora/8c1f6461900018f5/bandwidth,125000.0,
1781663109,1637,1634,1637/obj/lora/8c1f6461900018f5/battery_recovered,3664.0,
1781663109,1637,1634,1637/obj/lora/8c1f6461900018f5/leak_status,2.0,
1781663109,1637,1634,1637/obj/lora/8c1f6461900018f5/battery,3640.0,
1781663109,1637,1634,1637/obj/lora/8c1f6461900018f5/gateway_snr,5.5,24e124fffef949f8
1781663109,1637,1634,1637/obj/lora/8c1f6461900018f5/payload,1.0,cd720903000081c90000c5d90400c764090376fa2b0e02e6e9545455
1781663109,1637,1634,1637/obj/lora/8c1f6461900018f5/spreading_factor,7.0,
1781663178,1637,1634,1637/obj/lora/8c1f6461900019c7/total_volume,22411.0,
1781663178,1637,1634,1637/obj/lora/8c1f6461900019c7/ambient_temp,22.0,
1781663178,1637,1634,1637/obj/lora/8c1f6461900019c7/gateway_rssi,-106.0,24e124fffef94d5c
1781663178,1637,1634,1637/obj/lora/8c1f6461900019c7/battery_recovered,3648.0,
1781663178,1637,1634,1637/obj/lora/8c1f6461900019c7/,0.0,
1781663178,1637,1634,1637/obj/lora/8c1f6461900019c7/error_code,0.0,
1781663178,1637,1634,1637/obj/lora/8c1f6461900019c7/water_temp_min,22.0,
1781663178,1637,1634,1637/obj/lora/8c1f6461900019c7/gateway_snr,0.20000000298023224,24e124fffef94d5c
1781663178,1637,1634,1637/obj/lora/8c1f6461900019c7/frame_counter,5921.0,
1781663178,1637,1634,1637/obj/lora/8c1f6461900019c7/water_temp_max,22.5,
1781663178,1637,1634,1637/obj/lora/8c1f6461900019c7/leak_status,2.0,
1781663178,1637,1634,1637/obj/lora/8c1f6461900019c7/spreading_factor,7.0,
1781663178,1637,1634,1637/obj/lora/8c1f6461900019c7/bandwidth,125000.0,
1781663178,1637,1634,1637/obj/lora/8c1f6461900019c7/payload,1.0,7e5c090300008b57000052480800774e09038a00760202dee7545554
1781663178,1637,1634,1637/obj/lora/8c1f6461900019c7/battery,3576.0,
1781663210,1637,1634,1637/obj/lora/8c1f646190001baf/ambient_temp,22.0,
1781663210,1637,1634,1637/obj/lora/8c1f646190001baf/water_temp_min,22.0,
1781663210,1637,1634,1637/obj/lora/8c1f646190001baf/gateway_rssi,-104.0,24e124fffef94d5c
1781663210,1637,1634,1637/obj/lora/8c1f646190001baf/gateway_snr,3.799999952316284,24e124fffef94d5c
1781663210,1637,1634,1637/obj/lora/8c1f646190001baf/error_code,0.0,
1781663210,1637,1634,1637/obj/lora/8c1f646190001baf/payload,1.0,c3820903000018d20000bca80500cc790903f9fe441202dfe8545454
1781663210,1637,1634,1637/obj/lora/8c1f646190001baf/total_volume,53784.0,
1781663210,1637,1634,1637/obj/lora/8c1f646190001baf/battery,3584.0,
1781663210,1637,1634,1637/obj/lora/8c1f646190001baf/spreading_factor,7.0,
1781663210,1637,1634,1637/obj/lora/8c1f646190001baf/battery_recovered,3656.0,
1781663210,1637,1634,1637/obj/lora/8c1f646190001baf/frame_counter,6727.0,
1781663210,1637,1634,1637/obj/lora/8c1f646190001baf/water_temp_max,22.0,
1781663210,1637,1634,1637/obj/lora/8c1f646190001baf/leak_status,2.0,
1781663210,1637,1634,1637/obj/lora/8c1f646190001baf/bandwidth,125000.0,
1781663210,1637,1634,1637/obj/lora/8c1f646190001baf/,0.0,
1781663231,1637,1634,1637/obj/lora/8c1f646190001790/leak_status,2.0,
1781663231,1637,1634,1637/obj/lora/8c1f646190001790/water_temp_min,21.0,
1781663231,1637,1634,1637/obj/lora/8c1f646190001790/total_volume,9033.0,
1781663231,1637,1634,1637/obj/lora/8c1f646190001790/error_code,0.0,
1781663231,1637,1634,1637/obj/lora/8c1f646190001790/bandwidth,125000.0,
1781663231,1637,1634,1637/obj/lora/8c1f646190001790/ambient_temp,21.5,
1781663231,1637,1634,1637/obj/lora/8c1f646190001790/water_temp_max,21.0,
1781663231,1637,1634,1637/obj/lora/8c1f646190001790/spreading_factor,7.0,
1781663231,1637,1634,1637/obj/lora/8c1f646190001790/payload,1.0,6e950903000049230000db3403009687090301ff660202e9ed525253
1781663231,1637,1634,1637/obj/lora/8c1f646190001790/gateway_snr,2.200000047683716,24e124fffef949f8
1781663231,1637,1634,1637/obj/lora/8c1f646190001790/battery_recovered,3696.0,
1781663231,1637,1634,1637/obj/lora/8c1f646190001790/gateway_rssi,-110.0,24e124fffef949f8
1781663231,1637,1634,1637/obj/lora/8c1f646190001790/battery,3664.0,
1781663231,1637,1634,1637/obj/lora/8c1f646190001790/,0.0,
1781663231,1637,1634,1637/obj/lora/8c1f646190001790/frame_counter,3631.0,
1781663241,1637,1634,1637/obj/lora/8c1f6461900021a9/battery_recovered,3664.0,
1781663241,1637,1634,1637/obj/lora/8c1f6461900021a9/gateway_snr,1.0,24e124fffef949f8
1781663241,1637,1634,1637/obj/lora/8c1f6461900021a9/total_volume,51977.0,
1781663241,1637,1634,1637/obj/lora/8c1f6461900021a9/water_temp_min,20.5,
1781663241,1637,1634,1637/obj/lora/8c1f6461900021a9/battery,3608.0,
1781663241,1637,1634,1637/obj/lora/8c1f6461900021a9/gateway_rssi,-109.0,24e124fffef949f8
1781663241,1637,1634,1637/obj/lora/8c1f6461900021a9/leak_status,2.0,
1781663241,1637,1634,1637/obj/lora/8c1f6461900021a9/frame_counter,7885.0,
1781663241,1637,1634,1637/obj/lora/8c1f6461900021a9/,0.0,
1781663241,1637,1634,1637/obj/lora/8c1f6461900021a9/payload,1.0,4c820903000009cb0000f8f811006d7409030eff7d0302e2e9515152
1781663241,1637,1634,1637/obj/lora/8c1f6461900021a9/bandwidth,125000.0,
1781663241,1637,1634,1637/obj/lora/8c1f6461900021a9/spreading_factor,7.0,
1781663241,1637,1634,1637/obj/lora/8c1f6461900021a9/error_code,0.0,
1781663241,1637,1634,1637/obj/lora/8c1f6461900021a9/ambient_temp,21.0,
1781663241,1637,1634,1637/obj/lora/8c1f6461900021a9/water_temp_max,20.5,
1781663329,1637,1634,1637/obj/lora/8c1f646190002012/frame_counter,2853.0,
1781663329,1637,1634,1637/obj/lora/8c1f646190002012/ambient_temp,22.0,
1781663329,1637,1634,1637/obj/lora/8c1f646190002012/battery,3648.0,
1781663329,1637,1634,1637/obj/lora/8c1f646190002012/water_temp_min,22.0,
1781663329,1637,1634,1637/obj/lora/8c1f646190002012/error_code,0.0,
1781663329,1637,1634,1637/obj/lora/8c1f646190002012/leak_status,2.0,
1781663329,1637,1634,1637/obj/lora/8c1f646190002012/battery_recovered,3664.0,
1781663329,1637,1634,1637/obj/lora/8c1f646190002012/gateway_snr,5.199999809265137,24e124fffef949f8
1781663329,1637,1634,1637/obj/lora/8c1f646190002012/payload,1.0,0161090300006f520000e1cd070031530903a1fcfb0202e7e9545554
1781663329,1637,1634,1637/obj/lora/8c1f646190002012/total_volume,21103.0,
1781663329,1637,1634,1637/obj/lora/8c1f646190002012/bandwidth,125000.0,
1781663329,1637,1634,1637/obj/lora/8c1f646190002012/water_temp_max,22.5,
1781663329,1637,1634,1637/obj/lora/8c1f646190002012/spreading_factor,7.0,
1781663329,1637,1634,1637/obj/lora/8c1f646190002012/,0.0,
1781663329,1637,1634,1637/obj/lora/8c1f646190002012/gateway_rssi,-105.0,24e124fffef949f8
1781663527,1637,1634,1637/obj/lora/8c1f646190001af8/,0.0,
1781663527,1637,1634,1637/obj/lora/8c1f646190001af8/error_code,0.0,
1781663527,1637,1634,1637/obj/lora/8c1f646190001af8/bandwidth,125000.0,
1781663527,1637,1634,1637/obj/lora/8c1f646190001af8/spreading_factor,7.0,
1781663527,1637,1634,1637/obj/lora/8c1f646190001af8/battery,3624.0,
1781663527,1637,1634,1637/obj/lora/8c1f646190001af8/frame_counter,7614.0,
1781663527,1637,1634,1637/obj/lora/8c1f646190001af8/gateway_rssi,-105.0,24e124fffef94d5c
1781663527,1637,1634,1637/obj/lora/8c1f646190001af8/ambient_temp,21.0,
1781663527,1637,1634,1637/obj/lora/8c1f646190001af8/total_volume,25456.0,
1781663527,1637,1634,1637/obj/lora/8c1f646190001af8/battery_recovered,3656.0,
1781663527,1637,1634,1637/obj/lora/8c1f646190001af8/water_temp_max,21.5,
1781663527,1637,1634,1637/obj/lora/8c1f646190001af8/leak_status,2.0,
1781663527,1637,1634,1637/obj/lora/8c1f646190001af8/water_temp_min,21.5,
1781663527,1637,1634,1637/obj/lora/8c1f646190001af8/gateway_snr,3.799999952316284,24e124fffef94d5c
1781663527,1637,1634,1637/obj/lora/8c1f646190001af8/payload,1.0,116309030000706300002600000036550903bbffab0202e4e8535352
1781663566,1637,1634,1637/obj/lora/8c1f6461900017e3/error_code,0.0,
1781663566,1637,1634,1637/obj/lora/8c1f6461900017e3/,0.0,
1781663566,1637,1634,1637/obj/lora/8c1f6461900017e3/leak_status,2.0,
1781663566,1637,1634,1637/obj/lora/8c1f6461900017e3/frame_counter,3593.0,
1781663566,1637,1634,1637/obj/lora/8c1f6461900017e3/battery,3640.0,
1781663566,1637,1634,1637/obj/lora/8c1f6461900017e3/bandwidth,125000.0,
1781663566,1637,1634,1637/obj/lora/8c1f6461900017e3/gateway_rssi,-107.0,24e124fffef949f8
1781663566,1637,1634,1637/obj/lora/8c1f6461900017e3/gateway_snr,3.799999952316284,24e124fffef949f8
1781663566,1637,1634,1637/obj/lora/8c1f6461900017e3/battery_recovered,3664.0,
1781663566,1637,1634,1637/obj/lora/8c1f6461900017e3/water_temp_min,26.0,
1781663566,1637,1634,1637/obj/lora/8c1f6461900017e3/water_temp_max,26.5,
1781663566,1637,1634,1637/obj/lora/8c1f6461900017e3/spreading_factor,7.0,
1781663566,1637,1634,1637/obj/lora/8c1f6461900017e3/total_volume,68833.0,
1781663566,1637,1634,1637/obj/lora/8c1f6461900017e3/ambient_temp,23.5,
1781663566,1637,1634,1637/obj/lora/8c1f6461900017e3/payload,1.0,ff8909030000e10c0100e4010000017c0903eefe300e02e6e95c5d57
1781663592,1637,1634,1637/obj/lora/24e124725d489523/gateway_rssi,-106.0,24e124fffef949f8
1781663592,1637,1634,1637/obj/lora/24e124725d489523/payload,85.0,0175270367cc00046865
1781663592,1637,1634,1637/obj/lora/24e124725d489523/temperature,20.4,
1781663592,1637,1634,1637/obj/lora/24e124725d489523/humidity,50.5,
1781663592,1637,1634,1637/obj/lora/24e124725d489523/gateway_snr,6.199999809265137,24e124fffef949f8
1781663592,1637,1634,1637/obj/lora/24e124725d489523/frame_counter,7481.0,
1781663592,1637,1634,1637/obj/lora/24e124725d489523/spreading_factor,7.0,
1781663592,1637,1634,1637/obj/lora/24e124725d489523/,0.0,
1781663592,1637,1634,1637/obj/lora/24e124725d489523/battery,39.0,
1781663592,1637,1634,1637/obj/lora/24e124725d489523/bandwidth,125000.0,
1781663596,1637,1634,1637/obj/lora/8c1f6461900021c1/frame_counter,7657.0,
1781663596,1637,1634,1637/obj/lora/8c1f6461900021c1/payload,1.0,829b09030000f3c001001af30500000000000000000000e5e84f504f
1781663596,1637,1634,1637/obj/lora/8c1f6461900021c1/water_temp_min,19.5,
1781663596,1637,1634,1637/obj/lora/8c1f6461900021c1/ambient_temp,19.5,
1781663596,1637,1634,1637/obj/lora/8c1f6461900021c1/battery_recovered,3656.0,
1781663596,1637,1634,1637/obj/lora/8c1f6461900021c1/error_code,0.0,
1781663596,1637,1634,1637/obj/lora/8c1f6461900021c1/total_volume,114931.0,
1781663596,1637,1634,1637/obj/lora/8c1f6461900021c1/gateway_rssi,-109.0,24e124fffef94d5c
1781663596,1637,1634,1637/obj/lora/8c1f6461900021c1/battery,3632.0,
1781663596,1637,1634,1637/obj/lora/8c1f6461900021c1/,0.0,
1781663596,1637,1634,1637/obj/lora/8c1f6461900021c1/gateway_snr,-0.5,24e124fffef94d5c
1781663596,1637,1634,1637/obj/lora/8c1f6461900021c1/bandwidth,125000.0,
1781663596,1637,1634,1637/obj/lora/8c1f6461900021c1/leak_status,0.0,
1781663596,1637,1634,1637/obj/lora/8c1f6461900021c1/spreading_factor,7.0,
1781663596,1637,1634,1637/obj/lora/8c1f6461900021c1/water_temp_max,20.0,
1781663661,1637,1634,1637/obj/lora/8c1f6461900021e2/gateway_snr,7.5,24e124fffef949f8
1781663661,1637,1634,1637/obj/lora/8c1f6461900021e2/water_temp_max,22.0,
1781663661,1637,1634,1637/obj/lora/8c1f6461900021e2/frame_counter,3636.0,
1781663661,1637,1634,1637/obj/lora/8c1f6461900021e2/battery_recovered,3672.0,
1781663661,1637,1634,1637/obj/lora/8c1f6461900021e2/gateway_rssi,-105.0,24e124fffef949f8
1781663661,1637,1634,1637/obj/lora/8c1f6461900021e2/,0.0,
1781663661,1637,1634,1637/obj/lora/8c1f6461900021e2/payload,1.0,d79b09030000c3dd000032000000068e0903b501ee1202e5ea545455
1781663661,1637,1634,1637/obj/lora/8c1f6461900021e2/error_code,0.0,
1781663661,1637,1634,1637/obj/lora/8c1f6461900021e2/spreading_factor,7.0,
1781663661,1637,1634,1637/obj/lora/8c1f6461900021e2/bandwidth,125000.0,
1781663661,1637,1634,1637/obj/lora/8c1f6461900021e2/battery,3632.0,
1781663661,1637,1634,1637/obj/lora/8c1f6461900021e2/leak_status,2.0,
1781663661,1637,1634,1637/obj/lora/8c1f6461900021e2/total_volume,56771.0,
1781663661,1637,1634,1637/obj/lora/8c1f6461900021e2/water_temp_min,22.0,
1781663661,1637,1634,1637/obj/lora/8c1f6461900021e2/ambient_temp,22.5,
1781663728,1637,1634,1637/obj/lora/8c1f6461900020a5/bandwidth,125000.0,
1781663728,1637,1634,1637/obj/lora/8c1f6461900020a5/gateway_snr,7.0,24e124fffef94d5c
1781663728,1637,1634,1637/obj/lora/8c1f6461900020a5/,0.0,
1781663728,1637,1634,1637/obj/lora/8c1f6461900020a5/spreading_factor,7.0,
1781663728,1637,1634,1637/obj/lora/8c1f6461900020a5/water_temp_min,21.0,
1781663728,1637,1634,1637/obj/lora/8c1f6461900020a5/battery,3576.0,
1781663728,1637,1634,1637/obj/lora/8c1f6461900020a5/error_code,0.0,
1781663728,1637,1634,1637/obj/lora/8c1f6461900020a5/battery_recovered,3656.0,
1781663728,1637,1634,1637/obj/lora/8c1f6461900020a5/water_temp_max,21.0,
1781663728,1637,1634,1637/obj/lora/8c1f6461900020a5/payload,1.0,c4a509030000223c000000000000cc9709032500940602dee8525255
1781663728,1637,1634,1637/obj/lora/8c1f6461900020a5/frame_counter,7602.0,
1781663728,1637,1634,1637/obj/lora/8c1f6461900020a5/leak_status,2.0,
1781663728,1637,1634,1637/obj/lora/8c1f6461900020a5/gateway_rssi,-102.0,24e124fffef94d5c
1781663728,1637,1634,1637/obj/lora/8c1f6461900020a5/total_volume,15394.0,
1781663728,1637,1634,1637/obj/lora/8c1f6461900020a5/ambient_temp,22.5,
1781663791,1637,1634,1637/obj/lora/8c1f646190001ba9/frame_counter,7071.0,
1781663791,1637,1634,1637/obj/lora/8c1f646190001ba9/total_volume,31771.0,
1781663791,1637,1634,1637/obj/lora/8c1f646190001ba9/gateway_snr,3.799999952316284,24e124fffef949f8
1781663791,1637,1634,1637/obj/lora/8c1f646190001ba9/bandwidth,125000.0,
1781663791,1637,1634,1637/obj/lora/8c1f646190001ba9/payload,1.0,568d090300001b7c0000a1430b005e7f090367023f0202e2ea545556
1781663791,1637,1634,1637/obj/lora/8c1f646190001ba9/spreading_factor,7.0,
1781663791,1637,1634,1637/obj/lora/8c1f646190001ba9/,0.0,
1781663791,1637,1634,1637/obj/lora/8c1f646190001ba9/battery,3608.0,
1781663791,1637,1634,1637/obj/lora/8c1f646190001ba9/ambient_temp,23.0,
1781663791,1637,1634,1637/obj/lora/8c1f646190001ba9/water_temp_max,22.5,
1781663791,1637,1634,1637/obj/lora/8c1f646190001ba9/error_code,0.0,
1781663791,1637,1634,1637/obj/lora/8c1f646190001ba9/leak_status,2.0,
1781663791,1637,1634,1637/obj/lora/8c1f646190001ba9/water_temp_min,22.0,
1781663791,1637,1634,1637/obj/lora/8c1f646190001ba9/gateway_rssi,-107.0,24e124fffef949f8
1781663791,1637,1634,1637/obj/lora/8c1f646190001ba9/battery_recovered,3672.0,
1781663811,1637,1634,1637/obj/lora/8c1f6461900018ba/gateway_rssi,-103.0,24e124fffef94d5c
1781663811,1637,1634,1637/obj/lora/8c1f6461900018ba/water_temp_min,21.0,
1781663811,1637,1634,1637/obj/lora/8c1f6461900018ba/ambient_temp,20.5,
1781663811,1637,1634,1637/obj/lora/8c1f6461900018ba/leak_status,2.0,
1781663811,1637,1634,1637/obj/lora/8c1f6461900018ba/payload,1.0,385509030000ad1d0000000000004e4709034a03760202dfea525251
1781663811,1637,1634,1637/obj/lora/8c1f6461900018ba/total_volume,7597.0,
1781663811,1637,1634,1637/obj/lora/8c1f6461900018ba/battery,3584.0,
1781663811,1637,1634,1637/obj/lora/8c1f6461900018ba/frame_counter,5747.0,
1781663811,1637,1634,1637/obj/lora/8c1f6461900018ba/,0.0,
1781663811,1637,1634,1637/obj/lora/8c1f6461900018ba/bandwidth,125000.0,
1781663811,1637,1634,1637/obj/lora/8c1f6461900018ba/gateway_snr,4.800000190734863,24e124fffef94d5c
1781663811,1637,1634,1637/obj/lora/8c1f6461900018ba/spreading_factor,7.0,
1781663811,1637,1634,1637/obj/lora/8c1f6461900018ba/error_code,0.0,
1781663811,1637,1634,1637/obj/lora/8c1f6461900018ba/battery_recovered,3672.0,
1781663811,1637,1634,1637/obj/lora/8c1f6461900018ba/water_temp_max,21.0,
1781663876,1637,1634,1637/obj/lora/8c1f646190001fcb/gateway_rssi,-107.0,24e124fffef94d5c
1781663876,1637,1634,1637/obj/lora/8c1f646190001fcb/gateway_snr,0.5,24e124fffef94d5c
1781663876,1637,1634,1637/obj/lora/8c1f646190001fcb/bandwidth,125000.0,
1781663876,1637,1634,1637/obj/lora/8c1f646190001fcb/,0.0,
1781663876,1637,1634,1637/obj/lora/8c1f646190001fcb/frame_counter,7384.0,
1781663876,1637,1634,1637/obj/lora/8c1f646190001fcb/battery_recovered,3696.0,
1781663876,1637,1634,1637/obj/lora/8c1f646190001fcb/error_code,0.0,
1781663876,1637,1634,1637/obj/lora/8c1f646190001fcb/water_temp_min,22.5,
1781663876,1637,1634,1637/obj/lora/8c1f646190001fcb/water_temp_max,22.5,
1781663876,1637,1634,1637/obj/lora/8c1f646190001fcb/ambient_temp,22.5,
1781663876,1637,1634,1637/obj/lora/8c1f646190001fcb/leak_status,2.0,
1781663876,1637,1634,1637/obj/lora/8c1f646190001fcb/total_volume,23918.0,
1781663876,1637,1634,1637/obj/lora/8c1f646190001fcb/battery,3624.0,
1781663876,1637,1634,1637/obj/lora/8c1f646190001fcb/payload,1.0,41420d0300006e5d00000000000061340d03c800230602e4ed555555
1781663876,1637,1634,1637/obj/lora/8c1f646190001fcb/spreading_factor,7.0,
1781663891,1637,1634,1637/obj/lora/8c1f646190002244/gateway_snr,4.800000190734863,24e124fffef94d5c
1781663891,1637,1634,1637/obj/lora/8c1f646190002244/,0.0,
1781663891,1637,1634,1637/obj/lora/8c1f646190002244/error_code,0.0,
1781663891,1637,1634,1637/obj/lora/8c1f646190002244/bandwidth,125000.0,
1781663891,1637,1634,1637/obj/lora/8c1f646190002244/spreading_factor,7.0,
1781663891,1637,1634,1637/obj/lora/8c1f646190002244/water_temp_min,22.5,
1781663891,1637,1634,1637/obj/lora/8c1f646190002244/payload,1.0,ef5e09030000f2b8010003000000000000000000000000e7eb555555
1781663891,1637,1634,1637/obj/lora/8c1f646190002244/leak_status,0.0,
1781663891,1637,1634,1637/obj/lora/8c1f646190002244/total_volume,112882.0,
1781663891,1637,1634,1637/obj/lora/8c1f646190002244/battery,3648.0,
1781663891,1637,1634,1637/obj/lora/8c1f646190002244/gateway_rssi,-103.0,24e124fffef94d5c
1781663891,1637,1634,1637/obj/lora/8c1f646190002244/frame_counter,6472.0,
1781663891,1637,1634,1637/obj/lora/8c1f646190002244/battery_recovered,3680.0,
1781663891,1637,1634,1637/obj/lora/8c1f646190002244/water_temp_max,22.5,
1781663891,1637,1634,1637/obj/lora/8c1f646190002244/ambient_temp,22.5,
1781663976,1637,1634,1637/obj/lora/8c1f6461900021bd/payload,1.0,7e96090300006718010000000000000000000000000000dee8535353
1781663976,1637,1634,1637/obj/lora/8c1f6461900021bd/gateway_rssi,-106.0,24e124fffef94d5c
1781663976,1637,1634,1637/obj/lora/8c1f6461900021bd/spreading_factor,7.0,
1781663976,1637,1634,1637/obj/lora/8c1f6461900021bd/water_temp_min,21.5,
1781663976,1637,1634,1637/obj/lora/8c1f6461900021bd/battery,3576.0,
1781663976,1637,1634,1637/obj/lora/8c1f6461900021bd/battery_recovered,3656.0,
1781663976,1637,1634,1637/obj/lora/8c1f6461900021bd/water_temp_max,21.5,
1781663976,1637,1634,1637/obj/lora/8c1f6461900021bd/leak_status,0.0,
1781663976,1637,1634,1637/obj/lora/8c1f6461900021bd/error_code,0.0,
1781663976,1637,1634,1637/obj/lora/8c1f6461900021bd/frame_counter,6629.0,
1781663976,1637,1634,1637/obj/lora/8c1f6461900021bd/gateway_snr,2.799999952316284,24e124fffef94d5c
1781663976,1637,1634,1637/obj/lora/8c1f6461900021bd/bandwidth,125000.0,
1781663976,1637,1634,1637/obj/lora/8c1f6461900021bd/,0.0,
1781663976,1637,1634,1637/obj/lora/8c1f6461900021bd/ambient_temp,21.5,
1781663976,1637,1634,1637/obj/lora/8c1f6461900021bd/total_volume,71783.0,
1781664191,1637,1634,1637/obj/lora/24e124725d489523/battery,39.0,
1781664191,1637,1634,1637/obj/lora/24e124725d489523/spreading_factor,7.0,
1781664191,1637,1634,1637/obj/lora/24e124725d489523/gateway_rssi,-106.0,24e124fffef949f8
1781664191,1637,1634,1637/obj/lora/24e124725d489523/gateway_snr,4.5,24e124fffef949f8
1781664191,1637,1634,1637/obj/lora/24e124725d489523/bandwidth,125000.0,
1781664191,1637,1634,1637/obj/lora/24e124725d489523/temperature,20.4,
1781664191,1637,1634,1637/obj/lora/24e124725d489523/frame_counter,7482.0,
1781664191,1637,1634,1637/obj/lora/24e124725d489523/payload,85.0,0175270367cc00046864
1781664191,1637,1634,1637/obj/lora/24e124725d489523/,0.0,
1781664191,1637,1634,1637/obj/lora/24e124725d489523/humidity,50.0,
1781664347,1637,1634,1637/obj/lora/8c1f64619000227c/payload,1.0,506d0903000089320000e7ad0400725f09035000e30002e6e9555556
1781664347,1637,1634,1637/obj/lora/8c1f64619000227c/battery,3640.0,
1781664347,1637,1634,1637/obj/lora/8c1f64619000227c/bandwidth,125000.0,
1781664347,1637,1634,1637/obj/lora/8c1f64619000227c/leak_status,2.0,
1781664347,1637,1634,1637/obj/lora/8c1f64619000227c/ambient_temp,23.0,
1781664347,1637,1634,1637/obj/lora/8c1f64619000227c/gateway_snr,0.0,24e124fffef949f8
1781664347,1637,1634,1637/obj/lora/8c1f64619000227c/battery_recovered,3664.0,
1781664347,1637,1634,1637/obj/lora/8c1f64619000227c/spreading_factor,7.0,
1781664347,1637,1634,1637/obj/lora/8c1f64619000227c/,0.0,
1781664347,1637,1634,1637/obj/lora/8c1f64619000227c/error_code,0.0,
1781664347,1637,1634,1637/obj/lora/8c1f64619000227c/water_temp_min,22.5,
1781664347,1637,1634,1637/obj/lora/8c1f64619000227c/frame_counter,7517.0,
1781664347,1637,1634,1637/obj/lora/8c1f64619000227c/water_temp_max,22.5,
1781664347,1637,1634,1637/obj/lora/8c1f64619000227c/gateway_rssi,-112.0,24e124fffef949f8
1781664347,1637,1634,1637/obj/lora/8c1f64619000227c/total_volume,12937.0,
1781664376,1637,1634,1637/obj/lora/8c1f64619000171c/ambient_temp,23.0,
1781664376,1637,1634,1637/obj/lora/8c1f64619000171c/frame_counter,3600.0,
1781664376,1637,1634,1637/obj/lora/8c1f64619000171c/spreading_factor,7.0,
1781664376,1637,1634,1637/obj/lora/8c1f64619000171c/payload,1.0,394b0d0300001946000012000000353d0d03a501f80102e6ea565756
1781664376,1637,1634,1637/obj/lora/8c1f64619000171c/bandwidth,125000.0,
1781664376,1637,1634,1637/obj/lora/8c1f64619000171c/water_temp_max,23.5,
1781664376,1637,1634,1637/obj/lora/8c1f64619000171c/water_temp_min,23.0,
1781664376,1637,1634,1637/obj/lora/8c1f64619000171c/gateway_snr,4.5,24e124fffef949f8
1781664376,1637,1634,1637/obj/lora/8c1f64619000171c/battery,3640.0,
1781664376,1637,1634,1637/obj/lora/8c1f64619000171c/,0.0,
1781664376,1637,1634,1637/obj/lora/8c1f64619000171c/error_code,0.0,
1781664376,1637,1634,1637/obj/lora/8c1f64619000171c/leak_status,2.0,
1781664376,1637,1634,1637/obj/lora/8c1f64619000171c/battery_recovered,3672.0,
1781664376,1637,1634,1637/obj/lora/8c1f64619000171c/total_volume,17945.0,
1781664376,1637,1634,1637/obj/lora/8c1f64619000171c/gateway_rssi,-109.0,24e124fffef949f8
1781664377,1637,1634,1637/obj/lora/8c1f646190001c1f/,0.0,
1781664377,1637,1634,1637/obj/lora/8c1f646190001c1f/leak_status,2.0,
1781664377,1637,1634,1637/obj/lora/8c1f646190001c1f/battery,3624.0,
1781664377,1637,1634,1637/obj/lora/8c1f646190001c1f/bandwidth,125000.0,
1781664377,1637,1634,1637/obj/lora/8c1f646190001c1f/frame_counter,1935.0,
1781664377,1637,1634,1637/obj/lora/8c1f646190001c1f/battery_recovered,3688.0,
1781664377,1637,1634,1637/obj/lora/8c1f646190001c1f/water_temp_min,23.5,
1781664377,1637,1634,1637/obj/lora/8c1f646190001c1f/gateway_snr,6.5,24e124fffef949f8
1781664377,1637,1634,1637/obj/lora/8c1f646190001c1f/total_volume,44055.0,
1781664377,1637,1634,1637/obj/lora/8c1f646190001c1f/error_code,0.0,
1781664377,1637,1634,1637/obj/lora/8c1f646190001c1f/gateway_rssi,-107.0,24e124fffef949f8
1781664377,1637,1634,1637/obj/lora/8c1f646190001c1f/water_temp_max,23.5,
1781664377,1637,1634,1637/obj/lora/8c1f646190001c1f/ambient_temp,23.0,
1781664377,1637,1634,1637/obj/lora/8c1f646190001c1f/payload,1.0,4d900903000017ac000000000000758209039bfb151302e4ec575756
1781664377,1637,1634,1637/obj/lora/8c1f646190001c1f/spreading_factor,7.0,
1781664476,1637,1634,1637/obj/lora/8c1f646190001fc1/gateway_snr,10.800000190734863,24e124fffef94d5c
1781664476,1637,1634,1637/obj/lora/8c1f646190001fc1/payload,1.0,2396090300006cc50000291a0a0046880903f401dc0e02dde6535353
1781664476,1637,1634,1637/obj/lora/8c1f646190001fc1/water_temp_min,21.5,
1781664476,1637,1634,1637/obj/lora/8c1f646190001fc1/battery,3568.0,
1781664476,1637,1634,1637/obj/lora/8c1f646190001fc1/water_temp_max,21.5,
1781664476,1637,1634,1637/obj/lora/8c1f646190001fc1/spreading_factor,7.0,
1781664476,1637,1634,1637/obj/lora/8c1f646190001fc1/ambient_temp,21.5,
1781664476,1637,1634,1637/obj/lora/8c1f646190001fc1/total_volume,50540.0,
1781664476,1637,1634,1637/obj/lora/8c1f646190001fc1/error_code,0.0,
1781664476,1637,1634,1637/obj/lora/8c1f646190001fc1/gateway_rssi,-94.0,24e124fffef94d5c
1781664476,1637,1634,1637/obj/lora/8c1f646190001fc1/frame_counter,6891.0,
1781664476,1637,1634,1637/obj/lora/8c1f646190001fc1/,0.0,
1781664476,1637,1634,1637/obj/lora/8c1f646190001fc1/battery_recovered,3640.0,
1781664476,1637,1634,1637/obj/lora/8c1f646190001fc1/leak_status,2.0,
1781664476,1637,1634,1637/obj/lora/8c1f646190001fc1/bandwidth,125000.0,
1781664565,1637,1634,1637/obj/lora/8c1f646190001501/water_temp_max,22.0,
1781664565,1637,1634,1637/obj/lora/8c1f646190001501/total_volume,21709.0,
1781664565,1637,1634,1637/obj/lora/8c1f646190001501/leak_status,2.0,
1781664565,1637,1634,1637/obj/lora/8c1f646190001501/payload,1.0,92940e030000cd540000028e0600ad860e03f8043f0402eaed545454
1781664565,1637,1634,1637/obj/lora/8c1f646190001501/,0.0,
1781664565,1637,1634,1637/obj/lora/8c1f646190001501/battery_recovered,3696.0,
1781664565,1637,1634,1637/obj/lora/8c1f646190001501/error_code,0.0,
1781664565,1637,1634,1637/obj/lora/8c1f646190001501/water_temp_min,22.0,
1781664565,1637,1634,1637/obj/lora/8c1f646190001501/gateway_snr,9.199999809265137,24e124fffef949f8
1781664565,1637,1634,1637/obj/lora/8c1f646190001501/ambient_temp,22.0,
1781664565,1637,1634,1637/obj/lora/8c1f646190001501/battery,3672.0,
1781664565,1637,1634,1637/obj/lora/8c1f646190001501/spreading_factor,7.0,
1781664565,1637,1634,1637/obj/lora/8c1f646190001501/bandwidth,125000.0,
1781664565,1637,1634,1637/obj/lora/8c1f646190001501/gateway_rssi,-101.0,24e124fffef949f8
1781664565,1637,1634,1637/obj/lora/8c1f646190001501/frame_counter,3290.0,
1781664570,1637,1634,1637/obj/lora/8c1f646190001bea/gateway_snr,1.2000000476837158,24e124fffef94d5c
1781664570,1637,1634,1637/obj/lora/8c1f646190001bea/spreading_factor,7.0,
1781664570,1637,1634,1637/obj/lora/8c1f646190001bea/battery_recovered,3656.0,
1781664570,1637,1634,1637/obj/lora/8c1f646190001bea/water_temp_max,22.5,
1781664570,1637,1634,1637/obj/lora/8c1f646190001bea/ambient_temp,22.5,
1781664570,1637,1634,1637/obj/lora/8c1f646190001bea/,0.0,
1781664570,1637,1634,1637/obj/lora/8c1f646190001bea/water_temp_min,22.0,
1781664570,1637,1634,1637/obj/lora/8c1f646190001bea/battery,3600.0,
1781664570,1637,1634,1637/obj/lora/8c1f646190001bea/bandwidth,125000.0,
1781664570,1637,1634,1637/obj/lora/8c1f646190001bea/leak_status,2.0,
1781664570,1637,1634,1637/obj/lora/8c1f646190001bea/frame_counter,7688.0,
1781664570,1637,1634,1637/obj/lora/8c1f646190001bea/error_code,0.0,
1781664570,1637,1634,1637/obj/lora/8c1f646190001bea/payload,1.0,fe8009030000df840000206c0c00fc7209034200df0102e1e8545555
1781664570,1637,1634,1637/obj/lora/8c1f646190001bea/gateway_rssi,-107.0,24e124fffef94d5c
1781664570,1637,1634,1637/obj/lora/8c1f646190001bea/total_volume,34015.0,
1781664704,1637,1634,1637/obj/lora/8c1f646190001833/gateway_rssi,-104.0,24e124fffef94d5c
1781664704,1637,1634,1637/obj/lora/8c1f646190001833/payload,1.0,3d5909030000262e0000000000006b4b09031403250102e0ea535354
1781664704,1637,1634,1637/obj/lora/8c1f646190001833/battery,3592.0,
1781664704,1637,1634,1637/obj/lora/8c1f646190001833/leak_status,2.0,
1781664704,1637,1634,1637/obj/lora/8c1f646190001833/spreading_factor,7.0,
1781664704,1637,1634,1637/obj/lora/8c1f646190001833/error_code,0.0,
1781664704,1637,1634,1637/obj/lora/8c1f646190001833/battery_recovered,3672.0,
1781664704,1637,1634,1637/obj/lora/8c1f646190001833/bandwidth,125000.0,
1781664704,1637,1634,1637/obj/lora/8c1f646190001833/frame_counter,5845.0,
1781664704,1637,1634,1637/obj/lora/8c1f646190001833/ambient_temp,22.0,
1781664704,1637,1634,1637/obj/lora/8c1f646190001833/water_temp_max,21.5,
1781664704,1637,1634,1637/obj/lora/8c1f646190001833/water_temp_min,21.5,
1781664704,1637,1634,1637/obj/lora/8c1f646190001833/gateway_snr,3.200000047683716,24e124fffef94d5c
1781664704,1637,1634,1637/obj/lora/8c1f646190001833/,0.0,
1781664704,1637,1634,1637/obj/lora/8c1f646190001833/total_volume,11814.0,
1781664795,1637,1634,1637/obj/lora/24e124725d489523/frame_counter,7483.0,
1781664795,1637,1634,1637/obj/lora/24e124725d489523/battery,39.0,
1781664795,1637,1634,1637/obj/lora/24e124725d489523/,0.0,
1781664795,1637,1634,1637/obj/lora/24e124725d489523/gateway_snr,6.0,24e124fffef949f8
1781664795,1637,1634,1637/obj/lora/24e124725d489523/spreading_factor,7.0,
1781664795,1637,1634,1637/obj/lora/24e124725d489523/temperature,20.4,
1781664795,1637,1634,1637/obj/lora/24e124725d489523/bandwidth,125000.0,
1781664795,1637,1634,1637/obj/lora/24e124725d489523/payload,85.0,0175270367cc00046864
1781664795,1637,1634,1637/obj/lora/24e124725d489523/gateway_rssi,-106.0,24e124fffef949f8
1781664795,1637,1634,1637/obj/lora/24e124725d489523/humidity,50.0,
1781664873,1637,1634,1637/obj/lora/8c1f6461900021e8/battery_recovered,3672.0,
1781664873,1637,1634,1637/obj/lora/8c1f6461900021e8/bandwidth,125000.0,
1781664873,1637,1634,1637/obj/lora/8c1f6461900021e8/frame_counter,3448.0,
1781664873,1637,1634,1637/obj/lora/8c1f6461900021e8/gateway_snr,-3.0,24e124fffef949f8
1781664873,1637,1634,1637/obj/lora/8c1f6461900021e8/ambient_temp,23.5,
1781664873,1637,1634,1637/obj/lora/8c1f6461900021e8/gateway_rssi,-107.0,24e124fffef949f8
1781664873,1637,1634,1637/obj/lora/8c1f6461900021e8/water_temp_min,25.0,
1781664873,1637,1634,1637/obj/lora/8c1f6461900021e8/total_volume,46737.0,
1781664873,1637,1634,1637/obj/lora/8c1f6461900021e8/error_code,0.0,
1781664873,1637,1634,1637/obj/lora/8c1f6461900021e8/payload,1.0,e2a20903000091b600007d610700db94090310026e0802e7ea5a5a57
1781664873,1637,1634,1637/obj/lora/8c1f6461900021e8/water_temp_max,25.0,
1781664873,1637,1634,1637/obj/lora/8c1f6461900021e8/,0.0,
1781664873,1637,1634,1637/obj/lora/8c1f6461900021e8/battery,3648.0,
1781664873,1637,1634,1637/obj/lora/8c1f6461900021e8/leak_status,2.0,
1781664873,1637,1634,1637/obj/lora/8c1f6461900021e8/spreading_factor,7.0,
1781664885,1637,1634,1637/obj/lora/8c1f646190001ebd/water_temp_max,23.0,
1781664885,1637,1634,1637/obj/lora/8c1f646190001ebd/battery_recovered,3696.0,
1781664885,1637,1634,1637/obj/lora/8c1f646190001ebd/battery,3624.0,
1781664885,1637,1634,1637/obj/lora/8c1f646190001ebd/error_code,0.0,
1781664885,1637,1634,1637/obj/lora/8c1f646190001ebd/,0.0,
1781664885,1637,1634,1637/obj/lora/8c1f646190001ebd/ambient_temp,22.0,
1781664885,1637,1634,1637/obj/lora/8c1f646190001ebd/leak_status,2.0,
1781664885,1637,1634,1637/obj/lora/8c1f646190001ebd/bandwidth,125000.0,
1781664885,1637,1634,1637/obj/lora/8c1f646190001ebd/water_temp_min,23.0,
1781664885,1637,1634,1637/obj/lora/8c1f646190001ebd/frame_counter,7920.0,
1781664885,1637,1634,1637/obj/lora/8c1f646190001ebd/gateway_rssi,-106.0,24e124fffef949f8
1781664885,1637,1634,1637/obj/lora/8c1f646190001ebd/payload,1.0,c19909030000d46a000000000000e38b09032e038d0d02e4ed565654
1781664885,1637,1634,1637/obj/lora/8c1f646190001ebd/gateway_snr,7.199999809265137,24e124fffef949f8
1781664885,1637,1634,1637/obj/lora/8c1f646190001ebd/spreading_factor,7.0,
1781664885,1637,1634,1637/obj/lora/8c1f646190001ebd/total_volume,27348.0,
1781664956,1637,1634,1637/obj/lora/8c1f6461900021c5/gateway_rssi,-106.0,24e124fffef949f8
1781664956,1637,1634,1637/obj/lora/8c1f6461900021c5/frame_counter,6814.0,
1781664956,1637,1634,1637/obj/lora/8c1f6461900021c5/battery_recovered,3664.0,
1781664956,1637,1634,1637/obj/lora/8c1f6461900021c5/error_code,0.0,
1781664956,1637,1634,1637/obj/lora/8c1f6461900021c5/spreading_factor,7.0,
1781664956,1637,1634,1637/obj/lora/8c1f6461900021c5/ambient_temp,22.0,
1781664956,1637,1634,1637/obj/lora/8c1f6461900021c5/payload,1.0,248f09030000c02f0000000000001b81090347eb790202e1e9515254
1781664956,1637,1634,1637/obj/lora/8c1f6461900021c5/battery,3600.0,
1781664956,1637,1634,1637/obj/lora/8c1f6461900021c5/leak_status,2.0,
1781664956,1637,1634,1637/obj/lora/8c1f6461900021c5/water_temp_min,20.5,
1781664956,1637,1634,1637/obj/lora/8c1f6461900021c5/total_volume,12224.0,
1781664956,1637,1634,1637/obj/lora/8c1f6461900021c5/,0.0,
1781664956,1637,1634,1637/obj/lora/8c1f6461900021c5/water_temp_max,21.0,
1781664956,1637,1634,1637/obj/lora/8c1f6461900021c5/gateway_snr,-0.800000011920929,24e124fffef949f8
1781664956,1637,1634,1637/obj/lora/8c1f6461900021c5/bandwidth,125000.0,
1781665003,1637,1634,1637/obj/lora/8c1f646190001901/payload,1.0,e29309030000df34000005000000f5850903c102f90102e0eb505a54
1781665003,1637,1634,1637/obj/lora/8c1f646190001901/bandwidth,125000.0,
1781665003,1637,1634,1637/obj/lora/8c1f646190001901/gateway_snr,6.800000190734863,24e124fffef94d5c
1781665003,1637,1634,1637/obj/lora/8c1f646190001901/leak_status,2.0,
1781665003,1637,1634,1637/obj/lora/8c1f646190001901/battery_recovered,3680.0,
1781665003,1637,1634,1637/obj/lora/8c1f646190001901/spreading_factor,7.0,
1781665003,1637,1634,1637/obj/lora/8c1f646190001901/frame_counter,7662.0,
1781665003,1637,1634,1637/obj/lora/8c1f646190001901/battery,3592.0,
1781665003,1637,1634,1637/obj/lora/8c1f646190001901/gateway_rssi,-102.0,24e124fffef94d5c
1781665003,1637,1634,1637/obj/lora/8c1f646190001901/,0.0,
1781665003,1637,1634,1637/obj/lora/8c1f646190001901/error_code,0.0,
1781665003,1637,1634,1637/obj/lora/8c1f646190001901/total_volume,13535.0,
1781665003,1637,1634,1637/obj/lora/8c1f646190001901/water_temp_max,25.0,
1781665003,1637,1634,1637/obj/lora/8c1f646190001901/ambient_temp,22.0,
1781665003,1637,1634,1637/obj/lora/8c1f646190001901/water_temp_min,20.0,
1781665075,1637,1634,1637/obj/lora/8c1f646190001592/battery,3608.0,
1781665075,1637,1634,1637/obj/lora/8c1f646190001592/water_temp_max,22.0,
1781665075,1637,1634,1637/obj/lora/8c1f646190001592/ambient_temp,22.0,
1781665075,1637,1634,1637/obj/lora/8c1f646190001592/gateway_snr,9.0,24e124fffef949f8
1781665075,1637,1634,1637/obj/lora/8c1f646190001592/error_code,0.0,
1781665075,1637,1634,1637/obj/lora/8c1f646190001592/,0.0,
1781665075,1637,1634,1637/obj/lora/8c1f646190001592/water_temp_min,22.0,
1781665075,1637,1634,1637/obj/lora/8c1f646190001592/spreading_factor,7.0,
1781665075,1637,1634,1637/obj/lora/8c1f646190001592/bandwidth,125000.0,
1781665075,1637,1634,1637/obj/lora/8c1f646190001592/payload,1.0,2a73090300008b8300009eba0b003d650903abffed0302e2ea545454
1781665075,1637,1634,1637/obj/lora/8c1f646190001592/frame_counter,3618.0,
1781665075,1637,1634,1637/obj/lora/8c1f646190001592/battery_recovered,3672.0,
1781665075,1637,1634,1637/obj/lora/8c1f646190001592/leak_status,2.0,
1781665075,1637,1634,1637/obj/lora/8c1f646190001592/gateway_rssi,-102.0,24e124fffef949f8
1781665075,1637,1634,1637/obj/lora/8c1f646190001592/total_volume,33675.0,
1781665108,1637,1634,1637/obj/lora/8c1f646190001c9b/,0.0,
1781665108,1637,1634,1637/obj/lora/8c1f646190001c9b/battery_recovered,3664.0,
1781665108,1637,1634,1637/obj/lora/8c1f646190001c9b/error_code,0.0,
1781665108,1637,1634,1637/obj/lora/8c1f646190001c9b/water_temp_max,41.5,
1781665108,1637,1634,1637/obj/lora/8c1f646190001c9b/gateway_rssi,-104.0,24e124fffef94d5c
1781665108,1637,1634,1637/obj/lora/8c1f646190001c9b/ambient_temp,25.0,
1781665108,1637,1634,1637/obj/lora/8c1f646190001c9b/frame_counter,7506.0,
1781665108,1637,1634,1637/obj/lora/8c1f646190001c9b/payload,1.0,2a8e090300009ab60000dc930e003d800903b4031a0602dfe97a7b5a
1781665108,1637,1634,1637/obj/lora/8c1f646190001c9b/spreading_factor,7.0,
1781665108,1637,1634,1637/obj/lora/8c1f646190001c9b/battery,3584.0,
1781665108,1637,1634,1637/obj/lora/8c1f646190001c9b/gateway_snr,3.5,24e124fffef94d5c
1781665108,1637,1634,1637/obj/lora/8c1f646190001c9b/bandwidth,125000.0,
1781665108,1637,1634,1637/obj/lora/8c1f646190001c9b/leak_status,2.0,
1781665108,1637,1634,1637/obj/lora/8c1f646190001c9b/water_temp_min,41.0,
1781665108,1637,1634,1637/obj/lora/8c1f646190001c9b/total_volume,46746.0,
1781665137,1637,1634,1637/obj/lora/8c1f646190001947/battery_recovered,3640.0,
1781665137,1637,1634,1637/obj/lora/8c1f646190001947/,0.0,
1781665137,1637,1634,1637/obj/lora/8c1f646190001947/spreading_factor,7.0,
1781665137,1637,1634,1637/obj/lora/8c1f646190001947/bandwidth,125000.0,
1781665137,1637,1634,1637/obj/lora/8c1f646190001947/water_temp_min,22.0,
1781665137,1637,1634,1637/obj/lora/8c1f646190001947/leak_status,2.0,
1781665137,1637,1634,1637/obj/lora/8c1f646190001947/error_code,0.0,
1781665137,1637,1634,1637/obj/lora/8c1f646190001947/water_temp_max,22.0,
1781665137,1637,1634,1637/obj/lora/8c1f646190001947/total_volume,38255.0,
1781665137,1637,1634,1637/obj/lora/8c1f646190001947/gateway_rssi,-105.0,24e124fffef94d5c
1781665137,1637,1634,1637/obj/lora/8c1f646190001947/gateway_snr,4.199999809265137,24e124fffef94d5c
1781665137,1637,1634,1637/obj/lora/8c1f646190001947/ambient_temp,21.5,
1781665137,1637,1634,1637/obj/lora/8c1f646190001947/battery,3616.0,
1781665137,1637,1634,1637/obj/lora/8c1f646190001947/frame_counter,7362.0,
1781665137,1637,1634,1637/obj/lora/8c1f646190001947/payload,1.0,9aad090300006f95000000000000b19f09030702f00802e3e6545453
1781665163,1637,1634,1637/obj/lora/8c1f64619000177c/battery_recovered,3680.0,
1781665163,1637,1634,1637/obj/lora/8c1f64619000177c/error_code,0.0,
1781665163,1637,1634,1637/obj/lora/8c1f64619000177c/leak_status,0.0,
1781665163,1637,1634,1637/obj/lora/8c1f64619000177c/gateway_snr,10.0,24e124fffef949f8
1781665163,1637,1634,1637/obj/lora/8c1f64619000177c/payload,1.0,6574090300008ce1000000000000000000000000000000e3eb535354
1781665163,1637,1634,1637/obj/lora/8c1f64619000177c/water_temp_min,21.5,
1781665163,1637,1634,1637/obj/lora/8c1f64619000177c/,0.0,
1781665163,1637,1634,1637/obj/lora/8c1f64619000177c/frame_counter,6445.0,
1781665163,1637,1634,1637/obj/lora/8c1f64619000177c/water_temp_max,21.5,
1781665163,1637,1634,1637/obj/lora/8c1f64619000177c/spreading_factor,7.0,
1781665163,1637,1634,1637/obj/lora/8c1f64619000177c/bandwidth,125000.0,
1781665163,1637,1634,1637/obj/lora/8c1f64619000177c/ambient_temp,22.0,
1781665163,1637,1634,1637/obj/lora/8c1f64619000177c/battery,3616.0,
1781665163,1637,1634,1637/obj/lora/8c1f64619000177c/gateway_rssi,-99.0,24e124fffef949f8
1781665163,1637,1634,1637/obj/lora/8c1f64619000177c/total_volume,57740.0,
1781665185,1637,1634,1637/obj/lora/8c1f646190001c1c/water_temp_max,22.0,
1781665185,1637,1634,1637/obj/lora/8c1f646190001c1c/gateway_snr,-6.5,24e124fffef949f8
1781665185,1637,1634,1637/obj/lora/8c1f646190001c1c/bandwidth,125000.0,
1781665185,1637,1634,1637/obj/lora/8c1f646190001c1c/battery,3624.0,
1781665185,1637,1634,1637/obj/lora/8c1f646190001c1c/battery_recovered,3656.0,
1781665185,1637,1634,1637/obj/lora/8c1f646190001c1c/payload,1.0,746d0d030000339900004d0b0b00825f0d037301600702e4e8545454
1781665185,1637,1634,1637/obj/lora/8c1f646190001c1c/leak_status,2.0,
1781665185,1637,1634,1637/obj/lora/8c1f646190001c1c/frame_counter,3666.0,
1781665185,1637,1634,1637/obj/lora/8c1f646190001c1c/ambient_temp,22.0,
1781665185,1637,1634,1637/obj/lora/8c1f646190001c1c/error_code,0.0,
1781665185,1637,1634,1637/obj/lora/8c1f646190001c1c/total_volume,39219.0,
1781665185,1637,1634,1637/obj/lora/8c1f646190001c1c/spreading_factor,7.0,
1781665185,1637,1634,1637/obj/lora/8c1f646190001c1c/,0.0,
1781665185,1637,1634,1637/obj/lora/8c1f646190001c1c/gateway_rssi,-107.0,24e124fffef949f8
1781665185,1637,1634,1637/obj/lora/8c1f646190001c1c/water_temp_min,22.0,
1781665275,1637,1634,1637/obj/lora/8c1f6461900021db/bandwidth,125000.0,
1781665275,1637,1634,1637/obj/lora/8c1f6461900021db/gateway_rssi,-106.0,24e124fffef94d5c
1781665275,1637,1634,1637/obj/lora/8c1f6461900021db/error_code,0.0,
1781665275,1637,1634,1637/obj/lora/8c1f6461900021db/,0.0,
1781665275,1637,1634,1637/obj/lora/8c1f6461900021db/frame_counter,7754.0,
1781665275,1637,1634,1637/obj/lora/8c1f6461900021db/battery_recovered,3664.0,
1781665275,1637,1634,1637/obj/lora/8c1f6461900021db/battery,3568.0,
1781665275,1637,1634,1637/obj/lora/8c1f6461900021db/total_volume,15057.0,
1781665275,1637,1634,1637/obj/lora/8c1f6461900021db/ambient_temp,21.0,
1781665275,1637,1634,1637/obj/lora/8c1f6461900021db/payload,1.0,a26b09030000d13a0000694f0500c35d090371fffa0002dde9505152
1781665275,1637,1634,1637/obj/lora/8c1f6461900021db/water_temp_max,20.5,
1781665275,1637,1634,1637/obj/lora/8c1f6461900021db/gateway_snr,2.200000047683716,24e124fffef94d5c
1781665275,1637,1634,1637/obj/lora/8c1f6461900021db/leak_status,2.0,
1781665275,1637,1634,1637/obj/lora/8c1f6461900021db/spreading_factor,7.0,
1781665275,1637,1634,1637/obj/lora/8c1f6461900021db/water_temp_min,20.0,
1781665372,1637,1634,1637/obj/lora/8c1f6461900020d1/spreading_factor,7.0,
1781665372,1637,1634,1637/obj/lora/8c1f6461900020d1/total_volume,13636.0,
1781665372,1637,1634,1637/obj/lora/8c1f6461900020d1/ambient_temp,23.5,
1781665372,1637,1634,1637/obj/lora/8c1f6461900020d1/battery,3616.0,
1781665372,1637,1634,1637/obj/lora/8c1f6461900020d1/gateway_snr,6.5,24e124fffef949f8
1781665372,1637,1634,1637/obj/lora/8c1f6461900020d1/frame_counter,6344.0,
1781665372,1637,1634,1637/obj/lora/8c1f6461900020d1/payload,1.0,43700903000044350000e6fd04006e6209030e024d0102e3e7555657
1781665372,1637,1634,1637/obj/lora/8c1f6461900020d1/water_temp_min,22.5,
1781665372,1637,1634,1637/obj/lora/8c1f6461900020d1/,0.0,
1781665372,1637,1634,1637/obj/lora/8c1f6461900020d1/error_code,0.0,
1781665372,1637,1634,1637/obj/lora/8c1f6461900020d1/water_temp_max,23.0,
1781665372,1637,1634,1637/obj/lora/8c1f6461900020d1/battery_recovered,3648.0,
1781665372,1637,1634,1637/obj/lora/8c1f6461900020d1/bandwidth,125000.0,
1781665372,1637,1634,1637/obj/lora/8c1f6461900020d1/gateway_rssi,-106.0,24e124fffef949f8
1781665372,1637,1634,1637/obj/lora/8c1f6461900020d1/leak_status,2.0,
1781665395,1637,1634,1637/obj/lora/24e124725d489523/,0.0,
1781665395,1637,1634,1637/obj/lora/24e124725d489523/bandwidth,125000.0,
1781665395,1637,1634,1637/obj/lora/24e124725d489523/battery,39.0,
1781665395,1637,1634,1637/obj/lora/24e124725d489523/spreading_factor,7.0,
1781665395,1637,1634,1637/obj/lora/24e124725d489523/gateway_snr,6.199999809265137,24e124fffef949f8
1781665395,1637,1634,1637/obj/lora/24e124725d489523/temperature,20.4,
1781665395,1637,1634,1637/obj/lora/24e124725d489523/humidity,50.0,
1781665395,1637,1634,1637/obj/lora/24e124725d489523/payload,85.0,0175270367cc00046864
1781665395,1637,1634,1637/obj/lora/24e124725d489523/gateway_rssi,-106.0,24e124fffef949f8
1781665395,1637,1634,1637/obj/lora/24e124725d489523/frame_counter,7484.0,
1781665418,1637,1634,1637/obj/lora/8c1f6461900019cb/battery,3640.0,
1781665418,1637,1634,1637/obj/lora/8c1f6461900019cb/water_temp_max,20.0,
1781665418,1637,1634,1637/obj/lora/8c1f6461900019cb/battery_recovered,3672.0,
1781665418,1637,1634,1637/obj/lora/8c1f6461900019cb/,0.0,
1781665418,1637,1634,1637/obj/lora/8c1f6461900019cb/gateway_snr,3.799999952316284,24e124fffef94d5c
1781665418,1637,1634,1637/obj/lora/8c1f6461900019cb/water_temp_min,20.0,
1781665418,1637,1634,1637/obj/lora/8c1f6461900019cb/total_volume,10557.0,
1781665418,1637,1634,1637/obj/lora/8c1f6461900019cb/bandwidth,125000.0,
1781665418,1637,1634,1637/obj/lora/8c1f6461900019cb/leak_status,2.0,
1781665418,1637,1634,1637/obj/lora/8c1f6461900019cb/frame_counter,7812.0,
1781665418,1637,1634,1637/obj/lora/8c1f6461900019cb/ambient_temp,19.5,
1781665418,1637,1634,1637/obj/lora/8c1f6461900019cb/gateway_rssi,-105.0,24e124fffef94d5c
1781665418,1637,1634,1637/obj/lora/8c1f6461900019cb/payload,1.0,e270090300003d29000000000000fd62090391010d0502e6ea50504f
1781665418,1637,1634,1637/obj/lora/8c1f6461900019cb/error_code,0.0,
1781665418,1637,1634,1637/obj/lora/8c1f6461900019cb/spreading_factor,7.0,
1781665424,1637,1634,1637/obj/lora/8c1f64619000170a/leak_status,2.0,
1781665424,1637,1634,1637/obj/lora/8c1f64619000170a/,0.0,
1781665424,1637,1634,1637/obj/lora/8c1f64619000170a/payload,1.0,95b309030000845c02007c270600b4a509034d213c0d02e1e9565757
1781665424,1637,1634,1637/obj/lora/8c1f64619000170a/total_volume,154756.0,
1781665424,1637,1634,1637/obj/lora/8c1f64619000170a/frame_counter,6651.0,
1781665424,1637,1634,1637/obj/lora/8c1f64619000170a/spreading_factor,7.0,
1781665424,1637,1634,1637/obj/lora/8c1f64619000170a/gateway_snr,3.799999952316284,24e124fffef94d5c
1781665424,1637,1634,1637/obj/lora/8c1f64619000170a/gateway_rssi,-105.0,24e124fffef94d5c
1781665424,1637,1634,1637/obj/lora/8c1f64619000170a/water_temp_min,23.0,
1781665424,1637,1634,1637/obj/lora/8c1f64619000170a/error_code,0.0,
1781665424,1637,1634,1637/obj/lora/8c1f64619000170a/water_temp_max,23.5,
1781665424,1637,1634,1637/obj/lora/8c1f64619000170a/ambient_temp,23.5,
1781665424,1637,1634,1637/obj/lora/8c1f64619000170a/battery_recovered,3664.0,
1781665424,1637,1634,1637/obj/lora/8c1f64619000170a/battery,3600.0,
1781665424,1637,1634,1637/obj/lora/8c1f64619000170a/bandwidth,125000.0,
1781665482,1637,1634,1637/obj/lora/8c1f6461900021da/payload,1.0,6551090300009e600000f79008008e430903cc053b0302e0e9545554
1781665482,1637,1634,1637/obj/lora/8c1f6461900021da/bandwidth,125000.0,
1781665482,1637,1634,1637/obj/lora/8c1f6461900021da/battery_recovered,3664.0,
1781665482,1637,1634,1637/obj/lora/8c1f6461900021da/frame_counter,7487.0,
1781665482,1637,1634,1637/obj/lora/8c1f6461900021da/gateway_rssi,-101.0,24e124fffef94d5c
1781665482,1637,1634,1637/obj/lora/8c1f6461900021da/,0.0,
1781665482,1637,1634,1637/obj/lora/8c1f6461900021da/gateway_snr,6.800000190734863,24e124fffef94d5c
1781665482,1637,1634,1637/obj/lora/8c1f6461900021da/water_temp_max,22.5,
1781665482,1637,1634,1637/obj/lora/8c1f6461900021da/water_temp_min,22.0,
1781665482,1637,1634,1637/obj/lora/8c1f6461900021da/leak_status,2.0,
1781665482,1637,1634,1637/obj/lora/8c1f6461900021da/total_volume,24734.0,
1781665482,1637,1634,1637/obj/lora/8c1f6461900021da/error_code,0.0,
1781665482,1637,1634,1637/obj/lora/8c1f6461900021da/ambient_temp,22.0,
1781665482,1637,1634,1637/obj/lora/8c1f6461900021da/spreading_factor,7.0,
1781665482,1637,1634,1637/obj/lora/8c1f6461900021da/battery,3592.0,
1781665504,1637,1634,1637/obj/lora/8c1f646190001963/ambient_temp,21.0,
1781665504,1637,1634,1637/obj/lora/8c1f646190001963/error_code,0.0,
1781665504,1637,1634,1637/obj/lora/8c1f646190001963/gateway_snr,10.0,24e124fffef94d5c
1781665504,1637,1634,1637/obj/lora/8c1f646190001963/,0.0,
1781665504,1637,1634,1637/obj/lora/8c1f646190001963/total_volume,15803.0,
1781665504,1637,1634,1637/obj/lora/8c1f646190001963/gateway_rssi,-95.0,24e124fffef94d5c
1781665504,1637,1634,1637/obj/lora/8c1f646190001963/battery,3600.0,
1781665504,1637,1634,1637/obj/lora/8c1f646190001963/bandwidth,125000.0,
1781665504,1637,1634,1637/obj/lora/8c1f646190001963/battery_recovered,3680.0,
1781665504,1637,1634,1637/obj/lora/8c1f646190001963/spreading_factor,7.0,
1781665504,1637,1634,1637/obj/lora/8c1f646190001963/water_temp_max,21.5,
1781665504,1637,1634,1637/obj/lora/8c1f646190001963/leak_status,2.0,
1781665504,1637,1634,1637/obj/lora/8c1f646190001963/payload,1.0,acab09030000bb3d000000000000db9d0903d907f70702e1eb535352
1781665504,1637,1634,1637/obj/lora/8c1f646190001963/frame_counter,7733.0,
1781665504,1637,1634,1637/obj/lora/8c1f646190001963/water_temp_min,21.5,
1781665599,1637,1634,1637/obj/lora/8c1f646190001e41/gateway_rssi,-107.0,24e124fffef949f8
1781665599,1637,1634,1637/obj/lora/8c1f646190001e41/water_temp_max,44.5,
1781665599,1637,1634,1637/obj/lora/8c1f646190001e41/bandwidth,125000.0,
1781665599,1637,1634,1637/obj/lora/8c1f646190001e41/battery,3656.0,
1781665599,1637,1634,1637/obj/lora/8c1f646190001e41/gateway_snr,4.5,24e124fffef949f8
1781665599,1637,1634,1637/obj/lora/8c1f646190001e41/frame_counter,3558.0,
1781665599,1637,1634,1637/obj/lora/8c1f646190001e41/error_code,0.0,
1781665599,1637,1634,1637/obj/lora/8c1f646190001e41/total_volume,42481.0,
1781665599,1637,1634,1637/obj/lora/8c1f646190001e41/spreading_factor,7.0,
1781665599,1637,1634,1637/obj/lora/8c1f646190001e41/battery_recovered,3688.0,
1781665599,1637,1634,1637/obj/lora/8c1f646190001e41/payload,1.0,d9a109030000f1a500005c110f00fd93090308fdae0102e8ec808159
1781665599,1637,1634,1637/obj/lora/8c1f646190001e41/leak_status,2.0,
1781665599,1637,1634,1637/obj/lora/8c1f646190001e41/,0.0,
1781665599,1637,1634,1637/obj/lora/8c1f646190001e41/ambient_temp,24.5,
1781665599,1637,1634,1637/obj/lora/8c1f646190001e41/water_temp_min,44.0,
1781665654,1637,1634,1637/obj/lora/8c1f646190002120/frame_counter,3617.0,
1781665654,1637,1634,1637/obj/lora/8c1f646190002120/,0.0,
1781665654,1637,1634,1637/obj/lora/8c1f646190002120/water_temp_min,22.0,
1781665654,1637,1634,1637/obj/lora/8c1f646190002120/gateway_snr,9.5,24e124fffef949f8
1781665654,1637,1634,1637/obj/lora/8c1f646190002120/error_code,0.0,
1781665654,1637,1634,1637/obj/lora/8c1f646190002120/battery,3656.0,
1781665654,1637,1634,1637/obj/lora/8c1f646190002120/bandwidth,125000.0,
1781665654,1637,1634,1637/obj/lora/8c1f646190002120/battery_recovered,3680.0,
1781665654,1637,1634,1637/obj/lora/8c1f646190002120/ambient_temp,21.5,
1781665654,1637,1634,1637/obj/lora/8c1f646190002120/leak_status,2.0,
1781665654,1637,1634,1637/obj/lora/8c1f646190002120/spreading_factor,7.0,
1781665654,1637,1634,1637/obj/lora/8c1f646190002120/payload,1.0,568e0903000087a50000f5e70d00838009037d00720002e8eb545453
1781665654,1637,1634,1637/obj/lora/8c1f646190002120/gateway_rssi,-102.0,24e124fffef949f8
1781665654,1637,1634,1637/obj/lora/8c1f646190002120/water_temp_max,22.0,
1781665654,1637,1634,1637/obj/lora/8c1f646190002120/total_volume,42375.0,
1781665686,1637,1634,1637/obj/lora/8c1f6461900015c1/frame_counter,7603.0,
1781665686,1637,1634,1637/obj/lora/8c1f6461900015c1/ambient_temp,21.0,
1781665686,1637,1634,1637/obj/lora/8c1f6461900015c1/payload,1.0,8a6809030000254a000000000000ab5a0903a4fd9a0102dfec535352
1781665686,1637,1634,1637/obj/lora/8c1f6461900015c1/gateway_rssi,-94.0,24e124fffef94d5c
1781665686,1637,1634,1637/obj/lora/8c1f6461900015c1/leak_status,2.0,
1781665686,1637,1634,1637/obj/lora/8c1f6461900015c1/spreading_factor,7.0,
1781665686,1637,1634,1637/obj/lora/8c1f6461900015c1/battery_recovered,3688.0,
1781665686,1637,1634,1637/obj/lora/8c1f6461900015c1/battery,3584.0,
1781665686,1637,1634,1637/obj/lora/8c1f6461900015c1/bandwidth,125000.0,
1781665686,1637,1634,1637/obj/lora/8c1f6461900015c1/total_volume,18981.0,
1781665686,1637,1634,1637/obj/lora/8c1f6461900015c1/,0.0,
1781665686,1637,1634,1637/obj/lora/8c1f6461900015c1/water_temp_max,21.5,
1781665686,1637,1634,1637/obj/lora/8c1f6461900015c1/water_temp_min,21.5,
1781665686,1637,1634,1637/obj/lora/8c1f6461900015c1/error_code,0.0,
1781665686,1637,1634,1637/obj/lora/8c1f6461900015c1/gateway_snr,11.5,24e124fffef94d5c
1781665758,1637,1634,1637/obj/lora/8c1f646190001b0f/battery_recovered,3648.0,
1781665758,1637,1634,1637/obj/lora/8c1f646190001b0f/error_code,0.0,
1781665758,1637,1634,1637/obj/lora/8c1f646190001b0f/spreading_factor,7.0,
1781665758,1637,1634,1637/obj/lora/8c1f646190001b0f/,0.0,
1781665758,1637,1634,1637/obj/lora/8c1f646190001b0f/leak_status,2.0,
1781665758,1637,1634,1637/obj/lora/8c1f646190001b0f/frame_counter,6520.0,
1781665758,1637,1634,1637/obj/lora/8c1f646190001b0f/ambient_temp,21.5,
1781665758,1637,1634,1637/obj/lora/8c1f646190001b0f/total_volume,35314.0,
1781665758,1637,1634,1637/obj/lora/8c1f646190001b0f/battery,3584.0,
1781665758,1637,1634,1637/obj/lora/8c1f646190001b0f/bandwidth,125000.0,
1781665758,1637,1634,1637/obj/lora/8c1f646190001b0f/gateway_snr,-3.200000047683716,24e124fffef94d5c
1781665758,1637,1634,1637/obj/lora/8c1f646190001b0f/gateway_rssi,-109.0,24e124fffef94d5c
1781665758,1637,1634,1637/obj/lora/8c1f646190001b0f/water_temp_max,22.5,
1781665758,1637,1634,1637/obj/lora/8c1f646190001b0f/payload,1.0,cf8a09030000f2890000e6e30a00cc7c09039e01970102dfe7555553
1781665758,1637,1634,1637/obj/lora/8c1f646190001b0f/water_temp_min,22.5,
1781665785,1637,1634,1637/obj/lora/8c1f64619000228d/total_volume,18060.0,
1781665785,1637,1634,1637/obj/lora/8c1f64619000228d/error_code,0.0,
1781665785,1637,1634,1637/obj/lora/8c1f64619000228d/battery,3576.0,
1781665785,1637,1634,1637/obj/lora/8c1f64619000228d/,0.0,
1781665785,1637,1634,1637/obj/lora/8c1f64619000228d/frame_counter,6425.0,
1781665785,1637,1634,1637/obj/lora/8c1f64619000228d/ambient_temp,22.0,
1781665785,1637,1634,1637/obj/lora/8c1f64619000228d/water_temp_min,21.5,
1781665785,1637,1634,1637/obj/lora/8c1f64619000228d/bandwidth,125000.0,
1781665785,1637,1634,1637/obj/lora/8c1f64619000228d/gateway_rssi,-98.0,24e124fffef94d5c
1781665785,1637,1634,1637/obj/lora/8c1f64619000228d/battery_recovered,3648.0,
1781665785,1637,1634,1637/obj/lora/8c1f64619000228d/water_temp_max,22.0,
1781665785,1637,1634,1637/obj/lora/8c1f64619000228d/payload,1.0,d05b090300008c46000000000000c84d0903f206670902dee7535454
1781665785,1637,1634,1637/obj/lora/8c1f64619000228d/leak_status,2.0,
1781665785,1637,1634,1637/obj/lora/8c1f64619000228d/gateway_snr,10.0,24e124fffef94d5c
1781665785,1637,1634,1637/obj/lora/8c1f64619000228d/spreading_factor,7.0,
1781665786,1637,1634,1637/obj/lora/8c1f6461900014f5/gateway_snr,7.5,24e124fffef949f8
1781665786,1637,1634,1637/obj/lora/8c1f6461900014f5/water_temp_min,21.5,
1781665786,1637,1634,1637/obj/lora/8c1f6461900014f5/total_volume,22136.0,
1781665786,1637,1634,1637/obj/lora/8c1f6461900014f5/error_code,0.0,
1781665786,1637,1634,1637/obj/lora/8c1f6461900014f5/battery,3648.0,
1781665786,1637,1634,1637/obj/lora/8c1f6461900014f5/,0.0,
1781665786,1637,1634,1637/obj/lora/8c1f6461900014f5/spreading_factor,7.0,
1781665786,1637,1634,1637/obj/lora/8c1f6461900014f5/leak_status,2.0,
1781665786,1637,1634,1637/obj/lora/8c1f6461900014f5/bandwidth,125000.0,
1781665786,1637,1634,1637/obj/lora/8c1f6461900014f5/frame_counter,3574.0,
1781665786,1637,1634,1637/obj/lora/8c1f6461900014f5/ambient_temp,22.0,
1781665786,1637,1634,1637/obj/lora/8c1f6461900014f5/payload,1.0,73710d030000785600000000000098630d0352fb590b02e7e9535354
1781665786,1637,1634,1637/obj/lora/8c1f6461900014f5/gateway_rssi,-103.0,24e124fffef949f8
1781665786,1637,1634,1637/obj/lora/8c1f6461900014f5/water_temp_max,21.5,
1781665786,1637,1634,1637/obj/lora/8c1f6461900014f5/battery_recovered,3664.0,
1781665880,1637,1634,1637/obj/lora/8c1f646190002222/frame_counter,3634.0,
1781665880,1637,1634,1637/obj/lora/8c1f646190002222/battery_recovered,3688.0,
1781665880,1637,1634,1637/obj/lora/8c1f646190002222/leak_status,2.0,
1781665880,1637,1634,1637/obj/lora/8c1f646190002222/total_volume,30820.0,
1781665880,1637,1634,1637/obj/lora/8c1f646190002222/,0.0,
1781665880,1637,1634,1637/obj/lora/8c1f646190002222/battery,3680.0,
1781665880,1637,1634,1637/obj/lora/8c1f646190002222/error_code,0.0,
1781665880,1637,1634,1637/obj/lora/8c1f646190002222/spreading_factor,7.0,
1781665880,1637,1634,1637/obj/lora/8c1f646190002222/gateway_rssi,-112.0,24e124fffef949f8
1781665880,1637,1634,1637/obj/lora/8c1f646190002222/water_temp_max,21.5,
1781665880,1637,1634,1637/obj/lora/8c1f646190002222/ambient_temp,21.5,
1781665880,1637,1634,1637/obj/lora/8c1f646190002222/payload,1.0,2160090300006478000008000000365609030702ad0002ebec4e5353
1781665880,1637,1634,1637/obj/lora/8c1f646190002222/water_temp_min,19.0,
1781665880,1637,1634,1637/obj/lora/8c1f646190002222/gateway_snr,-0.20000000298023224,24e124fffef949f8
1781665880,1637,1634,1637/obj/lora/8c1f646190002222/bandwidth,125000.0,
1781665899,1637,1634,1637/obj/lora/8c1f646190001b91/battery_recovered,3656.0,
1781665899,1637,1634,1637/obj/lora/8c1f646190001b91/frame_counter,6535.0,
1781665899,1637,1634,1637/obj/lora/8c1f646190001b91/spreading_factor,7.0,
1781665899,1637,1634,1637/obj/lora/8c1f646190001b91/payload,1.0,128f0903000021b70000a2cb0e001581090334001a0302dde8555754
1781665899,1637,1634,1637/obj/lora/8c1f646190001b91/gateway_snr,7.0,24e124fffef94d5c
1781665899,1637,1634,1637/obj/lora/8c1f646190001b91/error_code,0.0,
1781665899,1637,1634,1637/obj/lora/8c1f646190001b91/ambient_temp,22.0,
1781665899,1637,1634,1637/obj/lora/8c1f646190001b91/bandwidth,125000.0,
1781665899,1637,1634,1637/obj/lora/8c1f646190001b91/gateway_rssi,-101.0,24e124fffef94d5c
1781665899,1637,1634,1637/obj/lora/8c1f646190001b91/leak_status,2.0,
1781665899,1637,1634,1637/obj/lora/8c1f646190001b91/battery,3568.0,
1781665899,1637,1634,1637/obj/lora/8c1f646190001b91/water_temp_min,22.5,
1781665899,1637,1634,1637/obj/lora/8c1f646190001b91/total_volume,46881.0,
1781665899,1637,1634,1637/obj/lora/8c1f646190001b91/,0.0,
1781665899,1637,1634,1637/obj/lora/8c1f646190001b91/water_temp_max,23.5,
1781665935,1637,1634,1637/obj/lora/8c1f6461900019cf/spreading_factor,7.0,
1781665935,1637,1634,1637/obj/lora/8c1f6461900019cf/ambient_temp,21.0,
1781665935,1637,1634,1637/obj/lora/8c1f6461900019cf/payload,1.0,a19909030000e70a010000000000000000000000000000e5e8535452
1781665935,1637,1634,1637/obj/lora/8c1f6461900019cf/water_temp_min,21.5,
1781665935,1637,1634,1637/obj/lora/8c1f6461900019cf/water_temp_max,22.0,
1781665935,1637,1634,1637/obj/lora/8c1f6461900019cf/frame_counter,3549.0,
1781665935,1637,1634,1637/obj/lora/8c1f6461900019cf/,0.0,
1781665935,1637,1634,1637/obj/lora/8c1f6461900019cf/battery_recovered,3656.0,
1781665935,1637,1634,1637/obj/lora/8c1f6461900019cf/bandwidth,125000.0,
1781665935,1637,1634,1637/obj/lora/8c1f6461900019cf/gateway_rssi,-101.0,24e124fffef949f8
1781665935,1637,1634,1637/obj/lora/8c1f6461900019cf/leak_status,0.0,
1781665935,1637,1634,1637/obj/lora/8c1f6461900019cf/total_volume,68327.0,
1781665935,1637,1634,1637/obj/lora/8c1f6461900019cf/battery,3632.0,
1781665935,1637,1634,1637/obj/lora/8c1f6461900019cf/gateway_snr,7.800000190734863,24e124fffef949f8
1781665935,1637,1634,1637/obj/lora/8c1f6461900019cf/error_code,0.0,
1781665959,1637,1634,1637/obj/lora/8c1f646190002206/frame_counter,7007.0,
1781665959,1637,1634,1637/obj/lora/8c1f646190002206/battery,3600.0,
1781665959,1637,1634,1637/obj/lora/8c1f646190002206/,0.0,
1781665959,1637,1634,1637/obj/lora/8c1f646190002206/payload,1.0,299c0903000069130300c74f0f00000000000000000000e1ea545454
1781665959,1637,1634,1637/obj/lora/8c1f646190002206/spreading_factor,7.0,
1781665959,1637,1634,1637/obj/lora/8c1f646190002206/battery_recovered,3672.0,
1781665959,1637,1634,1637/obj/lora/8c1f646190002206/ambient_temp,22.0,
1781665959,1637,1634,1637/obj/lora/8c1f646190002206/water_temp_min,22.0,
1781665959,1637,1634,1637/obj/lora/8c1f646190002206/error_code,0.0,
1781665959,1637,1634,1637/obj/lora/8c1f646190002206/leak_status,0.0,
1781665959,1637,1634,1637/obj/lora/8c1f646190002206/gateway_snr,6.199999809265137,24e124fffef94d5c
1781665959,1637,1634,1637/obj/lora/8c1f646190002206/total_volume,201577.0,
1781665959,1637,1634,1637/obj/lora/8c1f646190002206/bandwidth,125000.0,
1781665959,1637,1634,1637/obj/lora/8c1f646190002206/water_temp_max,22.0,
1781665959,1637,1634,1637/obj/lora/8c1f646190002206/gateway_rssi,-101.0,24e124fffef94d5c
1781665992,1637,1634,1637/obj/lora/24e124725d489523/payload,85.0,0175270367cc00046864
1781665992,1637,1634,1637/obj/lora/24e124725d489523/temperature,20.4,
1781665992,1637,1634,1637/obj/lora/24e124725d489523/bandwidth,125000.0,
1781665992,1637,1634,1637/obj/lora/24e124725d489523/humidity,50.0,
1781665992,1637,1634,1637/obj/lora/24e124725d489523/frame_counter,7485.0,
1781665992,1637,1634,1637/obj/lora/24e124725d489523/gateway_rssi,-107.0,24e124fffef949f8
1781665992,1637,1634,1637/obj/lora/24e124725d489523/gateway_snr,6.800000190734863,24e124fffef949f8
1781665992,1637,1634,1637/obj/lora/24e124725d489523/battery,39.0,
1781665992,1637,1634,1637/obj/lora/24e124725d489523/,0.0,
1781665992,1637,1634,1637/obj/lora/24e124725d489523/spreading_factor,7.0,
1781666055,1637,1634,1637/obj/lora/8c1f646190001bf1/water_temp_min,22.0,
1781666055,1637,1634,1637/obj/lora/8c1f646190001bf1/error_code,0.0,
1781666055,1637,1634,1637/obj/lora/8c1f646190001bf1/ambient_temp,21.5,
1781666055,1637,1634,1637/obj/lora/8c1f646190001bf1/battery_recovered,3672.0,
1781666055,1637,1634,1637/obj/lora/8c1f646190001bf1/gateway_snr,5.199999809265137,24e124fffef94d5c
1781666055,1637,1634,1637/obj/lora/8c1f646190001bf1/leak_status,2.0,
1781666055,1637,1634,1637/obj/lora/8c1f646190001bf1/battery,3600.0,
1781666055,1637,1634,1637/obj/lora/8c1f646190001bf1/water_temp_max,22.0,
1781666055,1637,1634,1637/obj/lora/8c1f646190001bf1/,0.0,
1781666055,1637,1634,1637/obj/lora/8c1f646190001bf1/frame_counter,6322.0,
1781666055,1637,1634,1637/obj/lora/8c1f646190001bf1/bandwidth,125000.0,
1781666055,1637,1634,1637/obj/lora/8c1f646190001bf1/payload,1.0,01a509030000a6820000c88c0b00f8960903a701240102e1ea545453
1781666055,1637,1634,1637/obj/lora/8c1f646190001bf1/total_volume,33446.0,
1781666055,1637,1634,1637/obj/lora/8c1f646190001bf1/spreading_factor,7.0,
1781666055,1637,1634,1637/obj/lora/8c1f646190001bf1/gateway_rssi,-103.0,24e124fffef94d5c
1781666062,1637,1634,1637/obj/lora/8c1f646190001dd8/battery_recovered,3664.0,
1781666062,1637,1634,1637/obj/lora/8c1f646190001dd8/,0.0,
1781666062,1637,1634,1637/obj/lora/8c1f646190001dd8/payload,1.0,7b8b09030000afda000008e011007c7d090385015c0202e4e9545454
1781666062,1637,1634,1637/obj/lora/8c1f646190001dd8/water_temp_max,22.0,
1781666062,1637,1634,1637/obj/lora/8c1f646190001dd8/water_temp_min,22.0,
1781666062,1637,1634,1637/obj/lora/8c1f646190001dd8/battery,3624.0,
1781666062,1637,1634,1637/obj/lora/8c1f646190001dd8/spreading_factor,7.0,
1781666062,1637,1634,1637/obj/lora/8c1f646190001dd8/leak_status,2.0,
1781666062,1637,1634,1637/obj/lora/8c1f646190001dd8/total_volume,55983.0,
1781666062,1637,1634,1637/obj/lora/8c1f646190001dd8/bandwidth,125000.0,
1781666062,1637,1634,1637/obj/lora/8c1f646190001dd8/gateway_rssi,-113.0,24e124fffef949f8
1781666062,1637,1634,1637/obj/lora/8c1f646190001dd8/ambient_temp,22.0,
1781666062,1637,1634,1637/obj/lora/8c1f646190001dd8/gateway_snr,0.0,24e124fffef949f8
1781666062,1637,1634,1637/obj/lora/8c1f646190001dd8/error_code,0.0,
1781666062,1637,1634,1637/obj/lora/8c1f646190001dd8/frame_counter,3737.0,
1781666072,1637,1634,1637/obj/lora/8c1f6461900021e0/water_temp_max,22.0,
1781666072,1637,1634,1637/obj/lora/8c1f6461900021e0/battery,3664.0,
1781666072,1637,1634,1637/obj/lora/8c1f6461900021e0/,0.0,
1781666072,1637,1634,1637/obj/lora/8c1f6461900021e0/frame_counter,2241.0,
1781666072,1637,1634,1637/obj/lora/8c1f6461900021e0/bandwidth,125000.0,
1781666072,1637,1634,1637/obj/lora/8c1f6461900021e0/total_volume,77155.0,
1781666072,1637,1634,1637/obj/lora/8c1f6461900021e0/gateway_rssi,-104.0,24e124fffef949f8
1781666072,1637,1634,1637/obj/lora/8c1f6461900021e0/error_code,0.0,
1781666072,1637,1634,1637/obj/lora/8c1f6461900021e0/battery_recovered,3696.0,
1781666072,1637,1634,1637/obj/lora/8c1f6461900021e0/water_temp_min,22.0,
1781666072,1637,1634,1637/obj/lora/8c1f6461900021e0/spreading_factor,7.0,
1781666072,1637,1634,1637/obj/lora/8c1f6461900021e0/payload,1.0,ca6b09030000632d010000000000000000000000000000e9ed545454
1781666072,1637,1634,1637/obj/lora/8c1f6461900021e0/gateway_snr,7.199999809265137,24e124fffef949f8
1781666072,1637,1634,1637/obj/lora/8c1f6461900021e0/leak_status,0.0,
1781666072,1637,1634,1637/obj/lora/8c1f6461900021e0/ambient_temp,22.0,
1781666144,1637,1634,1637/obj/lora/8c1f646190001968/payload,1.0,0684090300004d160100af2918002d76090314f1420202e8eb565656
1781666144,1637,1634,1637/obj/lora/8c1f646190001968/gateway_rssi,-105.0,24e124fffef949f8
1781666144,1637,1634,1637/obj/lora/8c1f646190001968/spreading_factor,7.0,
1781666144,1637,1634,1637/obj/lora/8c1f646190001968/battery_recovered,3680.0,
1781666144,1637,1634,1637/obj/lora/8c1f646190001968/bandwidth,125000.0,
1781666144,1637,1634,1637/obj/lora/8c1f646190001968/,0.0,
1781666144,1637,1634,1637/obj/lora/8c1f646190001968/leak_status,2.0,
1781666144,1637,1634,1637/obj/lora/8c1f646190001968/error_code,0.0,
1781666144,1637,1634,1637/obj/lora/8c1f646190001968/gateway_snr,7.0,24e124fffef949f8
1781666144,1637,1634,1637/obj/lora/8c1f646190001968/frame_counter,3619.0,
1781666144,1637,1634,1637/obj/lora/8c1f646190001968/total_volume,71245.0,
1781666144,1637,1634,1637/obj/lora/8c1f646190001968/water_temp_min,23.0,
1781666144,1637,1634,1637/obj/lora/8c1f646190001968/battery,3656.0,
1781666144,1637,1634,1637/obj/lora/8c1f646190001968/water_temp_max,23.0,
1781666144,1637,1634,1637/obj/lora/8c1f646190001968/ambient_temp,23.0,
1781666220,1637,1634,1637/obj/lora/8c1f646190002291/frame_counter,6851.0,
1781666220,1637,1634,1637/obj/lora/8c1f646190002291/spreading_factor,7.0,
1781666220,1637,1634,1637/obj/lora/8c1f646190002291/gateway_rssi,-109.0,24e124fffef949f8
1781666220,1637,1634,1637/obj/lora/8c1f646190002291/leak_status,3.0,
1781666220,1637,1634,1637/obj/lora/8c1f646190002291/bandwidth,125000.0,
1781666220,1637,1634,1637/obj/lora/8c1f646190002291/total_volume,398813.0,
1781666220,1637,1634,1637/obj/lora/8c1f646190002291/battery,3584.0,
1781666220,1637,1634,1637/obj/lora/8c1f646190002291/battery_recovered,3664.0,
1781666220,1637,1634,1637/obj/lora/8c1f646190002291/error_code,0.0,
1781666220,1637,1634,1637/obj/lora/8c1f646190002291/payload,1.0,88b909030000dd15060000000000861609035a02000003dfe9525252
1781666220,1637,1634,1637/obj/lora/8c1f646190002291/water_temp_max,21.0,
1781666220,1637,1634,1637/obj/lora/8c1f646190002291/water_temp_min,21.0,
1781666220,1637,1634,1637/obj/lora/8c1f646190002291/,0.0,
1781666220,1637,1634,1637/obj/lora/8c1f646190002291/gateway_snr,3.5,24e124fffef949f8
1781666220,1637,1634,1637/obj/lora/8c1f646190002291/ambient_temp,21.0,
1781666377,1637,1634,1637/obj/lora/8c1f64619000160f/ambient_temp,22.5,
1781666377,1637,1634,1637/obj/lora/8c1f64619000160f/payload,1.0,44740d03000048d4010008000000000000000000000000e7ea555555
1781666377,1637,1634,1637/obj/lora/8c1f64619000160f/,0.0,
1781666377,1637,1634,1637/obj/lora/8c1f64619000160f/leak_status,0.0,
1781666377,1637,1634,1637/obj/lora/8c1f64619000160f/battery_recovered,3672.0,
1781666377,1637,1634,1637/obj/lora/8c1f64619000160f/error_code,0.0,
1781666377,1637,1634,1637/obj/lora/8c1f64619000160f/gateway_rssi,-108.0,24e124fffef949f8
1781666377,1637,1634,1637/obj/lora/8c1f64619000160f/battery,3648.0,
1781666377,1637,1634,1637/obj/lora/8c1f64619000160f/water_temp_min,22.5,
1781666377,1637,1634,1637/obj/lora/8c1f64619000160f/gateway_snr,3.5,24e124fffef949f8
1781666377,1637,1634,1637/obj/lora/8c1f64619000160f/frame_counter,3634.0,
1781666377,1637,1634,1637/obj/lora/8c1f64619000160f/total_volume,119880.0,
1781666377,1637,1634,1637/obj/lora/8c1f64619000160f/spreading_factor,7.0,
1781666377,1637,1634,1637/obj/lora/8c1f64619000160f/bandwidth,125000.0,
1781666377,1637,1634,1637/obj/lora/8c1f64619000160f/water_temp_max,22.5,
1781666523,1637,1634,1637/obj/lora/8c1f646190001ec9/gateway_snr,4.199999809265137,24e124fffef94d5c
1781666523,1637,1634,1637/obj/lora/8c1f646190001ec9/payload,1.0,e66b09030000fc860000f75a0b00f05d09039c038e0202e1e9535351
1781666523,1637,1634,1637/obj/lora/8c1f646190001ec9/gateway_rssi,-103.0,24e124fffef94d5c
1781666523,1637,1634,1637/obj/lora/8c1f646190001ec9/ambient_temp,20.5,
1781666523,1637,1634,1637/obj/lora/8c1f646190001ec9/leak_status,2.0,
1781666523,1637,1634,1637/obj/lora/8c1f646190001ec9/frame_counter,6554.0,
1781666523,1637,1634,1637/obj/lora/8c1f646190001ec9/water_temp_max,21.5,
1781666523,1637,1634,1637/obj/lora/8c1f646190001ec9/spreading_factor,7.0,
1781666523,1637,1634,1637/obj/lora/8c1f646190001ec9/battery_recovered,3664.0,
1781666523,1637,1634,1637/obj/lora/8c1f646190001ec9/,0.0,
1781666523,1637,1634,1637/obj/lora/8c1f646190001ec9/water_temp_min,21.5,
1781666523,1637,1634,1637/obj/lora/8c1f646190001ec9/bandwidth,125000.0,
1781666523,1637,1634,1637/obj/lora/8c1f646190001ec9/battery,3600.0,
1781666523,1637,1634,1637/obj/lora/8c1f646190001ec9/error_code,0.0,
1781666523,1637,1634,1637/obj/lora/8c1f646190001ec9/total_volume,34556.0,
1781666557,1637,1634,1637/obj/lora/8c1f6461900015ba/water_temp_min,21.0,
1781666557,1637,1634,1637/obj/lora/8c1f6461900015ba/water_temp_max,21.0,
1781666557,1637,1634,1637/obj/lora/8c1f6461900015ba/frame_counter,7257.0,
1781666557,1637,1634,1637/obj/lora/8c1f6461900015ba/gateway_snr,6.199999809265137,24e124fffef949f8
1781666557,1637,1634,1637/obj/lora/8c1f6461900015ba/leak_status,2.0,
1781666557,1637,1634,1637/obj/lora/8c1f6461900015ba/total_volume,7057.0,
1781666557,1637,1634,1637/obj/lora/8c1f6461900015ba/,0.0,
1781666557,1637,1634,1637/obj/lora/8c1f6461900015ba/error_code,0.0,
1781666557,1637,1634,1637/obj/lora/8c1f6461900015ba/payload,1.0,bea209030000911b000000000000e89409034701d60302e6eb525252
1781666557,1637,1634,1637/obj/lora/8c1f6461900015ba/battery_recovered,3680.0,
1781666557,1637,1634,1637/obj/lora/8c1f6461900015ba/battery,3640.0,
1781666557,1637,1634,1637/obj/lora/8c1f6461900015ba/bandwidth,125000.0,
1781666557,1637,1634,1637/obj/lora/8c1f6461900015ba/ambient_temp,21.0,
1781666557,1637,1634,1637/obj/lora/8c1f6461900015ba/spreading_factor,7.0,
1781666557,1637,1634,1637/obj/lora/8c1f6461900015ba/gateway_rssi,-107.0,24e124fffef949f8
1781666596,1637,1634,1637/obj/lora/24e124725d489523/temperature,20.4,
1781666596,1637,1634,1637/obj/lora/24e124725d489523/gateway_rssi,-106.0,24e124fffef949f8
1781666596,1637,1634,1637/obj/lora/24e124725d489523/battery,39.0,
1781666596,1637,1634,1637/obj/lora/24e124725d489523/humidity,49.5,
1781666596,1637,1634,1637/obj/lora/24e124725d489523/,0.0,
1781666596,1637,1634,1637/obj/lora/24e124725d489523/payload,85.0,0175270367cc00046863
1781666596,1637,1634,1637/obj/lora/24e124725d489523/frame_counter,7486.0,
1781666596,1637,1634,1637/obj/lora/24e124725d489523/spreading_factor,7.0,
1781666596,1637,1634,1637/obj/lora/24e124725d489523/gateway_snr,6.199999809265137,24e124fffef949f8
1781666596,1637,1634,1637/obj/lora/24e124725d489523/bandwidth,125000.0,
1781666610,1637,1634,1637/obj/lora/8c1f646190001743/water_temp_min,22.5,
1781666610,1637,1634,1637/obj/lora/8c1f646190001743/,0.0,
1781666610,1637,1634,1637/obj/lora/8c1f646190001743/ambient_temp,23.0,
1781666610,1637,1634,1637/obj/lora/8c1f646190001743/error_code,0.0,
1781666610,1637,1634,1637/obj/lora/8c1f646190001743/frame_counter,1981.0,
1781666610,1637,1634,1637/obj/lora/8c1f646190001743/total_volume,8040.0,
1781666610,1637,1634,1637/obj/lora/8c1f646190001743/battery,3632.0,
1781666610,1637,1634,1637/obj/lora/8c1f646190001743/battery_recovered,3688.0,
1781666610,1637,1634,1637/obj/lora/8c1f646190001743/payload,1.0,099909030000681f0000000000001f8b09034d03cc0102e5ec555556
1781666610,1637,1634,1637/obj/lora/8c1f646190001743/gateway_rssi,-114.0,24e124fffef949f8
1781666610,1637,1634,1637/obj/lora/8c1f646190001743/gateway_snr,-3.5,24e124fffef949f8
1781666610,1637,1634,1637/obj/lora/8c1f646190001743/spreading_factor,7.0,
1781666610,1637,1634,1637/obj/lora/8c1f646190001743/bandwidth,125000.0,
1781666610,1637,1634,1637/obj/lora/8c1f646190001743/water_temp_max,22.5,
1781666610,1637,1634,1637/obj/lora/8c1f646190001743/leak_status,2.0,
1781666672,1637,1634,1637/obj/lora/8c1f6461900015ed/water_temp_min,21.0,
1781666672,1637,1634,1637/obj/lora/8c1f6461900015ed/battery,3616.0,
1781666672,1637,1634,1637/obj/lora/8c1f6461900015ed/battery_recovered,3680.0,
1781666672,1637,1634,1637/obj/lora/8c1f6461900015ed/error_code,0.0,
1781666672,1637,1634,1637/obj/lora/8c1f6461900015ed/spreading_factor,7.0,
1781666672,1637,1634,1637/obj/lora/8c1f6461900015ed/leak_status,2.0,
1781666672,1637,1634,1637/obj/lora/8c1f6461900015ed/gateway_rssi,-95.0,24e124fffef94d5c
1781666672,1637,1634,1637/obj/lora/8c1f6461900015ed/gateway_snr,11.0,24e124fffef94d5c
1781666672,1637,1634,1637/obj/lora/8c1f6461900015ed/frame_counter,6139.0,
1781666672,1637,1634,1637/obj/lora/8c1f6461900015ed/water_temp_max,21.0,
1781666672,1637,1634,1637/obj/lora/8c1f6461900015ed/bandwidth,125000.0,
1781666672,1637,1634,1637/obj/lora/8c1f6461900015ed/payload,1.0,559709030000eb6400000ea409004989090398006d0202e3eb525252
1781666672,1637,1634,1637/obj/lora/8c1f6461900015ed/ambient_temp,21.0,
1781666672,1637,1634,1637/obj/lora/8c1f6461900015ed/total_volume,25835.0,
1781666672,1637,1634,1637/obj/lora/8c1f6461900015ed/,0.0,
1781666709,1637,1634,1637/obj/lora/8c1f6461900018f5/battery_recovered,3664.0,
1781666709,1637,1634,1637/obj/lora/8c1f6461900018f5/water_temp_min,22.0,
1781666709,1637,1634,1637/obj/lora/8c1f6461900018f5/gateway_rssi,-105.0,24e124fffef949f8
1781666709,1637,1634,1637/obj/lora/8c1f6461900018f5/gateway_snr,4.199999809265137,24e124fffef949f8
1781666709,1637,1634,1637/obj/lora/8c1f6461900018f5/,0.0,
1781666709,1637,1634,1637/obj/lora/8c1f6461900018f5/error_code,0.0,
1781666709,1637,1634,1637/obj/lora/8c1f6461900018f5/water_temp_max,22.0,
1781666709,1637,1634,1637/obj/lora/8c1f6461900018f5/spreading_factor,7.0,
1781666709,1637,1634,1637/obj/lora/8c1f6461900018f5/payload,1.0,dd800903000082c90000c5d9040008730903b1f8a60d02e1e9545455
1781666709,1637,1634,1637/obj/lora/8c1f6461900018f5/ambient_temp,22.5,
1781666709,1637,1634,1637/obj/lora/8c1f6461900018f5/total_volume,51586.0,
1781666709,1637,1634,1637/obj/lora/8c1f6461900018f5/frame_counter,7694.0,
1781666709,1637,1634,1637/obj/lora/8c1f6461900018f5/leak_status,2.0,
1781666709,1637,1634,1637/obj/lora/8c1f6461900018f5/bandwidth,125000.0,
1781666709,1637,1634,1637/obj/lora/8c1f6461900018f5/battery,3600.0,
1781666778,1637,1634,1637/obj/lora/8c1f6461900019c7/water_temp_min,22.0,
1781666778,1637,1634,1637/obj/lora/8c1f6461900019c7/,0.0,
1781666778,1637,1634,1637/obj/lora/8c1f6461900019c7/total_volume,22411.0,
1781666778,1637,1634,1637/obj/lora/8c1f6461900019c7/battery,3568.0,
1781666778,1637,1634,1637/obj/lora/8c1f6461900019c7/water_temp_max,22.0,
1781666778,1637,1634,1637/obj/lora/8c1f6461900019c7/spreading_factor,7.0,
1781666778,1637,1634,1637/obj/lora/8c1f6461900019c7/error_code,0.0,
1781666778,1637,1634,1637/obj/lora/8c1f6461900019c7/gateway_snr,0.800000011920929,24e124fffef94d5c
1781666778,1637,1634,1637/obj/lora/8c1f6461900019c7/gateway_rssi,-107.0,24e124fffef94d5c
1781666778,1637,1634,1637/obj/lora/8c1f6461900019c7/payload,1.0,8e6a090300008b57000052480800b85c09038401310302dde7545454
1781666778,1637,1634,1637/obj/lora/8c1f6461900019c7/ambient_temp,22.0,
1781666778,1637,1634,1637/obj/lora/8c1f6461900019c7/battery_recovered,3648.0,
1781666778,1637,1634,1637/obj/lora/8c1f6461900019c7/leak_status,2.0,
1781666778,1637,1634,1637/obj/lora/8c1f6461900019c7/bandwidth,125000.0,
1781666778,1637,1634,1637/obj/lora/8c1f6461900019c7/frame_counter,5922.0,
1781666810,1637,1634,1637/obj/lora/8c1f646190001baf/battery_recovered,3656.0,
1781666810,1637,1634,1637/obj/lora/8c1f646190001baf/battery,3584.0,
1781666810,1637,1634,1637/obj/lora/8c1f646190001baf/leak_status,2.0,
1781666810,1637,1634,1637/obj/lora/8c1f646190001baf/water_temp_min,21.5,
1781666810,1637,1634,1637/obj/lora/8c1f646190001baf/gateway_snr,4.5,24e124fffef94d5c
1781666810,1637,1634,1637/obj/lora/8c1f646190001baf/payload,1.0,d390090300001bd20000bca80500cd82090349fec41502dfe8535454
1781666810,1637,1634,1637/obj/lora/8c1f646190001baf/error_code,0.0,
1781666810,1637,1634,1637/obj/lora/8c1f646190001baf/total_volume,53787.0,
1781666810,1637,1634,1637/obj/lora/8c1f646190001baf/ambient_temp,22.0,
1781666810,1637,1634,1637/obj/lora/8c1f646190001baf/frame_counter,6728.0,
1781666810,1637,1634,1637/obj/lora/8c1f646190001baf/gateway_rssi,-104.0,24e124fffef94d5c
1781666810,1637,1634,1637/obj/lora/8c1f646190001baf/bandwidth,125000.0,
1781666810,1637,1634,1637/obj/lora/8c1f646190001baf/spreading_factor,7.0,
1781666810,1637,1634,1637/obj/lora/8c1f646190001baf/water_temp_max,22.0,
1781666810,1637,1634,1637/obj/lora/8c1f646190001baf/,0.0,
1781666831,1637,1634,1637/obj/lora/8c1f646190001790/water_temp_min,21.0,
1781666831,1637,1634,1637/obj/lora/8c1f646190001790/battery,3680.0,
1781666831,1637,1634,1637/obj/lora/8c1f646190001790/payload,1.0,7ea30903000049230000db340300979509038cff0b0202ebed525253
1781666831,1637,1634,1637/obj/lora/8c1f646190001790/gateway_snr,2.200000047683716,24e124fffef949f8
1781666831,1637,1634,1637/obj/lora/8c1f646190001790/,0.0,
1781666831,1637,1634,1637/obj/lora/8c1f646190001790/frame_counter,3632.0,
1781666831,1637,1634,1637/obj/lora/8c1f646190001790/gateway_rssi,-110.0,24e124fffef949f8
1781666831,1637,1634,1637/obj/lora/8c1f646190001790/water_temp_max,21.0,
1781666831,1637,1634,1637/obj/lora/8c1f646190001790/spreading_factor,7.0,
1781666831,1637,1634,1637/obj/lora/8c1f646190001790/leak_status,2.0,
1781666831,1637,1634,1637/obj/lora/8c1f646190001790/error_code,0.0,
1781666831,1637,1634,1637/obj/lora/8c1f646190001790/bandwidth,125000.0,
1781666831,1637,1634,1637/obj/lora/8c1f646190001790/battery_recovered,3696.0,
1781666831,1637,1634,1637/obj/lora/8c1f646190001790/total_volume,9033.0,
1781666831,1637,1634,1637/obj/lora/8c1f646190001790/ambient_temp,21.5,
1781666841,1637,1634,1637/obj/lora/8c1f6461900021a9/,0.0,
1781666841,1637,1634,1637/obj/lora/8c1f6461900021a9/bandwidth,125000.0,
1781666841,1637,1634,1637/obj/lora/8c1f6461900021a9/total_volume,51977.0,
1781666841,1637,1634,1637/obj/lora/8c1f6461900021a9/gateway_snr,1.7999999523162842,24e124fffef949f8
1781666841,1637,1634,1637/obj/lora/8c1f6461900021a9/battery_recovered,3664.0,
1781666841,1637,1634,1637/obj/lora/8c1f6461900021a9/battery,3608.0,
1781666841,1637,1634,1637/obj/lora/8c1f6461900021a9/gateway_rssi,-110.0,24e124fffef949f8
1781666841,1637,1634,1637/obj/lora/8c1f6461900021a9/leak_status,2.0,
1781666841,1637,1634,1637/obj/lora/8c1f6461900021a9/water_temp_max,20.5,
1781666841,1637,1634,1637/obj/lora/8c1f6461900021a9/frame_counter,7886.0,
1781666841,1637,1634,1637/obj/lora/8c1f6461900021a9/error_code,0.0,
1781666841,1637,1634,1637/obj/lora/8c1f6461900021a9/spreading_factor,7.0,
1781666841,1637,1634,1637/obj/lora/8c1f6461900021a9/payload,1.0,5c900903000009cb0000f8f811006e82090337fe9b0302e2e9515152
1781666841,1637,1634,1637/obj/lora/8c1f6461900021a9/water_temp_min,20.5,
1781666841,1637,1634,1637/obj/lora/8c1f6461900021a9/ambient_temp,21.0,
1781666929,1637,1634,1637/obj/lora/8c1f646190002012/battery_recovered,3664.0,
1781666929,1637,1634,1637/obj/lora/8c1f646190002012/gateway_snr,5.800000190734863,24e124fffef949f8
1781666929,1637,1634,1637/obj/lora/8c1f646190002012/ambient_temp,22.0,
1781666929,1637,1634,1637/obj/lora/8c1f646190002012/water_temp_min,22.0,
1781666929,1637,1634,1637/obj/lora/8c1f646190002012/bandwidth,125000.0,
1781666929,1637,1634,1637/obj/lora/8c1f646190002012/error_code,0.0,
1781666929,1637,1634,1637/obj/lora/8c1f646190002012/frame_counter,2854.0,
1781666929,1637,1634,1637/obj/lora/8c1f646190002012/leak_status,2.0,
1781666929,1637,1634,1637/obj/lora/8c1f646190002012/water_temp_max,22.0,
1781666929,1637,1634,1637/obj/lora/8c1f646190002012/total_volume,21103.0,
1781666929,1637,1634,1637/obj/lora/8c1f646190002012/,0.0,
1781666929,1637,1634,1637/obj/lora/8c1f646190002012/gateway_rssi,-105.0,24e124fffef949f8
1781666929,1637,1634,1637/obj/lora/8c1f646190002012/payload,1.0,116f090300006f520000e1cd070032610903b7faa20202e7e9545454
1781666929,1637,1634,1637/obj/lora/8c1f646190002012/spreading_factor,7.0,
1781666929,1637,1634,1637/obj/lora/8c1f646190002012/battery,3648.0,
1781667109,1637,1634,1637/obj/lora/8c1f646190001d93/bandwidth,125000.0,
1781667109,1637,1634,1637/obj/lora/8c1f646190001d93/spreading_factor,7.0,
1781667109,1637,1634,1637/obj/lora/8c1f646190001d93/total_volume,72824.0,
1781667109,1637,1634,1637/obj/lora/8c1f646190001d93/battery,3624.0,
1781667109,1637,1634,1637/obj/lora/8c1f646190001d93/gateway_rssi,-109.0,24e124fffef94d5c
1781667109,1637,1634,1637/obj/lora/8c1f646190001d93/battery_recovered,3696.0,
1781667109,1637,1634,1637/obj/lora/8c1f646190001d93/error_code,0.0,
1781667109,1637,1634,1637/obj/lora/8c1f646190001d93/ambient_temp,27.0,
1781667109,1637,1634,1637/obj/lora/8c1f646190001d93/leak_status,2.0,
1781667109,1637,1634,1637/obj/lora/8c1f646190001d93/water_temp_min,28.5,
1781667109,1637,1634,1637/obj/lora/8c1f646190001d93/water_temp_max,28.5,
1781667109,1637,1634,1637/obj/lora/8c1f646190001d93/frame_counter,5873.0,
1781667109,1637,1634,1637/obj/lora/8c1f646190001d93/gateway_snr,-7.0,24e124fffef94d5c
1781667109,1637,1634,1637/obj/lora/8c1f646190001d93/,0.0,
1781667109,1637,1634,1637/obj/lora/8c1f646190001d93/payload,1.0,1a9409030000781c0100f02700000c8609039605180f02e4ed61615e
1781667127,1637,1634,1637/obj/lora/8c1f646190001af8/gateway_snr,5.0,24e124fffef94d5c
1781667127,1637,1634,1637/obj/lora/8c1f646190001af8/ambient_temp,21.0,
1781667127,1637,1634,1637/obj/lora/8c1f646190001af8/total_volume,25456.0,
1781667127,1637,1634,1637/obj/lora/8c1f646190001af8/battery_recovered,3656.0,
1781667127,1637,1634,1637/obj/lora/8c1f646190001af8/gateway_rssi,-104.0,24e124fffef94d5c
1781667127,1637,1634,1637/obj/lora/8c1f646190001af8/spreading_factor,7.0,
1781667127,1637,1634,1637/obj/lora/8c1f646190001af8/,0.0,
1781667127,1637,1634,1637/obj/lora/8c1f646190001af8/water_temp_max,21.5,
1781667127,1637,1634,1637/obj/lora/8c1f646190001af8/frame_counter,7615.0,
1781667127,1637,1634,1637/obj/lora/8c1f646190001af8/battery,3576.0,
1781667127,1637,1634,1637/obj/lora/8c1f646190001af8/leak_status,2.0,
1781667127,1637,1634,1637/obj/lora/8c1f646190001af8/water_temp_min,21.5,
1781667127,1637,1634,1637/obj/lora/8c1f646190001af8/bandwidth,125000.0,
1781667127,1637,1634,1637/obj/lora/8c1f646190001af8/payload,1.0,217109030000706300002600000037630903da010a0302dee8535352
1781667127,1637,1634,1637/obj/lora/8c1f646190001af8/error_code,0.0,
1781667166,1637,1634,1637/obj/lora/8c1f6461900017e3/battery,3640.0,
1781667166,1637,1634,1637/obj/lora/8c1f6461900017e3/leak_status,2.0,
1781667166,1637,1634,1637/obj/lora/8c1f6461900017e3/error_code,0.0,
1781667166,1637,1634,1637/obj/lora/8c1f6461900017e3/gateway_rssi,-107.0,24e124fffef949f8
1781667166,1637,1634,1637/obj/lora/8c1f6461900017e3/bandwidth,125000.0,
1781667166,1637,1634,1637/obj/lora/8c1f6461900017e3/battery_recovered,3664.0,
1781667166,1637,1634,1637/obj/lora/8c1f6461900017e3/ambient_temp,23.5,
1781667166,1637,1634,1637/obj/lora/8c1f6461900017e3/gateway_snr,4.199999809265137,24e124fffef949f8
1781667166,1637,1634,1637/obj/lora/8c1f6461900017e3/total_volume,68835.0,
1781667166,1637,1634,1637/obj/lora/8c1f6461900017e3/water_temp_max,26.0,
1781667166,1637,1634,1637/obj/lora/8c1f6461900017e3/payload,1.0,0f9809030000e30c0100e4010000018a090361026a1102e6e95c5c57
1781667166,1637,1634,1637/obj/lora/8c1f6461900017e3/spreading_factor,7.0,
1781667166,1637,1634,1637/obj/lora/8c1f6461900017e3/,0.0,
1781667166,1637,1634,1637/obj/lora/8c1f6461900017e3/water_temp_min,26.0,
1781667166,1637,1634,1637/obj/lora/8c1f6461900017e3/frame_counter,3596.0,
1781667192,1637,1634,1637/obj/lora/24e124725d489523/gateway_rssi,-106.0,24e124fffef949f8
1781667192,1637,1634,1637/obj/lora/24e124725d489523/frame_counter,7487.0,
1781667192,1637,1634,1637/obj/lora/24e124725d489523/spreading_factor,7.0,
1781667192,1637,1634,1637/obj/lora/24e124725d489523/gateway_snr,4.5,24e124fffef949f8
1781667192,1637,1634,1637/obj/lora/24e124725d489523/bandwidth,125000.0,
1781667192,1637,1634,1637/obj/lora/24e124725d489523/temperature,20.4,
1781667192,1637,1634,1637/obj/lora/24e124725d489523/battery,39.0,
1781667192,1637,1634,1637/obj/lora/24e124725d489523/payload,85.0,0175270367cc00046863
1781667192,1637,1634,1637/obj/lora/24e124725d489523/humidity,49.5,
1781667192,1637,1634,1637/obj/lora/24e124725d489523/,0.0,
1781667195,1637,1634,1637/obj/lora/8c1f6461900021c1/spreading_factor,7.0,
1781667195,1637,1634,1637/obj/lora/8c1f6461900021c1/bandwidth,125000.0,
1781667195,1637,1634,1637/obj/lora/8c1f6461900021c1/error_code,0.0,
1781667195,1637,1634,1637/obj/lora/8c1f6461900021c1/leak_status,0.0,
1781667195,1637,1634,1637/obj/lora/8c1f6461900021c1/gateway_rssi,-107.0,24e124fffef94d5c
1781667195,1637,1634,1637/obj/lora/8c1f6461900021c1/gateway_snr,-0.20000000298023224,24e124fffef94d5c
1781667195,1637,1634,1637/obj/lora/8c1f6461900021c1/frame_counter,7658.0,
1781667195,1637,1634,1637/obj/lora/8c1f6461900021c1/total_volume,114942.0,
1781667195,1637,1634,1637/obj/lora/8c1f6461900021c1/ambient_temp,19.5,
1781667195,1637,1634,1637/obj/lora/8c1f6461900021c1/battery_recovered,3664.0,
1781667195,1637,1634,1637/obj/lora/8c1f6461900021c1/,0.0,
1781667195,1637,1634,1637/obj/lora/8c1f6461900021c1/battery,3592.0,
1781667195,1637,1634,1637/obj/lora/8c1f6461900021c1/water_temp_min,19.5,
1781667195,1637,1634,1637/obj/lora/8c1f6461900021c1/water_temp_max,20.0,
1781667195,1637,1634,1637/obj/lora/8c1f6461900021c1/payload,1.0,92a909030000fec001001af30500000000000000000000e0e94f504f
1781667261,1637,1634,1637/obj/lora/8c1f6461900021e2/water_temp_min,22.0,
1781667261,1637,1634,1637/obj/lora/8c1f6461900021e2/frame_counter,3637.0,
1781667261,1637,1634,1637/obj/lora/8c1f6461900021e2/spreading_factor,7.0,
1781667261,1637,1634,1637/obj/lora/8c1f6461900021e2/battery,3632.0,
1781667261,1637,1634,1637/obj/lora/8c1f6461900021e2/gateway_snr,7.5,24e124fffef949f8
1781667261,1637,1634,1637/obj/lora/8c1f6461900021e2/payload,1.0,e7a909030000c6dd000032000000079c09035b05700e02e5ea545455
1781667261,1637,1634,1637/obj/lora/8c1f6461900021e2/total_volume,56774.0,
1781667261,1637,1634,1637/obj/lora/8c1f6461900021e2/battery_recovered,3672.0,
1781667261,1637,1634,1637/obj/lora/8c1f6461900021e2/leak_status,2.0,
1781667261,1637,1634,1637/obj/lora/8c1f6461900021e2/bandwidth,125000.0,
1781667261,1637,1634,1637/obj/lora/8c1f6461900021e2/,0.0,
1781667261,1637,1634,1637/obj/lora/8c1f6461900021e2/ambient_temp,22.5,
1781667261,1637,1634,1637/obj/lora/8c1f6461900021e2/error_code,0.0,
1781667261,1637,1634,1637/obj/lora/8c1f6461900021e2/water_temp_max,22.0,
1781667261,1637,1634,1637/obj/lora/8c1f6461900021e2/gateway_rssi,-105.0,24e124fffef949f8
1781667328,1637,1634,1637/obj/lora/8c1f6461900020a5/water_temp_min,21.0,
1781667328,1637,1634,1637/obj/lora/8c1f6461900020a5/payload,1.0,d4b309030000233c000000000000cda509038d027b0902dee8525756
1781667328,1637,1634,1637/obj/lora/8c1f6461900020a5/ambient_temp,23.0,
1781667328,1637,1634,1637/obj/lora/8c1f6461900020a5/total_volume,15395.0,
1781667328,1637,1634,1637/obj/lora/8c1f6461900020a5/battery,3576.0,
1781667328,1637,1634,1637/obj/lora/8c1f6461900020a5/water_temp_max,23.5,
1781667328,1637,1634,1637/obj/lora/8c1f6461900020a5/spreading_factor,7.0,
1781667328,1637,1634,1637/obj/lora/8c1f6461900020a5/frame_counter,7603.0,
1781667328,1637,1634,1637/obj/lora/8c1f6461900020a5/leak_status,2.0,
1781667328,1637,1634,1637/obj/lora/8c1f6461900020a5/battery_recovered,3656.0,
1781667328,1637,1634,1637/obj/lora/8c1f6461900020a5/bandwidth,125000.0,
1781667328,1637,1634,1637/obj/lora/8c1f6461900020a5/,0.0,
1781667328,1637,1634,1637/obj/lora/8c1f6461900020a5/gateway_snr,7.199999809265137,24e124fffef94d5c
1781667328,1637,1634,1637/obj/lora/8c1f6461900020a5/gateway_rssi,-100.0,24e124fffef94d5c
1781667328,1637,1634,1637/obj/lora/8c1f6461900020a5/error_code,0.0,
1781667391,1637,1634,1637/obj/lora/8c1f646190001ba9/total_volume,31771.0,
1781667391,1637,1634,1637/obj/lora/8c1f646190001ba9/battery,3608.0,
1781667391,1637,1634,1637/obj/lora/8c1f646190001ba9/leak_status,2.0,
1781667391,1637,1634,1637/obj/lora/8c1f646190001ba9/error_code,0.0,
1781667391,1637,1634,1637/obj/lora/8c1f646190001ba9/bandwidth,125000.0,
1781667391,1637,1634,1637/obj/lora/8c1f646190001ba9/gateway_snr,2.5,24e124fffef949f8
1781667391,1637,1634,1637/obj/lora/8c1f646190001ba9/gateway_rssi,-107.0,24e124fffef949f8
1781667391,1637,1634,1637/obj/lora/8c1f646190001ba9/payload,1.0,669b090300001b7c0000a1430b005f8d09030e00620202e2e9535455
1781667391,1637,1634,1637/obj/lora/8c1f646190001ba9/ambient_temp,22.5,
1781667391,1637,1634,1637/obj/lora/8c1f646190001ba9/,0.0,
1781667391,1637,1634,1637/obj/lora/8c1f646190001ba9/battery_recovered,3664.0,
1781667391,1637,1634,1637/obj/lora/8c1f646190001ba9/water_temp_min,21.5,
1781667391,1637,1634,1637/obj/lora/8c1f646190001ba9/spreading_factor,7.0,
1781667391,1637,1634,1637/obj/lora/8c1f646190001ba9/water_temp_max,22.0,
1781667391,1637,1634,1637/obj/lora/8c1f646190001ba9/frame_counter,7072.0,
1781667411,1637,1634,1637/obj/lora/8c1f6461900018ba/payload,1.0,486309030000ad1d0000000000004f550903c503430202dfea525252
1781667411,1637,1634,1637/obj/lora/8c1f6461900018ba/water_temp_min,21.0,
1781667411,1637,1634,1637/obj/lora/8c1f6461900018ba/spreading_factor,7.0,
1781667411,1637,1634,1637/obj/lora/8c1f6461900018ba/battery,3584.0,
1781667411,1637,1634,1637/obj/lora/8c1f6461900018ba/frame_counter,5748.0,
1781667411,1637,1634,1637/obj/lora/8c1f6461900018ba/battery_recovered,3672.0,
1781667411,1637,1634,1637/obj/lora/8c1f6461900018ba/error_code,0.0,
1781667411,1637,1634,1637/obj/lora/8c1f6461900018ba/gateway_snr,3.200000047683716,24e124fffef94d5c
1781667411,1637,1634,1637/obj/lora/8c1f6461900018ba/gateway_rssi,-103.0,24e124fffef94d5c
1781667411,1637,1634,1637/obj/lora/8c1f6461900018ba/ambient_temp,21.0,
1781667411,1637,1634,1637/obj/lora/8c1f6461900018ba/,0.0,
1781667411,1637,1634,1637/obj/lora/8c1f6461900018ba/bandwidth,125000.0,
1781667411,1637,1634,1637/obj/lora/8c1f6461900018ba/total_volume,7597.0,
1781667411,1637,1634,1637/obj/lora/8c1f6461900018ba/water_temp_max,21.0,
1781667411,1637,1634,1637/obj/lora/8c1f6461900018ba/leak_status,2.0,
1781667476,1637,1634,1637/obj/lora/8c1f646190001fcb/payload,1.0,51500d0300006e5d00000000000062420d034700f10402e5ed545554
1781667476,1637,1634,1637/obj/lora/8c1f646190001fcb/frame_counter,7386.0,
1781667476,1637,1634,1637/obj/lora/8c1f646190001fcb/battery,3632.0,
1781667476,1637,1634,1637/obj/lora/8c1f646190001fcb/battery_recovered,3696.0,
1781667476,1637,1634,1637/obj/lora/8c1f646190001fcb/gateway_rssi,-108.0,24e124fffef94d5c
1781667476,1637,1634,1637/obj/lora/8c1f646190001fcb/,0.0,
1781667476,1637,1634,1637/obj/lora/8c1f646190001fcb/leak_status,2.0,
1781667476,1637,1634,1637/obj/lora/8c1f646190001fcb/ambient_temp,22.0,
1781667476,1637,1634,1637/obj/lora/8c1f646190001fcb/total_volume,23918.0,
1781667476,1637,1634,1637/obj/lora/8c1f646190001fcb/bandwidth,125000.0,
1781667476,1637,1634,1637/obj/lora/8c1f646190001fcb/water_temp_max,22.5,
1781667476,1637,1634,1637/obj/lora/8c1f646190001fcb/gateway_snr,0.5,24e124fffef94d5c
1781667476,1637,1634,1637/obj/lora/8c1f646190001fcb/water_temp_min,22.0,
1781667476,1637,1634,1637/obj/lora/8c1f646190001fcb/spreading_factor,7.0,
1781667476,1637,1634,1637/obj/lora/8c1f646190001fcb/error_code,0.0,
1781667491,1637,1634,1637/obj/lora/8c1f646190002244/,0.0,
1781667491,1637,1634,1637/obj/lora/8c1f646190002244/water_temp_min,22.0,
1781667491,1637,1634,1637/obj/lora/8c1f646190002244/frame_counter,6473.0,
1781667491,1637,1634,1637/obj/lora/8c1f646190002244/water_temp_max,22.5,
1781667491,1637,1634,1637/obj/lora/8c1f646190002244/ambient_temp,22.5,
1781667491,1637,1634,1637/obj/lora/8c1f646190002244/gateway_rssi,-104.0,24e124fffef94d5c
1781667491,1637,1634,1637/obj/lora/8c1f646190002244/battery_recovered,3680.0,
1781667491,1637,1634,1637/obj/lora/8c1f646190002244/total_volume,112890.0,
1781667491,1637,1634,1637/obj/lora/8c1f646190002244/payload,1.0,ff6c09030000fab8010003000000000000000000000000e2eb545555
1781667491,1637,1634,1637/obj/lora/8c1f646190002244/spreading_factor,7.0,
1781667491,1637,1634,1637/obj/lora/8c1f646190002244/battery,3608.0,
1781667491,1637,1634,1637/obj/lora/8c1f646190002244/bandwidth,125000.0,
1781667491,1637,1634,1637/obj/lora/8c1f646190002244/leak_status,0.0,
1781667491,1637,1634,1637/obj/lora/8c1f646190002244/gateway_snr,4.800000190734863,24e124fffef94d5c
1781667491,1637,1634,1637/obj/lora/8c1f646190002244/error_code,0.0,
1781667576,1637,1634,1637/obj/lora/8c1f6461900021bd/spreading_factor,7.0,
1781667576,1637,1634,1637/obj/lora/8c1f6461900021bd/total_volume,71788.0,
1781667576,1637,1634,1637/obj/lora/8c1f6461900021bd/ambient_temp,21.5,
1781667576,1637,1634,1637/obj/lora/8c1f6461900021bd/error_code,0.0,
1781667576,1637,1634,1637/obj/lora/8c1f6461900021bd/water_temp_max,21.5,
1781667576,1637,1634,1637/obj/lora/8c1f6461900021bd/bandwidth,125000.0,
1781667576,1637,1634,1637/obj/lora/8c1f6461900021bd/leak_status,0.0,
1781667576,1637,1634,1637/obj/lora/8c1f6461900021bd/,0.0,
1781667576,1637,1634,1637/obj/lora/8c1f6461900021bd/battery_recovered,3656.0,
1781667576,1637,1634,1637/obj/lora/8c1f6461900021bd/gateway_snr,1.0,24e124fffef94d5c
1781667576,1637,1634,1637/obj/lora/8c1f6461900021bd/frame_counter,6630.0,
1781667576,1637,1634,1637/obj/lora/8c1f6461900021bd/water_temp_min,21.5,
1781667576,1637,1634,1637/obj/lora/8c1f6461900021bd/battery,3576.0,
1781667576,1637,1634,1637/obj/lora/8c1f6461900021bd/gateway_rssi,-107.0,24e124fffef94d5c
1781667576,1637,1634,1637/obj/lora/8c1f6461900021bd/payload,1.0,8ea4090300006c18010000000000000000000000000000dee8535353
1781667795,1637,1634,1637/obj/lora/24e124725d489523/gateway_snr,6.0,24e124fffef949f8
1781667795,1637,1634,1637/obj/lora/24e124725d489523/bandwidth,125000.0,
1781667795,1637,1634,1637/obj/lora/24e124725d489523/frame_counter,7488.0,
1781667795,1637,1634,1637/obj/lora/24e124725d489523/gateway_rssi,-106.0,24e124fffef949f8
1781667795,1637,1634,1637/obj/lora/24e124725d489523/spreading_factor,7.0,
1781667795,1637,1634,1637/obj/lora/24e124725d489523/battery,39.0,
1781667795,1637,1634,1637/obj/lora/24e124725d489523/humidity,49.5,
1781667795,1637,1634,1637/obj/lora/24e124725d489523/temperature,20.4,
1781667795,1637,1634,1637/obj/lora/24e124725d489523/payload,85.0,0175270367cc00046863
1781667795,1637,1634,1637/obj/lora/24e124725d489523/,0.0,
1781667947,1637,1634,1637/obj/lora/8c1f64619000227c/battery,3576.0,
1781667947,1637,1634,1637/obj/lora/8c1f64619000227c/battery_recovered,3664.0,
1781667947,1637,1634,1637/obj/lora/8c1f64619000227c/frame_counter,7518.0,
1781667947,1637,1634,1637/obj/lora/8c1f64619000227c/leak_status,2.0,
1781667947,1637,1634,1637/obj/lora/8c1f64619000227c/water_temp_min,22.5,
1781667947,1637,1634,1637/obj/lora/8c1f64619000227c/payload,1.0,607b0903000089320000e7ad0400736d0903d1fef00002dee9555556
1781667947,1637,1634,1637/obj/lora/8c1f64619000227c/error_code,0.0,
1781667947,1637,1634,1637/obj/lora/8c1f64619000227c/,0.0,
1781667947,1637,1634,1637/obj/lora/8c1f64619000227c/bandwidth,125000.0,
1781667947,1637,1634,1637/obj/lora/8c1f64619000227c/total_volume,12937.0,
1781667947,1637,1634,1637/obj/lora/8c1f64619000227c/water_temp_max,22.5,
1781667947,1637,1634,1637/obj/lora/8c1f64619000227c/ambient_temp,23.0,
1781667947,1637,1634,1637/obj/lora/8c1f64619000227c/gateway_rssi,-112.0,24e124fffef949f8
1781667947,1637,1634,1637/obj/lora/8c1f64619000227c/spreading_factor,7.0,
1781667947,1637,1634,1637/obj/lora/8c1f64619000227c/gateway_snr,0.20000000298023224,24e124fffef949f8
1781667976,1637,1634,1637/obj/lora/8c1f64619000171c/payload,1.0,49590d0300001946000012000000764b0d039c02c50102e6ea565756
1781667976,1637,1634,1637/obj/lora/8c1f64619000171c/error_code,0.0,
1781667976,1637,1634,1637/obj/lora/8c1f64619000171c/water_temp_max,23.5,
1781667976,1637,1634,1637/obj/lora/8c1f64619000171c/battery_recovered,3672.0,
1781667976,1637,1634,1637/obj/lora/8c1f64619000171c/total_volume,17945.0,
1781667976,1637,1634,1637/obj/lora/8c1f64619000171c/water_temp_min,23.0,
1781667976,1637,1634,1637/obj/lora/8c1f64619000171c/battery,3640.0,
1781667976,1637,1634,1637/obj/lora/8c1f64619000171c/frame_counter,3603.0,
1781667976,1637,1634,1637/obj/lora/8c1f64619000171c/gateway_snr,2.5,24e124fffef949f8
1781667976,1637,1634,1637/obj/lora/8c1f64619000171c/spreading_factor,7.0,
1781667976,1637,1634,1637/obj/lora/8c1f64619000171c/leak_status,2.0,
1781667976,1637,1634,1637/obj/lora/8c1f64619000171c/ambient_temp,23.0,
1781667976,1637,1634,1637/obj/lora/8c1f64619000171c/,0.0,
1781667976,1637,1634,1637/obj/lora/8c1f64619000171c/gateway_rssi,-108.0,24e124fffef949f8
1781667976,1637,1634,1637/obj/lora/8c1f64619000171c/bandwidth,125000.0,
1781667977,1637,1634,1637/obj/lora/8c1f646190001c1f/,0.0,
1781667977,1637,1634,1637/obj/lora/8c1f646190001c1f/water_temp_max,23.5,
1781667977,1637,1634,1637/obj/lora/8c1f646190001c1f/total_volume,44058.0,
1781667977,1637,1634,1637/obj/lora/8c1f646190001c1f/gateway_rssi,-106.0,24e124fffef949f8
1781667977,1637,1634,1637/obj/lora/8c1f646190001c1f/spreading_factor,7.0,
1781667977,1637,1634,1637/obj/lora/8c1f646190001c1f/frame_counter,1936.0,
1781667977,1637,1634,1637/obj/lora/8c1f646190001c1f/bandwidth,125000.0,
1781667977,1637,1634,1637/obj/lora/8c1f646190001c1f/battery_recovered,3688.0,
1781667977,1637,1634,1637/obj/lora/8c1f646190001c1f/water_temp_min,23.5,
1781667977,1637,1634,1637/obj/lora/8c1f646190001c1f/gateway_snr,4.5,24e124fffef949f8
1781667977,1637,1634,1637/obj/lora/8c1f646190001c1f/error_code,0.0,
1781667977,1637,1634,1637/obj/lora/8c1f646190001c1f/payload,1.0,5d9e090300001aac000000000000a9990903b0fe3c1002e4ec575756
1781667977,1637,1634,1637/obj/lora/8c1f646190001c1f/battery,3624.0,
1781667977,1637,1634,1637/obj/lora/8c1f646190001c1f/ambient_temp,23.0,
1781667977,1637,1634,1637/obj/lora/8c1f646190001c1f/leak_status,2.0,
1781668076,1637,1634,1637/obj/lora/8c1f646190001fc1/leak_status,2.0,
1781668076,1637,1634,1637/obj/lora/8c1f646190001fc1/payload,1.0,33a40903000088c50000851c0a00479609035aff211002dde6539454
1781668076,1637,1634,1637/obj/lora/8c1f646190001fc1/battery,3568.0,
1781668076,1637,1634,1637/obj/lora/8c1f646190001fc1/bandwidth,125000.0,
1781668076,1637,1634,1637/obj/lora/8c1f646190001fc1/spreading_factor,7.0,
1781668076,1637,1634,1637/obj/lora/8c1f646190001fc1/frame_counter,6892.0,
1781668076,1637,1634,1637/obj/lora/8c1f646190001fc1/error_code,0.0,
1781668076,1637,1634,1637/obj/lora/8c1f646190001fc1/ambient_temp,22.0,
1781668076,1637,1634,1637/obj/lora/8c1f646190001fc1/gateway_rssi,-95.0,24e124fffef94d5c
1781668076,1637,1634,1637/obj/lora/8c1f646190001fc1/battery_recovered,3640.0,
1781668076,1637,1634,1637/obj/lora/8c1f646190001fc1/water_temp_min,21.5,
1781668076,1637,1634,1637/obj/lora/8c1f646190001fc1/,0.0,
1781668076,1637,1634,1637/obj/lora/8c1f646190001fc1/water_temp_max,54.0,
1781668076,1637,1634,1637/obj/lora/8c1f646190001fc1/total_volume,50568.0,
1781668076,1637,1634,1637/obj/lora/8c1f646190001fc1/gateway_snr,9.5,24e124fffef94d5c
1781668165,1637,1634,1637/obj/lora/8c1f646190001501/water_temp_min,21.5,
1781668165,1637,1634,1637/obj/lora/8c1f646190001501/ambient_temp,22.0,
1781668165,1637,1634,1637/obj/lora/8c1f646190001501/water_temp_max,22.0,
1781668165,1637,1634,1637/obj/lora/8c1f646190001501/total_volume,21709.0,
1781668165,1637,1634,1637/obj/lora/8c1f646190001501/payload,1.0,a2a20e030000cd540000028e0600ae940e036301150502eaed535454
1781668165,1637,1634,1637/obj/lora/8c1f646190001501/error_code,0.0,
1781668165,1637,1634,1637/obj/lora/8c1f646190001501/battery_recovered,3696.0,
1781668165,1637,1634,1637/obj/lora/8c1f646190001501/bandwidth,125000.0,
1781668165,1637,1634,1637/obj/lora/8c1f646190001501/battery,3672.0,
1781668165,1637,1634,1637/obj/lora/8c1f646190001501/spreading_factor,7.0,
1781668165,1637,1634,1637/obj/lora/8c1f646190001501/gateway_snr,10.0,24e124fffef949f8
1781668165,1637,1634,1637/obj/lora/8c1f646190001501/,0.0,
1781668165,1637,1634,1637/obj/lora/8c1f646190001501/frame_counter,3291.0,
1781668165,1637,1634,1637/obj/lora/8c1f646190001501/leak_status,2.0,
1781668165,1637,1634,1637/obj/lora/8c1f646190001501/gateway_rssi,-101.0,24e124fffef949f8
1781668170,1637,1634,1637/obj/lora/8c1f646190001bea/frame_counter,7689.0,
1781668170,1637,1634,1637/obj/lora/8c1f646190001bea/payload,1.0,0e8f09030000df840000206c0c003d81090336fec00102e1e8545454
1781668170,1637,1634,1637/obj/lora/8c1f646190001bea/water_temp_max,22.0,
1781668170,1637,1634,1637/obj/lora/8c1f646190001bea/total_volume,34015.0,
1781668170,1637,1634,1637/obj/lora/8c1f646190001bea/water_temp_min,22.0,
1781668170,1637,1634,1637/obj/lora/8c1f646190001bea/battery_recovered,3656.0,
1781668170,1637,1634,1637/obj/lora/8c1f646190001bea/spreading_factor,7.0,
1781668170,1637,1634,1637/obj/lora/8c1f646190001bea/ambient_temp,22.0,
1781668170,1637,1634,1637/obj/lora/8c1f646190001bea/error_code,0.0,
1781668170,1637,1634,1637/obj/lora/8c1f646190001bea/,0.0,
1781668170,1637,1634,1637/obj/lora/8c1f646190001bea/gateway_snr,-2.0,24e124fffef94d5c
1781668170,1637,1634,1637/obj/lora/8c1f646190001bea/leak_status,2.0,
1781668170,1637,1634,1637/obj/lora/8c1f646190001bea/gateway_rssi,-108.0,24e124fffef94d5c
1781668170,1637,1634,1637/obj/lora/8c1f646190001bea/battery,3600.0,
1781668170,1637,1634,1637/obj/lora/8c1f646190001bea/bandwidth,125000.0,
1781668304,1637,1634,1637/obj/lora/8c1f646190001833/error_code,0.0,
1781668304,1637,1634,1637/obj/lora/8c1f646190001833/payload,1.0,4d6709030000262e0000000000006c59090329050b0102e0ea535354
1781668304,1637,1634,1637/obj/lora/8c1f646190001833/battery_recovered,3672.0,
1781668304,1637,1634,1637/obj/lora/8c1f646190001833/bandwidth,125000.0,
1781668304,1637,1634,1637/obj/lora/8c1f646190001833/spreading_factor,7.0,
1781668304,1637,1634,1637/obj/lora/8c1f646190001833/battery,3592.0,
1781668304,1637,1634,1637/obj/lora/8c1f646190001833/frame_counter,5846.0,
1781668304,1637,1634,1637/obj/lora/8c1f646190001833/gateway_snr,1.0,24e124fffef94d5c
1781668304,1637,1634,1637/obj/lora/8c1f646190001833/water_temp_min,21.5,
1781668304,1637,1634,1637/obj/lora/8c1f646190001833/total_volume,11814.0,
1781668304,1637,1634,1637/obj/lora/8c1f646190001833/,0.0,
1781668304,1637,1634,1637/obj/lora/8c1f646190001833/water_temp_max,21.5,
1781668304,1637,1634,1637/obj/lora/8c1f646190001833/ambient_temp,22.0,
1781668304,1637,1634,1637/obj/lora/8c1f646190001833/gateway_rssi,-105.0,24e124fffef94d5c
1781668304,1637,1634,1637/obj/lora/8c1f646190001833/leak_status,2.0,
1781668392,1637,1634,1637/obj/lora/24e124725d489523/spreading_factor,7.0,
1781668392,1637,1634,1637/obj/lora/24e124725d489523/,0.0,
1781668392,1637,1634,1637/obj/lora/24e124725d489523/gateway_snr,4.5,24e124fffef949f8
1781668392,1637,1634,1637/obj/lora/24e124725d489523/gateway_rssi,-106.0,24e124fffef949f8
1781668392,1637,1634,1637/obj/lora/24e124725d489523/frame_counter,7489.0,
1781668392,1637,1634,1637/obj/lora/24e124725d489523/payload,85.0,0175270367cc00046863
1781668392,1637,1634,1637/obj/lora/24e124725d489523/humidity,49.5,
1781668392,1637,1634,1637/obj/lora/24e124725d489523/bandwidth,125000.0,
1781668392,1637,1634,1637/obj/lora/24e124725d489523/battery,39.0,
1781668392,1637,1634,1637/obj/lora/24e124725d489523/temperature,20.4,
1781668473,1637,1634,1637/obj/lora/8c1f6461900021e8/battery,3656.0,
1781668473,1637,1634,1637/obj/lora/8c1f6461900021e8/gateway_rssi,-109.0,24e124fffef949f8
1781668473,1637,1634,1637/obj/lora/8c1f6461900021e8/,0.0,
1781668473,1637,1634,1637/obj/lora/8c1f6461900021e8/payload,1.0,f2b00903000092b600007d6107001ca309032aff540a02e8ea5a5a57
1781668473,1637,1634,1637/obj/lora/8c1f6461900021e8/error_code,0.0,
1781668473,1637,1634,1637/obj/lora/8c1f6461900021e8/leak_status,2.0,
1781668473,1637,1634,1637/obj/lora/8c1f6461900021e8/water_temp_max,25.0,
1781668473,1637,1634,1637/obj/lora/8c1f6461900021e8/bandwidth,125000.0,
1781668473,1637,1634,1637/obj/lora/8c1f6461900021e8/frame_counter,3449.0,
1781668473,1637,1634,1637/obj/lora/8c1f6461900021e8/battery_recovered,3672.0,
1781668473,1637,1634,1637/obj/lora/8c1f6461900021e8/spreading_factor,7.0,
1781668473,1637,1634,1637/obj/lora/8c1f6461900021e8/total_volume,46738.0,
1781668473,1637,1634,1637/obj/lora/8c1f6461900021e8/ambient_temp,23.5,
1781668473,1637,1634,1637/obj/lora/8c1f6461900021e8/gateway_snr,3.5,24e124fffef949f8
1781668473,1637,1634,1637/obj/lora/8c1f6461900021e8/water_temp_min,25.0,
1781668485,1637,1634,1637/obj/lora/8c1f646190001ebd/frame_counter,7921.0,
1781668485,1637,1634,1637/obj/lora/8c1f646190001ebd/water_temp_max,23.0,
1781668485,1637,1634,1637/obj/lora/8c1f646190001ebd/spreading_factor,7.0,
1781668485,1637,1634,1637/obj/lora/8c1f646190001ebd/payload,1.0,d1a709030000d66a000000000000e499090395068a0b02e3ed555654
1781668485,1637,1634,1637/obj/lora/8c1f646190001ebd/gateway_rssi,-106.0,24e124fffef949f8
1781668485,1637,1634,1637/obj/lora/8c1f646190001ebd/error_code,0.0,
1781668485,1637,1634,1637/obj/lora/8c1f646190001ebd/bandwidth,125000.0,
1781668485,1637,1634,1637/obj/lora/8c1f646190001ebd/leak_status,2.0,
1781668485,1637,1634,1637/obj/lora/8c1f646190001ebd/battery_recovered,3696.0,
1781668485,1637,1634,1637/obj/lora/8c1f646190001ebd/ambient_temp,22.0,
1781668485,1637,1634,1637/obj/lora/8c1f646190001ebd/battery,3616.0,
1781668485,1637,1634,1637/obj/lora/8c1f646190001ebd/total_volume,27350.0,
1781668485,1637,1634,1637/obj/lora/8c1f646190001ebd/,0.0,
1781668485,1637,1634,1637/obj/lora/8c1f646190001ebd/water_temp_min,22.5,
1781668485,1637,1634,1637/obj/lora/8c1f646190001ebd/gateway_snr,6.5,24e124fffef949f8
1781668556,1637,1634,1637/obj/lora/8c1f6461900021c5/water_temp_min,21.0,
1781668556,1637,1634,1637/obj/lora/8c1f6461900021c5/ambient_temp,22.0,
1781668556,1637,1634,1637/obj/lora/8c1f6461900021c5/,0.0,
1781668556,1637,1634,1637/obj/lora/8c1f6461900021c5/leak_status,2.0,
1781668556,1637,1634,1637/obj/lora/8c1f6461900021c5/bandwidth,125000.0,
1781668556,1637,1634,1637/obj/lora/8c1f6461900021c5/error_code,0.0,
1781668556,1637,1634,1637/obj/lora/8c1f6461900021c5/battery_recovered,3664.0,
1781668556,1637,1634,1637/obj/lora/8c1f6461900021c5/battery,3600.0,
1781668556,1637,1634,1637/obj/lora/8c1f6461900021c5/spreading_factor,7.0,
1781668556,1637,1634,1637/obj/lora/8c1f6461900021c5/payload,1.0,349d09030000c02f0000000000005c8f0903bae45f0202e1e9525354
1781668556,1637,1634,1637/obj/lora/8c1f6461900021c5/frame_counter,6815.0,
1781668556,1637,1634,1637/obj/lora/8c1f6461900021c5/gateway_rssi,-109.0,24e124fffef949f8
1781668556,1637,1634,1637/obj/lora/8c1f6461900021c5/gateway_snr,3.200000047683716,24e124fffef949f8
1781668556,1637,1634,1637/obj/lora/8c1f6461900021c5/total_volume,12224.0,
1781668556,1637,1634,1637/obj/lora/8c1f6461900021c5/water_temp_max,21.5,
1781668602,1637,1634,1637/obj/lora/8c1f646190001901/gateway_snr,6.199999809265137,24e124fffef94d5c
1781668602,1637,1634,1637/obj/lora/8c1f646190001901/bandwidth,125000.0,
1781668602,1637,1634,1637/obj/lora/8c1f646190001901/ambient_temp,22.0,
1781668602,1637,1634,1637/obj/lora/8c1f646190001901/battery,3584.0,
1781668602,1637,1634,1637/obj/lora/8c1f646190001901/total_volume,13535.0,
1781668602,1637,1634,1637/obj/lora/8c1f646190001901/battery_recovered,3680.0,
1781668602,1637,1634,1637/obj/lora/8c1f646190001901/payload,1.0,f2a109030000df340000050000004b99090359fe530302dfeb515454
1781668602,1637,1634,1637/obj/lora/8c1f646190001901/water_temp_max,22.0,
1781668602,1637,1634,1637/obj/lora/8c1f646190001901/frame_counter,7663.0,
1781668602,1637,1634,1637/obj/lora/8c1f646190001901/leak_status,2.0,
1781668602,1637,1634,1637/obj/lora/8c1f646190001901/gateway_rssi,-101.0,24e124fffef94d5c
1781668602,1637,1634,1637/obj/lora/8c1f646190001901/water_temp_min,20.5,
1781668602,1637,1634,1637/obj/lora/8c1f646190001901/spreading_factor,7.0,
1781668602,1637,1634,1637/obj/lora/8c1f646190001901/error_code,0.0,
1781668602,1637,1634,1637/obj/lora/8c1f646190001901/,0.0,
1781668675,1637,1634,1637/obj/lora/8c1f646190001592/,0.0,
1781668675,1637,1634,1637/obj/lora/8c1f646190001592/bandwidth,125000.0,
1781668675,1637,1634,1637/obj/lora/8c1f646190001592/ambient_temp,22.0,
1781668675,1637,1634,1637/obj/lora/8c1f646190001592/water_temp_min,22.0,
1781668675,1637,1634,1637/obj/lora/8c1f646190001592/gateway_snr,8.199999809265137,24e124fffef949f8
1781668675,1637,1634,1637/obj/lora/8c1f646190001592/gateway_rssi,-102.0,24e124fffef949f8
1781668675,1637,1634,1637/obj/lora/8c1f646190001592/spreading_factor,7.0,
1781668675,1637,1634,1637/obj/lora/8c1f646190001592/total_volume,33675.0,
1781668675,1637,1634,1637/obj/lora/8c1f646190001592/water_temp_max,22.0,
1781668675,1637,1634,1637/obj/lora/8c1f646190001592/error_code,0.0,
1781668675,1637,1634,1637/obj/lora/8c1f646190001592/battery_recovered,3672.0,
1781668675,1637,1634,1637/obj/lora/8c1f646190001592/payload,1.0,3a81090300008b8300009eba0b003e7309035001f30302e2ea545454
1781668675,1637,1634,1637/obj/lora/8c1f646190001592/frame_counter,3619.0,
1781668675,1637,1634,1637/obj/lora/8c1f646190001592/leak_status,2.0,
1781668675,1637,1634,1637/obj/lora/8c1f646190001592/battery,3608.0,
1781668708,1637,1634,1637/obj/lora/8c1f646190001c9b/total_volume,46746.0,
1781668708,1637,1634,1637/obj/lora/8c1f646190001c9b/payload,1.0,3a9c090300009ab60000e2930e003e8e0903ea003d0802e0e87a7c5a
1781668708,1637,1634,1637/obj/lora/8c1f646190001c9b/gateway_snr,5.800000190734863,24e124fffef94d5c
1781668708,1637,1634,1637/obj/lora/8c1f646190001c9b/frame_counter,7507.0,
1781668708,1637,1634,1637/obj/lora/8c1f646190001c9b/water_temp_min,41.0,
1781668708,1637,1634,1637/obj/lora/8c1f646190001c9b/ambient_temp,25.0,
1781668708,1637,1634,1637/obj/lora/8c1f646190001c9b/leak_status,2.0,
1781668708,1637,1634,1637/obj/lora/8c1f646190001c9b/error_code,0.0,
1781668708,1637,1634,1637/obj/lora/8c1f646190001c9b/spreading_factor,7.0,
1781668708,1637,1634,1637/obj/lora/8c1f646190001c9b/,0.0,
1781668708,1637,1634,1637/obj/lora/8c1f646190001c9b/gateway_rssi,-103.0,24e124fffef94d5c
1781668708,1637,1634,1637/obj/lora/8c1f646190001c9b/water_temp_max,42.0,
1781668708,1637,1634,1637/obj/lora/8c1f646190001c9b/bandwidth,125000.0,
1781668708,1637,1634,1637/obj/lora/8c1f646190001c9b/battery,3592.0,
1781668708,1637,1634,1637/obj/lora/8c1f646190001c9b/battery_recovered,3656.0,
1781668737,1637,1634,1637/obj/lora/8c1f646190001947/gateway_rssi,-104.0,24e124fffef94d5c
1781668737,1637,1634,1637/obj/lora/8c1f646190001947/frame_counter,7363.0,
1781668737,1637,1634,1637/obj/lora/8c1f646190001947/ambient_temp,22.0,
1781668737,1637,1634,1637/obj/lora/8c1f646190001947/payload,1.0,aabb090300007095000000000000b2ad090396038c0802dfe8545454
1781668737,1637,1634,1637/obj/lora/8c1f646190001947/water_temp_max,22.0,
1781668737,1637,1634,1637/obj/lora/8c1f646190001947/battery,3584.0,
1781668737,1637,1634,1637/obj/lora/8c1f646190001947/error_code,0.0,
1781668737,1637,1634,1637/obj/lora/8c1f646190001947/bandwidth,125000.0,
1781668737,1637,1634,1637/obj/lora/8c1f646190001947/spreading_factor,7.0,
1781668737,1637,1634,1637/obj/lora/8c1f646190001947/battery_recovered,3656.0,
1781668737,1637,1634,1637/obj/lora/8c1f646190001947/,0.0,
1781668737,1637,1634,1637/obj/lora/8c1f646190001947/gateway_snr,3.5,24e124fffef94d5c
1781668737,1637,1634,1637/obj/lora/8c1f646190001947/leak_status,2.0,
1781668737,1637,1634,1637/obj/lora/8c1f646190001947/water_temp_min,22.0,
1781668737,1637,1634,1637/obj/lora/8c1f646190001947/total_volume,38256.0,
1781668763,1637,1634,1637/obj/lora/8c1f64619000177c/gateway_snr,11.0,24e124fffef949f8
1781668763,1637,1634,1637/obj/lora/8c1f64619000177c/battery,3616.0,
1781668763,1637,1634,1637/obj/lora/8c1f64619000177c/payload,1.0,75820903000092e1000000000000000000000000000000e3eb535354
1781668763,1637,1634,1637/obj/lora/8c1f64619000177c/water_temp_min,21.5,
1781668763,1637,1634,1637/obj/lora/8c1f64619000177c/bandwidth,125000.0,
1781668763,1637,1634,1637/obj/lora/8c1f64619000177c/frame_counter,6446.0,
1781668763,1637,1634,1637/obj/lora/8c1f64619000177c/gateway_rssi,-100.0,24e124fffef949f8
1781668763,1637,1634,1637/obj/lora/8c1f64619000177c/spreading_factor,7.0,
1781668763,1637,1634,1637/obj/lora/8c1f64619000177c/ambient_temp,22.0,
1781668763,1637,1634,1637/obj/lora/8c1f64619000177c/water_temp_max,21.5,
1781668763,1637,1634,1637/obj/lora/8c1f64619000177c/,0.0,
1781668763,1637,1634,1637/obj/lora/8c1f64619000177c/error_code,0.0,
1781668763,1637,1634,1637/obj/lora/8c1f64619000177c/leak_status,0.0,
1781668763,1637,1634,1637/obj/lora/8c1f64619000177c/battery_recovered,3680.0,
1781668763,1637,1634,1637/obj/lora/8c1f64619000177c/total_volume,57746.0,
1781668875,1637,1634,1637/obj/lora/8c1f6461900021db/frame_counter,7755.0,
1781668875,1637,1634,1637/obj/lora/8c1f6461900021db/spreading_factor,7.0,
1781668875,1637,1634,1637/obj/lora/8c1f6461900021db/water_temp_min,20.0,
1781668875,1637,1634,1637/obj/lora/8c1f6461900021db/leak_status,2.0,
1781668875,1637,1634,1637/obj/lora/8c1f6461900021db/water_temp_max,20.5,
1781668875,1637,1634,1637/obj/lora/8c1f6461900021db/ambient_temp,20.5,
1781668875,1637,1634,1637/obj/lora/8c1f6461900021db/battery_recovered,3664.0,
1781668875,1637,1634,1637/obj/lora/8c1f6461900021db/,0.0,
1781668875,1637,1634,1637/obj/lora/8c1f6461900021db/error_code,0.0,
1781668875,1637,1634,1637/obj/lora/8c1f6461900021db/bandwidth,125000.0,
1781668875,1637,1634,1637/obj/lora/8c1f6461900021db/battery,3568.0,
1781668875,1637,1634,1637/obj/lora/8c1f6461900021db/gateway_rssi,-107.0,24e124fffef94d5c
1781668875,1637,1634,1637/obj/lora/8c1f6461900021db/total_volume,15057.0,
1781668875,1637,1634,1637/obj/lora/8c1f6461900021db/payload,1.0,b27909030000d13a0000694f0500c46b09035dff2a0102dde9505151
1781668875,1637,1634,1637/obj/lora/8c1f6461900021db/gateway_snr,2.0,24e124fffef94d5c
1781668972,1637,1634,1637/obj/lora/8c1f6461900020d1/bandwidth,125000.0,
1781668972,1637,1634,1637/obj/lora/8c1f6461900020d1/water_temp_min,22.5,
1781668972,1637,1634,1637/obj/lora/8c1f6461900020d1/gateway_rssi,-105.0,24e124fffef949f8
1781668972,1637,1634,1637/obj/lora/8c1f6461900020d1/leak_status,2.0,
1781668972,1637,1634,1637/obj/lora/8c1f6461900020d1/battery,3576.0,
1781668972,1637,1634,1637/obj/lora/8c1f6461900020d1/spreading_factor,7.0,
1781668972,1637,1634,1637/obj/lora/8c1f6461900020d1/error_code,0.0,
1781668972,1637,1634,1637/obj/lora/8c1f6461900020d1/total_volume,13636.0,
1781668972,1637,1634,1637/obj/lora/8c1f6461900020d1/ambient_temp,23.5,
1781668972,1637,1634,1637/obj/lora/8c1f6461900020d1/gateway_snr,4.0,24e124fffef949f8
1781668972,1637,1634,1637/obj/lora/8c1f6461900020d1/water_temp_max,23.0,
1781668972,1637,1634,1637/obj/lora/8c1f6461900020d1/,0.0,
1781668972,1637,1634,1637/obj/lora/8c1f6461900020d1/frame_counter,6345.0,
1781668972,1637,1634,1637/obj/lora/8c1f6461900020d1/battery_recovered,3648.0,
1781668972,1637,1634,1637/obj/lora/8c1f6461900020d1/payload,1.0,537e0903000044350000e6fd04006f700903bcff8f0102dee7555657
1781668994,1637,1634,1637/obj/lora/24e124725d489523/payload,85.0,0175270367cc00046863
1781668994,1637,1634,1637/obj/lora/24e124725d489523/temperature,20.4,
1781668994,1637,1634,1637/obj/lora/24e124725d489523/,0.0,
1781668994,1637,1634,1637/obj/lora/24e124725d489523/frame_counter,7490.0,
1781668994,1637,1634,1637/obj/lora/24e124725d489523/humidity,49.5,
1781668994,1637,1634,1637/obj/lora/24e124725d489523/bandwidth,125000.0,
1781668994,1637,1634,1637/obj/lora/24e124725d489523/battery,39.0,
1781668994,1637,1634,1637/obj/lora/24e124725d489523/gateway_snr,6.199999809265137,24e124fffef949f8
1781668994,1637,1634,1637/obj/lora/24e124725d489523/spreading_factor,7.0,
1781668994,1637,1634,1637/obj/lora/24e124725d489523/gateway_rssi,-106.0,24e124fffef949f8
1781669017,1637,1634,1637/obj/lora/8c1f6461900019cb/water_temp_max,20.0,
1781669017,1637,1634,1637/obj/lora/8c1f6461900019cb/bandwidth,125000.0,
1781669017,1637,1634,1637/obj/lora/8c1f6461900019cb/leak_status,2.0,
1781669017,1637,1634,1637/obj/lora/8c1f6461900019cb/battery,3584.0,
1781669017,1637,1634,1637/obj/lora/8c1f6461900019cb/spreading_factor,7.0,
1781669017,1637,1634,1637/obj/lora/8c1f6461900019cb/battery_recovered,3688.0,
1781669017,1637,1634,1637/obj/lora/8c1f6461900019cb/ambient_temp,19.5,
1781669017,1637,1634,1637/obj/lora/8c1f6461900019cb/total_volume,10558.0,
1781669017,1637,1634,1637/obj/lora/8c1f6461900019cb/gateway_snr,5.0,24e124fffef94d5c
1781669017,1637,1634,1637/obj/lora/8c1f6461900019cb/frame_counter,7813.0,
1781669017,1637,1634,1637/obj/lora/8c1f6461900019cb/gateway_rssi,-103.0,24e124fffef94d5c
1781669017,1637,1634,1637/obj/lora/8c1f6461900019cb/,0.0,
1781669017,1637,1634,1637/obj/lora/8c1f6461900019cb/water_temp_min,20.0,
1781669017,1637,1634,1637/obj/lora/8c1f6461900019cb/payload,1.0,f27e090300003e29000000000000fe7009032601e00402dfec50504f
1781669017,1637,1634,1637/obj/lora/8c1f6461900019cb/error_code,0.0,
1781669024,1637,1634,1637/obj/lora/8c1f64619000170a/payload,1.0,a5c1090300008f5c02007c27060017b50903e422e70d02e1e9565757
1781669024,1637,1634,1637/obj/lora/8c1f64619000170a/leak_status,2.0,
1781669024,1637,1634,1637/obj/lora/8c1f64619000170a/battery_recovered,3664.0,
1781669024,1637,1634,1637/obj/lora/8c1f64619000170a/,0.0,
1781669024,1637,1634,1637/obj/lora/8c1f64619000170a/gateway_rssi,-104.0,24e124fffef94d5c
1781669024,1637,1634,1637/obj/lora/8c1f64619000170a/water_temp_min,23.0,
1781669024,1637,1634,1637/obj/lora/8c1f64619000170a/battery,3600.0,
1781669024,1637,1634,1637/obj/lora/8c1f64619000170a/frame_counter,6652.0,
1781669024,1637,1634,1637/obj/lora/8c1f64619000170a/bandwidth,125000.0,
1781669024,1637,1634,1637/obj/lora/8c1f64619000170a/error_code,0.0,
1781669024,1637,1634,1637/obj/lora/8c1f64619000170a/water_temp_max,23.5,
1781669024,1637,1634,1637/obj/lora/8c1f64619000170a/spreading_factor,7.0,
1781669024,1637,1634,1637/obj/lora/8c1f64619000170a/ambient_temp,23.5,
1781669024,1637,1634,1637/obj/lora/8c1f64619000170a/gateway_snr,5.199999809265137,24e124fffef94d5c
1781669024,1637,1634,1637/obj/lora/8c1f64619000170a/total_volume,154767.0,
1781669082,1637,1634,1637/obj/lora/8c1f6461900021da/battery_recovered,3664.0,
1781669082,1637,1634,1637/obj/lora/8c1f6461900021da/,0.0,
1781669082,1637,1634,1637/obj/lora/8c1f6461900021da/battery,3592.0,
1781669082,1637,1634,1637/obj/lora/8c1f6461900021da/bandwidth,125000.0,
1781669082,1637,1634,1637/obj/lora/8c1f6461900021da/leak_status,2.0,
1781669082,1637,1634,1637/obj/lora/8c1f6461900021da/payload,1.0,755f090300009e600000f79008008f510903c005010302e0e9545454
1781669082,1637,1634,1637/obj/lora/8c1f6461900021da/spreading_factor,7.0,
1781669082,1637,1634,1637/obj/lora/8c1f6461900021da/frame_counter,7488.0,
1781669082,1637,1634,1637/obj/lora/8c1f6461900021da/water_temp_max,22.0,
1781669082,1637,1634,1637/obj/lora/8c1f6461900021da/error_code,0.0,
1781669082,1637,1634,1637/obj/lora/8c1f6461900021da/water_temp_min,22.0,
1781669082,1637,1634,1637/obj/lora/8c1f6461900021da/gateway_snr,5.800000190734863,24e124fffef94d5c
1781669082,1637,1634,1637/obj/lora/8c1f6461900021da/ambient_temp,22.0,
1781669082,1637,1634,1637/obj/lora/8c1f6461900021da/gateway_rssi,-101.0,24e124fffef94d5c
1781669082,1637,1634,1637/obj/lora/8c1f6461900021da/total_volume,24734.0,
1781669104,1637,1634,1637/obj/lora/8c1f646190001963/payload,1.0,bcb909030000bc3d000000000000dcab09033102790702e1eb535353
1781669104,1637,1634,1637/obj/lora/8c1f646190001963/gateway_snr,10.199999809265137,24e124fffef94d5c
1781669104,1637,1634,1637/obj/lora/8c1f646190001963/leak_status,2.0,
1781669104,1637,1634,1637/obj/lora/8c1f646190001963/total_volume,15804.0,
1781669104,1637,1634,1637/obj/lora/8c1f646190001963/spreading_factor,7.0,
1781669104,1637,1634,1637/obj/lora/8c1f646190001963/error_code,0.0,
1781669104,1637,1634,1637/obj/lora/8c1f646190001963/,0.0,
1781669104,1637,1634,1637/obj/lora/8c1f646190001963/ambient_temp,21.5,
1781669104,1637,1634,1637/obj/lora/8c1f646190001963/water_temp_max,21.5,
1781669104,1637,1634,1637/obj/lora/8c1f646190001963/water_temp_min,21.5,
1781669104,1637,1634,1637/obj/lora/8c1f646190001963/gateway_rssi,-96.0,24e124fffef94d5c
1781669104,1637,1634,1637/obj/lora/8c1f646190001963/battery,3600.0,
1781669104,1637,1634,1637/obj/lora/8c1f646190001963/battery_recovered,3680.0,
1781669104,1637,1634,1637/obj/lora/8c1f646190001963/frame_counter,7734.0,
1781669104,1637,1634,1637/obj/lora/8c1f646190001963/bandwidth,125000.0,
1781669199,1637,1634,1637/obj/lora/8c1f646190001e41/gateway_snr,5.0,24e124fffef949f8
1781669199,1637,1634,1637/obj/lora/8c1f646190001e41/bandwidth,125000.0,
1781669199,1637,1634,1637/obj/lora/8c1f646190001e41/battery,3656.0,
1781669199,1637,1634,1637/obj/lora/8c1f646190001e41/total_volume,42481.0,
1781669199,1637,1634,1637/obj/lora/8c1f646190001e41/ambient_temp,24.5,
1781669199,1637,1634,1637/obj/lora/8c1f646190001e41/battery_recovered,3688.0,
1781669199,1637,1634,1637/obj/lora/8c1f646190001e41/spreading_factor,7.0,
1781669199,1637,1634,1637/obj/lora/8c1f646190001e41/water_temp_min,44.0,
1781669199,1637,1634,1637/obj/lora/8c1f646190001e41/error_code,0.0,
1781669199,1637,1634,1637/obj/lora/8c1f646190001e41/gateway_rssi,-107.0,24e124fffef949f8
1781669199,1637,1634,1637/obj/lora/8c1f646190001e41/frame_counter,3561.0,
1781669199,1637,1634,1637/obj/lora/8c1f646190001e41/,0.0,
1781669199,1637,1634,1637/obj/lora/8c1f646190001e41/payload,1.0,e9af09030000f1a500005c110f00fea1090317fe8c0102e8ec808159
1781669199,1637,1634,1637/obj/lora/8c1f646190001e41/leak_status,2.0,
1781669199,1637,1634,1637/obj/lora/8c1f646190001e41/water_temp_max,44.5,
1781669254,1637,1634,1637/obj/lora/8c1f646190002120/spreading_factor,7.0,
1781669254,1637,1634,1637/obj/lora/8c1f646190002120/battery,3656.0,
1781669254,1637,1634,1637/obj/lora/8c1f646190002120/battery_recovered,3680.0,
1781669254,1637,1634,1637/obj/lora/8c1f646190002120/gateway_snr,9.199999809265137,24e124fffef949f8
1781669254,1637,1634,1637/obj/lora/8c1f646190002120/,0.0,
1781669254,1637,1634,1637/obj/lora/8c1f646190002120/leak_status,2.0,
1781669254,1637,1634,1637/obj/lora/8c1f646190002120/water_temp_min,22.0,
1781669254,1637,1634,1637/obj/lora/8c1f646190002120/ambient_temp,21.5,
1781669254,1637,1634,1637/obj/lora/8c1f646190002120/bandwidth,125000.0,
1781669254,1637,1634,1637/obj/lora/8c1f646190002120/total_volume,42375.0,
1781669254,1637,1634,1637/obj/lora/8c1f646190002120/error_code,0.0,
1781669254,1637,1634,1637/obj/lora/8c1f646190002120/payload,1.0,669c0903000087a50000f5e70d00848e0903d5ff750002e8eb545453
1781669254,1637,1634,1637/obj/lora/8c1f646190002120/water_temp_max,22.0,
1781669254,1637,1634,1637/obj/lora/8c1f646190002120/frame_counter,3618.0,
1781669254,1637,1634,1637/obj/lora/8c1f646190002120/gateway_rssi,-102.0,24e124fffef949f8
1781669286,1637,1634,1637/obj/lora/8c1f6461900015c1/battery_recovered,3688.0,
1781669286,1637,1634,1637/obj/lora/8c1f6461900015c1/spreading_factor,7.0,
1781669286,1637,1634,1637/obj/lora/8c1f6461900015c1/water_temp_max,24.0,
1781669286,1637,1634,1637/obj/lora/8c1f6461900015c1/error_code,0.0,
1781669286,1637,1634,1637/obj/lora/8c1f6461900015c1/gateway_rssi,-94.0,24e124fffef94d5c
1781669286,1637,1634,1637/obj/lora/8c1f6461900015c1/total_volume,19013.0,
1781669286,1637,1634,1637/obj/lora/8c1f6461900015c1/leak_status,2.0,
1781669286,1637,1634,1637/obj/lora/8c1f6461900015c1/gateway_snr,10.0,24e124fffef94d5c
1781669286,1637,1634,1637/obj/lora/8c1f6461900015c1/payload,1.0,9a7609030000454a000000000000ac6809037bfe8f0102dfec425853
1781669286,1637,1634,1637/obj/lora/8c1f6461900015c1/bandwidth,125000.0,
1781669286,1637,1634,1637/obj/lora/8c1f6461900015c1/ambient_temp,21.5,
1781669286,1637,1634,1637/obj/lora/8c1f6461900015c1/,0.0,
1781669286,1637,1634,1637/obj/lora/8c1f6461900015c1/water_temp_min,13.0,
1781669286,1637,1634,1637/obj/lora/8c1f6461900015c1/battery,3584.0,
1781669286,1637,1634,1637/obj/lora/8c1f6461900015c1/frame_counter,7604.0,
1781669358,1637,1634,1637/obj/lora/8c1f646190001b0f/,0.0,
1781669358,1637,1634,1637/obj/lora/8c1f646190001b0f/total_volume,35314.0,
1781669358,1637,1634,1637/obj/lora/8c1f646190001b0f/water_temp_max,22.5,
1781669358,1637,1634,1637/obj/lora/8c1f646190001b0f/gateway_rssi,-111.0,24e124fffef94d5c
1781669358,1637,1634,1637/obj/lora/8c1f646190001b0f/leak_status,2.0,
1781669358,1637,1634,1637/obj/lora/8c1f646190001b0f/gateway_snr,-8.800000190734863,24e124fffef94d5c
1781669358,1637,1634,1637/obj/lora/8c1f646190001b0f/payload,1.0,df9809030000f2890000e6e30a000d8b0903fbff8f0102e1e7545553
1781669358,1637,1634,1637/obj/lora/8c1f646190001b0f/water_temp_min,22.0,
1781669358,1637,1634,1637/obj/lora/8c1f646190001b0f/battery,3600.0,
1781669358,1637,1634,1637/obj/lora/8c1f646190001b0f/spreading_factor,7.0,
1781669358,1637,1634,1637/obj/lora/8c1f646190001b0f/error_code,0.0,
1781669358,1637,1634,1637/obj/lora/8c1f646190001b0f/frame_counter,6523.0,
1781669358,1637,1634,1637/obj/lora/8c1f646190001b0f/battery_recovered,3648.0,
1781669358,1637,1634,1637/obj/lora/8c1f646190001b0f/bandwidth,125000.0,
1781669358,1637,1634,1637/obj/lora/8c1f646190001b0f/ambient_temp,21.5,
1781669385,1637,1634,1637/obj/lora/8c1f64619000228d/total_volume,18062.0,
1781669385,1637,1634,1637/obj/lora/8c1f64619000228d/spreading_factor,7.0,
1781669385,1637,1634,1637/obj/lora/8c1f64619000228d/battery,3576.0,
1781669385,1637,1634,1637/obj/lora/8c1f64619000228d/ambient_temp,22.0,
1781669385,1637,1634,1637/obj/lora/8c1f64619000228d/leak_status,2.0,
1781669385,1637,1634,1637/obj/lora/8c1f64619000228d/payload,1.0,e069090300008e46000000000000095c09036c0bd20802dee7545454
1781669385,1637,1634,1637/obj/lora/8c1f64619000228d/frame_counter,6426.0,
1781669385,1637,1634,1637/obj/lora/8c1f64619000228d/error_code,0.0,
1781669385,1637,1634,1637/obj/lora/8c1f64619000228d/bandwidth,125000.0,
1781669385,1637,1634,1637/obj/lora/8c1f64619000228d/gateway_snr,8.800000190734863,24e124fffef94d5c
1781669385,1637,1634,1637/obj/lora/8c1f64619000228d/gateway_rssi,-98.0,24e124fffef94d5c
1781669385,1637,1634,1637/obj/lora/8c1f64619000228d/water_temp_max,22.0,
1781669385,1637,1634,1637/obj/lora/8c1f64619000228d/water_temp_min,22.0,
1781669385,1637,1634,1637/obj/lora/8c1f64619000228d/,0.0,
1781669385,1637,1634,1637/obj/lora/8c1f64619000228d/battery_recovered,3648.0,
1781669386,1637,1634,1637/obj/lora/8c1f6461900014f5/battery,3632.0,
1781669386,1637,1634,1637/obj/lora/8c1f6461900014f5/gateway_rssi,-104.0,24e124fffef949f8
1781669386,1637,1634,1637/obj/lora/8c1f6461900014f5/water_temp_min,21.5,
1781669386,1637,1634,1637/obj/lora/8c1f6461900014f5/battery_recovered,3664.0,
1781669386,1637,1634,1637/obj/lora/8c1f6461900014f5/bandwidth,125000.0,
1781669386,1637,1634,1637/obj/lora/8c1f6461900014f5/frame_counter,3575.0,
1781669386,1637,1634,1637/obj/lora/8c1f6461900014f5/total_volume,22137.0,
1781669386,1637,1634,1637/obj/lora/8c1f6461900014f5/error_code,0.0,
1781669386,1637,1634,1637/obj/lora/8c1f6461900014f5/spreading_factor,7.0,
1781669386,1637,1634,1637/obj/lora/8c1f6461900014f5/leak_status,2.0,
1781669386,1637,1634,1637/obj/lora/8c1f6461900014f5/ambient_temp,22.0,
1781669386,1637,1634,1637/obj/lora/8c1f6461900014f5/payload,1.0,837f0d030000795600000000000099710d032000ba0b02e5e9535354
1781669386,1637,1634,1637/obj/lora/8c1f6461900014f5/water_temp_max,21.5,
1781669386,1637,1634,1637/obj/lora/8c1f6461900014f5/gateway_snr,8.199999809265137,24e124fffef949f8
1781669386,1637,1634,1637/obj/lora/8c1f6461900014f5/,0.0,
1781669480,1637,1634,1637/obj/lora/8c1f646190002222/water_temp_max,22.0,
1781669480,1637,1634,1637/obj/lora/8c1f646190002222/bandwidth,125000.0,
1781669480,1637,1634,1637/obj/lora/8c1f646190002222/leak_status,2.0,
1781669480,1637,1634,1637/obj/lora/8c1f646190002222/battery_recovered,3688.0,
1781669480,1637,1634,1637/obj/lora/8c1f646190002222/,0.0,
1781669480,1637,1634,1637/obj/lora/8c1f646190002222/spreading_factor,7.0,
1781669480,1637,1634,1637/obj/lora/8c1f646190002222/payload,1.0,316e090300006478000008000000376009037d02ce0002e9ec535454
1781669480,1637,1634,1637/obj/lora/8c1f646190002222/gateway_snr,-2.0,24e124fffef949f8
1781669480,1637,1634,1637/obj/lora/8c1f646190002222/gateway_rssi,-113.0,24e124fffef949f8
1781669480,1637,1634,1637/obj/lora/8c1f646190002222/ambient_temp,22.0,
1781669480,1637,1634,1637/obj/lora/8c1f646190002222/battery,3664.0,
1781669480,1637,1634,1637/obj/lora/8c1f646190002222/frame_counter,3635.0,
1781669480,1637,1634,1637/obj/lora/8c1f646190002222/water_temp_min,21.5,
1781669480,1637,1634,1637/obj/lora/8c1f646190002222/total_volume,30820.0,
1781669480,1637,1634,1637/obj/lora/8c1f646190002222/error_code,0.0,
1781669499,1637,1634,1637/obj/lora/8c1f646190001b91/leak_status,2.0,
1781669499,1637,1634,1637/obj/lora/8c1f646190001b91/battery,3560.0,
1781669499,1637,1634,1637/obj/lora/8c1f646190001b91/ambient_temp,22.0,
1781669499,1637,1634,1637/obj/lora/8c1f646190001b91/total_volume,46881.0,
1781669499,1637,1634,1637/obj/lora/8c1f646190001b91/water_temp_min,22.0,
1781669499,1637,1634,1637/obj/lora/8c1f646190001b91/,0.0,
1781669499,1637,1634,1637/obj/lora/8c1f646190001b91/error_code,0.0,
1781669499,1637,1634,1637/obj/lora/8c1f646190001b91/spreading_factor,7.0,
1781669499,1637,1634,1637/obj/lora/8c1f646190001b91/battery_recovered,3664.0,
1781669499,1637,1634,1637/obj/lora/8c1f646190001b91/frame_counter,6536.0,
1781669499,1637,1634,1637/obj/lora/8c1f646190001b91/water_temp_max,22.5,
1781669499,1637,1634,1637/obj/lora/8c1f646190001b91/payload,1.0,229d0903000021b70000a2cb0e00168f09036301a40302dce9545554
1781669499,1637,1634,1637/obj/lora/8c1f646190001b91/bandwidth,125000.0,
1781669499,1637,1634,1637/obj/lora/8c1f646190001b91/gateway_snr,6.199999809265137,24e124fffef94d5c
1781669499,1637,1634,1637/obj/lora/8c1f646190001b91/gateway_rssi,-101.0,24e124fffef94d5c
1781669535,1637,1634,1637/obj/lora/8c1f6461900019cf/water_temp_min,21.5,
1781669535,1637,1634,1637/obj/lora/8c1f6461900019cf/ambient_temp,21.5,
1781669535,1637,1634,1637/obj/lora/8c1f6461900019cf/gateway_rssi,-101.0,24e124fffef949f8
1781669535,1637,1634,1637/obj/lora/8c1f6461900019cf/frame_counter,3551.0,
1781669535,1637,1634,1637/obj/lora/8c1f6461900019cf/gateway_snr,9.800000190734863,24e124fffef949f8
1781669535,1637,1634,1637/obj/lora/8c1f6461900019cf/bandwidth,125000.0,
1781669535,1637,1634,1637/obj/lora/8c1f6461900019cf/battery_recovered,3656.0,
1781669535,1637,1634,1637/obj/lora/8c1f6461900019cf/,0.0,
1781669535,1637,1634,1637/obj/lora/8c1f6461900019cf/total_volume,68332.0,
1781669535,1637,1634,1637/obj/lora/8c1f6461900019cf/payload,1.0,b1a709030000ec0a010000000000000000000000000000e5e8535453
1781669535,1637,1634,1637/obj/lora/8c1f6461900019cf/water_temp_max,22.0,
1781669535,1637,1634,1637/obj/lora/8c1f6461900019cf/spreading_factor,7.0,
1781669535,1637,1634,1637/obj/lora/8c1f6461900019cf/battery,3632.0,
1781669535,1637,1634,1637/obj/lora/8c1f6461900019cf/error_code,0.0,
1781669535,1637,1634,1637/obj/lora/8c1f6461900019cf/leak_status,0.0,
1781669559,1637,1634,1637/obj/lora/8c1f646190002206/payload,1.0,39aa0903000073130300c74f0f00000000000000000000e1ea535454
1781669559,1637,1634,1637/obj/lora/8c1f646190002206/spreading_factor,7.0,
1781669559,1637,1634,1637/obj/lora/8c1f646190002206/bandwidth,125000.0,
1781669559,1637,1634,1637/obj/lora/8c1f646190002206/,0.0,
1781669559,1637,1634,1637/obj/lora/8c1f646190002206/water_temp_min,21.5,
1781669559,1637,1634,1637/obj/lora/8c1f646190002206/total_volume,201587.0,
1781669559,1637,1634,1637/obj/lora/8c1f646190002206/error_code,0.0,
1781669559,1637,1634,1637/obj/lora/8c1f646190002206/water_temp_max,22.0,
1781669559,1637,1634,1637/obj/lora/8c1f646190002206/leak_status,0.0,
1781669559,1637,1634,1637/obj/lora/8c1f646190002206/gateway_snr,6.800000190734863,24e124fffef94d5c
1781669559,1637,1634,1637/obj/lora/8c1f646190002206/battery,3600.0,
1781669559,1637,1634,1637/obj/lora/8c1f646190002206/frame_counter,7008.0,
1781669559,1637,1634,1637/obj/lora/8c1f646190002206/ambient_temp,22.0,
1781669559,1637,1634,1637/obj/lora/8c1f646190002206/battery_recovered,3672.0,
1781669559,1637,1634,1637/obj/lora/8c1f646190002206/gateway_rssi,-100.0,24e124fffef94d5c
1781669592,1637,1634,1637/obj/lora/24e124725d489523/,0.0,
1781669592,1637,1634,1637/obj/lora/24e124725d489523/humidity,49.0,
1781669592,1637,1634,1637/obj/lora/24e124725d489523/payload,85.0,0175270367cc00046862
1781669592,1637,1634,1637/obj/lora/24e124725d489523/spreading_factor,7.0,
1781669592,1637,1634,1637/obj/lora/24e124725d489523/gateway_rssi,-106.0,24e124fffef949f8
1781669592,1637,1634,1637/obj/lora/24e124725d489523/gateway_snr,6.5,24e124fffef949f8
1781669592,1637,1634,1637/obj/lora/24e124725d489523/frame_counter,7491.0,
1781669592,1637,1634,1637/obj/lora/24e124725d489523/bandwidth,125000.0,
1781669592,1637,1634,1637/obj/lora/24e124725d489523/temperature,20.4,
1781669592,1637,1634,1637/obj/lora/24e124725d489523/battery,39.0,
1781669655,1637,1634,1637/obj/lora/8c1f646190001bf1/bandwidth,125000.0,
1781669655,1637,1634,1637/obj/lora/8c1f646190001bf1/battery,3592.0,
1781669655,1637,1634,1637/obj/lora/8c1f646190001bf1/frame_counter,6323.0,
1781669655,1637,1634,1637/obj/lora/8c1f646190001bf1/gateway_snr,5.199999809265137,24e124fffef94d5c
1781669655,1637,1634,1637/obj/lora/8c1f646190001bf1/water_temp_min,21.5,
1781669655,1637,1634,1637/obj/lora/8c1f646190001bf1/total_volume,33451.0,
1781669655,1637,1634,1637/obj/lora/8c1f646190001bf1/spreading_factor,7.0,
1781669655,1637,1634,1637/obj/lora/8c1f646190001bf1/leak_status,2.0,
1781669655,1637,1634,1637/obj/lora/8c1f646190001bf1/error_code,0.0,
1781669655,1637,1634,1637/obj/lora/8c1f646190001bf1/payload,1.0,11b309030000ab820000248d0b0039a50903c201120102e0ea539155
1781669655,1637,1634,1637/obj/lora/8c1f646190001bf1/,0.0,
1781669655,1637,1634,1637/obj/lora/8c1f646190001bf1/battery_recovered,3672.0,
1781669655,1637,1634,1637/obj/lora/8c1f646190001bf1/water_temp_max,52.5,
1781669655,1637,1634,1637/obj/lora/8c1f646190001bf1/gateway_rssi,-104.0,24e124fffef94d5c
1781669655,1637,1634,1637/obj/lora/8c1f646190001bf1/ambient_temp,22.5,
1781669662,1637,1634,1637/obj/lora/8c1f646190001dd8/,0.0,
1781669662,1637,1634,1637/obj/lora/8c1f646190001dd8/ambient_temp,22.0,
1781669662,1637,1634,1637/obj/lora/8c1f646190001dd8/leak_status,2.0,
1781669662,1637,1634,1637/obj/lora/8c1f646190001dd8/water_temp_max,22.0,
1781669662,1637,1634,1637/obj/lora/8c1f646190001dd8/gateway_rssi,-110.0,24e124fffef949f8
1781669662,1637,1634,1637/obj/lora/8c1f646190001dd8/gateway_snr,0.0,24e124fffef949f8
1781669662,1637,1634,1637/obj/lora/8c1f646190001dd8/battery,3624.0,
1781669662,1637,1634,1637/obj/lora/8c1f646190001dd8/total_volume,55983.0,
1781669662,1637,1634,1637/obj/lora/8c1f646190001dd8/payload,1.0,8b9909030000afda000008e011007c8b09031e040b0202e4e9545454
1781669662,1637,1634,1637/obj/lora/8c1f646190001dd8/battery_recovered,3664.0,
1781669662,1637,1634,1637/obj/lora/8c1f646190001dd8/bandwidth,125000.0,
1781669662,1637,1634,1637/obj/lora/8c1f646190001dd8/frame_counter,3738.0,
1781669662,1637,1634,1637/obj/lora/8c1f646190001dd8/error_code,0.0,
1781669662,1637,1634,1637/obj/lora/8c1f646190001dd8/spreading_factor,7.0,
1781669662,1637,1634,1637/obj/lora/8c1f646190001dd8/water_temp_min,22.0,
1781669672,1637,1634,1637/obj/lora/8c1f6461900021e0/spreading_factor,7.0,
1781669672,1637,1634,1637/obj/lora/8c1f6461900021e0/water_temp_max,22.0,
1781669672,1637,1634,1637/obj/lora/8c1f6461900021e0/payload,1.0,da7909030000672d010000000000000000000000000000e9ed545454
1781669672,1637,1634,1637/obj/lora/8c1f6461900021e0/,0.0,
1781669672,1637,1634,1637/obj/lora/8c1f6461900021e0/frame_counter,2242.0,
1781669672,1637,1634,1637/obj/lora/8c1f6461900021e0/leak_status,0.0,
1781669672,1637,1634,1637/obj/lora/8c1f6461900021e0/total_volume,77159.0,
1781669672,1637,1634,1637/obj/lora/8c1f6461900021e0/error_code,0.0,
1781669672,1637,1634,1637/obj/lora/8c1f6461900021e0/bandwidth,125000.0,
1781669672,1637,1634,1637/obj/lora/8c1f6461900021e0/battery,3664.0,
1781669672,1637,1634,1637/obj/lora/8c1f6461900021e0/ambient_temp,22.0,
1781669672,1637,1634,1637/obj/lora/8c1f6461900021e0/gateway_snr,6.800000190734863,24e124fffef949f8
1781669672,1637,1634,1637/obj/lora/8c1f6461900021e0/gateway_rssi,-104.0,24e124fffef949f8
1781669672,1637,1634,1637/obj/lora/8c1f6461900021e0/battery_recovered,3696.0,
1781669672,1637,1634,1637/obj/lora/8c1f6461900021e0/water_temp_min,22.0,
1781669743,1637,1634,1637/obj/lora/8c1f646190001968/gateway_snr,6.5,24e124fffef949f8
1781669743,1637,1634,1637/obj/lora/8c1f646190001968/total_volume,71245.0,
1781669743,1637,1634,1637/obj/lora/8c1f646190001968/error_code,0.0,
1781669743,1637,1634,1637/obj/lora/8c1f646190001968/gateway_rssi,-106.0,24e124fffef949f8
1781669743,1637,1634,1637/obj/lora/8c1f646190001968/ambient_temp,23.0,
1781669743,1637,1634,1637/obj/lora/8c1f646190001968/leak_status,2.0,
1781669743,1637,1634,1637/obj/lora/8c1f646190001968/battery_recovered,3680.0,
1781669743,1637,1634,1637/obj/lora/8c1f646190001968/battery,3656.0,
1781669743,1637,1634,1637/obj/lora/8c1f646190001968/spreading_factor,7.0,
1781669743,1637,1634,1637/obj/lora/8c1f646190001968/bandwidth,125000.0,
1781669743,1637,1634,1637/obj/lora/8c1f646190001968/,0.0,
1781669743,1637,1634,1637/obj/lora/8c1f646190001968/frame_counter,3620.0,
1781669743,1637,1634,1637/obj/lora/8c1f646190001968/water_temp_max,23.0,
1781669743,1637,1634,1637/obj/lora/8c1f646190001968/payload,1.0,1692090300004d160100af2918002e840903eded8c0202e8eb565656
1781669743,1637,1634,1637/obj/lora/8c1f646190001968/water_temp_min,23.0,
1781669820,1637,1634,1637/obj/lora/8c1f646190002291/water_temp_max,21.0,
1781669820,1637,1634,1637/obj/lora/8c1f646190002291/payload,1.0,98c7090300000616060000000000861609035a02000003dfe9525252
1781669820,1637,1634,1637/obj/lora/8c1f646190002291/frame_counter,6852.0,
1781669820,1637,1634,1637/obj/lora/8c1f646190002291/water_temp_min,21.0,
1781669820,1637,1634,1637/obj/lora/8c1f646190002291/gateway_snr,0.800000011920929,24e124fffef949f8
1781669820,1637,1634,1637/obj/lora/8c1f646190002291/total_volume,398854.0,
1781669820,1637,1634,1637/obj/lora/8c1f646190002291/battery,3584.0,
1781669820,1637,1634,1637/obj/lora/8c1f646190002291/spreading_factor,7.0,
1781669820,1637,1634,1637/obj/lora/8c1f646190002291/gateway_rssi,-110.0,24e124fffef949f8
1781669820,1637,1634,1637/obj/lora/8c1f646190002291/leak_status,3.0,
1781669820,1637,1634,1637/obj/lora/8c1f646190002291/battery_recovered,3664.0,
1781669820,1637,1634,1637/obj/lora/8c1f646190002291/bandwidth,125000.0,
1781669820,1637,1634,1637/obj/lora/8c1f646190002291/error_code,0.0,
1781669820,1637,1634,1637/obj/lora/8c1f646190002291/ambient_temp,21.0,
1781669820,1637,1634,1637/obj/lora/8c1f646190002291/,0.0,
1781669977,1637,1634,1637/obj/lora/8c1f64619000160f/water_temp_min,22.5,
1781669977,1637,1634,1637/obj/lora/8c1f64619000160f/gateway_rssi,-108.0,24e124fffef949f8
1781669977,1637,1634,1637/obj/lora/8c1f64619000160f/,0.0,
1781669977,1637,1634,1637/obj/lora/8c1f64619000160f/spreading_factor,7.0,
1781669977,1637,1634,1637/obj/lora/8c1f64619000160f/battery_recovered,3672.0,
1781669977,1637,1634,1637/obj/lora/8c1f64619000160f/payload,1.0,54820d03000051d4010008000000000000000000000000e7ea555555
1781669977,1637,1634,1637/obj/lora/8c1f64619000160f/battery,3648.0,
1781669977,1637,1634,1637/obj/lora/8c1f64619000160f/leak_status,0.0,
1781669977,1637,1634,1637/obj/lora/8c1f64619000160f/water_temp_max,22.5,
1781669977,1637,1634,1637/obj/lora/8c1f64619000160f/total_volume,119889.0,
1781669977,1637,1634,1637/obj/lora/8c1f64619000160f/error_code,0.0,
1781669977,1637,1634,1637/obj/lora/8c1f64619000160f/gateway_snr,2.5,24e124fffef949f8
1781669977,1637,1634,1637/obj/lora/8c1f64619000160f/ambient_temp,22.5,
1781669977,1637,1634,1637/obj/lora/8c1f64619000160f/bandwidth,125000.0,
1781669977,1637,1634,1637/obj/lora/8c1f64619000160f/frame_counter,3635.0,
1781670123,1637,1634,1637/obj/lora/8c1f646190001ec9/total_volume,34556.0,
1781670123,1637,1634,1637/obj/lora/8c1f646190001ec9/error_code,0.0,
1781670123,1637,1634,1637/obj/lora/8c1f646190001ec9/frame_counter,6555.0,
1781670123,1637,1634,1637/obj/lora/8c1f646190001ec9/,0.0,
1781670123,1637,1634,1637/obj/lora/8c1f646190001ec9/battery_recovered,3664.0,
1781670123,1637,1634,1637/obj/lora/8c1f646190001ec9/water_temp_min,21.5,
1781670123,1637,1634,1637/obj/lora/8c1f646190001ec9/spreading_factor,7.0,
1781670123,1637,1634,1637/obj/lora/8c1f646190001ec9/gateway_snr,4.800000190734863,24e124fffef94d5c
1781670123,1637,1634,1637/obj/lora/8c1f646190001ec9/leak_status,2.0,
1781670123,1637,1634,1637/obj/lora/8c1f646190001ec9/bandwidth,125000.0,
1781670123,1637,1634,1637/obj/lora/8c1f646190001ec9/water_temp_max,21.5,
1781670123,1637,1634,1637/obj/lora/8c1f646190001ec9/gateway_rssi,-104.0,24e124fffef94d5c
1781670123,1637,1634,1637/obj/lora/8c1f646190001ec9/ambient_temp,21.0,
1781670123,1637,1634,1637/obj/lora/8c1f646190001ec9/battery,3600.0,
1781670123,1637,1634,1637/obj/lora/8c1f646190001ec9/payload,1.0,f67909030000fc860000f75a0b00f16b09039401960202e1e9535352
1781670157,1637,1634,1637/obj/lora/8c1f6461900015ba/error_code,0.0,
1781670157,1637,1634,1637/obj/lora/8c1f6461900015ba/gateway_snr,2.5,24e124fffef949f8
1781670157,1637,1634,1637/obj/lora/8c1f6461900015ba/water_temp_max,21.0,
1781670157,1637,1634,1637/obj/lora/8c1f6461900015ba/,0.0,
1781670157,1637,1634,1637/obj/lora/8c1f6461900015ba/gateway_rssi,-105.0,24e124fffef949f8
1781670157,1637,1634,1637/obj/lora/8c1f6461900015ba/total_volume,7057.0,
1781670157,1637,1634,1637/obj/lora/8c1f6461900015ba/ambient_temp,21.0,
1781670157,1637,1634,1637/obj/lora/8c1f6461900015ba/battery,3640.0,
1781670157,1637,1634,1637/obj/lora/8c1f6461900015ba/frame_counter,7260.0,
1781670157,1637,1634,1637/obj/lora/8c1f6461900015ba/leak_status,2.0,
1781670157,1637,1634,1637/obj/lora/8c1f6461900015ba/payload,1.0,ceb009030000911b000000000000e9a209037301230402e6eb525252
1781670157,1637,1634,1637/obj/lora/8c1f6461900015ba/battery_recovered,3680.0,
1781670157,1637,1634,1637/obj/lora/8c1f6461900015ba/water_temp_min,21.0,
1781670157,1637,1634,1637/obj/lora/8c1f6461900015ba/spreading_factor,7.0,
1781670157,1637,1634,1637/obj/lora/8c1f6461900015ba/bandwidth,125000.0,
1781670191,1637,1634,1637/obj/lora/24e124725d489523/temperature,20.4,
1781670191,1637,1634,1637/obj/lora/24e124725d489523/battery,39.0,
1781670191,1637,1634,1637/obj/lora/24e124725d489523/spreading_factor,7.0,
1781670191,1637,1634,1637/obj/lora/24e124725d489523/gateway_rssi,-106.0,24e124fffef949f8
1781670191,1637,1634,1637/obj/lora/24e124725d489523/gateway_snr,6.199999809265137,24e124fffef949f8
1781670191,1637,1634,1637/obj/lora/24e124725d489523/frame_counter,7492.0,
1781670191,1637,1634,1637/obj/lora/24e124725d489523/,0.0,
1781670191,1637,1634,1637/obj/lora/24e124725d489523/payload,85.0,0175270367cc00046862
1781670191,1637,1634,1637/obj/lora/24e124725d489523/humidity,49.0,
1781670191,1637,1634,1637/obj/lora/24e124725d489523/bandwidth,125000.0,
1781670210,1637,1634,1637/obj/lora/8c1f646190001743/error_code,0.0,
1781670210,1637,1634,1637/obj/lora/8c1f646190001743/battery_recovered,3688.0,
1781670210,1637,1634,1637/obj/lora/8c1f646190001743/ambient_temp,23.0,
1781670210,1637,1634,1637/obj/lora/8c1f646190001743/bandwidth,125000.0,
1781670210,1637,1634,1637/obj/lora/8c1f646190001743/,0.0,
1781670210,1637,1634,1637/obj/lora/8c1f646190001743/gateway_rssi,-113.0,24e124fffef949f8
1781670210,1637,1634,1637/obj/lora/8c1f646190001743/gateway_snr,-6.800000190734863,24e124fffef949f8
1781670210,1637,1634,1637/obj/lora/8c1f646190001743/water_temp_min,22.5,
1781670210,1637,1634,1637/obj/lora/8c1f646190001743/total_volume,8040.0,
1781670210,1637,1634,1637/obj/lora/8c1f646190001743/water_temp_max,22.5,
1781670210,1637,1634,1637/obj/lora/8c1f646190001743/leak_status,2.0,
1781670210,1637,1634,1637/obj/lora/8c1f646190001743/payload,1.0,19a709030000681f000000000000209909035f022c0202e5ec555556
1781670210,1637,1634,1637/obj/lora/8c1f646190001743/spreading_factor,7.0,
1781670210,1637,1634,1637/obj/lora/8c1f646190001743/battery,3632.0,
1781670210,1637,1634,1637/obj/lora/8c1f646190001743/frame_counter,1982.0,
1781670272,1637,1634,1637/obj/lora/8c1f6461900015ed/gateway_snr,11.199999809265137,24e124fffef94d5c
1781670272,1637,1634,1637/obj/lora/8c1f6461900015ed/payload,1.0,65a509030000eb6400000ea409008a970903ec004f0202e3ed525252
1781670272,1637,1634,1637/obj/lora/8c1f6461900015ed/frame_counter,6142.0,
1781670272,1637,1634,1637/obj/lora/8c1f6461900015ed/bandwidth,125000.0,
1781670272,1637,1634,1637/obj/lora/8c1f6461900015ed/gateway_rssi,-94.0,24e124fffef94d5c
1781670272,1637,1634,1637/obj/lora/8c1f6461900015ed/ambient_temp,21.0,
1781670272,1637,1634,1637/obj/lora/8c1f6461900015ed/leak_status,2.0,
1781670272,1637,1634,1637/obj/lora/8c1f6461900015ed/error_code,0.0,
1781670272,1637,1634,1637/obj/lora/8c1f6461900015ed/spreading_factor,7.0,
1781670272,1637,1634,1637/obj/lora/8c1f6461900015ed/battery,3616.0,
1781670272,1637,1634,1637/obj/lora/8c1f6461900015ed/,0.0,
1781670272,1637,1634,1637/obj/lora/8c1f6461900015ed/water_temp_min,21.0,
1781670272,1637,1634,1637/obj/lora/8c1f6461900015ed/total_volume,25835.0,
1781670272,1637,1634,1637/obj/lora/8c1f6461900015ed/water_temp_max,21.0,
1781670272,1637,1634,1637/obj/lora/8c1f6461900015ed/battery_recovered,3696.0,
1781670309,1637,1634,1637/obj/lora/8c1f6461900018f5/battery,3600.0,
1781670309,1637,1634,1637/obj/lora/8c1f6461900018f5/leak_status,2.0,
1781670309,1637,1634,1637/obj/lora/8c1f6461900018f5/water_temp_min,21.5,
1781670309,1637,1634,1637/obj/lora/8c1f6461900018f5/total_volume,51587.0,
1781670309,1637,1634,1637/obj/lora/8c1f6461900018f5/,0.0,
1781670309,1637,1634,1637/obj/lora/8c1f6461900018f5/ambient_temp,22.5,
1781670309,1637,1634,1637/obj/lora/8c1f6461900018f5/frame_counter,7695.0,
1781670309,1637,1634,1637/obj/lora/8c1f6461900018f5/payload,1.0,ed8e0903000083c90000c5d90400098109038700fe0b02e1e9535455
1781670309,1637,1634,1637/obj/lora/8c1f6461900018f5/bandwidth,125000.0,
1781670309,1637,1634,1637/obj/lora/8c1f6461900018f5/battery_recovered,3664.0,
1781670309,1637,1634,1637/obj/lora/8c1f6461900018f5/water_temp_max,22.0,
1781670309,1637,1634,1637/obj/lora/8c1f6461900018f5/gateway_rssi,-104.0,24e124fffef949f8
1781670309,1637,1634,1637/obj/lora/8c1f6461900018f5/gateway_snr,8.800000190734863,24e124fffef949f8
1781670309,1637,1634,1637/obj/lora/8c1f6461900018f5/error_code,0.0,
1781670309,1637,1634,1637/obj/lora/8c1f6461900018f5/spreading_factor,7.0,
1781670378,1637,1634,1637/obj/lora/8c1f6461900019c7/battery,3568.0,
1781670378,1637,1634,1637/obj/lora/8c1f6461900019c7/frame_counter,5923.0,
1781670378,1637,1634,1637/obj/lora/8c1f6461900019c7/leak_status,2.0,
1781670378,1637,1634,1637/obj/lora/8c1f6461900019c7/ambient_temp,22.0,
1781670378,1637,1634,1637/obj/lora/8c1f6461900019c7/gateway_snr,3.5,24e124fffef94d5c
1781670378,1637,1634,1637/obj/lora/8c1f6461900019c7/total_volume,22411.0,
1781670378,1637,1634,1637/obj/lora/8c1f6461900019c7/water_temp_min,22.0,
1781670378,1637,1634,1637/obj/lora/8c1f6461900019c7/bandwidth,125000.0,
1781670378,1637,1634,1637/obj/lora/8c1f6461900019c7/spreading_factor,7.0,
1781670378,1637,1634,1637/obj/lora/8c1f6461900019c7/payload,1.0,9e78090300008b57000052480800b96a090366fdaf0202dde7545554
1781670378,1637,1634,1637/obj/lora/8c1f6461900019c7/gateway_rssi,-104.0,24e124fffef94d5c
1781670378,1637,1634,1637/obj/lora/8c1f6461900019c7/water_temp_max,22.5,
1781670378,1637,1634,1637/obj/lora/8c1f6461900019c7/,0.0,
1781670378,1637,1634,1637/obj/lora/8c1f6461900019c7/error_code,0.0,
1781670378,1637,1634,1637/obj/lora/8c1f6461900019c7/battery_recovered,3648.0,
1781670410,1637,1634,1637/obj/lora/8c1f646190001baf/,0.0,
1781670410,1637,1634,1637/obj/lora/8c1f646190001baf/water_temp_max,22.0,
1781670410,1637,1634,1637/obj/lora/8c1f646190001baf/bandwidth,125000.0,
1781670410,1637,1634,1637/obj/lora/8c1f646190001baf/battery,3624.0,
1781670410,1637,1634,1637/obj/lora/8c1f646190001baf/gateway_rssi,-103.0,24e124fffef94d5c
1781670410,1637,1634,1637/obj/lora/8c1f646190001baf/ambient_temp,22.0,
1781670410,1637,1634,1637/obj/lora/8c1f646190001baf/frame_counter,6729.0,
1781670410,1637,1634,1637/obj/lora/8c1f646190001baf/total_volume,53789.0,
1781670410,1637,1634,1637/obj/lora/8c1f646190001baf/error_code,0.0,
1781670410,1637,1634,1637/obj/lora/8c1f646190001baf/water_temp_min,21.5,
1781670410,1637,1634,1637/obj/lora/8c1f646190001baf/spreading_factor,7.0,
1781670410,1637,1634,1637/obj/lora/8c1f646190001baf/battery_recovered,3656.0,
1781670410,1637,1634,1637/obj/lora/8c1f646190001baf/payload,1.0,e39e090300001dd20000bca805000e9109032bfc451102e4e8535454
1781670410,1637,1634,1637/obj/lora/8c1f646190001baf/leak_status,2.0,
1781670410,1637,1634,1637/obj/lora/8c1f646190001baf/gateway_snr,4.5,24e124fffef94d5c
1781670430,1637,1634,1637/obj/lora/8c1f646190001790/leak_status,2.0,
1781670430,1637,1634,1637/obj/lora/8c1f646190001790/battery_recovered,3696.0,
1781670430,1637,1634,1637/obj/lora/8c1f646190001790/ambient_temp,21.5,
1781670430,1637,1634,1637/obj/lora/8c1f646190001790/frame_counter,3633.0,
1781670430,1637,1634,1637/obj/lora/8c1f646190001790/gateway_rssi,-110.0,24e124fffef949f8
1781670430,1637,1634,1637/obj/lora/8c1f646190001790/error_code,0.0,
1781670430,1637,1634,1637/obj/lora/8c1f646190001790/water_temp_min,21.0,
1781670430,1637,1634,1637/obj/lora/8c1f646190001790/battery,3664.0,
1781670430,1637,1634,1637/obj/lora/8c1f646190001790/payload,1.0,8eb10903000049230000db34030098a3090377fdc50202e9ed525253
1781670430,1637,1634,1637/obj/lora/8c1f646190001790/water_temp_max,21.0,
1781670430,1637,1634,1637/obj/lora/8c1f646190001790/gateway_snr,2.200000047683716,24e124fffef949f8
1781670430,1637,1634,1637/obj/lora/8c1f646190001790/total_volume,9033.0,
1781670430,1637,1634,1637/obj/lora/8c1f646190001790/,0.0,
1781670430,1637,1634,1637/obj/lora/8c1f646190001790/spreading_factor,7.0,
1781670430,1637,1634,1637/obj/lora/8c1f646190001790/bandwidth,125000.0,
1781670441,1637,1634,1637/obj/lora/8c1f6461900021a9/ambient_temp,21.0,
1781670441,1637,1634,1637/obj/lora/8c1f6461900021a9/battery_recovered,3664.0,
1781670441,1637,1634,1637/obj/lora/8c1f6461900021a9/water_temp_max,20.5,
1781670441,1637,1634,1637/obj/lora/8c1f6461900021a9/battery,3600.0,
1781670441,1637,1634,1637/obj/lora/8c1f6461900021a9/gateway_rssi,-110.0,24e124fffef949f8
1781670441,1637,1634,1637/obj/lora/8c1f6461900021a9/leak_status,2.0,
1781670441,1637,1634,1637/obj/lora/8c1f6461900021a9/water_temp_min,20.5,
1781670441,1637,1634,1637/obj/lora/8c1f6461900021a9/,0.0,
1781670441,1637,1634,1637/obj/lora/8c1f6461900021a9/spreading_factor,7.0,
1781670441,1637,1634,1637/obj/lora/8c1f6461900021a9/payload,1.0,6c9e0903000009cb0000f8f811006f900903cafde10302e1e9515152
1781670441,1637,1634,1637/obj/lora/8c1f6461900021a9/frame_counter,7887.0,
1781670441,1637,1634,1637/obj/lora/8c1f6461900021a9/total_volume,51977.0,
1781670441,1637,1634,1637/obj/lora/8c1f6461900021a9/gateway_snr,2.799999952316284,24e124fffef949f8
1781670441,1637,1634,1637/obj/lora/8c1f6461900021a9/bandwidth,125000.0,
1781670441,1637,1634,1637/obj/lora/8c1f6461900021a9/error_code,0.0,
1781670528,1637,1634,1637/obj/lora/8c1f646190002012/frame_counter,2855.0,
1781670528,1637,1634,1637/obj/lora/8c1f646190002012/gateway_snr,6.5,24e124fffef949f8
1781670528,1637,1634,1637/obj/lora/8c1f646190002012/spreading_factor,7.0,
1781670528,1637,1634,1637/obj/lora/8c1f646190002012/ambient_temp,22.0,
1781670528,1637,1634,1637/obj/lora/8c1f646190002012/error_code,0.0,
1781670528,1637,1634,1637/obj/lora/8c1f646190002012/water_temp_max,22.0,
1781670528,1637,1634,1637/obj/lora/8c1f646190002012/battery_recovered,3664.0,
1781670528,1637,1634,1637/obj/lora/8c1f646190002012/leak_status,2.0,
1781670528,1637,1634,1637/obj/lora/8c1f646190002012/battery,3648.0,
1781670528,1637,1634,1637/obj/lora/8c1f646190002012/,0.0,
1781670528,1637,1634,1637/obj/lora/8c1f646190002012/payload,1.0,217d090300006f520000e1cd0700336f0903d4fc3c0402e7e9545454
1781670528,1637,1634,1637/obj/lora/8c1f646190002012/gateway_rssi,-105.0,24e124fffef949f8
1781670528,1637,1634,1637/obj/lora/8c1f646190002012/total_volume,21103.0,
1781670528,1637,1634,1637/obj/lora/8c1f646190002012/bandwidth,125000.0,
1781670528,1637,1634,1637/obj/lora/8c1f646190002012/water_temp_min,22.0,
1781670727,1637,1634,1637/obj/lora/8c1f646190001af8/bandwidth,125000.0,
1781670727,1637,1634,1637/obj/lora/8c1f646190001af8/gateway_rssi,-104.0,24e124fffef94d5c
1781670727,1637,1634,1637/obj/lora/8c1f646190001af8/frame_counter,7616.0,
1781670727,1637,1634,1637/obj/lora/8c1f646190001af8/payload,1.0,317f090300007063000026000000387109033a02be0202dee8535352
1781670727,1637,1634,1637/obj/lora/8c1f646190001af8/error_code,0.0,
1781670727,1637,1634,1637/obj/lora/8c1f646190001af8/water_temp_min,21.5,
1781670727,1637,1634,1637/obj/lora/8c1f646190001af8/water_temp_max,21.5,
1781670727,1637,1634,1637/obj/lora/8c1f646190001af8/,0.0,
1781670727,1637,1634,1637/obj/lora/8c1f646190001af8/gateway_snr,3.200000047683716,24e124fffef94d5c
1781670727,1637,1634,1637/obj/lora/8c1f646190001af8/battery,3576.0,
1781670727,1637,1634,1637/obj/lora/8c1f646190001af8/spreading_factor,7.0,
1781670727,1637,1634,1637/obj/lora/8c1f646190001af8/total_volume,25456.0,
1781670727,1637,1634,1637/obj/lora/8c1f646190001af8/leak_status,2.0,
1781670727,1637,1634,1637/obj/lora/8c1f646190001af8/battery_recovered,3656.0,
1781670727,1637,1634,1637/obj/lora/8c1f646190001af8/ambient_temp,21.0,
1781670766,1637,1634,1637/obj/lora/8c1f6461900017e3/total_volume,68837.0,
1781670766,1637,1634,1637/obj/lora/8c1f6461900017e3/spreading_factor,7.0,
1781670766,1637,1634,1637/obj/lora/8c1f6461900017e3/water_temp_max,26.0,
1781670766,1637,1634,1637/obj/lora/8c1f6461900017e3/battery_recovered,3664.0,
1781670766,1637,1634,1637/obj/lora/8c1f6461900017e3/battery,3640.0,
1781670766,1637,1634,1637/obj/lora/8c1f6461900017e3/water_temp_min,26.0,
1781670766,1637,1634,1637/obj/lora/8c1f6461900017e3/payload,1.0,1fa609030000e50c0100e401000043980903a6fff20e02e6e95c5c57
1781670766,1637,1634,1637/obj/lora/8c1f6461900017e3/gateway_snr,2.200000047683716,24e124fffef949f8
1781670766,1637,1634,1637/obj/lora/8c1f6461900017e3/ambient_temp,23.5,
1781670766,1637,1634,1637/obj/lora/8c1f6461900017e3/leak_status,2.0,
1781670766,1637,1634,1637/obj/lora/8c1f6461900017e3/frame_counter,3597.0,
1781670766,1637,1634,1637/obj/lora/8c1f6461900017e3/gateway_rssi,-106.0,24e124fffef949f8
1781670766,1637,1634,1637/obj/lora/8c1f6461900017e3/,0.0,
1781670766,1637,1634,1637/obj/lora/8c1f6461900017e3/error_code,0.0,
1781670766,1637,1634,1637/obj/lora/8c1f6461900017e3/bandwidth,125000.0,
1781670791,1637,1634,1637/obj/lora/24e124725d489523/bandwidth,125000.0,
1781670791,1637,1634,1637/obj/lora/24e124725d489523/gateway_snr,5.800000190734863,24e124fffef949f8
1781670791,1637,1634,1637/obj/lora/24e124725d489523/battery,39.0,
1781670791,1637,1634,1637/obj/lora/24e124725d489523/frame_counter,7493.0,
1781670791,1637,1634,1637/obj/lora/24e124725d489523/payload,85.0,0175270367cc00046862
1781670791,1637,1634,1637/obj/lora/24e124725d489523/temperature,20.4,
1781670791,1637,1634,1637/obj/lora/24e124725d489523/humidity,49.0,
1781670791,1637,1634,1637/obj/lora/24e124725d489523/spreading_factor,7.0,
1781670791,1637,1634,1637/obj/lora/24e124725d489523/gateway_rssi,-107.0,24e124fffef949f8
1781670791,1637,1634,1637/obj/lora/24e124725d489523/,0.0,
1781670795,1637,1634,1637/obj/lora/8c1f6461900021c1/total_volume,114954.0,
1781670795,1637,1634,1637/obj/lora/8c1f6461900021c1/gateway_rssi,-105.0,24e124fffef94d5c
1781670795,1637,1634,1637/obj/lora/8c1f6461900021c1/bandwidth,125000.0,
1781670795,1637,1634,1637/obj/lora/8c1f6461900021c1/spreading_factor,7.0,
1781670795,1637,1634,1637/obj/lora/8c1f6461900021c1/ambient_temp,20.0,
1781670795,1637,1634,1637/obj/lora/8c1f6461900021c1/battery,3592.0,
1781670795,1637,1634,1637/obj/lora/8c1f6461900021c1/gateway_snr,2.200000047683716,24e124fffef94d5c
1781670795,1637,1634,1637/obj/lora/8c1f6461900021c1/error_code,0.0,
1781670795,1637,1634,1637/obj/lora/8c1f6461900021c1/leak_status,0.0,
1781670795,1637,1634,1637/obj/lora/8c1f6461900021c1/payload,1.0,a2b7090300000ac101001af30500000000000000000000e0e84f5050
1781670795,1637,1634,1637/obj/lora/8c1f6461900021c1/water_temp_max,20.0,
1781670795,1637,1634,1637/obj/lora/8c1f6461900021c1/,0.0,
1781670795,1637,1634,1637/obj/lora/8c1f6461900021c1/battery_recovered,3656.0,
1781670795,1637,1634,1637/obj/lora/8c1f6461900021c1/water_temp_min,19.5,
1781670795,1637,1634,1637/obj/lora/8c1f6461900021c1/frame_counter,7662.0,
1781670928,1637,1634,1637/obj/lora/8c1f6461900020a5/water_temp_max,23.5,
1781670928,1637,1634,1637/obj/lora/8c1f6461900020a5/spreading_factor,7.0,
1781670928,1637,1634,1637/obj/lora/8c1f6461900020a5/payload,1.0,e4c109030000233c0000000000000eb40903adfdc50302dfe8565757
1781670928,1637,1634,1637/obj/lora/8c1f6461900020a5/gateway_rssi,-101.0,24e124fffef94d5c
1781670928,1637,1634,1637/obj/lora/8c1f6461900020a5/water_temp_min,23.0,
1781670928,1637,1634,1637/obj/lora/8c1f6461900020a5/battery,3584.0,
1781670928,1637,1634,1637/obj/lora/8c1f6461900020a5/ambient_temp,23.5,
1781670928,1637,1634,1637/obj/lora/8c1f6461900020a5/total_volume,15395.0,
1781670928,1637,1634,1637/obj/lora/8c1f6461900020a5/gateway_snr,6.199999809265137,24e124fffef94d5c
1781670928,1637,1634,1637/obj/lora/8c1f6461900020a5/error_code,0.0,
1781670928,1637,1634,1637/obj/lora/8c1f6461900020a5/leak_status,2.0,
1781670928,1637,1634,1637/obj/lora/8c1f6461900020a5/frame_counter,7604.0,
1781670928,1637,1634,1637/obj/lora/8c1f6461900020a5/bandwidth,125000.0,
1781670928,1637,1634,1637/obj/lora/8c1f6461900020a5/,0.0,
1781670928,1637,1634,1637/obj/lora/8c1f6461900020a5/battery_recovered,3656.0,
1781670991,1637,1634,1637/obj/lora/8c1f646190001ba9/gateway_snr,4.5,24e124fffef949f8
1781670991,1637,1634,1637/obj/lora/8c1f646190001ba9/spreading_factor,7.0,
1781670991,1637,1634,1637/obj/lora/8c1f646190001ba9/water_temp_max,22.0,
1781670991,1637,1634,1637/obj/lora/8c1f646190001ba9/leak_status,2.0,
1781670991,1637,1634,1637/obj/lora/8c1f646190001ba9/battery,3600.0,
1781670991,1637,1634,1637/obj/lora/8c1f646190001ba9/payload,1.0,76a9090300001b7c0000a1430b00a09b09036502620202e1ea535455
1781670991,1637,1634,1637/obj/lora/8c1f646190001ba9/,0.0,
1781670991,1637,1634,1637/obj/lora/8c1f646190001ba9/water_temp_min,21.5,
1781670991,1637,1634,1637/obj/lora/8c1f646190001ba9/battery_recovered,3672.0,
1781670991,1637,1634,1637/obj/lora/8c1f646190001ba9/total_volume,31771.0,
1781670991,1637,1634,1637/obj/lora/8c1f646190001ba9/frame_counter,7073.0,
1781670991,1637,1634,1637/obj/lora/8c1f646190001ba9/error_code,0.0,
1781670991,1637,1634,1637/obj/lora/8c1f646190001ba9/bandwidth,125000.0,
1781670991,1637,1634,1637/obj/lora/8c1f646190001ba9/gateway_rssi,-107.0,24e124fffef949f8
1781670991,1637,1634,1637/obj/lora/8c1f646190001ba9/ambient_temp,22.5,
1781671011,1637,1634,1637/obj/lora/8c1f6461900018ba/,0.0,
1781671011,1637,1634,1637/obj/lora/8c1f6461900018ba/ambient_temp,20.5,
1781671011,1637,1634,1637/obj/lora/8c1f6461900018ba/bandwidth,125000.0,
1781671011,1637,1634,1637/obj/lora/8c1f6461900018ba/payload,1.0,587109030000ad1d000000000000506309039904b50202dfea525251
1781671011,1637,1634,1637/obj/lora/8c1f6461900018ba/leak_status,2.0,
1781671011,1637,1634,1637/obj/lora/8c1f6461900018ba/gateway_snr,5.199999809265137,24e124fffef94d5c
1781671011,1637,1634,1637/obj/lora/8c1f6461900018ba/gateway_rssi,-104.0,24e124fffef94d5c
1781671011,1637,1634,1637/obj/lora/8c1f6461900018ba/total_volume,7597.0,
1781671011,1637,1634,1637/obj/lora/8c1f6461900018ba/frame_counter,5749.0,
1781671011,1637,1634,1637/obj/lora/8c1f6461900018ba/battery_recovered,3672.0,
1781671011,1637,1634,1637/obj/lora/8c1f6461900018ba/water_temp_max,21.0,
1781671011,1637,1634,1637/obj/lora/8c1f6461900018ba/error_code,0.0,
1781671011,1637,1634,1637/obj/lora/8c1f6461900018ba/battery,3584.0,
1781671011,1637,1634,1637/obj/lora/8c1f6461900018ba/spreading_factor,7.0,
1781671011,1637,1634,1637/obj/lora/8c1f6461900018ba/water_temp_min,21.0,
1781671076,1637,1634,1637/obj/lora/8c1f646190001fcb/battery_recovered,3696.0,
1781671076,1637,1634,1637/obj/lora/8c1f646190001fcb/,0.0,
1781671076,1637,1634,1637/obj/lora/8c1f646190001fcb/leak_status,2.0,
1781671076,1637,1634,1637/obj/lora/8c1f646190001fcb/payload,1.0,615e0d0300006f5d00000000000063500d0335044e0602e5ed545554
1781671076,1637,1634,1637/obj/lora/8c1f646190001fcb/error_code,0.0,
1781671076,1637,1634,1637/obj/lora/8c1f646190001fcb/water_temp_max,22.5,
1781671076,1637,1634,1637/obj/lora/8c1f646190001fcb/water_temp_min,22.0,
1781671076,1637,1634,1637/obj/lora/8c1f646190001fcb/total_volume,23919.0,
1781671076,1637,1634,1637/obj/lora/8c1f646190001fcb/frame_counter,7387.0,
1781671076,1637,1634,1637/obj/lora/8c1f646190001fcb/spreading_factor,7.0,
1781671076,1637,1634,1637/obj/lora/8c1f646190001fcb/ambient_temp,22.0,
1781671076,1637,1634,1637/obj/lora/8c1f646190001fcb/bandwidth,125000.0,
1781671076,1637,1634,1637/obj/lora/8c1f646190001fcb/gateway_rssi,-107.0,24e124fffef94d5c
1781671076,1637,1634,1637/obj/lora/8c1f646190001fcb/gateway_snr,-0.20000000298023224,24e124fffef94d5c
1781671076,1637,1634,1637/obj/lora/8c1f646190001fcb/battery,3632.0,
1781671091,1637,1634,1637/obj/lora/8c1f646190002244/water_temp_min,22.0,
1781671091,1637,1634,1637/obj/lora/8c1f646190002244/battery_recovered,3680.0,
1781671091,1637,1634,1637/obj/lora/8c1f646190002244/gateway_rssi,-103.0,24e124fffef94d5c
1781671091,1637,1634,1637/obj/lora/8c1f646190002244/,0.0,
1781671091,1637,1634,1637/obj/lora/8c1f646190002244/payload,1.0,0f7b0903000000b9010003000000000000000000000000e2eb545555
1781671091,1637,1634,1637/obj/lora/8c1f646190002244/frame_counter,6474.0,
1781671091,1637,1634,1637/obj/lora/8c1f646190002244/bandwidth,125000.0,
1781671091,1637,1634,1637/obj/lora/8c1f646190002244/ambient_temp,22.5,
1781671091,1637,1634,1637/obj/lora/8c1f646190002244/spreading_factor,7.0,
1781671091,1637,1634,1637/obj/lora/8c1f646190002244/water_temp_max,22.5,
1781671091,1637,1634,1637/obj/lora/8c1f646190002244/leak_status,0.0,
1781671091,1637,1634,1637/obj/lora/8c1f646190002244/battery,3608.0,
1781671091,1637,1634,1637/obj/lora/8c1f646190002244/gateway_snr,4.5,24e124fffef94d5c
1781671091,1637,1634,1637/obj/lora/8c1f646190002244/error_code,0.0,
1781671091,1637,1634,1637/obj/lora/8c1f646190002244/total_volume,112896.0,
1781671176,1637,1634,1637/obj/lora/8c1f6461900021bd/ambient_temp,21.5,
1781671176,1637,1634,1637/obj/lora/8c1f6461900021bd/frame_counter,6631.0,
1781671176,1637,1634,1637/obj/lora/8c1f6461900021bd/leak_status,0.0,
1781671176,1637,1634,1637/obj/lora/8c1f6461900021bd/water_temp_min,21.5,
1781671176,1637,1634,1637/obj/lora/8c1f6461900021bd/error_code,0.0,
1781671176,1637,1634,1637/obj/lora/8c1f6461900021bd/total_volume,71793.0,
1781671176,1637,1634,1637/obj/lora/8c1f6461900021bd/payload,1.0,9eb2090300007118010000000000000000000000000000dee8535353
1781671176,1637,1634,1637/obj/lora/8c1f6461900021bd/battery,3576.0,
1781671176,1637,1634,1637/obj/lora/8c1f6461900021bd/bandwidth,125000.0,
1781671176,1637,1634,1637/obj/lora/8c1f6461900021bd/gateway_rssi,-106.0,24e124fffef94d5c
1781671176,1637,1634,1637/obj/lora/8c1f6461900021bd/spreading_factor,7.0,
1781671176,1637,1634,1637/obj/lora/8c1f6461900021bd/water_temp_max,21.5,
1781671176,1637,1634,1637/obj/lora/8c1f6461900021bd/,0.0,
1781671176,1637,1634,1637/obj/lora/8c1f6461900021bd/gateway_snr,2.200000047683716,24e124fffef94d5c
1781671176,1637,1634,1637/obj/lora/8c1f6461900021bd/battery_recovered,3656.0,
1781671394,1637,1634,1637/obj/lora/24e124725d489523/spreading_factor,7.0,
1781671394,1637,1634,1637/obj/lora/24e124725d489523/battery,39.0,
1781671394,1637,1634,1637/obj/lora/24e124725d489523/frame_counter,7494.0,
1781671394,1637,1634,1637/obj/lora/24e124725d489523/humidity,49.0,
1781671394,1637,1634,1637/obj/lora/24e124725d489523/,0.0,
1781671394,1637,1634,1637/obj/lora/24e124725d489523/temperature,20.4,
1781671394,1637,1634,1637/obj/lora/24e124725d489523/bandwidth,125000.0,
1781671394,1637,1634,1637/obj/lora/24e124725d489523/payload,85.0,0175270367cc00046862
1781671394,1637,1634,1637/obj/lora/24e124725d489523/gateway_rssi,-107.0,24e124fffef949f8
1781671394,1637,1634,1637/obj/lora/24e124725d489523/gateway_snr,5.5,24e124fffef949f8
1781671546,1637,1634,1637/obj/lora/8c1f64619000227c/leak_status,2.0,
1781671546,1637,1634,1637/obj/lora/8c1f64619000227c/gateway_snr,0.0,24e124fffef949f8
1781671546,1637,1634,1637/obj/lora/8c1f64619000227c/,0.0,
1781671546,1637,1634,1637/obj/lora/8c1f64619000227c/total_volume,12937.0,
1781671546,1637,1634,1637/obj/lora/8c1f64619000227c/water_temp_min,22.5,
1781671546,1637,1634,1637/obj/lora/8c1f64619000227c/payload,1.0,70890903000089320000e7ad0400747b090365ffe40002dee9555656
1781671546,1637,1634,1637/obj/lora/8c1f64619000227c/ambient_temp,23.0,
1781671546,1637,1634,1637/obj/lora/8c1f64619000227c/spreading_factor,7.0,
1781671546,1637,1634,1637/obj/lora/8c1f64619000227c/frame_counter,7519.0,
1781671546,1637,1634,1637/obj/lora/8c1f64619000227c/battery,3576.0,
1781671546,1637,1634,1637/obj/lora/8c1f64619000227c/error_code,0.0,
1781671546,1637,1634,1637/obj/lora/8c1f64619000227c/water_temp_max,23.0,
1781671546,1637,1634,1637/obj/lora/8c1f64619000227c/battery_recovered,3664.0,
1781671546,1637,1634,1637/obj/lora/8c1f64619000227c/bandwidth,125000.0,
1781671546,1637,1634,1637/obj/lora/8c1f64619000227c/gateway_rssi,-112.0,24e124fffef949f8
1781671576,1637,1634,1637/obj/lora/8c1f64619000171c/ambient_temp,22.5,
1781671576,1637,1634,1637/obj/lora/8c1f64619000171c/gateway_snr,2.5,24e124fffef949f8
1781671576,1637,1634,1637/obj/lora/8c1f64619000171c/gateway_rssi,-108.0,24e124fffef949f8
1781671576,1637,1634,1637/obj/lora/8c1f64619000171c/battery_recovered,3672.0,
1781671576,1637,1634,1637/obj/lora/8c1f64619000171c/payload,1.0,59670d030000194600001200000077590d03d3009d0202e6ea565655
1781671576,1637,1634,1637/obj/lora/8c1f64619000171c/,0.0,
1781671576,1637,1634,1637/obj/lora/8c1f64619000171c/water_temp_min,23.0,
1781671576,1637,1634,1637/obj/lora/8c1f64619000171c/bandwidth,125000.0,
1781671576,1637,1634,1637/obj/lora/8c1f64619000171c/leak_status,2.0,
1781671576,1637,1634,1637/obj/lora/8c1f64619000171c/total_volume,17945.0,
1781671576,1637,1634,1637/obj/lora/8c1f64619000171c/error_code,0.0,
1781671576,1637,1634,1637/obj/lora/8c1f64619000171c/water_temp_max,23.0,
1781671576,1637,1634,1637/obj/lora/8c1f64619000171c/spreading_factor,7.0,
1781671576,1637,1634,1637/obj/lora/8c1f64619000171c/battery,3640.0,
1781671576,1637,1634,1637/obj/lora/8c1f64619000171c/frame_counter,3604.0,
1781671577,1637,1634,1637/obj/lora/8c1f646190001c1f/water_temp_max,23.5,
1781671577,1637,1634,1637/obj/lora/8c1f646190001c1f/battery,3624.0,
1781671577,1637,1634,1637/obj/lora/8c1f646190001c1f/error_code,0.0,
1781671577,1637,1634,1637/obj/lora/8c1f646190001c1f/bandwidth,125000.0,
1781671577,1637,1634,1637/obj/lora/8c1f646190001c1f/ambient_temp,23.0,
1781671577,1637,1634,1637/obj/lora/8c1f646190001c1f/total_volume,44061.0,
1781671577,1637,1634,1637/obj/lora/8c1f646190001c1f/,0.0,
1781671577,1637,1634,1637/obj/lora/8c1f646190001c1f/battery_recovered,3688.0,
1781671577,1637,1634,1637/obj/lora/8c1f646190001c1f/spreading_factor,7.0,
1781671577,1637,1634,1637/obj/lora/8c1f646190001c1f/water_temp_min,23.5,
1781671577,1637,1634,1637/obj/lora/8c1f646190001c1f/gateway_snr,6.199999809265137,24e124fffef949f8
1781671577,1637,1634,1637/obj/lora/8c1f646190001c1f/gateway_rssi,-107.0,24e124fffef949f8
1781671577,1637,1634,1637/obj/lora/8c1f646190001c1f/payload,1.0,6dac090300001dac0000000000006a9e0903da00761302e4ec575756
1781671577,1637,1634,1637/obj/lora/8c1f646190001c1f/frame_counter,1937.0,
1781671577,1637,1634,1637/obj/lora/8c1f646190001c1f/leak_status,2.0,
1781671676,1637,1634,1637/obj/lora/8c1f646190001fc1/water_temp_min,24.5,
1781671676,1637,1634,1637/obj/lora/8c1f646190001fc1/gateway_snr,10.199999809265137,24e124fffef94d5c
1781671676,1637,1634,1637/obj/lora/8c1f646190001fc1/battery,3576.0,
1781671676,1637,1634,1637/obj/lora/8c1f646190001fc1/battery_recovered,3640.0,
1781671676,1637,1634,1637/obj/lora/8c1f646190001fc1/water_temp_max,46.5,
1781671676,1637,1634,1637/obj/lora/8c1f646190001fc1/total_volume,50569.0,
1781671676,1637,1634,1637/obj/lora/8c1f646190001fc1/bandwidth,125000.0,
1781671676,1637,1634,1637/obj/lora/8c1f646190001fc1/error_code,0.0,
1781671676,1637,1634,1637/obj/lora/8c1f646190001fc1/,0.0,
1781671676,1637,1634,1637/obj/lora/8c1f646190001fc1/spreading_factor,7.0,
1781671676,1637,1634,1637/obj/lora/8c1f646190001fc1/payload,1.0,43b20903000089c50000871c0a00c9aa09030f015b0702dee6598555
1781671676,1637,1634,1637/obj/lora/8c1f646190001fc1/gateway_rssi,-96.0,24e124fffef94d5c
1781671676,1637,1634,1637/obj/lora/8c1f646190001fc1/ambient_temp,22.5,
1781671676,1637,1634,1637/obj/lora/8c1f646190001fc1/frame_counter,6893.0,
1781671676,1637,1634,1637/obj/lora/8c1f646190001fc1/leak_status,2.0,
1781671764,1637,1634,1637/obj/lora/8c1f646190001501/water_temp_max,22.0,
1781671764,1637,1634,1637/obj/lora/8c1f646190001501/battery_recovered,3696.0,
1781671764,1637,1634,1637/obj/lora/8c1f646190001501/battery,3672.0,
1781671764,1637,1634,1637/obj/lora/8c1f646190001501/error_code,0.0,
1781671764,1637,1634,1637/obj/lora/8c1f646190001501/gateway_snr,10.800000190734863,24e124fffef949f8
1781671764,1637,1634,1637/obj/lora/8c1f646190001501/,0.0,
1781671764,1637,1634,1637/obj/lora/8c1f646190001501/payload,1.0,b2b00e030000ce540000028e0600afa20e032801cb0402eaed535454
1781671764,1637,1634,1637/obj/lora/8c1f646190001501/spreading_factor,7.0,
1781671764,1637,1634,1637/obj/lora/8c1f646190001501/leak_status,2.0,
1781671764,1637,1634,1637/obj/lora/8c1f646190001501/water_temp_min,21.5,
1781671764,1637,1634,1637/obj/lora/8c1f646190001501/frame_counter,3292.0,
1781671764,1637,1634,1637/obj/lora/8c1f646190001501/total_volume,21710.0,
1781671764,1637,1634,1637/obj/lora/8c1f646190001501/ambient_temp,22.0,
1781671764,1637,1634,1637/obj/lora/8c1f646190001501/gateway_rssi,-101.0,24e124fffef949f8
1781671764,1637,1634,1637/obj/lora/8c1f646190001501/bandwidth,125000.0,
1781671770,1637,1634,1637/obj/lora/8c1f646190001bea/total_volume,34015.0,
1781671770,1637,1634,1637/obj/lora/8c1f646190001bea/frame_counter,7690.0,
1781671770,1637,1634,1637/obj/lora/8c1f646190001bea/water_temp_min,22.0,
1781671770,1637,1634,1637/obj/lora/8c1f646190001bea/ambient_temp,22.0,
1781671770,1637,1634,1637/obj/lora/8c1f646190001bea/battery_recovered,3656.0,
1781671770,1637,1634,1637/obj/lora/8c1f646190001bea/water_temp_max,22.0,
1781671770,1637,1634,1637/obj/lora/8c1f646190001bea/error_code,0.0,
1781671770,1637,1634,1637/obj/lora/8c1f646190001bea/battery,3592.0,
1781671770,1637,1634,1637/obj/lora/8c1f646190001bea/spreading_factor,7.0,
1781671770,1637,1634,1637/obj/lora/8c1f646190001bea/,0.0,
1781671770,1637,1634,1637/obj/lora/8c1f646190001bea/leak_status,2.0,
1781671770,1637,1634,1637/obj/lora/8c1f646190001bea/gateway_snr,0.800000011920929,24e124fffef94d5c
1781671770,1637,1634,1637/obj/lora/8c1f646190001bea/gateway_rssi,-108.0,24e124fffef94d5c
1781671770,1637,1634,1637/obj/lora/8c1f646190001bea/payload,1.0,1e9d09030000df840000206c0c003e8f090370feb60102e0e8545454
1781671770,1637,1634,1637/obj/lora/8c1f646190001bea/bandwidth,125000.0,
1781671904,1637,1634,1637/obj/lora/8c1f646190001833/bandwidth,125000.0,
1781671904,1637,1634,1637/obj/lora/8c1f646190001833/water_temp_min,21.5,
1781671904,1637,1634,1637/obj/lora/8c1f646190001833/gateway_rssi,-106.0,24e124fffef94d5c
1781671904,1637,1634,1637/obj/lora/8c1f646190001833/error_code,0.0,
1781671904,1637,1634,1637/obj/lora/8c1f646190001833/battery,3592.0,
1781671904,1637,1634,1637/obj/lora/8c1f646190001833/frame_counter,5847.0,
1781671904,1637,1634,1637/obj/lora/8c1f646190001833/,0.0,
1781671904,1637,1634,1637/obj/lora/8c1f646190001833/payload,1.0,5d7509030000262e0000000000006d6709034e05450102e0ea535354
1781671904,1637,1634,1637/obj/lora/8c1f646190001833/total_volume,11814.0,
1781671904,1637,1634,1637/obj/lora/8c1f646190001833/gateway_snr,3.0,24e124fffef94d5c
1781671904,1637,1634,1637/obj/lora/8c1f646190001833/spreading_factor,7.0,
1781671904,1637,1634,1637/obj/lora/8c1f646190001833/ambient_temp,22.0,
1781671904,1637,1634,1637/obj/lora/8c1f646190001833/leak_status,2.0,
1781671904,1637,1634,1637/obj/lora/8c1f646190001833/battery_recovered,3672.0,
1781671904,1637,1634,1637/obj/lora/8c1f646190001833/water_temp_max,21.5,
1781671991,1637,1634,1637/obj/lora/24e124725d489523/humidity,49.0,
1781671991,1637,1634,1637/obj/lora/24e124725d489523/payload,85.0,0175270367cd00046862
1781671991,1637,1634,1637/obj/lora/24e124725d489523/battery,39.0,
1781671991,1637,1634,1637/obj/lora/24e124725d489523/frame_counter,7495.0,
1781671991,1637,1634,1637/obj/lora/24e124725d489523/gateway_snr,-2.5,24e124fffef949f8
1781671991,1637,1634,1637/obj/lora/24e124725d489523/gateway_rssi,-112.0,24e124fffef949f8
1781671991,1637,1634,1637/obj/lora/24e124725d489523/spreading_factor,7.0,
1781671991,1637,1634,1637/obj/lora/24e124725d489523/temperature,20.5,
1781671991,1637,1634,1637/obj/lora/24e124725d489523/,0.0,
1781671991,1637,1634,1637/obj/lora/24e124725d489523/bandwidth,125000.0,
1781672073,1637,1634,1637/obj/lora/8c1f6461900021e8/gateway_snr,2.200000047683716,24e124fffef949f8
1781672073,1637,1634,1637/obj/lora/8c1f6461900021e8/bandwidth,125000.0,
1781672073,1637,1634,1637/obj/lora/8c1f6461900021e8/battery,3648.0,
1781672073,1637,1634,1637/obj/lora/8c1f6461900021e8/ambient_temp,23.5,
1781672073,1637,1634,1637/obj/lora/8c1f6461900021e8/leak_status,2.0,
1781672073,1637,1634,1637/obj/lora/8c1f6461900021e8/payload,1.0,02bf0903000093b600007d6107001db109035a01b10902e7eb5a5a57
1781672073,1637,1634,1637/obj/lora/8c1f6461900021e8/water_temp_min,25.0,
1781672073,1637,1634,1637/obj/lora/8c1f6461900021e8/spreading_factor,7.0,
1781672073,1637,1634,1637/obj/lora/8c1f6461900021e8/gateway_rssi,-108.0,24e124fffef949f8
1781672073,1637,1634,1637/obj/lora/8c1f6461900021e8/,0.0,
1781672073,1637,1634,1637/obj/lora/8c1f6461900021e8/frame_counter,3450.0,
1781672073,1637,1634,1637/obj/lora/8c1f6461900021e8/total_volume,46739.0,
1781672073,1637,1634,1637/obj/lora/8c1f6461900021e8/error_code,0.0,
1781672073,1637,1634,1637/obj/lora/8c1f6461900021e8/battery_recovered,3680.0,
1781672073,1637,1634,1637/obj/lora/8c1f6461900021e8/water_temp_max,25.0,
1781672085,1637,1634,1637/obj/lora/8c1f646190001ebd/battery_recovered,3696.0,
1781672085,1637,1634,1637/obj/lora/8c1f646190001ebd/water_temp_max,23.0,
1781672085,1637,1634,1637/obj/lora/8c1f646190001ebd/ambient_temp,22.0,
1781672085,1637,1634,1637/obj/lora/8c1f646190001ebd/gateway_rssi,-105.0,24e124fffef949f8
1781672085,1637,1634,1637/obj/lora/8c1f646190001ebd/battery,3616.0,
1781672085,1637,1634,1637/obj/lora/8c1f646190001ebd/frame_counter,7922.0,
1781672085,1637,1634,1637/obj/lora/8c1f646190001ebd/spreading_factor,7.0,
1781672085,1637,1634,1637/obj/lora/8c1f646190001ebd/gateway_snr,5.199999809265137,24e124fffef949f8
1781672085,1637,1634,1637/obj/lora/8c1f646190001ebd/error_code,0.0,
1781672085,1637,1634,1637/obj/lora/8c1f646190001ebd/payload,1.0,e1b509030000d86a000000000000e5a70903e806a70b02e3ed565654
1781672085,1637,1634,1637/obj/lora/8c1f646190001ebd/,0.0,
1781672085,1637,1634,1637/obj/lora/8c1f646190001ebd/water_temp_min,23.0,
1781672085,1637,1634,1637/obj/lora/8c1f646190001ebd/bandwidth,125000.0,
1781672085,1637,1634,1637/obj/lora/8c1f646190001ebd/total_volume,27352.0,
1781672085,1637,1634,1637/obj/lora/8c1f646190001ebd/leak_status,2.0,
1781672156,1637,1634,1637/obj/lora/8c1f6461900021c5/battery_recovered,3664.0,
1781672156,1637,1634,1637/obj/lora/8c1f6461900021c5/total_volume,12224.0,
1781672156,1637,1634,1637/obj/lora/8c1f6461900021c5/error_code,0.0,
1781672156,1637,1634,1637/obj/lora/8c1f6461900021c5/,0.0,
1781672156,1637,1634,1637/obj/lora/8c1f6461900021c5/ambient_temp,22.0,
1781672156,1637,1634,1637/obj/lora/8c1f6461900021c5/leak_status,2.0,
1781672156,1637,1634,1637/obj/lora/8c1f6461900021c5/gateway_snr,2.5,24e124fffef949f8
1781672156,1637,1634,1637/obj/lora/8c1f6461900021c5/gateway_rssi,-108.0,24e124fffef949f8
1781672156,1637,1634,1637/obj/lora/8c1f6461900021c5/water_temp_max,21.5,
1781672156,1637,1634,1637/obj/lora/8c1f6461900021c5/frame_counter,6816.0,
1781672156,1637,1634,1637/obj/lora/8c1f6461900021c5/payload,1.0,44ab09030000c02f0000000000005d9d090304e4c90102e1e9525354
1781672156,1637,1634,1637/obj/lora/8c1f6461900021c5/water_temp_min,21.0,
1781672156,1637,1634,1637/obj/lora/8c1f6461900021c5/battery,3600.0,
1781672156,1637,1634,1637/obj/lora/8c1f6461900021c5/spreading_factor,7.0,
1781672156,1637,1634,1637/obj/lora/8c1f6461900021c5/bandwidth,125000.0,
1781672202,1637,1634,1637/obj/lora/8c1f646190001901/gateway_snr,6.800000190734863,24e124fffef94d5c
1781672202,1637,1634,1637/obj/lora/8c1f646190001901/bandwidth,125000.0,
1781672202,1637,1634,1637/obj/lora/8c1f646190001901/payload,1.0,02b009030000df340000050000000ca20903ddff400302dfeb535453
1781672202,1637,1634,1637/obj/lora/8c1f646190001901/ambient_temp,21.5,
1781672202,1637,1634,1637/obj/lora/8c1f646190001901/water_temp_max,22.0,
1781672202,1637,1634,1637/obj/lora/8c1f646190001901/battery,3584.0,
1781672202,1637,1634,1637/obj/lora/8c1f646190001901/total_volume,13535.0,
1781672202,1637,1634,1637/obj/lora/8c1f646190001901/gateway_rssi,-102.0,24e124fffef94d5c
1781672202,1637,1634,1637/obj/lora/8c1f646190001901/error_code,0.0,
1781672202,1637,1634,1637/obj/lora/8c1f646190001901/water_temp_min,21.5,
1781672202,1637,1634,1637/obj/lora/8c1f646190001901/spreading_factor,7.0,
1781672202,1637,1634,1637/obj/lora/8c1f646190001901/battery_recovered,3680.0,
1781672202,1637,1634,1637/obj/lora/8c1f646190001901/,0.0,
1781672202,1637,1634,1637/obj/lora/8c1f646190001901/frame_counter,7664.0,
1781672202,1637,1634,1637/obj/lora/8c1f646190001901/leak_status,2.0,
1781672274,1637,1634,1637/obj/lora/8c1f646190001592/water_temp_max,55.0,
1781672274,1637,1634,1637/obj/lora/8c1f646190001592/,0.0,
1781672274,1637,1634,1637/obj/lora/8c1f646190001592/battery_recovered,3672.0,
1781672274,1637,1634,1637/obj/lora/8c1f646190001592/error_code,0.0,
1781672274,1637,1634,1637/obj/lora/8c1f646190001592/spreading_factor,7.0,
1781672274,1637,1634,1637/obj/lora/8c1f646190001592/gateway_rssi,-103.0,24e124fffef949f8
1781672274,1637,1634,1637/obj/lora/8c1f646190001592/total_volume,33692.0,
1781672274,1637,1634,1637/obj/lora/8c1f646190001592/frame_counter,3620.0,
1781672274,1637,1634,1637/obj/lora/8c1f646190001592/payload,1.0,4a8f090300009c8300001dbc0b003f8109032400540402e1ea549659
1781672274,1637,1634,1637/obj/lora/8c1f646190001592/water_temp_min,22.0,
1781672274,1637,1634,1637/obj/lora/8c1f646190001592/gateway_snr,7.800000190734863,24e124fffef949f8
1781672274,1637,1634,1637/obj/lora/8c1f646190001592/bandwidth,125000.0,
1781672274,1637,1634,1637/obj/lora/8c1f646190001592/ambient_temp,24.5,
1781672274,1637,1634,1637/obj/lora/8c1f646190001592/leak_status,2.0,
1781672274,1637,1634,1637/obj/lora/8c1f646190001592/battery,3600.0,
1781672308,1637,1634,1637/obj/lora/8c1f646190001c9b/total_volume,46747.0,
1781672308,1637,1634,1637/obj/lora/8c1f646190001c9b/frame_counter,7508.0,
1781672308,1637,1634,1637/obj/lora/8c1f646190001c9b/water_temp_min,41.5,
1781672308,1637,1634,1637/obj/lora/8c1f646190001c9b/,0.0,
1781672308,1637,1634,1637/obj/lora/8c1f646190001c9b/bandwidth,125000.0,
1781672308,1637,1634,1637/obj/lora/8c1f646190001c9b/gateway_rssi,-104.0,24e124fffef94d5c
1781672308,1637,1634,1637/obj/lora/8c1f646190001c9b/water_temp_max,41.5,
1781672308,1637,1634,1637/obj/lora/8c1f646190001c9b/leak_status,2.0,
1781672308,1637,1634,1637/obj/lora/8c1f646190001c9b/spreading_factor,7.0,
1781672308,1637,1634,1637/obj/lora/8c1f646190001c9b/payload,1.0,4aaa090300009bb60000ed930e003f9c0903da04fa0702e0e87b7b5a
1781672308,1637,1634,1637/obj/lora/8c1f646190001c9b/battery_recovered,3656.0,
1781672308,1637,1634,1637/obj/lora/8c1f646190001c9b/ambient_temp,25.0,
1781672308,1637,1634,1637/obj/lora/8c1f646190001c9b/error_code,0.0,
1781672308,1637,1634,1637/obj/lora/8c1f646190001c9b/battery,3592.0,
1781672308,1637,1634,1637/obj/lora/8c1f646190001c9b/gateway_snr,5.0,24e124fffef94d5c
1781672337,1637,1634,1637/obj/lora/8c1f646190001947/,0.0,
1781672337,1637,1634,1637/obj/lora/8c1f646190001947/gateway_snr,4.199999809265137,24e124fffef94d5c
1781672337,1637,1634,1637/obj/lora/8c1f646190001947/battery,3584.0,
1781672337,1637,1634,1637/obj/lora/8c1f646190001947/water_temp_max,22.5,
1781672337,1637,1634,1637/obj/lora/8c1f646190001947/ambient_temp,22.0,
1781672337,1637,1634,1637/obj/lora/8c1f646190001947/payload,1.0,bac9090300007295000000000000b3bb090363026b0902dfe8545554
1781672337,1637,1634,1637/obj/lora/8c1f646190001947/leak_status,2.0,
1781672337,1637,1634,1637/obj/lora/8c1f646190001947/spreading_factor,7.0,
1781672337,1637,1634,1637/obj/lora/8c1f646190001947/battery_recovered,3656.0,
1781672337,1637,1634,1637/obj/lora/8c1f646190001947/gateway_rssi,-105.0,24e124fffef94d5c
1781672337,1637,1634,1637/obj/lora/8c1f646190001947/bandwidth,125000.0,
1781672337,1637,1634,1637/obj/lora/8c1f646190001947/frame_counter,7364.0,
1781672337,1637,1634,1637/obj/lora/8c1f646190001947/error_code,0.0,
1781672337,1637,1634,1637/obj/lora/8c1f646190001947/total_volume,38258.0,
1781672337,1637,1634,1637/obj/lora/8c1f646190001947/water_temp_min,22.0,
1781672363,1637,1634,1637/obj/lora/8c1f64619000177c/,0.0,
1781672363,1637,1634,1637/obj/lora/8c1f64619000177c/battery_recovered,3680.0,
1781672363,1637,1634,1637/obj/lora/8c1f64619000177c/ambient_temp,22.5,
1781672363,1637,1634,1637/obj/lora/8c1f64619000177c/error_code,0.0,
1781672363,1637,1634,1637/obj/lora/8c1f64619000177c/leak_status,0.0,
1781672363,1637,1634,1637/obj/lora/8c1f64619000177c/frame_counter,6447.0,
1781672363,1637,1634,1637/obj/lora/8c1f64619000177c/battery,3616.0,
1781672363,1637,1634,1637/obj/lora/8c1f64619000177c/spreading_factor,7.0,
1781672363,1637,1634,1637/obj/lora/8c1f64619000177c/water_temp_min,21.5,
1781672363,1637,1634,1637/obj/lora/8c1f64619000177c/gateway_snr,9.0,24e124fffef949f8
1781672363,1637,1634,1637/obj/lora/8c1f64619000177c/bandwidth,125000.0,
1781672363,1637,1634,1637/obj/lora/8c1f64619000177c/total_volume,57753.0,
1781672363,1637,1634,1637/obj/lora/8c1f64619000177c/gateway_rssi,-100.0,24e124fffef949f8
1781672363,1637,1634,1637/obj/lora/8c1f64619000177c/payload,1.0,85900903000099e1000000000000000000000000000000e3eb535355
1781672363,1637,1634,1637/obj/lora/8c1f64619000177c/water_temp_max,21.5,
1781672385,1637,1634,1637/obj/lora/8c1f646190001c1c/spreading_factor,7.0,
1781672385,1637,1634,1637/obj/lora/8c1f646190001c1c/total_volume,39220.0,
1781672385,1637,1634,1637/obj/lora/8c1f646190001c1c/ambient_temp,22.0,
1781672385,1637,1634,1637/obj/lora/8c1f646190001c1c/bandwidth,125000.0,
1781672385,1637,1634,1637/obj/lora/8c1f646190001c1c/frame_counter,3668.0,
1781672385,1637,1634,1637/obj/lora/8c1f646190001c1c/battery_recovered,3656.0,
1781672385,1637,1634,1637/obj/lora/8c1f646190001c1c/water_temp_max,22.0,
1781672385,1637,1634,1637/obj/lora/8c1f646190001c1c/payload,1.0,94890d030000349900004d0b0b00c47b0d037bfe020702e4e8545454
1781672385,1637,1634,1637/obj/lora/8c1f646190001c1c/,0.0,
1781672385,1637,1634,1637/obj/lora/8c1f646190001c1c/gateway_rssi,-111.0,24e124fffef949f8
1781672385,1637,1634,1637/obj/lora/8c1f646190001c1c/leak_status,2.0,
1781672385,1637,1634,1637/obj/lora/8c1f646190001c1c/error_code,0.0,
1781672385,1637,1634,1637/obj/lora/8c1f646190001c1c/battery,3624.0,
1781672385,1637,1634,1637/obj/lora/8c1f646190001c1c/gateway_snr,-1.0,24e124fffef949f8
1781672385,1637,1634,1637/obj/lora/8c1f646190001c1c/water_temp_min,22.0,
1781672475,1637,1634,1637/obj/lora/8c1f6461900021db/total_volume,15057.0,
1781672475,1637,1634,1637/obj/lora/8c1f6461900021db/payload,1.0,c28709030000d13a0000694f0500c57909033dfe050102dde9515152
1781672475,1637,1634,1637/obj/lora/8c1f6461900021db/spreading_factor,7.0,
1781672475,1637,1634,1637/obj/lora/8c1f6461900021db/error_code,0.0,
1781672475,1637,1634,1637/obj/lora/8c1f6461900021db/ambient_temp,21.0,
1781672475,1637,1634,1637/obj/lora/8c1f6461900021db/frame_counter,7756.0,
1781672475,1637,1634,1637/obj/lora/8c1f6461900021db/water_temp_min,20.5,
1781672475,1637,1634,1637/obj/lora/8c1f6461900021db/leak_status,2.0,
1781672475,1637,1634,1637/obj/lora/8c1f6461900021db/gateway_snr,2.200000047683716,24e124fffef94d5c
1781672475,1637,1634,1637/obj/lora/8c1f6461900021db/battery_recovered,3664.0,
1781672475,1637,1634,1637/obj/lora/8c1f6461900021db/battery,3568.0,
1781672475,1637,1634,1637/obj/lora/8c1f6461900021db/gateway_rssi,-105.0,24e124fffef94d5c
1781672475,1637,1634,1637/obj/lora/8c1f6461900021db/water_temp_max,20.5,
1781672475,1637,1634,1637/obj/lora/8c1f6461900021db/bandwidth,125000.0,
1781672475,1637,1634,1637/obj/lora/8c1f6461900021db/,0.0,
1781672572,1637,1634,1637/obj/lora/8c1f6461900020d1/bandwidth,125000.0,
1781672572,1637,1634,1637/obj/lora/8c1f6461900020d1/error_code,0.0,
1781672572,1637,1634,1637/obj/lora/8c1f6461900020d1/spreading_factor,7.0,
1781672572,1637,1634,1637/obj/lora/8c1f6461900020d1/battery_recovered,3648.0,
1781672572,1637,1634,1637/obj/lora/8c1f6461900020d1/frame_counter,6346.0,
1781672572,1637,1634,1637/obj/lora/8c1f6461900020d1/total_volume,13636.0,
1781672572,1637,1634,1637/obj/lora/8c1f6461900020d1/gateway_rssi,-106.0,24e124fffef949f8
1781672572,1637,1634,1637/obj/lora/8c1f6461900020d1/,0.0,
1781672572,1637,1634,1637/obj/lora/8c1f6461900020d1/leak_status,2.0,
1781672572,1637,1634,1637/obj/lora/8c1f6461900020d1/water_temp_min,22.5,
1781672572,1637,1634,1637/obj/lora/8c1f6461900020d1/water_temp_max,23.0,
1781672572,1637,1634,1637/obj/lora/8c1f6461900020d1/ambient_temp,23.5,
1781672572,1637,1634,1637/obj/lora/8c1f6461900020d1/payload,1.0,638c0903000044350000e6fd0400707e09036701450102dee7555657
1781672572,1637,1634,1637/obj/lora/8c1f6461900020d1/battery,3576.0,
1781672572,1637,1634,1637/obj/lora/8c1f6461900020d1/gateway_snr,6.199999809265137,24e124fffef949f8
1781672617,1637,1634,1637/obj/lora/8c1f6461900019cb/bandwidth,125000.0,
1781672617,1637,1634,1637/obj/lora/8c1f6461900019cb/water_temp_min,20.0,
1781672617,1637,1634,1637/obj/lora/8c1f6461900019cb/water_temp_max,20.5,
1781672617,1637,1634,1637/obj/lora/8c1f6461900019cb/spreading_factor,7.0,
1781672617,1637,1634,1637/obj/lora/8c1f6461900019cb/gateway_rssi,-105.0,24e124fffef94d5c
1781672617,1637,1634,1637/obj/lora/8c1f6461900019cb/payload,1.0,028d090300003e29000000000000ff7e09036aff500402dfec505150
1781672617,1637,1634,1637/obj/lora/8c1f6461900019cb/gateway_snr,1.5,24e124fffef94d5c
1781672617,1637,1634,1637/obj/lora/8c1f6461900019cb/battery_recovered,3688.0,
1781672617,1637,1634,1637/obj/lora/8c1f6461900019cb/frame_counter,7814.0,
1781672617,1637,1634,1637/obj/lora/8c1f6461900019cb/,0.0,
1781672617,1637,1634,1637/obj/lora/8c1f6461900019cb/leak_status,2.0,
1781672617,1637,1634,1637/obj/lora/8c1f6461900019cb/total_volume,10558.0,
1781672617,1637,1634,1637/obj/lora/8c1f6461900019cb/error_code,0.0,
1781672617,1637,1634,1637/obj/lora/8c1f6461900019cb/ambient_temp,20.0,
1781672617,1637,1634,1637/obj/lora/8c1f6461900019cb/battery,3584.0,
1781672624,1637,1634,1637/obj/lora/8c1f64619000170a/error_code,0.0,
1781672624,1637,1634,1637/obj/lora/8c1f64619000170a/,0.0,
1781672624,1637,1634,1637/obj/lora/8c1f64619000170a/gateway_snr,5.0,24e124fffef94d5c
1781672624,1637,1634,1637/obj/lora/8c1f64619000170a/leak_status,2.0,
1781672624,1637,1634,1637/obj/lora/8c1f64619000170a/ambient_temp,23.5,
1781672624,1637,1634,1637/obj/lora/8c1f64619000170a/water_temp_max,23.5,
1781672624,1637,1634,1637/obj/lora/8c1f64619000170a/total_volume,154779.0,
1781672624,1637,1634,1637/obj/lora/8c1f64619000170a/bandwidth,125000.0,
1781672624,1637,1634,1637/obj/lora/8c1f64619000170a/frame_counter,6653.0,
1781672624,1637,1634,1637/obj/lora/8c1f64619000170a/payload,1.0,b5cf090300009b5c02007c27060035c60903ec23870b02e1e9565757
1781672624,1637,1634,1637/obj/lora/8c1f64619000170a/battery_recovered,3664.0,
1781672624,1637,1634,1637/obj/lora/8c1f64619000170a/battery,3600.0,
1781672624,1637,1634,1637/obj/lora/8c1f64619000170a/gateway_rssi,-103.0,24e124fffef94d5c
1781672624,1637,1634,1637/obj/lora/8c1f64619000170a/spreading_factor,7.0,
1781672624,1637,1634,1637/obj/lora/8c1f64619000170a/water_temp_min,23.0,
1781672682,1637,1634,1637/obj/lora/8c1f6461900021da/error_code,0.0,
1781672682,1637,1634,1637/obj/lora/8c1f6461900021da/payload,1.0,856d090300009e600000f7900800905f0903c5071d0302e0e9545554
1781672682,1637,1634,1637/obj/lora/8c1f6461900021da/,0.0,
1781672682,1637,1634,1637/obj/lora/8c1f6461900021da/total_volume,24734.0,
1781672682,1637,1634,1637/obj/lora/8c1f6461900021da/battery,3592.0,
1781672682,1637,1634,1637/obj/lora/8c1f6461900021da/water_temp_max,22.5,
1781672682,1637,1634,1637/obj/lora/8c1f6461900021da/water_temp_min,22.0,
1781672682,1637,1634,1637/obj/lora/8c1f6461900021da/gateway_rssi,-101.0,24e124fffef94d5c
1781672682,1637,1634,1637/obj/lora/8c1f6461900021da/bandwidth,125000.0,
1781672682,1637,1634,1637/obj/lora/8c1f6461900021da/leak_status,2.0,
1781672682,1637,1634,1637/obj/lora/8c1f6461900021da/frame_counter,7489.0,
1781672682,1637,1634,1637/obj/lora/8c1f6461900021da/spreading_factor,7.0,
1781672682,1637,1634,1637/obj/lora/8c1f6461900021da/gateway_snr,5.800000190734863,24e124fffef94d5c
1781672682,1637,1634,1637/obj/lora/8c1f6461900021da/ambient_temp,22.0,
1781672682,1637,1634,1637/obj/lora/8c1f6461900021da/battery_recovered,3664.0,
1781672704,1637,1634,1637/obj/lora/8c1f646190001963/payload,1.0,ccc709030000bd3d000000000000ddb90903e706f90802e1eb535353
1781672704,1637,1634,1637/obj/lora/8c1f646190001963/battery_recovered,3680.0,
1781672704,1637,1634,1637/obj/lora/8c1f646190001963/gateway_snr,8.800000190734863,24e124fffef94d5c
1781672704,1637,1634,1637/obj/lora/8c1f646190001963/water_temp_min,21.5,
1781672704,1637,1634,1637/obj/lora/8c1f646190001963/leak_status,2.0,
1781672704,1637,1634,1637/obj/lora/8c1f646190001963/spreading_factor,7.0,
1781672704,1637,1634,1637/obj/lora/8c1f646190001963/,0.0,
1781672704,1637,1634,1637/obj/lora/8c1f646190001963/water_temp_max,21.5,
1781672704,1637,1634,1637/obj/lora/8c1f646190001963/total_volume,15805.0,
1781672704,1637,1634,1637/obj/lora/8c1f646190001963/bandwidth,125000.0,
1781672704,1637,1634,1637/obj/lora/8c1f646190001963/error_code,0.0,
1781672704,1637,1634,1637/obj/lora/8c1f646190001963/ambient_temp,21.5,
1781672704,1637,1634,1637/obj/lora/8c1f646190001963/battery,3600.0,
1781672704,1637,1634,1637/obj/lora/8c1f646190001963/gateway_rssi,-96.0,24e124fffef94d5c
1781672704,1637,1634,1637/obj/lora/8c1f646190001963/frame_counter,7735.0,
1781672799,1637,1634,1637/obj/lora/8c1f646190001e41/bandwidth,125000.0,
1781672799,1637,1634,1637/obj/lora/8c1f646190001e41/ambient_temp,24.5,
1781672799,1637,1634,1637/obj/lora/8c1f646190001e41/battery_recovered,3688.0,
1781672799,1637,1634,1637/obj/lora/8c1f646190001e41/error_code,0.0,
1781672799,1637,1634,1637/obj/lora/8c1f646190001e41/gateway_rssi,-107.0,24e124fffef949f8
1781672799,1637,1634,1637/obj/lora/8c1f646190001e41/gateway_snr,5.199999809265137,24e124fffef949f8
1781672799,1637,1634,1637/obj/lora/8c1f646190001e41/water_temp_min,44.0,
1781672799,1637,1634,1637/obj/lora/8c1f646190001e41/frame_counter,3562.0,
1781672799,1637,1634,1637/obj/lora/8c1f646190001e41/total_volume,42481.0,
1781672799,1637,1634,1637/obj/lora/8c1f646190001e41/spreading_factor,7.0,
1781672799,1637,1634,1637/obj/lora/8c1f646190001e41/,0.0,
1781672799,1637,1634,1637/obj/lora/8c1f646190001e41/payload,1.0,f9bd09030000f1a500005c110f00ffaf09031aff880102e8ec808159
1781672799,1637,1634,1637/obj/lora/8c1f646190001e41/water_temp_max,44.5,
1781672799,1637,1634,1637/obj/lora/8c1f646190001e41/battery,3656.0,
1781672799,1637,1634,1637/obj/lora/8c1f646190001e41/leak_status,2.0,
1781672853,1637,1634,1637/obj/lora/8c1f646190002120/total_volume,42375.0,
1781672853,1637,1634,1637/obj/lora/8c1f646190002120/gateway_rssi,-102.0,24e124fffef949f8
1781672853,1637,1634,1637/obj/lora/8c1f646190002120/spreading_factor,7.0,
1781672853,1637,1634,1637/obj/lora/8c1f646190002120/payload,1.0,76aa0903000087a50000f5e70d00859c0903ab006c0002e8eb545454
1781672853,1637,1634,1637/obj/lora/8c1f646190002120/water_temp_max,22.0,
1781672853,1637,1634,1637/obj/lora/8c1f646190002120/error_code,0.0,
1781672853,1637,1634,1637/obj/lora/8c1f646190002120/bandwidth,125000.0,
1781672853,1637,1634,1637/obj/lora/8c1f646190002120/battery_recovered,3680.0,
1781672853,1637,1634,1637/obj/lora/8c1f646190002120/ambient_temp,22.0,
1781672853,1637,1634,1637/obj/lora/8c1f646190002120/gateway_snr,7.5,24e124fffef949f8
1781672853,1637,1634,1637/obj/lora/8c1f646190002120/battery,3656.0,
1781672853,1637,1634,1637/obj/lora/8c1f646190002120/leak_status,2.0,
1781672853,1637,1634,1637/obj/lora/8c1f646190002120/water_temp_min,22.0,
1781672853,1637,1634,1637/obj/lora/8c1f646190002120/,0.0,
1781672853,1637,1634,1637/obj/lora/8c1f646190002120/frame_counter,3619.0,
1781672886,1637,1634,1637/obj/lora/8c1f6461900015c1/frame_counter,7605.0,
1781672886,1637,1634,1637/obj/lora/8c1f6461900015c1/battery_recovered,3688.0,
1781672886,1637,1634,1637/obj/lora/8c1f6461900015c1/gateway_snr,10.199999809265137,24e124fffef94d5c
1781672886,1637,1634,1637/obj/lora/8c1f6461900015c1/leak_status,2.0,
1781672886,1637,1634,1637/obj/lora/8c1f6461900015c1/ambient_temp,22.0,
1781672886,1637,1634,1637/obj/lora/8c1f6461900015c1/,0.0,
1781672886,1637,1634,1637/obj/lora/8c1f6461900015c1/bandwidth,125000.0,
1781672886,1637,1634,1637/obj/lora/8c1f6461900015c1/payload,1.0,aa8409030000454a00000000000078780903beff970102e0ec4e5454
1781672886,1637,1634,1637/obj/lora/8c1f6461900015c1/battery,3592.0,
1781672886,1637,1634,1637/obj/lora/8c1f6461900015c1/water_temp_min,19.0,
1781672886,1637,1634,1637/obj/lora/8c1f6461900015c1/water_temp_max,22.0,
1781672886,1637,1634,1637/obj/lora/8c1f6461900015c1/gateway_rssi,-94.0,24e124fffef94d5c
1781672886,1637,1634,1637/obj/lora/8c1f6461900015c1/error_code,0.0,
1781672886,1637,1634,1637/obj/lora/8c1f6461900015c1/total_volume,19013.0,
1781672886,1637,1634,1637/obj/lora/8c1f6461900015c1/spreading_factor,7.0,
1781672985,1637,1634,1637/obj/lora/8c1f64619000228d/payload,1.0,f0770903000090460000000000000a6a0903b309d80902dee7545454
1781672985,1637,1634,1637/obj/lora/8c1f64619000228d/bandwidth,125000.0,
1781672985,1637,1634,1637/obj/lora/8c1f64619000228d/water_temp_max,22.0,
1781672985,1637,1634,1637/obj/lora/8c1f64619000228d/error_code,0.0,
1781672985,1637,1634,1637/obj/lora/8c1f64619000228d/gateway_rssi,-98.0,24e124fffef94d5c
1781672985,1637,1634,1637/obj/lora/8c1f64619000228d/,0.0,
1781672985,1637,1634,1637/obj/lora/8c1f64619000228d/leak_status,2.0,
1781672985,1637,1634,1637/obj/lora/8c1f64619000228d/total_volume,18064.0,
1781672985,1637,1634,1637/obj/lora/8c1f64619000228d/ambient_temp,22.0,
1781672985,1637,1634,1637/obj/lora/8c1f64619000228d/battery_recovered,3648.0,
1781672985,1637,1634,1637/obj/lora/8c1f64619000228d/spreading_factor,7.0,
1781672985,1637,1634,1637/obj/lora/8c1f64619000228d/gateway_snr,8.5,24e124fffef94d5c
1781672985,1637,1634,1637/obj/lora/8c1f64619000228d/battery,3576.0,
1781672985,1637,1634,1637/obj/lora/8c1f64619000228d/frame_counter,6427.0,
1781672985,1637,1634,1637/obj/lora/8c1f64619000228d/water_temp_min,22.0,
1781673080,1637,1634,1637/obj/lora/8c1f646190002222/leak_status,2.0,
1781673080,1637,1634,1637/obj/lora/8c1f646190002222/total_volume,30820.0,
1781673080,1637,1634,1637/obj/lora/8c1f646190002222/water_temp_max,22.0,
1781673080,1637,1634,1637/obj/lora/8c1f646190002222/,0.0,
1781673080,1637,1634,1637/obj/lora/8c1f646190002222/ambient_temp,22.0,
1781673080,1637,1634,1637/obj/lora/8c1f646190002222/gateway_rssi,-108.0,24e124fffef949f8
1781673080,1637,1634,1637/obj/lora/8c1f646190002222/gateway_snr,5.199999809265137,24e124fffef949f8
1781673080,1637,1634,1637/obj/lora/8c1f646190002222/payload,1.0,417c090300006478000008000000386e09034b02a00002e9ec545454
1781673080,1637,1634,1637/obj/lora/8c1f646190002222/bandwidth,125000.0,
1781673080,1637,1634,1637/obj/lora/8c1f646190002222/spreading_factor,7.0,
1781673080,1637,1634,1637/obj/lora/8c1f646190002222/error_code,0.0,
1781673080,1637,1634,1637/obj/lora/8c1f646190002222/battery_recovered,3688.0,
1781673080,1637,1634,1637/obj/lora/8c1f646190002222/water_temp_min,22.0,
1781673080,1637,1634,1637/obj/lora/8c1f646190002222/frame_counter,3638.0,
1781673080,1637,1634,1637/obj/lora/8c1f646190002222/battery,3664.0,
1781673099,1637,1634,1637/obj/lora/8c1f646190001b91/spreading_factor,7.0,
1781673099,1637,1634,1637/obj/lora/8c1f646190001b91/gateway_rssi,-102.0,24e124fffef94d5c
1781673099,1637,1634,1637/obj/lora/8c1f646190001b91/gateway_snr,7.0,24e124fffef94d5c
1781673099,1637,1634,1637/obj/lora/8c1f646190001b91/water_temp_min,22.0,
1781673099,1637,1634,1637/obj/lora/8c1f646190001b91/leak_status,2.0,
1781673099,1637,1634,1637/obj/lora/8c1f646190001b91/,0.0,
1781673099,1637,1634,1637/obj/lora/8c1f646190001b91/total_volume,46881.0,
1781673099,1637,1634,1637/obj/lora/8c1f646190001b91/error_code,0.0,
1781673099,1637,1634,1637/obj/lora/8c1f646190001b91/battery_recovered,3664.0,
1781673099,1637,1634,1637/obj/lora/8c1f646190001b91/frame_counter,6537.0,
1781673099,1637,1634,1637/obj/lora/8c1f646190001b91/water_temp_max,22.0,
1781673099,1637,1634,1637/obj/lora/8c1f646190001b91/payload,1.0,32ab0903000021b70000a2cb0e00579d0903b200b10302dce9545454
1781673099,1637,1634,1637/obj/lora/8c1f646190001b91/bandwidth,125000.0,
1781673099,1637,1634,1637/obj/lora/8c1f646190001b91/battery,3560.0,
1781673099,1637,1634,1637/obj/lora/8c1f646190001b91/ambient_temp,22.0,
1781673135,1637,1634,1637/obj/lora/8c1f6461900019cf/gateway_snr,9.199999809265137,24e124fffef949f8
1781673135,1637,1634,1637/obj/lora/8c1f6461900019cf/bandwidth,125000.0,
1781673135,1637,1634,1637/obj/lora/8c1f6461900019cf/leak_status,0.0,
1781673135,1637,1634,1637/obj/lora/8c1f6461900019cf/total_volume,68337.0,
1781673135,1637,1634,1637/obj/lora/8c1f6461900019cf/error_code,0.0,
1781673135,1637,1634,1637/obj/lora/8c1f6461900019cf/water_temp_min,21.5,
1781673135,1637,1634,1637/obj/lora/8c1f6461900019cf/battery,3632.0,
1781673135,1637,1634,1637/obj/lora/8c1f6461900019cf/ambient_temp,21.5,
1781673135,1637,1634,1637/obj/lora/8c1f6461900019cf/gateway_rssi,-102.0,24e124fffef949f8
1781673135,1637,1634,1637/obj/lora/8c1f6461900019cf/payload,1.0,c1b509030000f10a010000000000000000000000000000e5e8535453
1781673135,1637,1634,1637/obj/lora/8c1f6461900019cf/battery_recovered,3656.0,
1781673135,1637,1634,1637/obj/lora/8c1f6461900019cf/frame_counter,3552.0,
1781673135,1637,1634,1637/obj/lora/8c1f6461900019cf/,0.0,
1781673135,1637,1634,1637/obj/lora/8c1f6461900019cf/water_temp_max,22.0,
1781673135,1637,1634,1637/obj/lora/8c1f6461900019cf/spreading_factor,7.0,
1781673159,1637,1634,1637/obj/lora/8c1f646190002206/total_volume,201598.0,
1781673159,1637,1634,1637/obj/lora/8c1f646190002206/error_code,0.0,
1781673159,1637,1634,1637/obj/lora/8c1f646190002206/payload,1.0,49b8090300007e130300c74f0f00000000000000000000e1ea545454
1781673159,1637,1634,1637/obj/lora/8c1f646190002206/,0.0,
1781673159,1637,1634,1637/obj/lora/8c1f646190002206/gateway_snr,6.5,24e124fffef94d5c
1781673159,1637,1634,1637/obj/lora/8c1f646190002206/spreading_factor,7.0,
1781673159,1637,1634,1637/obj/lora/8c1f646190002206/bandwidth,125000.0,
1781673159,1637,1634,1637/obj/lora/8c1f646190002206/battery_recovered,3672.0,
1781673159,1637,1634,1637/obj/lora/8c1f646190002206/water_temp_min,22.0,
1781673159,1637,1634,1637/obj/lora/8c1f646190002206/battery,3600.0,
1781673159,1637,1634,1637/obj/lora/8c1f646190002206/gateway_rssi,-102.0,24e124fffef94d5c
1781673159,1637,1634,1637/obj/lora/8c1f646190002206/water_temp_max,22.0,
1781673159,1637,1634,1637/obj/lora/8c1f646190002206/leak_status,0.0,
1781673159,1637,1634,1637/obj/lora/8c1f646190002206/ambient_temp,22.0,
1781673159,1637,1634,1637/obj/lora/8c1f646190002206/frame_counter,7009.0,
1781673194,1637,1634,1637/obj/lora/24e124725d489523/frame_counter,7497.0,
1781673194,1637,1634,1637/obj/lora/24e124725d489523/payload,85.0,0175270367d000046861
1781673194,1637,1634,1637/obj/lora/24e124725d489523/,0.0,
1781673194,1637,1634,1637/obj/lora/24e124725d489523/humidity,48.5,
1781673194,1637,1634,1637/obj/lora/24e124725d489523/spreading_factor,7.0,
1781673194,1637,1634,1637/obj/lora/24e124725d489523/battery,39.0,
1781673194,1637,1634,1637/obj/lora/24e124725d489523/gateway_snr,3.799999952316284,24e124fffef949f8
1781673194,1637,1634,1637/obj/lora/24e124725d489523/bandwidth,125000.0,
1781673194,1637,1634,1637/obj/lora/24e124725d489523/temperature,20.8,
1781673194,1637,1634,1637/obj/lora/24e124725d489523/gateway_rssi,-109.0,24e124fffef949f8
1781673254,1637,1634,1637/obj/lora/8c1f646190001bf1/gateway_rssi,-103.0,24e124fffef94d5c
1781673254,1637,1634,1637/obj/lora/8c1f646190001bf1/battery_recovered,3672.0,
1781673254,1637,1634,1637/obj/lora/8c1f646190001bf1/,0.0,
1781673254,1637,1634,1637/obj/lora/8c1f646190001bf1/water_temp_min,23.5,
1781673254,1637,1634,1637/obj/lora/8c1f646190001bf1/leak_status,2.0,
1781673254,1637,1634,1637/obj/lora/8c1f646190001bf1/bandwidth,125000.0,
1781673254,1637,1634,1637/obj/lora/8c1f646190001bf1/payload,1.0,21c109030000ab820000248d0b004cb30903d601080102e2ea576154
1781673254,1637,1634,1637/obj/lora/8c1f646190001bf1/total_volume,33451.0,
1781673254,1637,1634,1637/obj/lora/8c1f646190001bf1/gateway_snr,5.199999809265137,24e124fffef94d5c
1781673254,1637,1634,1637/obj/lora/8c1f646190001bf1/water_temp_max,28.5,
1781673254,1637,1634,1637/obj/lora/8c1f646190001bf1/battery,3608.0,
1781673254,1637,1634,1637/obj/lora/8c1f646190001bf1/frame_counter,6324.0,
1781673254,1637,1634,1637/obj/lora/8c1f646190001bf1/error_code,0.0,
1781673254,1637,1634,1637/obj/lora/8c1f646190001bf1/ambient_temp,22.0,
1781673254,1637,1634,1637/obj/lora/8c1f646190001bf1/spreading_factor,7.0,
1781673262,1637,1634,1637/obj/lora/8c1f646190001dd8/frame_counter,3739.0,
1781673262,1637,1634,1637/obj/lora/8c1f646190001dd8/ambient_temp,22.0,
1781673262,1637,1634,1637/obj/lora/8c1f646190001dd8/gateway_snr,1.5,24e124fffef949f8
1781673262,1637,1634,1637/obj/lora/8c1f646190001dd8/payload,1.0,9ba709030000afda000008e01100be9909030501230202e4e9545454
1781673262,1637,1634,1637/obj/lora/8c1f646190001dd8/battery_recovered,3664.0,
1781673262,1637,1634,1637/obj/lora/8c1f646190001dd8/total_volume,55983.0,
1781673262,1637,1634,1637/obj/lora/8c1f646190001dd8/error_code,0.0,
1781673262,1637,1634,1637/obj/lora/8c1f646190001dd8/gateway_rssi,-110.0,24e124fffef949f8
1781673262,1637,1634,1637/obj/lora/8c1f646190001dd8/spreading_factor,7.0,
1781673262,1637,1634,1637/obj/lora/8c1f646190001dd8/battery,3624.0,
1781673262,1637,1634,1637/obj/lora/8c1f646190001dd8/,0.0,
1781673262,1637,1634,1637/obj/lora/8c1f646190001dd8/water_temp_max,22.0,
1781673262,1637,1634,1637/obj/lora/8c1f646190001dd8/leak_status,2.0,
1781673262,1637,1634,1637/obj/lora/8c1f646190001dd8/water_temp_min,22.0,
1781673262,1637,1634,1637/obj/lora/8c1f646190001dd8/bandwidth,125000.0,
1781673272,1637,1634,1637/obj/lora/8c1f6461900021e0/gateway_rssi,-104.0,24e124fffef949f8
1781673272,1637,1634,1637/obj/lora/8c1f6461900021e0/error_code,0.0,
1781673272,1637,1634,1637/obj/lora/8c1f6461900021e0/water_temp_min,22.0,
1781673272,1637,1634,1637/obj/lora/8c1f6461900021e0/,0.0,
1781673272,1637,1634,1637/obj/lora/8c1f6461900021e0/battery_recovered,3696.0,
1781673272,1637,1634,1637/obj/lora/8c1f6461900021e0/ambient_temp,22.0,
1781673272,1637,1634,1637/obj/lora/8c1f6461900021e0/bandwidth,125000.0,
1781673272,1637,1634,1637/obj/lora/8c1f6461900021e0/total_volume,77165.0,
1781673272,1637,1634,1637/obj/lora/8c1f6461900021e0/battery,3664.0,
1781673272,1637,1634,1637/obj/lora/8c1f6461900021e0/water_temp_max,22.0,
1781673272,1637,1634,1637/obj/lora/8c1f6461900021e0/frame_counter,2243.0,
1781673272,1637,1634,1637/obj/lora/8c1f6461900021e0/spreading_factor,7.0,
1781673272,1637,1634,1637/obj/lora/8c1f6461900021e0/gateway_snr,6.199999809265137,24e124fffef949f8
1781673272,1637,1634,1637/obj/lora/8c1f6461900021e0/leak_status,0.0,
1781673272,1637,1634,1637/obj/lora/8c1f6461900021e0/payload,1.0,ea87090300006d2d010000000000000000000000000000e9ed545454
1781673343,1637,1634,1637/obj/lora/8c1f646190001968/total_volume,71245.0,
1781673343,1637,1634,1637/obj/lora/8c1f646190001968/battery_recovered,3680.0,
1781673343,1637,1634,1637/obj/lora/8c1f646190001968/gateway_snr,6.199999809265137,24e124fffef949f8
1781673343,1637,1634,1637/obj/lora/8c1f646190001968/payload,1.0,26a0090300004d160100af2918002f920903f3ef090202e8eb555656
1781673343,1637,1634,1637/obj/lora/8c1f646190001968/gateway_rssi,-106.0,24e124fffef949f8
1781673343,1637,1634,1637/obj/lora/8c1f646190001968/battery,3656.0,
1781673343,1637,1634,1637/obj/lora/8c1f646190001968/water_temp_max,23.0,
1781673343,1637,1634,1637/obj/lora/8c1f646190001968/frame_counter,3621.0,
1781673343,1637,1634,1637/obj/lora/8c1f646190001968/leak_status,2.0,
1781673343,1637,1634,1637/obj/lora/8c1f646190001968/ambient_temp,23.0,
1781673343,1637,1634,1637/obj/lora/8c1f646190001968/,0.0,
1781673343,1637,1634,1637/obj/lora/8c1f646190001968/spreading_factor,7.0,
1781673343,1637,1634,1637/obj/lora/8c1f646190001968/bandwidth,125000.0,
1781673343,1637,1634,1637/obj/lora/8c1f646190001968/water_temp_min,22.5,
1781673343,1637,1634,1637/obj/lora/8c1f646190001968/error_code,0.0,
1781673420,1637,1634,1637/obj/lora/8c1f646190002291/battery,3584.0,
1781673420,1637,1634,1637/obj/lora/8c1f646190002291/ambient_temp,21.0,
1781673420,1637,1634,1637/obj/lora/8c1f646190002291/water_temp_min,21.0,
1781673420,1637,1634,1637/obj/lora/8c1f646190002291/frame_counter,6853.0,
1781673420,1637,1634,1637/obj/lora/8c1f646190002291/,0.0,
1781673420,1637,1634,1637/obj/lora/8c1f646190002291/total_volume,398898.0,
1781673420,1637,1634,1637/obj/lora/8c1f646190002291/spreading_factor,7.0,
1781673420,1637,1634,1637/obj/lora/8c1f646190002291/gateway_snr,0.0,24e124fffef949f8
1781673420,1637,1634,1637/obj/lora/8c1f646190002291/bandwidth,125000.0,
1781673420,1637,1634,1637/obj/lora/8c1f646190002291/battery_recovered,3664.0,
1781673420,1637,1634,1637/obj/lora/8c1f646190002291/water_temp_max,21.0,
1781673420,1637,1634,1637/obj/lora/8c1f646190002291/gateway_rssi,-112.0,24e124fffef949f8
1781673420,1637,1634,1637/obj/lora/8c1f646190002291/error_code,0.0,
1781673420,1637,1634,1637/obj/lora/8c1f646190002291/payload,1.0,a8d5090300003216060000000000861609035a02000003dfe9525252
1781673420,1637,1634,1637/obj/lora/8c1f646190002291/leak_status,3.0,
1781673576,1637,1634,1637/obj/lora/8c1f64619000160f/battery_recovered,3672.0,
1781673576,1637,1634,1637/obj/lora/8c1f64619000160f/battery,3648.0,
1781673576,1637,1634,1637/obj/lora/8c1f64619000160f/frame_counter,3636.0,
1781673576,1637,1634,1637/obj/lora/8c1f64619000160f/total_volume,119899.0,
1781673576,1637,1634,1637/obj/lora/8c1f64619000160f/payload,1.0,64900d0300005bd4010008000000000000000000000000e7ea555555
1781673576,1637,1634,1637/obj/lora/8c1f64619000160f/leak_status,0.0,
1781673576,1637,1634,1637/obj/lora/8c1f64619000160f/,0.0,
1781673576,1637,1634,1637/obj/lora/8c1f64619000160f/error_code,0.0,
1781673576,1637,1634,1637/obj/lora/8c1f64619000160f/ambient_temp,22.5,
1781673576,1637,1634,1637/obj/lora/8c1f64619000160f/water_temp_min,22.5,
1781673576,1637,1634,1637/obj/lora/8c1f64619000160f/bandwidth,125000.0,
1781673576,1637,1634,1637/obj/lora/8c1f64619000160f/gateway_rssi,-108.0,24e124fffef949f8
1781673576,1637,1634,1637/obj/lora/8c1f64619000160f/water_temp_max,22.5,
1781673576,1637,1634,1637/obj/lora/8c1f64619000160f/spreading_factor,7.0,
1781673576,1637,1634,1637/obj/lora/8c1f64619000160f/gateway_snr,4.5,24e124fffef949f8
1781673723,1637,1634,1637/obj/lora/8c1f646190001ec9/spreading_factor,7.0,
1781673723,1637,1634,1637/obj/lora/8c1f646190001ec9/bandwidth,125000.0,
1781673723,1637,1634,1637/obj/lora/8c1f646190001ec9/water_temp_max,21.5,
1781673723,1637,1634,1637/obj/lora/8c1f646190001ec9/payload,1.0,068809030000fc860000f75a0b00327a09033504480202e1e9535352
1781673723,1637,1634,1637/obj/lora/8c1f646190001ec9/battery,3600.0,
1781673723,1637,1634,1637/obj/lora/8c1f646190001ec9/error_code,0.0,
1781673723,1637,1634,1637/obj/lora/8c1f646190001ec9/gateway_rssi,-104.0,24e124fffef94d5c
1781673723,1637,1634,1637/obj/lora/8c1f646190001ec9/water_temp_min,21.5,
1781673723,1637,1634,1637/obj/lora/8c1f646190001ec9/,0.0,
1781673723,1637,1634,1637/obj/lora/8c1f646190001ec9/frame_counter,6556.0,
1781673723,1637,1634,1637/obj/lora/8c1f646190001ec9/ambient_temp,21.0,
1781673723,1637,1634,1637/obj/lora/8c1f646190001ec9/leak_status,2.0,
1781673723,1637,1634,1637/obj/lora/8c1f646190001ec9/total_volume,34556.0,
1781673723,1637,1634,1637/obj/lora/8c1f646190001ec9/gateway_snr,4.5,24e124fffef94d5c
1781673723,1637,1634,1637/obj/lora/8c1f646190001ec9/battery_recovered,3664.0,
1781673757,1637,1634,1637/obj/lora/8c1f6461900015ba/error_code,0.0,
1781673757,1637,1634,1637/obj/lora/8c1f6461900015ba/payload,1.0,debe09030000911b000000000000eab00903e0fea20302e6eb525252
1781673757,1637,1634,1637/obj/lora/8c1f6461900015ba/bandwidth,125000.0,
1781673757,1637,1634,1637/obj/lora/8c1f6461900015ba/total_volume,7057.0,
1781673757,1637,1634,1637/obj/lora/8c1f6461900015ba/gateway_snr,6.0,24e124fffef949f8
1781673757,1637,1634,1637/obj/lora/8c1f6461900015ba/spreading_factor,7.0,
1781673757,1637,1634,1637/obj/lora/8c1f6461900015ba/gateway_rssi,-106.0,24e124fffef949f8
1781673757,1637,1634,1637/obj/lora/8c1f6461900015ba/water_temp_min,21.0,
1781673757,1637,1634,1637/obj/lora/8c1f6461900015ba/leak_status,2.0,
1781673757,1637,1634,1637/obj/lora/8c1f6461900015ba/,0.0,
1781673757,1637,1634,1637/obj/lora/8c1f6461900015ba/battery_recovered,3680.0,
1781673757,1637,1634,1637/obj/lora/8c1f6461900015ba/water_temp_max,21.0,
1781673757,1637,1634,1637/obj/lora/8c1f6461900015ba/frame_counter,7261.0,
1781673757,1637,1634,1637/obj/lora/8c1f6461900015ba/ambient_temp,21.0,
1781673757,1637,1634,1637/obj/lora/8c1f6461900015ba/battery,3640.0,
1781673792,1637,1634,1637/obj/lora/24e124725d489523/battery,39.0,
1781673792,1637,1634,1637/obj/lora/24e124725d489523/spreading_factor,7.0,
1781673792,1637,1634,1637/obj/lora/24e124725d489523/bandwidth,125000.0,
1781673792,1637,1634,1637/obj/lora/24e124725d489523/gateway_rssi,-108.0,24e124fffef949f8
1781673792,1637,1634,1637/obj/lora/24e124725d489523/frame_counter,7498.0,
1781673792,1637,1634,1637/obj/lora/24e124725d489523/payload,85.0,0175270367d000046861
1781673792,1637,1634,1637/obj/lora/24e124725d489523/temperature,20.8,
1781673792,1637,1634,1637/obj/lora/24e124725d489523/humidity,48.5,
1781673792,1637,1634,1637/obj/lora/24e124725d489523/,0.0,
1781673792,1637,1634,1637/obj/lora/24e124725d489523/gateway_snr,5.5,24e124fffef949f8
1781673872,1637,1634,1637/obj/lora/8c1f6461900015ed/leak_status,2.0,
1781673872,1637,1634,1637/obj/lora/8c1f6461900015ed/water_temp_max,21.0,
1781673872,1637,1634,1637/obj/lora/8c1f6461900015ed/gateway_snr,10.5,24e124fffef94d5c
1781673872,1637,1634,1637/obj/lora/8c1f6461900015ed/frame_counter,6143.0,
1781673872,1637,1634,1637/obj/lora/8c1f6461900015ed/error_code,0.0,
1781673872,1637,1634,1637/obj/lora/8c1f6461900015ed/gateway_rssi,-96.0,24e124fffef94d5c
1781673872,1637,1634,1637/obj/lora/8c1f6461900015ed/ambient_temp,21.0,
1781673872,1637,1634,1637/obj/lora/8c1f6461900015ed/,0.0,
1781673872,1637,1634,1637/obj/lora/8c1f6461900015ed/battery,3616.0,
1781673872,1637,1634,1637/obj/lora/8c1f6461900015ed/spreading_factor,7.0,
1781673872,1637,1634,1637/obj/lora/8c1f6461900015ed/payload,1.0,75b309030000eb6400000ea409008ba5090363ff6c0202e3eb525252
1781673872,1637,1634,1637/obj/lora/8c1f6461900015ed/water_temp_min,21.0,
1781673872,1637,1634,1637/obj/lora/8c1f6461900015ed/battery_recovered,3680.0,
1781673872,1637,1634,1637/obj/lora/8c1f6461900015ed/bandwidth,125000.0,
1781673872,1637,1634,1637/obj/lora/8c1f6461900015ed/total_volume,25835.0,
1781673909,1637,1634,1637/obj/lora/8c1f6461900018f5/frame_counter,7696.0,
1781673909,1637,1634,1637/obj/lora/8c1f6461900018f5/battery,3600.0,
1781673909,1637,1634,1637/obj/lora/8c1f6461900018f5/gateway_rssi,-104.0,24e124fffef949f8
1781673909,1637,1634,1637/obj/lora/8c1f6461900018f5/battery_recovered,3664.0,
1781673909,1637,1634,1637/obj/lora/8c1f6461900018f5/bandwidth,125000.0,
1781673909,1637,1634,1637/obj/lora/8c1f6461900018f5/ambient_temp,22.5,
1781673909,1637,1634,1637/obj/lora/8c1f6461900018f5/gateway_snr,7.5,24e124fffef949f8
1781673909,1637,1634,1637/obj/lora/8c1f6461900018f5/total_volume,51589.0,
1781673909,1637,1634,1637/obj/lora/8c1f6461900018f5/water_temp_min,21.5,
1781673909,1637,1634,1637/obj/lora/8c1f6461900018f5/leak_status,2.0,
1781673909,1637,1634,1637/obj/lora/8c1f6461900018f5/water_temp_max,22.0,
1781673909,1637,1634,1637/obj/lora/8c1f6461900018f5/payload,1.0,fd9c0903000085c90000c5d904000a8f09031600ed0f02e1e9535455
1781673909,1637,1634,1637/obj/lora/8c1f6461900018f5/,0.0,
1781673909,1637,1634,1637/obj/lora/8c1f6461900018f5/error_code,0.0,
1781673909,1637,1634,1637/obj/lora/8c1f6461900018f5/spreading_factor,7.0,
1781673977,1637,1634,1637/obj/lora/8c1f6461900019c7/gateway_rssi,-104.0,24e124fffef94d5c
1781673977,1637,1634,1637/obj/lora/8c1f6461900019c7/battery_recovered,3648.0,
1781673977,1637,1634,1637/obj/lora/8c1f6461900019c7/frame_counter,5924.0,
1781673977,1637,1634,1637/obj/lora/8c1f6461900019c7/leak_status,2.0,
1781673977,1637,1634,1637/obj/lora/8c1f6461900019c7/water_temp_max,22.5,
1781673977,1637,1634,1637/obj/lora/8c1f6461900019c7/total_volume,22411.0,
1781673977,1637,1634,1637/obj/lora/8c1f6461900019c7/battery,3568.0,
1781673977,1637,1634,1637/obj/lora/8c1f6461900019c7/ambient_temp,22.5,
1781673977,1637,1634,1637/obj/lora/8c1f6461900019c7/,0.0,
1781673977,1637,1634,1637/obj/lora/8c1f6461900019c7/spreading_factor,7.0,
1781673977,1637,1634,1637/obj/lora/8c1f6461900019c7/bandwidth,125000.0,
1781673977,1637,1634,1637/obj/lora/8c1f6461900019c7/payload,1.0,ae86090300008b57000052480800ba780903a5ff840202dde7555555
1781673977,1637,1634,1637/obj/lora/8c1f6461900019c7/water_temp_min,22.5,
1781673977,1637,1634,1637/obj/lora/8c1f6461900019c7/gateway_snr,3.0,24e124fffef94d5c
1781673977,1637,1634,1637/obj/lora/8c1f6461900019c7/error_code,0.0,
1781674010,1637,1634,1637/obj/lora/8c1f646190001baf/gateway_snr,3.200000047683716,24e124fffef94d5c
1781674010,1637,1634,1637/obj/lora/8c1f646190001baf/leak_status,2.0,
1781674010,1637,1634,1637/obj/lora/8c1f646190001baf/battery,3584.0,
1781674010,1637,1634,1637/obj/lora/8c1f646190001baf/water_temp_max,52.0,
1781674010,1637,1634,1637/obj/lora/8c1f646190001baf/gateway_rssi,-104.0,24e124fffef94d5c
1781674010,1637,1634,1637/obj/lora/8c1f646190001baf/total_volume,53796.0,
1781674010,1637,1634,1637/obj/lora/8c1f646190001baf/,0.0,
1781674010,1637,1634,1637/obj/lora/8c1f646190001baf/frame_counter,6730.0,
1781674010,1637,1634,1637/obj/lora/8c1f646190001baf/payload,1.0,f3ac0903000024d200001ba905000f9f090306fc1f1302dfe8539056
1781674010,1637,1634,1637/obj/lora/8c1f646190001baf/bandwidth,125000.0,
1781674010,1637,1634,1637/obj/lora/8c1f646190001baf/spreading_factor,7.0,
1781674010,1637,1634,1637/obj/lora/8c1f646190001baf/battery_recovered,3656.0,
1781674010,1637,1634,1637/obj/lora/8c1f646190001baf/ambient_temp,23.0,
1781674010,1637,1634,1637/obj/lora/8c1f646190001baf/water_temp_min,21.5,
1781674010,1637,1634,1637/obj/lora/8c1f646190001baf/error_code,0.0,
1781674030,1637,1634,1637/obj/lora/8c1f646190001790/frame_counter,3634.0,
1781674030,1637,1634,1637/obj/lora/8c1f646190001790/,0.0,
1781674030,1637,1634,1637/obj/lora/8c1f646190001790/gateway_rssi,-110.0,24e124fffef949f8
1781674030,1637,1634,1637/obj/lora/8c1f646190001790/battery,3664.0,
1781674030,1637,1634,1637/obj/lora/8c1f646190001790/ambient_temp,21.5,
1781674030,1637,1634,1637/obj/lora/8c1f646190001790/battery_recovered,3696.0,
1781674030,1637,1634,1637/obj/lora/8c1f646190001790/error_code,0.0,
1781674030,1637,1634,1637/obj/lora/8c1f646190001790/spreading_factor,7.0,
1781674030,1637,1634,1637/obj/lora/8c1f646190001790/leak_status,2.0,
1781674030,1637,1634,1637/obj/lora/8c1f646190001790/payload,1.0,9ebf0903000049230000db34030099b10903dbfd4d0202e9ed525253
1781674030,1637,1634,1637/obj/lora/8c1f646190001790/gateway_snr,3.200000047683716,24e124fffef949f8
1781674030,1637,1634,1637/obj/lora/8c1f646190001790/water_temp_max,21.0,
1781674030,1637,1634,1637/obj/lora/8c1f646190001790/bandwidth,125000.0,
1781674030,1637,1634,1637/obj/lora/8c1f646190001790/total_volume,9033.0,
1781674030,1637,1634,1637/obj/lora/8c1f646190001790/water_temp_min,21.0,
1781674040,1637,1634,1637/obj/lora/8c1f6461900021a9/water_temp_min,20.5,
1781674040,1637,1634,1637/obj/lora/8c1f6461900021a9/error_code,0.0,
1781674040,1637,1634,1637/obj/lora/8c1f6461900021a9/water_temp_max,20.5,
1781674040,1637,1634,1637/obj/lora/8c1f6461900021a9/payload,1.0,7cac0903000009cb0000f8f81100709e090389fddb0302e2e9515152
1781674040,1637,1634,1637/obj/lora/8c1f6461900021a9/leak_status,2.0,
1781674040,1637,1634,1637/obj/lora/8c1f6461900021a9/ambient_temp,21.0,
1781674040,1637,1634,1637/obj/lora/8c1f6461900021a9/,0.0,
1781674040,1637,1634,1637/obj/lora/8c1f6461900021a9/battery_recovered,3664.0,
1781674040,1637,1634,1637/obj/lora/8c1f6461900021a9/spreading_factor,7.0,
1781674040,1637,1634,1637/obj/lora/8c1f6461900021a9/bandwidth,125000.0,
1781674040,1637,1634,1637/obj/lora/8c1f6461900021a9/gateway_snr,2.0,24e124fffef949f8
1781674040,1637,1634,1637/obj/lora/8c1f6461900021a9/gateway_rssi,-110.0,24e124fffef949f8
1781674040,1637,1634,1637/obj/lora/8c1f6461900021a9/total_volume,51977.0,
1781674040,1637,1634,1637/obj/lora/8c1f6461900021a9/frame_counter,7888.0,
1781674040,1637,1634,1637/obj/lora/8c1f6461900021a9/battery,3608.0,
1781674128,1637,1634,1637/obj/lora/8c1f646190002012/bandwidth,125000.0,
1781674128,1637,1634,1637/obj/lora/8c1f646190002012/payload,1.0,318b090300006f520000e1cd0700347d0903aafeb90302e7e9545554
1781674128,1637,1634,1637/obj/lora/8c1f646190002012/leak_status,2.0,
1781674128,1637,1634,1637/obj/lora/8c1f646190002012/ambient_temp,22.0,
1781674128,1637,1634,1637/obj/lora/8c1f646190002012/gateway_rssi,-105.0,24e124fffef949f8
1781674128,1637,1634,1637/obj/lora/8c1f646190002012/total_volume,21103.0,
1781674128,1637,1634,1637/obj/lora/8c1f646190002012/battery_recovered,3664.0,
1781674128,1637,1634,1637/obj/lora/8c1f646190002012/gateway_snr,6.800000190734863,24e124fffef949f8
1781674128,1637,1634,1637/obj/lora/8c1f646190002012/spreading_factor,7.0,
1781674128,1637,1634,1637/obj/lora/8c1f646190002012/error_code,0.0,
1781674128,1637,1634,1637/obj/lora/8c1f646190002012/water_temp_min,22.0,
1781674128,1637,1634,1637/obj/lora/8c1f646190002012/water_temp_max,22.5,
1781674128,1637,1634,1637/obj/lora/8c1f646190002012/,0.0,
1781674128,1637,1634,1637/obj/lora/8c1f646190002012/battery,3648.0,
1781674128,1637,1634,1637/obj/lora/8c1f646190002012/frame_counter,2856.0,
1781674327,1637,1634,1637/obj/lora/8c1f646190001af8/spreading_factor,7.0,
1781674327,1637,1634,1637/obj/lora/8c1f646190001af8/ambient_temp,21.0,
1781674327,1637,1634,1637/obj/lora/8c1f646190001af8/leak_status,2.0,
1781674327,1637,1634,1637/obj/lora/8c1f646190001af8/,0.0,
1781674327,1637,1634,1637/obj/lora/8c1f646190001af8/frame_counter,7617.0,
1781674327,1637,1634,1637/obj/lora/8c1f646190001af8/payload,1.0,418d090300007063000026000000397f09031701670202dee8535452
1781674327,1637,1634,1637/obj/lora/8c1f646190001af8/gateway_rssi,-104.0,24e124fffef94d5c
1781674327,1637,1634,1637/obj/lora/8c1f646190001af8/battery_recovered,3656.0,
1781674327,1637,1634,1637/obj/lora/8c1f646190001af8/gateway_snr,3.799999952316284,24e124fffef94d5c
1781674327,1637,1634,1637/obj/lora/8c1f646190001af8/water_temp_min,21.5,
1781674327,1637,1634,1637/obj/lora/8c1f646190001af8/bandwidth,125000.0,
1781674327,1637,1634,1637/obj/lora/8c1f646190001af8/battery,3576.0,
1781674327,1637,1634,1637/obj/lora/8c1f646190001af8/total_volume,25456.0,
1781674327,1637,1634,1637/obj/lora/8c1f646190001af8/water_temp_max,22.0,
1781674327,1637,1634,1637/obj/lora/8c1f646190001af8/error_code,0.0,
1781674366,1637,1634,1637/obj/lora/8c1f6461900017e3/payload,1.0,2fb409030000e70c0100e401000044a60903cbfbbb1002e7e95c5c58
1781674366,1637,1634,1637/obj/lora/8c1f6461900017e3/spreading_factor,7.0,
1781674366,1637,1634,1637/obj/lora/8c1f6461900017e3/battery,3648.0,
1781674366,1637,1634,1637/obj/lora/8c1f6461900017e3/,0.0,
1781674366,1637,1634,1637/obj/lora/8c1f6461900017e3/water_temp_max,26.0,
1781674366,1637,1634,1637/obj/lora/8c1f6461900017e3/total_volume,68839.0,
1781674366,1637,1634,1637/obj/lora/8c1f6461900017e3/error_code,0.0,
1781674366,1637,1634,1637/obj/lora/8c1f6461900017e3/water_temp_min,26.0,
1781674366,1637,1634,1637/obj/lora/8c1f6461900017e3/leak_status,2.0,
1781674366,1637,1634,1637/obj/lora/8c1f6461900017e3/ambient_temp,24.0,
1781674366,1637,1634,1637/obj/lora/8c1f6461900017e3/gateway_rssi,-111.0,24e124fffef949f8
1781674366,1637,1634,1637/obj/lora/8c1f6461900017e3/frame_counter,3598.0,
1781674366,1637,1634,1637/obj/lora/8c1f6461900017e3/battery_recovered,3664.0,
1781674366,1637,1634,1637/obj/lora/8c1f6461900017e3/gateway_snr,0.5,24e124fffef949f8
1781674366,1637,1634,1637/obj/lora/8c1f6461900017e3/bandwidth,125000.0,
1781674393,1637,1634,1637/obj/lora/24e124725d489523/bandwidth,125000.0,
1781674393,1637,1634,1637/obj/lora/24e124725d489523/temperature,20.7,
1781674393,1637,1634,1637/obj/lora/24e124725d489523/gateway_snr,3.200000047683716,24e124fffef949f8
1781674393,1637,1634,1637/obj/lora/24e124725d489523/humidity,48.0,
1781674393,1637,1634,1637/obj/lora/24e124725d489523/payload,85.0,0175270367cf00046860
1781674393,1637,1634,1637/obj/lora/24e124725d489523/gateway_rssi,-110.0,24e124fffef949f8
1781674393,1637,1634,1637/obj/lora/24e124725d489523/spreading_factor,7.0,
1781674393,1637,1634,1637/obj/lora/24e124725d489523/battery,39.0,
1781674393,1637,1634,1637/obj/lora/24e124725d489523/frame_counter,7499.0,
1781674393,1637,1634,1637/obj/lora/24e124725d489523/,0.0,
1781674395,1637,1634,1637/obj/lora/8c1f6461900021c1/ambient_temp,20.0,
1781674395,1637,1634,1637/obj/lora/8c1f6461900021c1/payload,1.0,b2c50903000016c101001af30500000000000000000000e0e94f5050
1781674395,1637,1634,1637/obj/lora/8c1f6461900021c1/leak_status,0.0,
1781674395,1637,1634,1637/obj/lora/8c1f6461900021c1/,0.0,
1781674395,1637,1634,1637/obj/lora/8c1f6461900021c1/error_code,0.0,
1781674395,1637,1634,1637/obj/lora/8c1f6461900021c1/water_temp_min,19.5,
1781674395,1637,1634,1637/obj/lora/8c1f6461900021c1/bandwidth,125000.0,
1781674395,1637,1634,1637/obj/lora/8c1f6461900021c1/frame_counter,7663.0,
1781674395,1637,1634,1637/obj/lora/8c1f6461900021c1/battery_recovered,3664.0,
1781674395,1637,1634,1637/obj/lora/8c1f6461900021c1/spreading_factor,7.0,
1781674395,1637,1634,1637/obj/lora/8c1f6461900021c1/total_volume,114966.0,
1781674395,1637,1634,1637/obj/lora/8c1f6461900021c1/gateway_snr,0.800000011920929,24e124fffef94d5c
1781674395,1637,1634,1637/obj/lora/8c1f6461900021c1/water_temp_max,20.0,
1781674395,1637,1634,1637/obj/lora/8c1f6461900021c1/gateway_rssi,-106.0,24e124fffef94d5c
1781674395,1637,1634,1637/obj/lora/8c1f6461900021c1/battery,3592.0,
1781674460,1637,1634,1637/obj/lora/8c1f6461900021e2/spreading_factor,7.0,
1781674460,1637,1634,1637/obj/lora/8c1f6461900021e2/water_temp_min,17.0,
1781674460,1637,1634,1637/obj/lora/8c1f6461900021e2/gateway_rssi,-105.0,24e124fffef949f8
1781674460,1637,1634,1637/obj/lora/8c1f6461900021e2/battery_recovered,3672.0,
1781674460,1637,1634,1637/obj/lora/8c1f6461900021e2/payload,1.0,07c609030000d5dd0000320000005fc30903d609940e02e5ea4a5759
1781674460,1637,1634,1637/obj/lora/8c1f6461900021e2/total_volume,56789.0,
1781674460,1637,1634,1637/obj/lora/8c1f6461900021e2/error_code,0.0,
1781674460,1637,1634,1637/obj/lora/8c1f6461900021e2/ambient_temp,24.5,
1781674460,1637,1634,1637/obj/lora/8c1f6461900021e2/water_temp_max,23.5,
1781674460,1637,1634,1637/obj/lora/8c1f6461900021e2/battery,3632.0,
1781674460,1637,1634,1637/obj/lora/8c1f6461900021e2/,0.0,
1781674460,1637,1634,1637/obj/lora/8c1f6461900021e2/gateway_snr,7.5,24e124fffef949f8
1781674460,1637,1634,1637/obj/lora/8c1f6461900021e2/bandwidth,125000.0,
1781674460,1637,1634,1637/obj/lora/8c1f6461900021e2/frame_counter,3641.0,
1781674460,1637,1634,1637/obj/lora/8c1f6461900021e2/leak_status,2.0,
1781674528,1637,1634,1637/obj/lora/8c1f6461900020a5/spreading_factor,7.0,
1781674528,1637,1634,1637/obj/lora/8c1f6461900020a5/gateway_snr,6.800000190734863,24e124fffef94d5c
1781674528,1637,1634,1637/obj/lora/8c1f6461900020a5/bandwidth,125000.0,
1781674528,1637,1634,1637/obj/lora/8c1f6461900020a5/leak_status,2.0,
1781674528,1637,1634,1637/obj/lora/8c1f6461900020a5/battery_recovered,3656.0,
1781674528,1637,1634,1637/obj/lora/8c1f6461900020a5/gateway_rssi,-100.0,24e124fffef94d5c
1781674528,1637,1634,1637/obj/lora/8c1f6461900020a5/water_temp_min,22.0,
1781674528,1637,1634,1637/obj/lora/8c1f6461900020a5/,0.0,
1781674528,1637,1634,1637/obj/lora/8c1f6461900020a5/ambient_temp,23.5,
1781674528,1637,1634,1637/obj/lora/8c1f6461900020a5/frame_counter,7605.0,
1781674528,1637,1634,1637/obj/lora/8c1f6461900020a5/error_code,0.0,
1781674528,1637,1634,1637/obj/lora/8c1f6461900020a5/water_temp_max,25.0,
1781674528,1637,1634,1637/obj/lora/8c1f6461900020a5/battery,3592.0,
1781674528,1637,1634,1637/obj/lora/8c1f6461900020a5/total_volume,15397.0,
1781674528,1637,1634,1637/obj/lora/8c1f6461900020a5/payload,1.0,f4cf09030000253c0000000000000fc209031200df0402e0e8545a57
1781674591,1637,1634,1637/obj/lora/8c1f646190001ba9/gateway_snr,4.199999809265137,24e124fffef949f8
1781674591,1637,1634,1637/obj/lora/8c1f646190001ba9/spreading_factor,7.0,
1781674591,1637,1634,1637/obj/lora/8c1f646190001ba9/error_code,0.0,
1781674591,1637,1634,1637/obj/lora/8c1f646190001ba9/battery,3600.0,
1781674591,1637,1634,1637/obj/lora/8c1f646190001ba9/total_volume,31771.0,
1781674591,1637,1634,1637/obj/lora/8c1f646190001ba9/gateway_rssi,-109.0,24e124fffef949f8
1781674591,1637,1634,1637/obj/lora/8c1f646190001ba9/battery_recovered,3672.0,
1781674591,1637,1634,1637/obj/lora/8c1f646190001ba9/,0.0,
1781674591,1637,1634,1637/obj/lora/8c1f646190001ba9/water_temp_max,22.0,
1781674591,1637,1634,1637/obj/lora/8c1f646190001ba9/frame_counter,7074.0,
1781674591,1637,1634,1637/obj/lora/8c1f646190001ba9/bandwidth,125000.0,
1781674591,1637,1634,1637/obj/lora/8c1f646190001ba9/ambient_temp,22.0,
1781674591,1637,1634,1637/obj/lora/8c1f646190001ba9/water_temp_min,21.5,
1781674591,1637,1634,1637/obj/lora/8c1f646190001ba9/payload,1.0,86b7090300001b7c0000a1430b00a1a90903fc02210202e1ea535454
1781674591,1637,1634,1637/obj/lora/8c1f646190001ba9/leak_status,2.0,
1781674611,1637,1634,1637/obj/lora/8c1f6461900018ba/payload,1.0,687f09030000ad1d000000000000917109039c00c90202dfea525251
1781674611,1637,1634,1637/obj/lora/8c1f6461900018ba/water_temp_max,21.0,
1781674611,1637,1634,1637/obj/lora/8c1f6461900018ba/water_temp_min,21.0,
1781674611,1637,1634,1637/obj/lora/8c1f6461900018ba/error_code,0.0,
1781674611,1637,1634,1637/obj/lora/8c1f6461900018ba/spreading_factor,7.0,
1781674611,1637,1634,1637/obj/lora/8c1f6461900018ba/battery_recovered,3672.0,
1781674611,1637,1634,1637/obj/lora/8c1f6461900018ba/leak_status,2.0,
1781674611,1637,1634,1637/obj/lora/8c1f6461900018ba/frame_counter,5750.0,
1781674611,1637,1634,1637/obj/lora/8c1f6461900018ba/bandwidth,125000.0,
1781674611,1637,1634,1637/obj/lora/8c1f6461900018ba/total_volume,7597.0,
1781674611,1637,1634,1637/obj/lora/8c1f6461900018ba/gateway_snr,5.0,24e124fffef94d5c
1781674611,1637,1634,1637/obj/lora/8c1f6461900018ba/ambient_temp,20.5,
1781674611,1637,1634,1637/obj/lora/8c1f6461900018ba/,0.0,
1781674611,1637,1634,1637/obj/lora/8c1f6461900018ba/gateway_rssi,-104.0,24e124fffef94d5c
1781674611,1637,1634,1637/obj/lora/8c1f6461900018ba/battery,3584.0,
1781674676,1637,1634,1637/obj/lora/8c1f646190001fcb/spreading_factor,7.0,
1781674676,1637,1634,1637/obj/lora/8c1f646190001fcb/total_volume,23919.0,
1781674676,1637,1634,1637/obj/lora/8c1f646190001fcb/water_temp_max,22.5,
1781674676,1637,1634,1637/obj/lora/8c1f646190001fcb/battery,3632.0,
1781674676,1637,1634,1637/obj/lora/8c1f646190001fcb/error_code,0.0,
1781674676,1637,1634,1637/obj/lora/8c1f646190001fcb/ambient_temp,22.0,
1781674676,1637,1634,1637/obj/lora/8c1f646190001fcb/leak_status,2.0,
1781674676,1637,1634,1637/obj/lora/8c1f646190001fcb/battery_recovered,3696.0,
1781674676,1637,1634,1637/obj/lora/8c1f646190001fcb/frame_counter,7388.0,
1781674676,1637,1634,1637/obj/lora/8c1f646190001fcb/water_temp_min,22.0,
1781674676,1637,1634,1637/obj/lora/8c1f646190001fcb/,0.0,
1781674676,1637,1634,1637/obj/lora/8c1f646190001fcb/bandwidth,125000.0,
1781674676,1637,1634,1637/obj/lora/8c1f646190001fcb/payload,1.0,716c0d0300006f5d000000000000635e0d03cb02ed0502e5ed545554
1781674676,1637,1634,1637/obj/lora/8c1f646190001fcb/gateway_rssi,-107.0,24e124fffef94d5c
1781674676,1637,1634,1637/obj/lora/8c1f646190001fcb/gateway_snr,-1.5,24e124fffef94d5c
1781674691,1637,1634,1637/obj/lora/8c1f646190002244/frame_counter,6477.0,
1781674691,1637,1634,1637/obj/lora/8c1f646190002244/water_temp_max,23.0,
1781674691,1637,1634,1637/obj/lora/8c1f646190002244/gateway_rssi,-103.0,24e124fffef94d5c
1781674691,1637,1634,1637/obj/lora/8c1f646190002244/payload,1.0,1f890903000008b9010003000000000000000000000000e3ea555655
1781674691,1637,1634,1637/obj/lora/8c1f646190002244/total_volume,112904.0,
1781674691,1637,1634,1637/obj/lora/8c1f646190002244/battery_recovered,3672.0,
1781674691,1637,1634,1637/obj/lora/8c1f646190002244/error_code,0.0,
1781674691,1637,1634,1637/obj/lora/8c1f646190002244/spreading_factor,7.0,
1781674691,1637,1634,1637/obj/lora/8c1f646190002244/water_temp_min,22.5,
1781674691,1637,1634,1637/obj/lora/8c1f646190002244/gateway_snr,4.0,24e124fffef94d5c
1781674691,1637,1634,1637/obj/lora/8c1f646190002244/ambient_temp,22.5,
1781674691,1637,1634,1637/obj/lora/8c1f646190002244/bandwidth,125000.0,
1781674691,1637,1634,1637/obj/lora/8c1f646190002244/leak_status,0.0,
1781674691,1637,1634,1637/obj/lora/8c1f646190002244/,0.0,
1781674691,1637,1634,1637/obj/lora/8c1f646190002244/battery,3616.0,
1781674776,1637,1634,1637/obj/lora/8c1f6461900021bd/error_code,0.0,
1781674776,1637,1634,1637/obj/lora/8c1f6461900021bd/water_temp_max,22.0,
1781674776,1637,1634,1637/obj/lora/8c1f6461900021bd/leak_status,0.0,
1781674776,1637,1634,1637/obj/lora/8c1f6461900021bd/water_temp_min,16.0,
1781674776,1637,1634,1637/obj/lora/8c1f6461900021bd/battery,3576.0,
1781674776,1637,1634,1637/obj/lora/8c1f6461900021bd/frame_counter,6632.0,
1781674776,1637,1634,1637/obj/lora/8c1f6461900021bd/payload,1.0,aec0090300007918010000000000000000000000000000dee8485454
1781674776,1637,1634,1637/obj/lora/8c1f6461900021bd/gateway_snr,1.5,24e124fffef94d5c
1781674776,1637,1634,1637/obj/lora/8c1f6461900021bd/gateway_rssi,-106.0,24e124fffef94d5c
1781674776,1637,1634,1637/obj/lora/8c1f6461900021bd/bandwidth,125000.0,
1781674776,1637,1634,1637/obj/lora/8c1f6461900021bd/spreading_factor,7.0,
1781674776,1637,1634,1637/obj/lora/8c1f6461900021bd/,0.0,
1781674776,1637,1634,1637/obj/lora/8c1f6461900021bd/battery_recovered,3656.0,
1781674776,1637,1634,1637/obj/lora/8c1f6461900021bd/total_volume,71801.0,
1781674776,1637,1634,1637/obj/lora/8c1f6461900021bd/ambient_temp,22.0,
1781674993,1637,1634,1637/obj/lora/24e124725d489523/frame_counter,7500.0,
1781674993,1637,1634,1637/obj/lora/24e124725d489523/spreading_factor,7.0,
1781674993,1637,1634,1637/obj/lora/24e124725d489523/battery,39.0,
1781674993,1637,1634,1637/obj/lora/24e124725d489523/gateway_snr,3.5,24e124fffef949f8
1781674993,1637,1634,1637/obj/lora/24e124725d489523/humidity,47.5,
1781674993,1637,1634,1637/obj/lora/24e124725d489523/bandwidth,125000.0,
1781674993,1637,1634,1637/obj/lora/24e124725d489523/,0.0,
1781674993,1637,1634,1637/obj/lora/24e124725d489523/temperature,20.6,
1781674993,1637,1634,1637/obj/lora/24e124725d489523/payload,85.0,0175270367ce0004685f
1781674993,1637,1634,1637/obj/lora/24e124725d489523/gateway_rssi,-109.0,24e124fffef949f8
1781675146,1637,1634,1637/obj/lora/8c1f64619000227c/battery,3576.0,
1781675146,1637,1634,1637/obj/lora/8c1f64619000227c/frame_counter,7520.0,
1781675146,1637,1634,1637/obj/lora/8c1f64619000227c/water_temp_max,23.0,
1781675146,1637,1634,1637/obj/lora/8c1f64619000227c/ambient_temp,23.5,
1781675146,1637,1634,1637/obj/lora/8c1f64619000227c/battery_recovered,3664.0,
1781675146,1637,1634,1637/obj/lora/8c1f64619000227c/total_volume,12937.0,
1781675146,1637,1634,1637/obj/lora/8c1f64619000227c/water_temp_min,22.5,
1781675146,1637,1634,1637/obj/lora/8c1f64619000227c/leak_status,2.0,
1781675146,1637,1634,1637/obj/lora/8c1f64619000227c/,0.0,
1781675146,1637,1634,1637/obj/lora/8c1f64619000227c/spreading_factor,7.0,
1781675146,1637,1634,1637/obj/lora/8c1f64619000227c/bandwidth,125000.0,
1781675146,1637,1634,1637/obj/lora/8c1f64619000227c/error_code,0.0,
1781675146,1637,1634,1637/obj/lora/8c1f64619000227c/gateway_rssi,-110.0,24e124fffef949f8
1781675146,1637,1634,1637/obj/lora/8c1f64619000227c/payload,1.0,80970903000089320000e7ad04007589090340fec10002dee9555657
1781675146,1637,1634,1637/obj/lora/8c1f64619000227c/gateway_snr,1.5,24e124fffef949f8
1781675176,1637,1634,1637/obj/lora/8c1f64619000171c/gateway_rssi,-109.0,24e124fffef949f8
1781675176,1637,1634,1637/obj/lora/8c1f64619000171c/gateway_snr,2.200000047683716,24e124fffef949f8
1781675176,1637,1634,1637/obj/lora/8c1f64619000171c/leak_status,2.0,
1781675176,1637,1634,1637/obj/lora/8c1f64619000171c/battery,3640.0,
1781675176,1637,1634,1637/obj/lora/8c1f64619000171c/,0.0,
1781675176,1637,1634,1637/obj/lora/8c1f64619000171c/spreading_factor,7.0,
1781675176,1637,1634,1637/obj/lora/8c1f64619000171c/total_volume,17945.0,
1781675176,1637,1634,1637/obj/lora/8c1f64619000171c/water_temp_min,23.0,
1781675176,1637,1634,1637/obj/lora/8c1f64619000171c/water_temp_max,24.0,
1781675176,1637,1634,1637/obj/lora/8c1f64619000171c/ambient_temp,23.0,
1781675176,1637,1634,1637/obj/lora/8c1f64619000171c/frame_counter,3605.0,
1781675176,1637,1634,1637/obj/lora/8c1f64619000171c/error_code,0.0,
1781675176,1637,1634,1637/obj/lora/8c1f64619000171c/bandwidth,125000.0,
1781675176,1637,1634,1637/obj/lora/8c1f64619000171c/payload,1.0,69750d030000194600001200000078670d030a03630202e6ea565856
1781675176,1637,1634,1637/obj/lora/8c1f64619000171c/battery_recovered,3672.0,
1781675177,1637,1634,1637/obj/lora/8c1f646190001c1f/water_temp_min,23.5,
1781675177,1637,1634,1637/obj/lora/8c1f646190001c1f/gateway_snr,-8.199999809265137,24e124fffef949f8
1781675177,1637,1634,1637/obj/lora/8c1f646190001c1f/leak_status,2.0,
1781675177,1637,1634,1637/obj/lora/8c1f646190001c1f/payload,1.0,7dba0903000020ac000000000000f7af09030c027d1102e4ec575856
1781675177,1637,1634,1637/obj/lora/8c1f646190001c1f/error_code,0.0,
1781675177,1637,1634,1637/obj/lora/8c1f646190001c1f/battery,3624.0,
1781675177,1637,1634,1637/obj/lora/8c1f646190001c1f/water_temp_max,24.0,
1781675177,1637,1634,1637/obj/lora/8c1f646190001c1f/spreading_factor,7.0,
1781675177,1637,1634,1637/obj/lora/8c1f646190001c1f/bandwidth,125000.0,
1781675177,1637,1634,1637/obj/lora/8c1f646190001c1f/,0.0,
1781675177,1637,1634,1637/obj/lora/8c1f646190001c1f/battery_recovered,3688.0,
1781675177,1637,1634,1637/obj/lora/8c1f646190001c1f/total_volume,44064.0,
1781675177,1637,1634,1637/obj/lora/8c1f646190001c1f/gateway_rssi,-99.0,24e124fffef949f8
1781675177,1637,1634,1637/obj/lora/8c1f646190001c1f/ambient_temp,23.0,
1781675177,1637,1634,1637/obj/lora/8c1f646190001c1f/frame_counter,1938.0,
1781675275,1637,1634,1637/obj/lora/8c1f646190001fc1/water_temp_min,22.0,
1781675275,1637,1634,1637/obj/lora/8c1f646190001fc1/payload,1.0,53c0090300008ac50000871c0a004ab20903ab03a10902dee6545954
1781675275,1637,1634,1637/obj/lora/8c1f646190001fc1/gateway_snr,11.0,24e124fffef94d5c
1781675275,1637,1634,1637/obj/lora/8c1f646190001fc1/gateway_rssi,-95.0,24e124fffef94d5c
1781675275,1637,1634,1637/obj/lora/8c1f646190001fc1/bandwidth,125000.0,
1781675275,1637,1634,1637/obj/lora/8c1f646190001fc1/battery,3576.0,
1781675275,1637,1634,1637/obj/lora/8c1f646190001fc1/,0.0,
1781675275,1637,1634,1637/obj/lora/8c1f646190001fc1/spreading_factor,7.0,
1781675275,1637,1634,1637/obj/lora/8c1f646190001fc1/ambient_temp,22.0,
1781675275,1637,1634,1637/obj/lora/8c1f646190001fc1/error_code,0.0,
1781675275,1637,1634,1637/obj/lora/8c1f646190001fc1/total_volume,50570.0,
1781675275,1637,1634,1637/obj/lora/8c1f646190001fc1/frame_counter,6894.0,
1781675275,1637,1634,1637/obj/lora/8c1f646190001fc1/leak_status,2.0,
1781675275,1637,1634,1637/obj/lora/8c1f646190001fc1/water_temp_max,24.5,
1781675275,1637,1634,1637/obj/lora/8c1f646190001fc1/battery_recovered,3640.0,
1781675364,1637,1634,1637/obj/lora/8c1f646190001501/,0.0,
1781675364,1637,1634,1637/obj/lora/8c1f646190001501/ambient_temp,22.0,
1781675364,1637,1634,1637/obj/lora/8c1f646190001501/gateway_snr,10.800000190734863,24e124fffef949f8
1781675364,1637,1634,1637/obj/lora/8c1f646190001501/water_temp_min,22.0,
1781675364,1637,1634,1637/obj/lora/8c1f646190001501/spreading_factor,7.0,
1781675364,1637,1634,1637/obj/lora/8c1f646190001501/payload,1.0,c2be0e030000ce540000028e0600f0b00e0374fe3d0402eaed545454
1781675364,1637,1634,1637/obj/lora/8c1f646190001501/battery_recovered,3696.0,
1781675364,1637,1634,1637/obj/lora/8c1f646190001501/error_code,0.0,
1781675364,1637,1634,1637/obj/lora/8c1f646190001501/frame_counter,3293.0,
1781675364,1637,1634,1637/obj/lora/8c1f646190001501/gateway_rssi,-100.0,24e124fffef949f8
1781675364,1637,1634,1637/obj/lora/8c1f646190001501/total_volume,21710.0,
1781675364,1637,1634,1637/obj/lora/8c1f646190001501/leak_status,2.0,
1781675364,1637,1634,1637/obj/lora/8c1f646190001501/battery,3672.0,
1781675364,1637,1634,1637/obj/lora/8c1f646190001501/bandwidth,125000.0,
1781675364,1637,1634,1637/obj/lora/8c1f646190001501/water_temp_max,22.0,
1781675370,1637,1634,1637/obj/lora/8c1f646190001bea/,0.0,
1781675370,1637,1634,1637/obj/lora/8c1f646190001bea/gateway_rssi,-107.0,24e124fffef94d5c
1781675370,1637,1634,1637/obj/lora/8c1f646190001bea/error_code,0.0,
1781675370,1637,1634,1637/obj/lora/8c1f646190001bea/frame_counter,7691.0,
1781675370,1637,1634,1637/obj/lora/8c1f646190001bea/leak_status,2.0,
1781675370,1637,1634,1637/obj/lora/8c1f646190001bea/water_temp_min,22.0,
1781675370,1637,1634,1637/obj/lora/8c1f646190001bea/water_temp_max,22.5,
1781675370,1637,1634,1637/obj/lora/8c1f646190001bea/spreading_factor,7.0,
1781675370,1637,1634,1637/obj/lora/8c1f646190001bea/total_volume,34015.0,
1781675370,1637,1634,1637/obj/lora/8c1f646190001bea/ambient_temp,22.0,
1781675370,1637,1634,1637/obj/lora/8c1f646190001bea/bandwidth,125000.0,
1781675370,1637,1634,1637/obj/lora/8c1f646190001bea/battery_recovered,3656.0,
1781675370,1637,1634,1637/obj/lora/8c1f646190001bea/battery,3592.0,
1781675370,1637,1634,1637/obj/lora/8c1f646190001bea/payload,1.0,2eab09030000df840000206c0c003f9d090352fed80102e0e8545554
1781675370,1637,1634,1637/obj/lora/8c1f646190001bea/gateway_snr,0.5,24e124fffef94d5c
1781675504,1637,1634,1637/obj/lora/8c1f646190001833/spreading_factor,7.0,
1781675504,1637,1634,1637/obj/lora/8c1f646190001833/,0.0,
1781675504,1637,1634,1637/obj/lora/8c1f646190001833/frame_counter,5850.0,
1781675504,1637,1634,1637/obj/lora/8c1f646190001833/payload,1.0,6d8309030000262e0000000000006e7509030004470102e2ec535454
1781675504,1637,1634,1637/obj/lora/8c1f646190001833/leak_status,2.0,
1781675504,1637,1634,1637/obj/lora/8c1f646190001833/total_volume,11814.0,
1781675504,1637,1634,1637/obj/lora/8c1f646190001833/ambient_temp,22.0,
1781675504,1637,1634,1637/obj/lora/8c1f646190001833/battery_recovered,3688.0,
1781675504,1637,1634,1637/obj/lora/8c1f646190001833/water_temp_max,22.0,
1781675504,1637,1634,1637/obj/lora/8c1f646190001833/battery,3608.0,
1781675504,1637,1634,1637/obj/lora/8c1f646190001833/error_code,0.0,
1781675504,1637,1634,1637/obj/lora/8c1f646190001833/water_temp_min,21.5,
1781675504,1637,1634,1637/obj/lora/8c1f646190001833/gateway_rssi,-106.0,24e124fffef94d5c
1781675504,1637,1634,1637/obj/lora/8c1f646190001833/gateway_snr,2.5,24e124fffef94d5c
1781675504,1637,1634,1637/obj/lora/8c1f646190001833/bandwidth,125000.0,
1781675592,1637,1634,1637/obj/lora/24e124725d489523/humidity,47.5,
1781675592,1637,1634,1637/obj/lora/24e124725d489523/gateway_snr,-2.5,24e124fffef949f8
1781675592,1637,1634,1637/obj/lora/24e124725d489523/bandwidth,125000.0,
1781675592,1637,1634,1637/obj/lora/24e124725d489523/frame_counter,7501.0,
1781675592,1637,1634,1637/obj/lora/24e124725d489523/gateway_rssi,-107.0,24e124fffef949f8
1781675592,1637,1634,1637/obj/lora/24e124725d489523/payload,85.0,0175270367ce0004685f
1781675592,1637,1634,1637/obj/lora/24e124725d489523/,0.0,
1781675592,1637,1634,1637/obj/lora/24e124725d489523/temperature,20.6,
1781675592,1637,1634,1637/obj/lora/24e124725d489523/battery,39.0,
1781675592,1637,1634,1637/obj/lora/24e124725d489523/spreading_factor,7.0,
1781675673,1637,1634,1637/obj/lora/8c1f6461900021e8/battery,3648.0,
1781675673,1637,1634,1637/obj/lora/8c1f6461900021e8/ambient_temp,23.5,
1781675673,1637,1634,1637/obj/lora/8c1f6461900021e8/payload,1.0,12cd0903000094b600007d6107001ebf09035200160a02e7eb5a5b57
1781675673,1637,1634,1637/obj/lora/8c1f6461900021e8/gateway_snr,3.200000047683716,24e124fffef949f8
1781675673,1637,1634,1637/obj/lora/8c1f6461900021e8/battery_recovered,3680.0,
1781675673,1637,1634,1637/obj/lora/8c1f6461900021e8/water_temp_max,25.5,
1781675673,1637,1634,1637/obj/lora/8c1f6461900021e8/water_temp_min,25.0,
1781675673,1637,1634,1637/obj/lora/8c1f6461900021e8/leak_status,2.0,
1781675673,1637,1634,1637/obj/lora/8c1f6461900021e8/bandwidth,125000.0,
1781675673,1637,1634,1637/obj/lora/8c1f6461900021e8/error_code,0.0,
1781675673,1637,1634,1637/obj/lora/8c1f6461900021e8/,0.0,
1781675673,1637,1634,1637/obj/lora/8c1f6461900021e8/spreading_factor,7.0,
1781675673,1637,1634,1637/obj/lora/8c1f6461900021e8/frame_counter,3451.0,
1781675673,1637,1634,1637/obj/lora/8c1f6461900021e8/total_volume,46740.0,
1781675673,1637,1634,1637/obj/lora/8c1f6461900021e8/gateway_rssi,-109.0,24e124fffef949f8
1781675685,1637,1634,1637/obj/lora/8c1f646190001ebd/leak_status,2.0,
1781675685,1637,1634,1637/obj/lora/8c1f646190001ebd/battery,3616.0,
1781675685,1637,1634,1637/obj/lora/8c1f646190001ebd/,0.0,
1781675685,1637,1634,1637/obj/lora/8c1f646190001ebd/spreading_factor,7.0,
1781675685,1637,1634,1637/obj/lora/8c1f646190001ebd/gateway_rssi,-106.0,24e124fffef949f8
1781675685,1637,1634,1637/obj/lora/8c1f646190001ebd/total_volume,27353.0,
1781675685,1637,1634,1637/obj/lora/8c1f646190001ebd/gateway_snr,6.199999809265137,24e124fffef949f8
1781675685,1637,1634,1637/obj/lora/8c1f646190001ebd/ambient_temp,22.5,
1781675685,1637,1634,1637/obj/lora/8c1f646190001ebd/battery_recovered,3696.0,
1781675685,1637,1634,1637/obj/lora/8c1f646190001ebd/frame_counter,7923.0,
1781675685,1637,1634,1637/obj/lora/8c1f646190001ebd/payload,1.0,f1c309030000d96a000000000000e6b5090378ff5e0802e3ed565755
1781675685,1637,1634,1637/obj/lora/8c1f646190001ebd/bandwidth,125000.0,
1781675685,1637,1634,1637/obj/lora/8c1f646190001ebd/water_temp_min,23.0,
1781675685,1637,1634,1637/obj/lora/8c1f646190001ebd/error_code,0.0,
1781675685,1637,1634,1637/obj/lora/8c1f646190001ebd/water_temp_max,23.5,
1781675756,1637,1634,1637/obj/lora/8c1f6461900021c5/,0.0,
1781675756,1637,1634,1637/obj/lora/8c1f6461900021c5/spreading_factor,7.0,
1781675756,1637,1634,1637/obj/lora/8c1f6461900021c5/error_code,0.0,
1781675756,1637,1634,1637/obj/lora/8c1f6461900021c5/total_volume,12224.0,
1781675756,1637,1634,1637/obj/lora/8c1f6461900021c5/payload,1.0,54b909030000c02f0000000000005eab090347e3da0102e1e9535354
1781675756,1637,1634,1637/obj/lora/8c1f6461900021c5/ambient_temp,22.0,
1781675756,1637,1634,1637/obj/lora/8c1f6461900021c5/battery,3600.0,
1781675756,1637,1634,1637/obj/lora/8c1f6461900021c5/gateway_rssi,-109.0,24e124fffef949f8
1781675756,1637,1634,1637/obj/lora/8c1f6461900021c5/water_temp_max,21.5,
1781675756,1637,1634,1637/obj/lora/8c1f6461900021c5/leak_status,2.0,
1781675756,1637,1634,1637/obj/lora/8c1f6461900021c5/gateway_snr,1.2000000476837158,24e124fffef949f8
1781675756,1637,1634,1637/obj/lora/8c1f6461900021c5/water_temp_min,21.5,
1781675756,1637,1634,1637/obj/lora/8c1f6461900021c5/battery_recovered,3664.0,
1781675756,1637,1634,1637/obj/lora/8c1f6461900021c5/frame_counter,6817.0,
1781675756,1637,1634,1637/obj/lora/8c1f6461900021c5/bandwidth,125000.0,
1781675802,1637,1634,1637/obj/lora/8c1f646190001901/battery,3584.0,
1781675802,1637,1634,1637/obj/lora/8c1f646190001901/water_temp_min,22.0,
1781675802,1637,1634,1637/obj/lora/8c1f646190001901/bandwidth,125000.0,
1781675802,1637,1634,1637/obj/lora/8c1f646190001901/gateway_snr,6.199999809265137,24e124fffef94d5c
1781675802,1637,1634,1637/obj/lora/8c1f646190001901/ambient_temp,21.5,
1781675802,1637,1634,1637/obj/lora/8c1f646190001901/battery_recovered,3680.0,
1781675802,1637,1634,1637/obj/lora/8c1f646190001901/gateway_rssi,-102.0,24e124fffef94d5c
1781675802,1637,1634,1637/obj/lora/8c1f646190001901/leak_status,2.0,
1781675802,1637,1634,1637/obj/lora/8c1f646190001901/,0.0,
1781675802,1637,1634,1637/obj/lora/8c1f646190001901/water_temp_max,22.0,
1781675802,1637,1634,1637/obj/lora/8c1f646190001901/payload,1.0,12be09030000df340000050000000db009039300a70202dfeb545453
1781675802,1637,1634,1637/obj/lora/8c1f646190001901/spreading_factor,7.0,
1781675802,1637,1634,1637/obj/lora/8c1f646190001901/total_volume,13535.0,
1781675802,1637,1634,1637/obj/lora/8c1f646190001901/frame_counter,7665.0,
1781675802,1637,1634,1637/obj/lora/8c1f646190001901/error_code,0.0,
1781675874,1637,1634,1637/obj/lora/8c1f646190001592/battery_recovered,3664.0,
1781675874,1637,1634,1637/obj/lora/8c1f646190001592/gateway_rssi,-102.0,24e124fffef949f8
1781675874,1637,1634,1637/obj/lora/8c1f646190001592/,0.0,
1781675874,1637,1634,1637/obj/lora/8c1f646190001592/water_temp_min,26.0,
1781675874,1637,1634,1637/obj/lora/8c1f646190001592/ambient_temp,24.5,
1781675874,1637,1634,1637/obj/lora/8c1f646190001592/battery,3616.0,
1781675874,1637,1634,1637/obj/lora/8c1f646190001592/gateway_snr,4.5,24e124fffef949f8
1781675874,1637,1634,1637/obj/lora/8c1f646190001592/bandwidth,125000.0,
1781675874,1637,1634,1637/obj/lora/8c1f646190001592/leak_status,2.0,
1781675874,1637,1634,1637/obj/lora/8c1f646190001592/payload,1.0,5a9d090300009c8300001dbc0b002e95090339fe190302e3e95c8259
1781675874,1637,1634,1637/obj/lora/8c1f646190001592/water_temp_max,45.0,
1781675874,1637,1634,1637/obj/lora/8c1f646190001592/error_code,0.0,
1781675874,1637,1634,1637/obj/lora/8c1f646190001592/frame_counter,3623.0,
1781675874,1637,1634,1637/obj/lora/8c1f646190001592/spreading_factor,7.0,
1781675874,1637,1634,1637/obj/lora/8c1f646190001592/total_volume,33692.0,
1781675908,1637,1634,1637/obj/lora/8c1f646190001c9b/battery,3592.0,
1781675908,1637,1634,1637/obj/lora/8c1f646190001c9b/water_temp_max,42.0,
1781675908,1637,1634,1637/obj/lora/8c1f646190001c9b/ambient_temp,25.0,
1781675908,1637,1634,1637/obj/lora/8c1f646190001c9b/spreading_factor,7.0,
1781675908,1637,1634,1637/obj/lora/8c1f646190001c9b/water_temp_min,41.5,
1781675908,1637,1634,1637/obj/lora/8c1f646190001c9b/error_code,0.0,
1781675908,1637,1634,1637/obj/lora/8c1f646190001c9b/frame_counter,7509.0,
1781675908,1637,1634,1637/obj/lora/8c1f646190001c9b/payload,1.0,5ab8090300009cb60000f5930e0080aa09034a03150702e0e97b7c5a
1781675908,1637,1634,1637/obj/lora/8c1f646190001c9b/bandwidth,125000.0,
1781675908,1637,1634,1637/obj/lora/8c1f646190001c9b/battery_recovered,3664.0,
1781675908,1637,1634,1637/obj/lora/8c1f646190001c9b/,0.0,
1781675908,1637,1634,1637/obj/lora/8c1f646190001c9b/gateway_snr,3.200000047683716,24e124fffef94d5c
1781675908,1637,1634,1637/obj/lora/8c1f646190001c9b/leak_status,2.0,
1781675908,1637,1634,1637/obj/lora/8c1f646190001c9b/total_volume,46748.0,
1781675908,1637,1634,1637/obj/lora/8c1f646190001c9b/gateway_rssi,-104.0,24e124fffef94d5c
1781675937,1637,1634,1637/obj/lora/8c1f646190001947/water_temp_min,22.0,
1781675937,1637,1634,1637/obj/lora/8c1f646190001947/frame_counter,7365.0,
1781675937,1637,1634,1637/obj/lora/8c1f646190001947/total_volume,38259.0,
1781675937,1637,1634,1637/obj/lora/8c1f646190001947/battery_recovered,3656.0,
1781675937,1637,1634,1637/obj/lora/8c1f646190001947/battery,3584.0,
1781675937,1637,1634,1637/obj/lora/8c1f646190001947/,0.0,
1781675937,1637,1634,1637/obj/lora/8c1f646190001947/payload,1.0,cad7090300007395000000000000f4c90903a8052d0a02dfe8545554
1781675937,1637,1634,1637/obj/lora/8c1f646190001947/leak_status,2.0,
1781675937,1637,1634,1637/obj/lora/8c1f646190001947/water_temp_max,22.5,
1781675937,1637,1634,1637/obj/lora/8c1f646190001947/ambient_temp,22.0,
1781675937,1637,1634,1637/obj/lora/8c1f646190001947/spreading_factor,7.0,
1781675937,1637,1634,1637/obj/lora/8c1f646190001947/bandwidth,125000.0,
1781675937,1637,1634,1637/obj/lora/8c1f646190001947/gateway_rssi,-104.0,24e124fffef94d5c
1781675937,1637,1634,1637/obj/lora/8c1f646190001947/gateway_snr,4.199999809265137,24e124fffef94d5c
1781675937,1637,1634,1637/obj/lora/8c1f646190001947/error_code,0.0,
1781675963,1637,1634,1637/obj/lora/8c1f64619000177c/gateway_snr,10.5,24e124fffef949f8
1781675963,1637,1634,1637/obj/lora/8c1f64619000177c/,0.0,
1781675963,1637,1634,1637/obj/lora/8c1f64619000177c/battery,3616.0,
1781675963,1637,1634,1637/obj/lora/8c1f64619000177c/spreading_factor,7.0,
1781675963,1637,1634,1637/obj/lora/8c1f64619000177c/ambient_temp,22.0,
1781675963,1637,1634,1637/obj/lora/8c1f64619000177c/water_temp_min,21.5,
1781675963,1637,1634,1637/obj/lora/8c1f64619000177c/battery_recovered,3680.0,
1781675963,1637,1634,1637/obj/lora/8c1f64619000177c/bandwidth,125000.0,
1781675963,1637,1634,1637/obj/lora/8c1f64619000177c/error_code,0.0,
1781675963,1637,1634,1637/obj/lora/8c1f64619000177c/frame_counter,6448.0,
1781675963,1637,1634,1637/obj/lora/8c1f64619000177c/leak_status,0.0,
1781675963,1637,1634,1637/obj/lora/8c1f64619000177c/gateway_rssi,-99.0,24e124fffef949f8
1781675963,1637,1634,1637/obj/lora/8c1f64619000177c/total_volume,57759.0,
1781675963,1637,1634,1637/obj/lora/8c1f64619000177c/water_temp_max,21.5,
1781675963,1637,1634,1637/obj/lora/8c1f64619000177c/payload,1.0,959e090300009fe1000000000000000000000000000000e3eb535354
1781675985,1637,1634,1637/obj/lora/8c1f646190001c1c/frame_counter,3670.0,
1781675985,1637,1634,1637/obj/lora/8c1f646190001c1c/ambient_temp,22.5,
1781675985,1637,1634,1637/obj/lora/8c1f646190001c1c/bandwidth,125000.0,
1781675985,1637,1634,1637/obj/lora/8c1f646190001c1c/error_code,0.0,
1781675985,1637,1634,1637/obj/lora/8c1f646190001c1c/water_temp_max,22.5,
1781675985,1637,1634,1637/obj/lora/8c1f646190001c1c/gateway_rssi,-110.0,24e124fffef949f8
1781675985,1637,1634,1637/obj/lora/8c1f646190001c1c/payload,1.0,a4970d030000349900004d0b0b00c5890d03ec02170802e4e8545555
1781675985,1637,1634,1637/obj/lora/8c1f646190001c1c/total_volume,39220.0,
1781675985,1637,1634,1637/obj/lora/8c1f646190001c1c/spreading_factor,7.0,
1781675985,1637,1634,1637/obj/lora/8c1f646190001c1c/battery_recovered,3656.0,
1781675985,1637,1634,1637/obj/lora/8c1f646190001c1c/gateway_snr,2.5,24e124fffef949f8
1781675985,1637,1634,1637/obj/lora/8c1f646190001c1c/water_temp_min,22.0,
1781675985,1637,1634,1637/obj/lora/8c1f646190001c1c/leak_status,2.0,
1781675985,1637,1634,1637/obj/lora/8c1f646190001c1c/,0.0,
1781675985,1637,1634,1637/obj/lora/8c1f646190001c1c/battery,3624.0,
1781676075,1637,1634,1637/obj/lora/8c1f6461900021db/leak_status,2.0,
1781676075,1637,1634,1637/obj/lora/8c1f6461900021db/battery_recovered,3664.0,
1781676075,1637,1634,1637/obj/lora/8c1f6461900021db/water_temp_min,20.5,
1781676075,1637,1634,1637/obj/lora/8c1f6461900021db/error_code,0.0,
1781676075,1637,1634,1637/obj/lora/8c1f6461900021db/frame_counter,7757.0,
1781676075,1637,1634,1637/obj/lora/8c1f6461900021db/spreading_factor,7.0,
1781676075,1637,1634,1637/obj/lora/8c1f6461900021db/,0.0,
1781676075,1637,1634,1637/obj/lora/8c1f6461900021db/bandwidth,125000.0,
1781676075,1637,1634,1637/obj/lora/8c1f6461900021db/water_temp_max,20.5,
1781676075,1637,1634,1637/obj/lora/8c1f6461900021db/payload,1.0,d29509030000d13a0000694f0500c6870903e7fff90002dde9515152
1781676075,1637,1634,1637/obj/lora/8c1f6461900021db/ambient_temp,21.0,
1781676075,1637,1634,1637/obj/lora/8c1f6461900021db/gateway_rssi,-105.0,24e124fffef94d5c
1781676075,1637,1634,1637/obj/lora/8c1f6461900021db/battery,3568.0,
1781676075,1637,1634,1637/obj/lora/8c1f6461900021db/total_volume,15057.0,
1781676075,1637,1634,1637/obj/lora/8c1f6461900021db/gateway_snr,3.0,24e124fffef94d5c
1781676172,1637,1634,1637/obj/lora/8c1f6461900020d1/battery_recovered,3648.0,
1781676172,1637,1634,1637/obj/lora/8c1f6461900020d1/gateway_snr,5.199999809265137,24e124fffef949f8
1781676172,1637,1634,1637/obj/lora/8c1f6461900020d1/gateway_rssi,-105.0,24e124fffef949f8
1781676172,1637,1634,1637/obj/lora/8c1f6461900020d1/,0.0,
1781676172,1637,1634,1637/obj/lora/8c1f6461900020d1/battery,3576.0,
1781676172,1637,1634,1637/obj/lora/8c1f6461900020d1/leak_status,2.0,
1781676172,1637,1634,1637/obj/lora/8c1f6461900020d1/spreading_factor,7.0,
1781676172,1637,1634,1637/obj/lora/8c1f6461900020d1/total_volume,13636.0,
1781676172,1637,1634,1637/obj/lora/8c1f6461900020d1/water_temp_max,23.0,
1781676172,1637,1634,1637/obj/lora/8c1f6461900020d1/ambient_temp,24.0,
1781676172,1637,1634,1637/obj/lora/8c1f6461900020d1/frame_counter,6347.0,
1781676172,1637,1634,1637/obj/lora/8c1f6461900020d1/water_temp_min,22.5,
1781676172,1637,1634,1637/obj/lora/8c1f6461900020d1/error_code,0.0,
1781676172,1637,1634,1637/obj/lora/8c1f6461900020d1/bandwidth,125000.0,
1781676172,1637,1634,1637/obj/lora/8c1f6461900020d1/payload,1.0,739a0903000044350000e6fd0400718c0903cc02d40102dee7555658
1781676192,1637,1634,1637/obj/lora/24e124725d489523/,0.0,
1781676192,1637,1634,1637/obj/lora/24e124725d489523/temperature,20.6,
1781676192,1637,1634,1637/obj/lora/24e124725d489523/spreading_factor,7.0,
1781676192,1637,1634,1637/obj/lora/24e124725d489523/gateway_rssi,-108.0,24e124fffef949f8
1781676192,1637,1634,1637/obj/lora/24e124725d489523/battery,39.0,
1781676192,1637,1634,1637/obj/lora/24e124725d489523/bandwidth,125000.0,
1781676192,1637,1634,1637/obj/lora/24e124725d489523/gateway_snr,4.199999809265137,24e124fffef949f8
1781676192,1637,1634,1637/obj/lora/24e124725d489523/humidity,47.5,
1781676192,1637,1634,1637/obj/lora/24e124725d489523/payload,85.0,0175270367ce0004685f
1781676192,1637,1634,1637/obj/lora/24e124725d489523/frame_counter,7502.0,
1781676217,1637,1634,1637/obj/lora/8c1f6461900019cb/water_temp_max,20.5,
1781676217,1637,1634,1637/obj/lora/8c1f6461900019cb/,0.0,
1781676217,1637,1634,1637/obj/lora/8c1f6461900019cb/battery_recovered,3688.0,
1781676217,1637,1634,1637/obj/lora/8c1f6461900019cb/ambient_temp,20.0,
1781676217,1637,1634,1637/obj/lora/8c1f6461900019cb/bandwidth,125000.0,
1781676217,1637,1634,1637/obj/lora/8c1f6461900019cb/water_temp_min,20.0,
1781676217,1637,1634,1637/obj/lora/8c1f6461900019cb/payload,1.0,129b090300003e29000000000000408d0903bd002f0502e0ec505150
1781676217,1637,1634,1637/obj/lora/8c1f6461900019cb/total_volume,10558.0,
1781676217,1637,1634,1637/obj/lora/8c1f6461900019cb/leak_status,2.0,
1781676217,1637,1634,1637/obj/lora/8c1f6461900019cb/gateway_rssi,-103.0,24e124fffef94d5c
1781676217,1637,1634,1637/obj/lora/8c1f6461900019cb/gateway_snr,4.5,24e124fffef94d5c
1781676217,1637,1634,1637/obj/lora/8c1f6461900019cb/error_code,0.0,
1781676217,1637,1634,1637/obj/lora/8c1f6461900019cb/battery,3592.0,
1781676217,1637,1634,1637/obj/lora/8c1f6461900019cb/spreading_factor,7.0,
1781676217,1637,1634,1637/obj/lora/8c1f6461900019cb/frame_counter,7815.0,
1781676224,1637,1634,1637/obj/lora/8c1f64619000170a/payload,1.0,c5dd09030000a55c02007c2706000cdd090379212e0c02e1e9565757
1781676224,1637,1634,1637/obj/lora/8c1f64619000170a/total_volume,154789.0,
1781676224,1637,1634,1637/obj/lora/8c1f64619000170a/,0.0,
1781676224,1637,1634,1637/obj/lora/8c1f64619000170a/gateway_snr,4.5,24e124fffef94d5c
1781676224,1637,1634,1637/obj/lora/8c1f64619000170a/gateway_rssi,-103.0,24e124fffef94d5c
1781676224,1637,1634,1637/obj/lora/8c1f64619000170a/leak_status,2.0,
1781676224,1637,1634,1637/obj/lora/8c1f64619000170a/ambient_temp,23.5,
1781676224,1637,1634,1637/obj/lora/8c1f64619000170a/water_temp_min,23.0,
1781676224,1637,1634,1637/obj/lora/8c1f64619000170a/battery,3600.0,
1781676224,1637,1634,1637/obj/lora/8c1f64619000170a/bandwidth,125000.0,
1781676224,1637,1634,1637/obj/lora/8c1f64619000170a/error_code,0.0,
1781676224,1637,1634,1637/obj/lora/8c1f64619000170a/frame_counter,6654.0,
1781676224,1637,1634,1637/obj/lora/8c1f64619000170a/water_temp_max,23.5,
1781676224,1637,1634,1637/obj/lora/8c1f64619000170a/battery_recovered,3664.0,
1781676224,1637,1634,1637/obj/lora/8c1f64619000170a/spreading_factor,7.0,
1781676282,1637,1634,1637/obj/lora/8c1f6461900021da/payload,1.0,957b090300009e600000f7900800916d09032608ae0202e0e9545554
1781676282,1637,1634,1637/obj/lora/8c1f6461900021da/battery_recovered,3664.0,
1781676282,1637,1634,1637/obj/lora/8c1f6461900021da/bandwidth,125000.0,
1781676282,1637,1634,1637/obj/lora/8c1f6461900021da/spreading_factor,7.0,
1781676282,1637,1634,1637/obj/lora/8c1f6461900021da/,0.0,
1781676282,1637,1634,1637/obj/lora/8c1f6461900021da/gateway_snr,7.199999809265137,24e124fffef94d5c
1781676282,1637,1634,1637/obj/lora/8c1f6461900021da/battery,3592.0,
1781676282,1637,1634,1637/obj/lora/8c1f6461900021da/ambient_temp,22.0,
1781676282,1637,1634,1637/obj/lora/8c1f6461900021da/frame_counter,7491.0,
1781676282,1637,1634,1637/obj/lora/8c1f6461900021da/leak_status,2.0,
1781676282,1637,1634,1637/obj/lora/8c1f6461900021da/water_temp_max,22.5,
1781676282,1637,1634,1637/obj/lora/8c1f6461900021da/water_temp_min,22.0,
1781676282,1637,1634,1637/obj/lora/8c1f6461900021da/total_volume,24734.0,
1781676282,1637,1634,1637/obj/lora/8c1f6461900021da/error_code,0.0,
1781676282,1637,1634,1637/obj/lora/8c1f6461900021da/gateway_rssi,-101.0,24e124fffef94d5c
1781676304,1637,1634,1637/obj/lora/8c1f646190001963/battery,3600.0,
1781676304,1637,1634,1637/obj/lora/8c1f646190001963/payload,1.0,dcd509030000be3d000000000000dec709036003110802e1eb535353
1781676304,1637,1634,1637/obj/lora/8c1f646190001963/,0.0,
1781676304,1637,1634,1637/obj/lora/8c1f646190001963/ambient_temp,21.5,
1781676304,1637,1634,1637/obj/lora/8c1f646190001963/error_code,0.0,
1781676304,1637,1634,1637/obj/lora/8c1f646190001963/bandwidth,125000.0,
1781676304,1637,1634,1637/obj/lora/8c1f646190001963/frame_counter,7736.0,
1781676304,1637,1634,1637/obj/lora/8c1f646190001963/gateway_rssi,-96.0,24e124fffef94d5c
1781676304,1637,1634,1637/obj/lora/8c1f646190001963/gateway_snr,9.5,24e124fffef94d5c
1781676304,1637,1634,1637/obj/lora/8c1f646190001963/spreading_factor,7.0,
1781676304,1637,1634,1637/obj/lora/8c1f646190001963/water_temp_min,21.5,
1781676304,1637,1634,1637/obj/lora/8c1f646190001963/total_volume,15806.0,
1781676304,1637,1634,1637/obj/lora/8c1f646190001963/water_temp_max,21.5,
1781676304,1637,1634,1637/obj/lora/8c1f646190001963/leak_status,2.0,
1781676304,1637,1634,1637/obj/lora/8c1f646190001963/battery_recovered,3680.0,
1781676399,1637,1634,1637/obj/lora/8c1f646190001e41/bandwidth,125000.0,
1781676399,1637,1634,1637/obj/lora/8c1f646190001e41/total_volume,42481.0,
1781676399,1637,1634,1637/obj/lora/8c1f646190001e41/water_temp_max,44.5,
1781676399,1637,1634,1637/obj/lora/8c1f646190001e41/,0.0,
1781676399,1637,1634,1637/obj/lora/8c1f646190001e41/gateway_rssi,-107.0,24e124fffef949f8
1781676399,1637,1634,1637/obj/lora/8c1f646190001e41/leak_status,2.0,
1781676399,1637,1634,1637/obj/lora/8c1f646190001e41/gateway_snr,4.0,24e124fffef949f8
1781676399,1637,1634,1637/obj/lora/8c1f646190001e41/payload,1.0,09cc09030000f1a500005c110f0000be0903defec70102e8ec808159
1781676399,1637,1634,1637/obj/lora/8c1f646190001e41/battery,3656.0,
1781676399,1637,1634,1637/obj/lora/8c1f646190001e41/error_code,0.0,
1781676399,1637,1634,1637/obj/lora/8c1f646190001e41/spreading_factor,7.0,
1781676399,1637,1634,1637/obj/lora/8c1f646190001e41/battery_recovered,3688.0,
1781676399,1637,1634,1637/obj/lora/8c1f646190001e41/water_temp_min,44.0,
1781676399,1637,1634,1637/obj/lora/8c1f646190001e41/ambient_temp,24.5,
1781676399,1637,1634,1637/obj/lora/8c1f646190001e41/frame_counter,3563.0,
1781676453,1637,1634,1637/obj/lora/8c1f646190002120/water_temp_min,22.0,
1781676453,1637,1634,1637/obj/lora/8c1f646190002120/battery_recovered,3680.0,
1781676453,1637,1634,1637/obj/lora/8c1f646190002120/leak_status,2.0,
1781676453,1637,1634,1637/obj/lora/8c1f646190002120/gateway_rssi,-103.0,24e124fffef949f8
1781676453,1637,1634,1637/obj/lora/8c1f646190002120/ambient_temp,21.5,
1781676453,1637,1634,1637/obj/lora/8c1f646190002120/spreading_factor,7.0,
1781676453,1637,1634,1637/obj/lora/8c1f646190002120/error_code,0.0,
1781676453,1637,1634,1637/obj/lora/8c1f646190002120/battery,3656.0,
1781676453,1637,1634,1637/obj/lora/8c1f646190002120/bandwidth,125000.0,
1781676453,1637,1634,1637/obj/lora/8c1f646190002120/frame_counter,3620.0,
1781676453,1637,1634,1637/obj/lora/8c1f646190002120/gateway_snr,9.199999809265137,24e124fffef949f8
1781676453,1637,1634,1637/obj/lora/8c1f646190002120/water_temp_max,22.0,
1781676453,1637,1634,1637/obj/lora/8c1f646190002120/payload,1.0,86b80903000087a50000f5e70d0086aa0903d4ff830002e8eb545453
1781676453,1637,1634,1637/obj/lora/8c1f646190002120/,0.0,
1781676453,1637,1634,1637/obj/lora/8c1f646190002120/total_volume,42375.0,
1781676486,1637,1634,1637/obj/lora/8c1f6461900015c1/gateway_snr,11.199999809265137,24e124fffef94d5c
1781676486,1637,1634,1637/obj/lora/8c1f6461900015c1/payload,1.0,ba9209030000454a000000000000b9840903fbff470102e0ec535453
1781676486,1637,1634,1637/obj/lora/8c1f6461900015c1/water_temp_max,22.0,
1781676486,1637,1634,1637/obj/lora/8c1f6461900015c1/total_volume,19013.0,
1781676486,1637,1634,1637/obj/lora/8c1f6461900015c1/,0.0,
1781676486,1637,1634,1637/obj/lora/8c1f6461900015c1/water_temp_min,21.5,
1781676486,1637,1634,1637/obj/lora/8c1f6461900015c1/bandwidth,125000.0,
1781676486,1637,1634,1637/obj/lora/8c1f6461900015c1/battery_recovered,3688.0,
1781676486,1637,1634,1637/obj/lora/8c1f6461900015c1/battery,3592.0,
1781676486,1637,1634,1637/obj/lora/8c1f6461900015c1/gateway_rssi,-94.0,24e124fffef94d5c
1781676486,1637,1634,1637/obj/lora/8c1f6461900015c1/spreading_factor,7.0,
1781676486,1637,1634,1637/obj/lora/8c1f6461900015c1/leak_status,2.0,
1781676486,1637,1634,1637/obj/lora/8c1f6461900015c1/frame_counter,7606.0,
1781676486,1637,1634,1637/obj/lora/8c1f6461900015c1/error_code,0.0,
1781676486,1637,1634,1637/obj/lora/8c1f6461900015c1/ambient_temp,21.5,
1781676585,1637,1634,1637/obj/lora/8c1f64619000228d/gateway_rssi,-98.0,24e124fffef94d5c
1781676585,1637,1634,1637/obj/lora/8c1f64619000228d/frame_counter,6428.0,
1781676585,1637,1634,1637/obj/lora/8c1f64619000228d/ambient_temp,22.0,
1781676585,1637,1634,1637/obj/lora/8c1f64619000228d/payload,1.0,00860903000092460000000000000b780903bc09320b02dee7545554
1781676585,1637,1634,1637/obj/lora/8c1f64619000228d/bandwidth,125000.0,
1781676585,1637,1634,1637/obj/lora/8c1f64619000228d/error_code,0.0,
1781676585,1637,1634,1637/obj/lora/8c1f64619000228d/battery,3576.0,
1781676585,1637,1634,1637/obj/lora/8c1f64619000228d/,0.0,
1781676585,1637,1634,1637/obj/lora/8c1f64619000228d/water_temp_max,22.5,
1781676585,1637,1634,1637/obj/lora/8c1f64619000228d/spreading_factor,7.0,
1781676585,1637,1634,1637/obj/lora/8c1f64619000228d/gateway_snr,9.199999809265137,24e124fffef94d5c
1781676585,1637,1634,1637/obj/lora/8c1f64619000228d/leak_status,2.0,
1781676585,1637,1634,1637/obj/lora/8c1f64619000228d/total_volume,18066.0,
1781676585,1637,1634,1637/obj/lora/8c1f64619000228d/water_temp_min,22.0,
1781676585,1637,1634,1637/obj/lora/8c1f64619000228d/battery_recovered,3648.0,
1781676680,1637,1634,1637/obj/lora/8c1f646190002222/payload,1.0,518a090300006478000008000000797c0903b1029f0002e9ec545554
1781676680,1637,1634,1637/obj/lora/8c1f646190002222/,0.0,
1781676680,1637,1634,1637/obj/lora/8c1f646190002222/battery,3664.0,
1781676680,1637,1634,1637/obj/lora/8c1f646190002222/gateway_snr,-3.5,24e124fffef949f8
1781676680,1637,1634,1637/obj/lora/8c1f646190002222/bandwidth,125000.0,
1781676680,1637,1634,1637/obj/lora/8c1f646190002222/leak_status,2.0,
1781676680,1637,1634,1637/obj/lora/8c1f646190002222/total_volume,30820.0,
1781676680,1637,1634,1637/obj/lora/8c1f646190002222/water_temp_min,22.0,
1781676680,1637,1634,1637/obj/lora/8c1f646190002222/gateway_rssi,-105.0,24e124fffef949f8
1781676680,1637,1634,1637/obj/lora/8c1f646190002222/ambient_temp,22.0,
1781676680,1637,1634,1637/obj/lora/8c1f646190002222/water_temp_max,22.5,
1781676680,1637,1634,1637/obj/lora/8c1f646190002222/error_code,0.0,
1781676680,1637,1634,1637/obj/lora/8c1f646190002222/spreading_factor,7.0,
1781676680,1637,1634,1637/obj/lora/8c1f646190002222/battery_recovered,3688.0,
1781676680,1637,1634,1637/obj/lora/8c1f646190002222/frame_counter,3639.0,
1781676699,1637,1634,1637/obj/lora/8c1f646190001b91/spreading_factor,7.0,
1781676699,1637,1634,1637/obj/lora/8c1f646190001b91/water_temp_min,22.0,
1781676699,1637,1634,1637/obj/lora/8c1f646190001b91/ambient_temp,22.0,
1781676699,1637,1634,1637/obj/lora/8c1f646190001b91/payload,1.0,42b90903000021b70000a2cb0e0058ab09033600460302dce8545454
1781676699,1637,1634,1637/obj/lora/8c1f646190001b91/water_temp_max,22.0,
1781676699,1637,1634,1637/obj/lora/8c1f646190001b91/battery,3560.0,
1781676699,1637,1634,1637/obj/lora/8c1f646190001b91/bandwidth,125000.0,
1781676699,1637,1634,1637/obj/lora/8c1f646190001b91/frame_counter,6538.0,
1781676699,1637,1634,1637/obj/lora/8c1f646190001b91/leak_status,2.0,
1781676699,1637,1634,1637/obj/lora/8c1f646190001b91/gateway_rssi,-100.0,24e124fffef94d5c
1781676699,1637,1634,1637/obj/lora/8c1f646190001b91/gateway_snr,6.800000190734863,24e124fffef94d5c
1781676699,1637,1634,1637/obj/lora/8c1f646190001b91/battery_recovered,3656.0,
1781676699,1637,1634,1637/obj/lora/8c1f646190001b91/total_volume,46881.0,
1781676699,1637,1634,1637/obj/lora/8c1f646190001b91/,0.0,
1781676699,1637,1634,1637/obj/lora/8c1f646190001b91/error_code,0.0,
1781676735,1637,1634,1637/obj/lora/8c1f6461900019cf/leak_status,0.0,
1781676735,1637,1634,1637/obj/lora/8c1f6461900019cf/battery,3632.0,
1781676735,1637,1634,1637/obj/lora/8c1f6461900019cf/gateway_rssi,-101.0,24e124fffef949f8
1781676735,1637,1634,1637/obj/lora/8c1f6461900019cf/total_volume,68341.0,
1781676735,1637,1634,1637/obj/lora/8c1f6461900019cf/battery_recovered,3656.0,
1781676735,1637,1634,1637/obj/lora/8c1f6461900019cf/bandwidth,125000.0,
1781676735,1637,1634,1637/obj/lora/8c1f6461900019cf/ambient_temp,21.5,
1781676735,1637,1634,1637/obj/lora/8c1f6461900019cf/water_temp_min,22.0,
1781676735,1637,1634,1637/obj/lora/8c1f6461900019cf/,0.0,
1781676735,1637,1634,1637/obj/lora/8c1f6461900019cf/frame_counter,3553.0,
1781676735,1637,1634,1637/obj/lora/8c1f6461900019cf/water_temp_max,22.0,
1781676735,1637,1634,1637/obj/lora/8c1f6461900019cf/gateway_snr,6.0,24e124fffef949f8
1781676735,1637,1634,1637/obj/lora/8c1f6461900019cf/error_code,0.0,
1781676735,1637,1634,1637/obj/lora/8c1f6461900019cf/spreading_factor,7.0,
1781676735,1637,1634,1637/obj/lora/8c1f6461900019cf/payload,1.0,d1c309030000f50a010000000000000000000000000000e5e8545453
1781676759,1637,1634,1637/obj/lora/8c1f646190002206/frame_counter,7010.0,
1781676759,1637,1634,1637/obj/lora/8c1f646190002206/water_temp_max,22.5,
1781676759,1637,1634,1637/obj/lora/8c1f646190002206/gateway_rssi,-102.0,24e124fffef94d5c
1781676759,1637,1634,1637/obj/lora/8c1f646190002206/spreading_factor,7.0,
1781676759,1637,1634,1637/obj/lora/8c1f646190002206/payload,1.0,59c60903000087130300c74f0f00000000000000000000e1ea545554
1781676759,1637,1634,1637/obj/lora/8c1f646190002206/gateway_snr,5.5,24e124fffef94d5c
1781676759,1637,1634,1637/obj/lora/8c1f646190002206/bandwidth,125000.0,
1781676759,1637,1634,1637/obj/lora/8c1f646190002206/error_code,0.0,
1781676759,1637,1634,1637/obj/lora/8c1f646190002206/,0.0,
1781676759,1637,1634,1637/obj/lora/8c1f646190002206/battery_recovered,3672.0,
1781676759,1637,1634,1637/obj/lora/8c1f646190002206/ambient_temp,22.0,
1781676759,1637,1634,1637/obj/lora/8c1f646190002206/total_volume,201607.0,
1781676759,1637,1634,1637/obj/lora/8c1f646190002206/water_temp_min,22.0,
1781676759,1637,1634,1637/obj/lora/8c1f646190002206/battery,3600.0,
1781676759,1637,1634,1637/obj/lora/8c1f646190002206/leak_status,0.0,
1781676793,1637,1634,1637/obj/lora/24e124725d489523/battery,39.0,
1781676793,1637,1634,1637/obj/lora/24e124725d489523/,0.0,
1781676793,1637,1634,1637/obj/lora/24e124725d489523/payload,85.0,0175270367cd0004685f
1781676793,1637,1634,1637/obj/lora/24e124725d489523/gateway_snr,10.0,24e124fffef949f8
1781676793,1637,1634,1637/obj/lora/24e124725d489523/temperature,20.5,
1781676793,1637,1634,1637/obj/lora/24e124725d489523/spreading_factor,7.0,
1781676793,1637,1634,1637/obj/lora/24e124725d489523/bandwidth,125000.0,
1781676793,1637,1634,1637/obj/lora/24e124725d489523/frame_counter,7503.0,
1781676793,1637,1634,1637/obj/lora/24e124725d489523/gateway_rssi,-102.0,24e124fffef949f8
1781676793,1637,1634,1637/obj/lora/24e124725d489523/humidity,47.5,
1781676854,1637,1634,1637/obj/lora/8c1f646190001bf1/water_temp_min,23.0,
1781676854,1637,1634,1637/obj/lora/8c1f646190001bf1/frame_counter,6325.0,
1781676854,1637,1634,1637/obj/lora/8c1f646190001bf1/battery_recovered,3672.0,
1781676854,1637,1634,1637/obj/lora/8c1f646190001bf1/payload,1.0,31cf09030000b3820000cb8d0b004dc1090372022f0102e1ea569357
1781676854,1637,1634,1637/obj/lora/8c1f646190001bf1/battery,3600.0,
1781676854,1637,1634,1637/obj/lora/8c1f646190001bf1/total_volume,33459.0,
1781676854,1637,1634,1637/obj/lora/8c1f646190001bf1/,0.0,
1781676854,1637,1634,1637/obj/lora/8c1f646190001bf1/gateway_snr,6.5,24e124fffef94d5c
1781676854,1637,1634,1637/obj/lora/8c1f646190001bf1/ambient_temp,23.5,
1781676854,1637,1634,1637/obj/lora/8c1f646190001bf1/error_code,0.0,
1781676854,1637,1634,1637/obj/lora/8c1f646190001bf1/spreading_factor,7.0,
1781676854,1637,1634,1637/obj/lora/8c1f646190001bf1/water_temp_max,53.5,
1781676854,1637,1634,1637/obj/lora/8c1f646190001bf1/leak_status,2.0,
1781676854,1637,1634,1637/obj/lora/8c1f646190001bf1/bandwidth,125000.0,
1781676854,1637,1634,1637/obj/lora/8c1f646190001bf1/gateway_rssi,-102.0,24e124fffef94d5c
1781676862,1637,1634,1637/obj/lora/8c1f646190001dd8/frame_counter,3740.0,
1781676862,1637,1634,1637/obj/lora/8c1f646190001dd8/,0.0,
1781676862,1637,1634,1637/obj/lora/8c1f646190001dd8/spreading_factor,7.0,
1781676862,1637,1634,1637/obj/lora/8c1f646190001dd8/water_temp_min,22.0,
1781676862,1637,1634,1637/obj/lora/8c1f646190001dd8/leak_status,2.0,
1781676862,1637,1634,1637/obj/lora/8c1f646190001dd8/water_temp_max,22.0,
1781676862,1637,1634,1637/obj/lora/8c1f646190001dd8/bandwidth,125000.0,
1781676862,1637,1634,1637/obj/lora/8c1f646190001dd8/battery_recovered,3664.0,
1781676862,1637,1634,1637/obj/lora/8c1f646190001dd8/battery,3616.0,
1781676862,1637,1634,1637/obj/lora/8c1f646190001dd8/gateway_rssi,-110.0,24e124fffef949f8
1781676862,1637,1634,1637/obj/lora/8c1f646190001dd8/gateway_snr,-1.2000000476837158,24e124fffef949f8
1781676862,1637,1634,1637/obj/lora/8c1f646190001dd8/payload,1.0,abb509030000afda000008e01100bfa70903a001750202e3e9545454
1781676862,1637,1634,1637/obj/lora/8c1f646190001dd8/ambient_temp,22.0,
1781676862,1637,1634,1637/obj/lora/8c1f646190001dd8/error_code,0.0,
1781676862,1637,1634,1637/obj/lora/8c1f646190001dd8/total_volume,55983.0,
1781676872,1637,1634,1637/obj/lora/8c1f6461900021e0/total_volume,77171.0,
1781676872,1637,1634,1637/obj/lora/8c1f6461900021e0/frame_counter,2244.0,
1781676872,1637,1634,1637/obj/lora/8c1f6461900021e0/ambient_temp,22.0,
1781676872,1637,1634,1637/obj/lora/8c1f6461900021e0/battery,3664.0,
1781676872,1637,1634,1637/obj/lora/8c1f6461900021e0/payload,1.0,fa9509030000732d010000000000000000000000000000e9ed545554
1781676872,1637,1634,1637/obj/lora/8c1f6461900021e0/,0.0,
1781676872,1637,1634,1637/obj/lora/8c1f6461900021e0/water_temp_max,22.5,
1781676872,1637,1634,1637/obj/lora/8c1f6461900021e0/water_temp_min,22.0,
1781676872,1637,1634,1637/obj/lora/8c1f6461900021e0/error_code,0.0,
1781676872,1637,1634,1637/obj/lora/8c1f6461900021e0/gateway_snr,8.0,24e124fffef949f8
1781676872,1637,1634,1637/obj/lora/8c1f6461900021e0/gateway_rssi,-104.0,24e124fffef949f8
1781676872,1637,1634,1637/obj/lora/8c1f6461900021e0/battery_recovered,3696.0,
1781676872,1637,1634,1637/obj/lora/8c1f6461900021e0/bandwidth,125000.0,
1781676872,1637,1634,1637/obj/lora/8c1f6461900021e0/leak_status,0.0,
1781676872,1637,1634,1637/obj/lora/8c1f6461900021e0/spreading_factor,7.0,
1781676943,1637,1634,1637/obj/lora/8c1f646190001968/payload,1.0,36ae0903000051160100f729180030a009033bf0690202e8eb558b58
1781676943,1637,1634,1637/obj/lora/8c1f646190001968/battery_recovered,3680.0,
1781676943,1637,1634,1637/obj/lora/8c1f646190001968/leak_status,2.0,
1781676943,1637,1634,1637/obj/lora/8c1f646190001968/gateway_rssi,-106.0,24e124fffef949f8
1781676943,1637,1634,1637/obj/lora/8c1f646190001968/total_volume,71249.0,
1781676943,1637,1634,1637/obj/lora/8c1f646190001968/,0.0,
1781676943,1637,1634,1637/obj/lora/8c1f646190001968/ambient_temp,24.0,
1781676943,1637,1634,1637/obj/lora/8c1f646190001968/battery,3656.0,
1781676943,1637,1634,1637/obj/lora/8c1f646190001968/water_temp_max,49.5,
1781676943,1637,1634,1637/obj/lora/8c1f646190001968/water_temp_min,22.5,
1781676943,1637,1634,1637/obj/lora/8c1f646190001968/error_code,0.0,
1781676943,1637,1634,1637/obj/lora/8c1f646190001968/bandwidth,125000.0,
1781676943,1637,1634,1637/obj/lora/8c1f646190001968/spreading_factor,7.0,
1781676943,1637,1634,1637/obj/lora/8c1f646190001968/gateway_snr,6.5,24e124fffef949f8
1781676943,1637,1634,1637/obj/lora/8c1f646190001968/frame_counter,3624.0,
1781677020,1637,1634,1637/obj/lora/8c1f646190002291/error_code,0.0,
1781677020,1637,1634,1637/obj/lora/8c1f646190002291/gateway_snr,5.5,24e124fffef949f8
1781677020,1637,1634,1637/obj/lora/8c1f646190002291/bandwidth,125000.0,
1781677020,1637,1634,1637/obj/lora/8c1f646190002291/ambient_temp,21.0,
1781677020,1637,1634,1637/obj/lora/8c1f646190002291/spreading_factor,7.0,
1781677020,1637,1634,1637/obj/lora/8c1f646190002291/frame_counter,6854.0,
1781677020,1637,1634,1637/obj/lora/8c1f646190002291/gateway_rssi,-107.0,24e124fffef949f8
1781677020,1637,1634,1637/obj/lora/8c1f646190002291/,0.0,
1781677020,1637,1634,1637/obj/lora/8c1f646190002291/payload,1.0,b8e3090300005e16060000000000861609035a02000003dfe9525252
1781677020,1637,1634,1637/obj/lora/8c1f646190002291/leak_status,3.0,
1781677020,1637,1634,1637/obj/lora/8c1f646190002291/battery,3584.0,
1781677020,1637,1634,1637/obj/lora/8c1f646190002291/water_temp_max,21.0,
1781677020,1637,1634,1637/obj/lora/8c1f646190002291/total_volume,398942.0,
1781677020,1637,1634,1637/obj/lora/8c1f646190002291/water_temp_min,21.0,
1781677020,1637,1634,1637/obj/lora/8c1f646190002291/battery_recovered,3664.0,
1781677176,1637,1634,1637/obj/lora/8c1f64619000160f/spreading_factor,7.0,
1781677176,1637,1634,1637/obj/lora/8c1f64619000160f/battery_recovered,3672.0,
1781677176,1637,1634,1637/obj/lora/8c1f64619000160f/gateway_snr,3.5,24e124fffef949f8
1781677176,1637,1634,1637/obj/lora/8c1f64619000160f/frame_counter,3637.0,
1781677176,1637,1634,1637/obj/lora/8c1f64619000160f/error_code,0.0,
1781677176,1637,1634,1637/obj/lora/8c1f64619000160f/total_volume,119908.0,
1781677176,1637,1634,1637/obj/lora/8c1f64619000160f/battery,3648.0,
1781677176,1637,1634,1637/obj/lora/8c1f64619000160f/water_temp_max,22.5,
1781677176,1637,1634,1637/obj/lora/8c1f64619000160f/ambient_temp,23.0,
1781677176,1637,1634,1637/obj/lora/8c1f64619000160f/,0.0,
1781677176,1637,1634,1637/obj/lora/8c1f64619000160f/leak_status,0.0,
1781677176,1637,1634,1637/obj/lora/8c1f64619000160f/gateway_rssi,-109.0,24e124fffef949f8
1781677176,1637,1634,1637/obj/lora/8c1f64619000160f/bandwidth,125000.0,
1781677176,1637,1634,1637/obj/lora/8c1f64619000160f/water_temp_min,22.5,
1781677176,1637,1634,1637/obj/lora/8c1f64619000160f/payload,1.0,749e0d03000064d4010008000000000000000000000000e7ea555556
1781677281,1637,1634,1637/obj/lora/8c1f6461900014f5/frame_counter,3576.0,
1781677281,1637,1634,1637/obj/lora/8c1f6461900014f5/bandwidth,125000.0,
1781677281,1637,1634,1637/obj/lora/8c1f6461900014f5/water_temp_max,22.0,
1781677281,1637,1634,1637/obj/lora/8c1f6461900014f5/spreading_factor,7.0,
1781677281,1637,1634,1637/obj/lora/8c1f6461900014f5/gateway_snr,7.199999809265137,24e124fffef949f8
1781677281,1637,1634,1637/obj/lora/8c1f6461900014f5/error_code,0.0,
1781677281,1637,1634,1637/obj/lora/8c1f6461900014f5/battery_recovered,3664.0,
1781677281,1637,1634,1637/obj/lora/8c1f6461900014f5/,0.0,
1781677281,1637,1634,1637/obj/lora/8c1f6461900014f5/leak_status,2.0,
1781677281,1637,1634,1637/obj/lora/8c1f6461900014f5/total_volume,22139.0,
1781677281,1637,1634,1637/obj/lora/8c1f6461900014f5/gateway_rssi,-104.0,24e124fffef949f8
1781677281,1637,1634,1637/obj/lora/8c1f6461900014f5/battery,3632.0,
1781677281,1637,1634,1637/obj/lora/8c1f6461900014f5/ambient_temp,22.5,
1781677281,1637,1634,1637/obj/lora/8c1f6461900014f5/payload,1.0,938d0d0300007b560000000000009a7f0d03bb00a00a02e5e9535455
1781677281,1637,1634,1637/obj/lora/8c1f6461900014f5/water_temp_min,21.5,
1781677323,1637,1634,1637/obj/lora/8c1f646190001ec9/ambient_temp,21.0,
1781677323,1637,1634,1637/obj/lora/8c1f646190001ec9/leak_status,2.0,
1781677323,1637,1634,1637/obj/lora/8c1f646190001ec9/spreading_factor,7.0,
1781677323,1637,1634,1637/obj/lora/8c1f646190001ec9/water_temp_min,21.5,
1781677323,1637,1634,1637/obj/lora/8c1f646190001ec9/total_volume,34556.0,
1781677323,1637,1634,1637/obj/lora/8c1f646190001ec9/battery_recovered,3664.0,
1781677323,1637,1634,1637/obj/lora/8c1f646190001ec9/payload,1.0,169609030000fc860000f75a0b00338809035803680202e1e9535352
1781677323,1637,1634,1637/obj/lora/8c1f646190001ec9/frame_counter,6557.0,
1781677323,1637,1634,1637/obj/lora/8c1f646190001ec9/,0.0,
1781677323,1637,1634,1637/obj/lora/8c1f646190001ec9/error_code,0.0,
1781677323,1637,1634,1637/obj/lora/8c1f646190001ec9/gateway_snr,5.0,24e124fffef94d5c
1781677323,1637,1634,1637/obj/lora/8c1f646190001ec9/gateway_rssi,-104.0,24e124fffef94d5c
1781677323,1637,1634,1637/obj/lora/8c1f646190001ec9/battery,3600.0,
1781677323,1637,1634,1637/obj/lora/8c1f646190001ec9/water_temp_max,21.5,
1781677323,1637,1634,1637/obj/lora/8c1f646190001ec9/bandwidth,125000.0,
1781677357,1637,1634,1637/obj/lora/8c1f6461900015ba/gateway_rssi,-106.0,24e124fffef949f8
1781677357,1637,1634,1637/obj/lora/8c1f6461900015ba/battery_recovered,3680.0,
1781677357,1637,1634,1637/obj/lora/8c1f6461900015ba/,0.0,
1781677357,1637,1634,1637/obj/lora/8c1f6461900015ba/battery,3640.0,
1781677357,1637,1634,1637/obj/lora/8c1f6461900015ba/gateway_snr,5.0,24e124fffef949f8
1781677357,1637,1634,1637/obj/lora/8c1f6461900015ba/leak_status,2.0,
1781677357,1637,1634,1637/obj/lora/8c1f6461900015ba/payload,1.0,eecc09030000911b000000000000ebbe0903a4fdd30302e6eb525353
1781677357,1637,1634,1637/obj/lora/8c1f6461900015ba/ambient_temp,21.5,
1781677357,1637,1634,1637/obj/lora/8c1f6461900015ba/bandwidth,125000.0,
1781677357,1637,1634,1637/obj/lora/8c1f6461900015ba/total_volume,7057.0,
1781677357,1637,1634,1637/obj/lora/8c1f6461900015ba/error_code,0.0,
1781677357,1637,1634,1637/obj/lora/8c1f6461900015ba/spreading_factor,7.0,
1781677357,1637,1634,1637/obj/lora/8c1f6461900015ba/water_temp_min,21.0,
1781677357,1637,1634,1637/obj/lora/8c1f6461900015ba/frame_counter,7262.0,
1781677357,1637,1634,1637/obj/lora/8c1f6461900015ba/water_temp_max,21.5,
1781677392,1637,1634,1637/obj/lora/24e124725d489523/bandwidth,125000.0,
1781677392,1637,1634,1637/obj/lora/24e124725d489523/payload,85.0,0175270367cd0004685e
1781677392,1637,1634,1637/obj/lora/24e124725d489523/gateway_rssi,-111.0,24e124fffef949f8
1781677392,1637,1634,1637/obj/lora/24e124725d489523/humidity,47.0,
1781677392,1637,1634,1637/obj/lora/24e124725d489523/,0.0,
1781677392,1637,1634,1637/obj/lora/24e124725d489523/spreading_factor,7.0,
1781677392,1637,1634,1637/obj/lora/24e124725d489523/battery,39.0,
1781677392,1637,1634,1637/obj/lora/24e124725d489523/frame_counter,7504.0,
1781677392,1637,1634,1637/obj/lora/24e124725d489523/gateway_snr,1.0,24e124fffef949f8
1781677392,1637,1634,1637/obj/lora/24e124725d489523/temperature,20.5,
1781677472,1637,1634,1637/obj/lora/8c1f6461900015ed/battery_recovered,3680.0,
1781677472,1637,1634,1637/obj/lora/8c1f6461900015ed/bandwidth,125000.0,
1781677472,1637,1634,1637/obj/lora/8c1f6461900015ed/total_volume,25835.0,
1781677472,1637,1634,1637/obj/lora/8c1f6461900015ed/battery,3616.0,
1781677472,1637,1634,1637/obj/lora/8c1f6461900015ed/error_code,0.0,
1781677472,1637,1634,1637/obj/lora/8c1f6461900015ed/payload,1.0,85c109030000eb6400000ea409008cb309035e01920202e3eb525352
1781677472,1637,1634,1637/obj/lora/8c1f6461900015ed/leak_status,2.0,
1781677472,1637,1634,1637/obj/lora/8c1f6461900015ed/water_temp_max,21.5,
1781677472,1637,1634,1637/obj/lora/8c1f6461900015ed/water_temp_min,21.0,
1781677472,1637,1634,1637/obj/lora/8c1f6461900015ed/ambient_temp,21.0,
1781677472,1637,1634,1637/obj/lora/8c1f6461900015ed/gateway_snr,11.0,24e124fffef94d5c
1781677472,1637,1634,1637/obj/lora/8c1f6461900015ed/gateway_rssi,-94.0,24e124fffef94d5c
1781677472,1637,1634,1637/obj/lora/8c1f6461900015ed/frame_counter,6144.0,
1781677472,1637,1634,1637/obj/lora/8c1f6461900015ed/,0.0,
1781677472,1637,1634,1637/obj/lora/8c1f6461900015ed/spreading_factor,7.0,
1781677509,1637,1634,1637/obj/lora/8c1f6461900018f5/gateway_snr,7.5,24e124fffef949f8
1781677509,1637,1634,1637/obj/lora/8c1f6461900018f5/battery_recovered,3664.0,
1781677509,1637,1634,1637/obj/lora/8c1f6461900018f5/bandwidth,125000.0,
1781677509,1637,1634,1637/obj/lora/8c1f6461900018f5/frame_counter,7697.0,
1781677509,1637,1634,1637/obj/lora/8c1f6461900018f5/total_volume,51591.0,
1781677509,1637,1634,1637/obj/lora/8c1f6461900018f5/water_temp_max,22.0,
1781677509,1637,1634,1637/obj/lora/8c1f6461900018f5/leak_status,2.0,
1781677509,1637,1634,1637/obj/lora/8c1f6461900018f5/error_code,0.0,
1781677509,1637,1634,1637/obj/lora/8c1f6461900018f5/battery,3600.0,
1781677509,1637,1634,1637/obj/lora/8c1f6461900018f5/,0.0,
1781677509,1637,1634,1637/obj/lora/8c1f6461900018f5/payload,1.0,0dab0903000087c90000c5d904000b9d09036dfb2a0e02e1e9545455
1781677509,1637,1634,1637/obj/lora/8c1f6461900018f5/spreading_factor,7.0,
1781677509,1637,1634,1637/obj/lora/8c1f6461900018f5/water_temp_min,22.0,
1781677509,1637,1634,1637/obj/lora/8c1f6461900018f5/gateway_rssi,-105.0,24e124fffef949f8
1781677509,1637,1634,1637/obj/lora/8c1f6461900018f5/ambient_temp,22.5,
1781677577,1637,1634,1637/obj/lora/8c1f6461900019c7/gateway_snr,2.799999952316284,24e124fffef94d5c
1781677577,1637,1634,1637/obj/lora/8c1f6461900019c7/total_volume,22411.0,
1781677577,1637,1634,1637/obj/lora/8c1f6461900019c7/bandwidth,125000.0,
1781677577,1637,1634,1637/obj/lora/8c1f6461900019c7/leak_status,2.0,
1781677577,1637,1634,1637/obj/lora/8c1f6461900019c7/spreading_factor,7.0,
1781677577,1637,1634,1637/obj/lora/8c1f6461900019c7/battery_recovered,3648.0,
1781677577,1637,1634,1637/obj/lora/8c1f6461900019c7/,0.0,
1781677577,1637,1634,1637/obj/lora/8c1f6461900019c7/battery,3568.0,
1781677577,1637,1634,1637/obj/lora/8c1f6461900019c7/frame_counter,5925.0,
1781677577,1637,1634,1637/obj/lora/8c1f6461900019c7/water_temp_min,22.5,
1781677577,1637,1634,1637/obj/lora/8c1f6461900019c7/error_code,0.0,
1781677577,1637,1634,1637/obj/lora/8c1f6461900019c7/payload,1.0,be94090300008b57000052480800bb860903bcfcee0202dde7555655
1781677577,1637,1634,1637/obj/lora/8c1f6461900019c7/water_temp_max,23.0,
1781677577,1637,1634,1637/obj/lora/8c1f6461900019c7/ambient_temp,22.5,
1781677577,1637,1634,1637/obj/lora/8c1f6461900019c7/gateway_rssi,-106.0,24e124fffef94d5c
1781677610,1637,1634,1637/obj/lora/8c1f646190001baf/water_temp_min,23.5,
1781677610,1637,1634,1637/obj/lora/8c1f646190001baf/error_code,0.0,
1781677610,1637,1634,1637/obj/lora/8c1f646190001baf/total_volume,53804.0,
1781677610,1637,1634,1637/obj/lora/8c1f646190001baf/battery_recovered,3656.0,
1781677610,1637,1634,1637/obj/lora/8c1f646190001baf/water_temp_max,33.0,
1781677610,1637,1634,1637/obj/lora/8c1f646190001baf/gateway_snr,3.200000047683716,24e124fffef94d5c
1781677610,1637,1634,1637/obj/lora/8c1f646190001baf/payload,1.0,03bb090300002cd200001fa90500000000000000000000e0e8576a56
1781677610,1637,1634,1637/obj/lora/8c1f646190001baf/bandwidth,125000.0,
1781677610,1637,1634,1637/obj/lora/8c1f646190001baf/gateway_rssi,-105.0,24e124fffef94d5c
1781677610,1637,1634,1637/obj/lora/8c1f646190001baf/frame_counter,6731.0,
1781677610,1637,1634,1637/obj/lora/8c1f646190001baf/battery,3592.0,
1781677610,1637,1634,1637/obj/lora/8c1f646190001baf/spreading_factor,7.0,
1781677610,1637,1634,1637/obj/lora/8c1f646190001baf/leak_status,0.0,
1781677610,1637,1634,1637/obj/lora/8c1f646190001baf/,0.0,
1781677610,1637,1634,1637/obj/lora/8c1f646190001baf/ambient_temp,23.0,
1781677630,1637,1634,1637/obj/lora/8c1f646190001790/total_volume,9033.0,
1781677630,1637,1634,1637/obj/lora/8c1f646190001790/leak_status,2.0,
1781677630,1637,1634,1637/obj/lora/8c1f646190001790/payload,1.0,aecd0903000049230000db340300dabf09035f00f70202e9ed525354
1781677630,1637,1634,1637/obj/lora/8c1f646190001790/spreading_factor,7.0,
1781677630,1637,1634,1637/obj/lora/8c1f646190001790/battery_recovered,3696.0,
1781677630,1637,1634,1637/obj/lora/8c1f646190001790/,0.0,
1781677630,1637,1634,1637/obj/lora/8c1f646190001790/bandwidth,125000.0,
1781677630,1637,1634,1637/obj/lora/8c1f646190001790/error_code,0.0,
1781677630,1637,1634,1637/obj/lora/8c1f646190001790/frame_counter,3635.0,
1781677630,1637,1634,1637/obj/lora/8c1f646190001790/gateway_snr,2.0,24e124fffef949f8
1781677630,1637,1634,1637/obj/lora/8c1f646190001790/ambient_temp,22.0,
1781677630,1637,1634,1637/obj/lora/8c1f646190001790/water_temp_min,21.0,
1781677630,1637,1634,1637/obj/lora/8c1f646190001790/battery,3664.0,
1781677630,1637,1634,1637/obj/lora/8c1f646190001790/gateway_rssi,-110.0,24e124fffef949f8
1781677630,1637,1634,1637/obj/lora/8c1f646190001790/water_temp_max,21.5,
1781677640,1637,1634,1637/obj/lora/8c1f6461900021a9/gateway_snr,1.0,24e124fffef949f8
1781677640,1637,1634,1637/obj/lora/8c1f6461900021a9/ambient_temp,21.0,
1781677640,1637,1634,1637/obj/lora/8c1f6461900021a9/battery,3600.0,
1781677640,1637,1634,1637/obj/lora/8c1f6461900021a9/leak_status,2.0,
1781677640,1637,1634,1637/obj/lora/8c1f6461900021a9/payload,1.0,8cba0903000009cb0000f8f81100b1ac090311fd270402e1e9515152
1781677640,1637,1634,1637/obj/lora/8c1f6461900021a9/bandwidth,125000.0,
1781677640,1637,1634,1637/obj/lora/8c1f6461900021a9/frame_counter,7889.0,
1781677640,1637,1634,1637/obj/lora/8c1f6461900021a9/battery_recovered,3664.0,
1781677640,1637,1634,1637/obj/lora/8c1f6461900021a9/total_volume,51977.0,
1781677640,1637,1634,1637/obj/lora/8c1f6461900021a9/water_temp_min,20.5,
1781677640,1637,1634,1637/obj/lora/8c1f6461900021a9/,0.0,
1781677640,1637,1634,1637/obj/lora/8c1f6461900021a9/water_temp_max,20.5,
1781677640,1637,1634,1637/obj/lora/8c1f6461900021a9/spreading_factor,7.0,
1781677640,1637,1634,1637/obj/lora/8c1f6461900021a9/gateway_rssi,-111.0,24e124fffef949f8
1781677640,1637,1634,1637/obj/lora/8c1f6461900021a9/error_code,0.0,
1781677728,1637,1634,1637/obj/lora/8c1f646190002012/leak_status,2.0,
1781677728,1637,1634,1637/obj/lora/8c1f646190002012/gateway_rssi,-105.0,24e124fffef949f8
1781677728,1637,1634,1637/obj/lora/8c1f646190002012/battery_recovered,3672.0,
1781677728,1637,1634,1637/obj/lora/8c1f646190002012/gateway_snr,6.199999809265137,24e124fffef949f8
1781677728,1637,1634,1637/obj/lora/8c1f646190002012/ambient_temp,22.0,
1781677728,1637,1634,1637/obj/lora/8c1f646190002012/water_temp_min,22.0,
1781677728,1637,1634,1637/obj/lora/8c1f646190002012/,0.0,
1781677728,1637,1634,1637/obj/lora/8c1f646190002012/frame_counter,2857.0,
1781677728,1637,1634,1637/obj/lora/8c1f646190002012/payload,1.0,4199090300006f520000e1cd0700358b0903e1fc280302e8ea545554
1781677728,1637,1634,1637/obj/lora/8c1f646190002012/total_volume,21103.0,
1781677728,1637,1634,1637/obj/lora/8c1f646190002012/battery,3656.0,
1781677728,1637,1634,1637/obj/lora/8c1f646190002012/error_code,0.0,
1781677728,1637,1634,1637/obj/lora/8c1f646190002012/spreading_factor,7.0,
1781677728,1637,1634,1637/obj/lora/8c1f646190002012/bandwidth,125000.0,
1781677728,1637,1634,1637/obj/lora/8c1f646190002012/water_temp_max,22.5,
1781677908,1637,1634,1637/obj/lora/8c1f646190001d93/ambient_temp,27.0,
1781677908,1637,1634,1637/obj/lora/8c1f646190001d93/,0.0,
1781677908,1637,1634,1637/obj/lora/8c1f646190001d93/payload,1.0,4abe09030000861c0100f027000067b20903760bab1702e4ed61625e
1781677908,1637,1634,1637/obj/lora/8c1f646190001d93/bandwidth,125000.0,
1781677908,1637,1634,1637/obj/lora/8c1f646190001d93/battery,3624.0,
1781677908,1637,1634,1637/obj/lora/8c1f646190001d93/gateway_rssi,-111.0,24e124fffef94d5c
1781677908,1637,1634,1637/obj/lora/8c1f646190001d93/battery_recovered,3696.0,
1781677908,1637,1634,1637/obj/lora/8c1f646190001d93/frame_counter,5876.0,
1781677908,1637,1634,1637/obj/lora/8c1f646190001d93/error_code,0.0,
1781677908,1637,1634,1637/obj/lora/8c1f646190001d93/leak_status,2.0,
1781677908,1637,1634,1637/obj/lora/8c1f646190001d93/water_temp_min,28.5,
1781677908,1637,1634,1637/obj/lora/8c1f646190001d93/water_temp_max,29.0,
1781677908,1637,1634,1637/obj/lora/8c1f646190001d93/total_volume,72838.0,
1781677908,1637,1634,1637/obj/lora/8c1f646190001d93/spreading_factor,7.0,
1781677908,1637,1634,1637/obj/lora/8c1f646190001d93/gateway_snr,-9.199999809265137,24e124fffef94d5c
1781677927,1637,1634,1637/obj/lora/8c1f646190001af8/battery_recovered,3656.0,
1781677927,1637,1634,1637/obj/lora/8c1f646190001af8/spreading_factor,7.0,
1781677927,1637,1634,1637/obj/lora/8c1f646190001af8/water_temp_max,22.0,
1781677927,1637,1634,1637/obj/lora/8c1f646190001af8/bandwidth,125000.0,
1781677927,1637,1634,1637/obj/lora/8c1f646190001af8/,0.0,
1781677927,1637,1634,1637/obj/lora/8c1f646190001af8/total_volume,25456.0,
1781677927,1637,1634,1637/obj/lora/8c1f646190001af8/battery,3584.0,
1781677927,1637,1634,1637/obj/lora/8c1f646190001af8/ambient_temp,21.0,
1781677927,1637,1634,1637/obj/lora/8c1f646190001af8/gateway_rssi,-104.0,24e124fffef94d5c
1781677927,1637,1634,1637/obj/lora/8c1f646190001af8/leak_status,2.0,
1781677927,1637,1634,1637/obj/lora/8c1f646190001af8/gateway_snr,4.199999809265137,24e124fffef94d5c
1781677927,1637,1634,1637/obj/lora/8c1f646190001af8/payload,1.0,519b0903000070630000260000007a8d09039700930202dfe8535452
1781677927,1637,1634,1637/obj/lora/8c1f646190001af8/frame_counter,7618.0,
1781677927,1637,1634,1637/obj/lora/8c1f646190001af8/water_temp_min,21.5,
1781677927,1637,1634,1637/obj/lora/8c1f646190001af8/error_code,0.0,
1781677966,1637,1634,1637/obj/lora/8c1f6461900017e3/battery_recovered,3664.0,
1781677966,1637,1634,1637/obj/lora/8c1f6461900017e3/bandwidth,125000.0,
1781677966,1637,1634,1637/obj/lora/8c1f6461900017e3/water_temp_max,28.5,
1781677966,1637,1634,1637/obj/lora/8c1f6461900017e3/battery,3640.0,
1781677966,1637,1634,1637/obj/lora/8c1f6461900017e3/water_temp_min,26.0,
1781677966,1637,1634,1637/obj/lora/8c1f6461900017e3/frame_counter,3599.0,
1781677966,1637,1634,1637/obj/lora/8c1f6461900017e3/error_code,0.0,
1781677966,1637,1634,1637/obj/lora/8c1f6461900017e3/,0.0,
1781677966,1637,1634,1637/obj/lora/8c1f6461900017e3/ambient_temp,23.5,
1781677966,1637,1634,1637/obj/lora/8c1f6461900017e3/payload,1.0,3fc209030000ea0c0100e401000045b4090325fd6a1402e6e95c6157
1781677966,1637,1634,1637/obj/lora/8c1f6461900017e3/gateway_snr,5.5,24e124fffef949f8
1781677966,1637,1634,1637/obj/lora/8c1f6461900017e3/gateway_rssi,-106.0,24e124fffef949f8
1781677966,1637,1634,1637/obj/lora/8c1f6461900017e3/spreading_factor,7.0,
1781677966,1637,1634,1637/obj/lora/8c1f6461900017e3/total_volume,68842.0,
1781677966,1637,1634,1637/obj/lora/8c1f6461900017e3/leak_status,2.0,
1781677994,1637,1634,1637/obj/lora/8c1f6461900021c1/bandwidth,125000.0,
1781677994,1637,1634,1637/obj/lora/8c1f6461900021c1/battery_recovered,3664.0,
1781677994,1637,1634,1637/obj/lora/24e124725d489523/spreading_factor,7.0,
1781677994,1637,1634,1637/obj/lora/8c1f6461900021c1/error_code,0.0,
1781677994,1637,1634,1637/obj/lora/8c1f6461900021c1/,0.0,
1781677994,1637,1634,1637/obj/lora/24e124725d489523/,0.0,
1781677994,1637,1634,1637/obj/lora/8c1f6461900021c1/battery,3592.0,
1781677994,1637,1634,1637/obj/lora/8c1f6461900021c1/water_temp_max,20.5,
1781677994,1637,1634,1637/obj/lora/8c1f6461900021c1/total_volume,114980.0,
1781677994,1637,1634,1637/obj/lora/24e124725d489523/battery,39.0,
1781677994,1637,1634,1637/obj/lora/24e124725d489523/temperature,20.5,
1781677994,1637,1634,1637/obj/lora/24e124725d489523/gateway_snr,0.20000000298023224,24e124fffef949f8
1781677994,1637,1634,1637/obj/lora/24e124725d489523/payload,85.0,0175270367cd0004685e
1781677994,1637,1634,1637/obj/lora/8c1f6461900021c1/ambient_temp,20.5,
1781677994,1637,1634,1637/obj/lora/24e124725d489523/frame_counter,7505.0,
1781677994,1637,1634,1637/obj/lora/24e124725d489523/gateway_rssi,-113.0,24e124fffef949f8
1781677994,1637,1634,1637/obj/lora/8c1f6461900021c1/water_temp_min,20.0,
1781677994,1637,1634,1637/obj/lora/24e124725d489523/bandwidth,125000.0,
1781677994,1637,1634,1637/obj/lora/8c1f6461900021c1/frame_counter,7664.0,
1781677994,1637,1634,1637/obj/lora/8c1f6461900021c1/leak_status,0.0,
1781677994,1637,1634,1637/obj/lora/8c1f6461900021c1/gateway_rssi,-106.0,24e124fffef94d5c
1781677994,1637,1634,1637/obj/lora/8c1f6461900021c1/gateway_snr,2.0,24e124fffef94d5c
1781677994,1637,1634,1637/obj/lora/8c1f6461900021c1/spreading_factor,7.0,
1781677994,1637,1634,1637/obj/lora/8c1f6461900021c1/payload,1.0,c2d30903000024c101001af30500000000000000000000e0e9505151
1781677994,1637,1634,1637/obj/lora/24e124725d489523/humidity,47.0,
1781678060,1637,1634,1637/obj/lora/8c1f6461900021e2/total_volume,56792.0,
1781678060,1637,1634,1637/obj/lora/8c1f6461900021e2/battery,3632.0,
1781678060,1637,1634,1637/obj/lora/8c1f6461900021e2/water_temp_min,23.5,
1781678060,1637,1634,1637/obj/lora/8c1f6461900021e2/error_code,0.0,
1781678060,1637,1634,1637/obj/lora/8c1f6461900021e2/gateway_rssi,-104.0,24e124fffef949f8
1781678060,1637,1634,1637/obj/lora/8c1f6461900021e2/,0.0,
1781678060,1637,1634,1637/obj/lora/8c1f6461900021e2/leak_status,2.0,
1781678060,1637,1634,1637/obj/lora/8c1f6461900021e2/gateway_snr,6.199999809265137,24e124fffef949f8
1781678060,1637,1634,1637/obj/lora/8c1f6461900021e2/bandwidth,125000.0,
1781678060,1637,1634,1637/obj/lora/8c1f6461900021e2/payload,1.0,17d409030000d8dd00003200000020c60903b403b50e02e5e9575857
1781678060,1637,1634,1637/obj/lora/8c1f6461900021e2/frame_counter,3642.0,
1781678060,1637,1634,1637/obj/lora/8c1f6461900021e2/ambient_temp,23.5,
1781678060,1637,1634,1637/obj/lora/8c1f6461900021e2/spreading_factor,7.0,
1781678060,1637,1634,1637/obj/lora/8c1f6461900021e2/battery_recovered,3664.0,
1781678060,1637,1634,1637/obj/lora/8c1f6461900021e2/water_temp_max,24.0,
1781678128,1637,1634,1637/obj/lora/8c1f6461900020a5/gateway_rssi,-101.0,24e124fffef94d5c
1781678128,1637,1634,1637/obj/lora/8c1f6461900020a5/battery_recovered,3656.0,
1781678128,1637,1634,1637/obj/lora/8c1f6461900020a5/bandwidth,125000.0,
1781678128,1637,1634,1637/obj/lora/8c1f6461900020a5/ambient_temp,24.0,
1781678128,1637,1634,1637/obj/lora/8c1f6461900020a5/battery,3584.0,
1781678128,1637,1634,1637/obj/lora/8c1f6461900020a5/water_temp_max,25.0,
1781678128,1637,1634,1637/obj/lora/8c1f6461900020a5/frame_counter,7606.0,
1781678128,1637,1634,1637/obj/lora/8c1f6461900020a5/spreading_factor,7.0,
1781678128,1637,1634,1637/obj/lora/8c1f6461900020a5/error_code,0.0,
1781678128,1637,1634,1637/obj/lora/8c1f6461900020a5/total_volume,15397.0,
1781678128,1637,1634,1637/obj/lora/8c1f6461900020a5/leak_status,2.0,
1781678128,1637,1634,1637/obj/lora/8c1f6461900020a5/water_temp_min,23.5,
1781678128,1637,1634,1637/obj/lora/8c1f6461900020a5/,0.0,
1781678128,1637,1634,1637/obj/lora/8c1f6461900020a5/payload,1.0,04de09030000253c00000000000016d70903f6fe930402dfe8575a58
1781678128,1637,1634,1637/obj/lora/8c1f6461900020a5/gateway_snr,7.800000190734863,24e124fffef94d5c
1781678191,1637,1634,1637/obj/lora/8c1f646190001ba9/gateway_snr,4.5,24e124fffef949f8
1781678191,1637,1634,1637/obj/lora/8c1f646190001ba9/gateway_rssi,-107.0,24e124fffef949f8
1781678191,1637,1634,1637/obj/lora/8c1f646190001ba9/bandwidth,125000.0,
1781678191,1637,1634,1637/obj/lora/8c1f646190001ba9/frame_counter,7075.0,
1781678191,1637,1634,1637/obj/lora/8c1f646190001ba9/ambient_temp,22.0,
1781678191,1637,1634,1637/obj/lora/8c1f646190001ba9/battery_recovered,3672.0,
1781678191,1637,1634,1637/obj/lora/8c1f646190001ba9/spreading_factor,7.0,
1781678191,1637,1634,1637/obj/lora/8c1f646190001ba9/water_temp_max,22.0,
1781678191,1637,1634,1637/obj/lora/8c1f646190001ba9/error_code,0.0,
1781678191,1637,1634,1637/obj/lora/8c1f646190001ba9/,0.0,
1781678191,1637,1634,1637/obj/lora/8c1f646190001ba9/total_volume,31771.0,
1781678191,1637,1634,1637/obj/lora/8c1f646190001ba9/leak_status,2.0,
1781678191,1637,1634,1637/obj/lora/8c1f646190001ba9/water_temp_min,22.0,
1781678191,1637,1634,1637/obj/lora/8c1f646190001ba9/battery,3600.0,
1781678191,1637,1634,1637/obj/lora/8c1f646190001ba9/payload,1.0,96c5090300001b7c0000a1430b00a2b709032501500202e1ea545454
1781678211,1637,1634,1637/obj/lora/8c1f6461900018ba/ambient_temp,21.0,
1781678211,1637,1634,1637/obj/lora/8c1f6461900018ba/total_volume,7597.0,
1781678211,1637,1634,1637/obj/lora/8c1f6461900018ba/,0.0,
1781678211,1637,1634,1637/obj/lora/8c1f6461900018ba/error_code,0.0,
1781678211,1637,1634,1637/obj/lora/8c1f6461900018ba/gateway_snr,4.800000190734863,24e124fffef94d5c
1781678211,1637,1634,1637/obj/lora/8c1f6461900018ba/water_temp_min,21.0,
1781678211,1637,1634,1637/obj/lora/8c1f6461900018ba/spreading_factor,7.0,
1781678211,1637,1634,1637/obj/lora/8c1f6461900018ba/payload,1.0,788d09030000ad1d000000000000927f09035d02850202dfea525352
1781678211,1637,1634,1637/obj/lora/8c1f6461900018ba/battery,3584.0,
1781678211,1637,1634,1637/obj/lora/8c1f6461900018ba/gateway_rssi,-104.0,24e124fffef94d5c
1781678211,1637,1634,1637/obj/lora/8c1f6461900018ba/battery_recovered,3672.0,
1781678211,1637,1634,1637/obj/lora/8c1f6461900018ba/leak_status,2.0,
1781678211,1637,1634,1637/obj/lora/8c1f6461900018ba/frame_counter,5751.0,
1781678211,1637,1634,1637/obj/lora/8c1f6461900018ba/bandwidth,125000.0,
1781678211,1637,1634,1637/obj/lora/8c1f6461900018ba/water_temp_max,21.5,
1781678276,1637,1634,1637/obj/lora/8c1f646190001fcb/water_temp_max,22.5,
1781678276,1637,1634,1637/obj/lora/8c1f646190001fcb/gateway_rssi,-108.0,24e124fffef94d5c
1781678276,1637,1634,1637/obj/lora/8c1f646190001fcb/spreading_factor,7.0,
1781678276,1637,1634,1637/obj/lora/8c1f646190001fcb/ambient_temp,22.0,
1781678276,1637,1634,1637/obj/lora/8c1f646190001fcb/gateway_snr,-3.799999952316284,24e124fffef94d5c
1781678276,1637,1634,1637/obj/lora/8c1f646190001fcb/bandwidth,125000.0,
1781678276,1637,1634,1637/obj/lora/8c1f646190001fcb/frame_counter,7389.0,
1781678276,1637,1634,1637/obj/lora/8c1f646190001fcb/error_code,0.0,
1781678276,1637,1634,1637/obj/lora/8c1f646190001fcb/payload,1.0,817a0d0300006f5d000000000000a56c0d0313020f0602e5ed545554
1781678276,1637,1634,1637/obj/lora/8c1f646190001fcb/battery_recovered,3696.0,
1781678276,1637,1634,1637/obj/lora/8c1f646190001fcb/battery,3632.0,
1781678276,1637,1634,1637/obj/lora/8c1f646190001fcb/water_temp_min,22.0,
1781678276,1637,1634,1637/obj/lora/8c1f646190001fcb/,0.0,
1781678276,1637,1634,1637/obj/lora/8c1f646190001fcb/leak_status,2.0,
1781678276,1637,1634,1637/obj/lora/8c1f646190001fcb/total_volume,23919.0,
1781678291,1637,1634,1637/obj/lora/8c1f646190002244/frame_counter,6478.0,
1781678291,1637,1634,1637/obj/lora/8c1f646190002244/ambient_temp,23.0,
1781678291,1637,1634,1637/obj/lora/8c1f646190002244/battery_recovered,3672.0,
1781678291,1637,1634,1637/obj/lora/8c1f646190002244/,0.0,
1781678291,1637,1634,1637/obj/lora/8c1f646190002244/battery,3608.0,
1781678291,1637,1634,1637/obj/lora/8c1f646190002244/gateway_rssi,-104.0,24e124fffef94d5c
1781678291,1637,1634,1637/obj/lora/8c1f646190002244/payload,1.0,2f970903000010b9010003000000000000000000000000e2ea555656
1781678291,1637,1634,1637/obj/lora/8c1f646190002244/spreading_factor,7.0,
1781678291,1637,1634,1637/obj/lora/8c1f646190002244/error_code,0.0,
1781678291,1637,1634,1637/obj/lora/8c1f646190002244/total_volume,112912.0,
1781678291,1637,1634,1637/obj/lora/8c1f646190002244/water_temp_max,23.0,
1781678291,1637,1634,1637/obj/lora/8c1f646190002244/leak_status,0.0,
1781678291,1637,1634,1637/obj/lora/8c1f646190002244/bandwidth,125000.0,
1781678291,1637,1634,1637/obj/lora/8c1f646190002244/water_temp_min,22.5,
1781678291,1637,1634,1637/obj/lora/8c1f646190002244/gateway_snr,3.799999952316284,24e124fffef94d5c
1781678375,1637,1634,1637/obj/lora/8c1f6461900021bd/battery_recovered,3656.0,
1781678375,1637,1634,1637/obj/lora/8c1f6461900021bd/water_temp_min,21.5,
1781678375,1637,1634,1637/obj/lora/8c1f6461900021bd/gateway_snr,1.2000000476837158,24e124fffef94d5c
1781678375,1637,1634,1637/obj/lora/8c1f6461900021bd/gateway_rssi,-106.0,24e124fffef94d5c
1781678375,1637,1634,1637/obj/lora/8c1f6461900021bd/frame_counter,6633.0,
1781678375,1637,1634,1637/obj/lora/8c1f6461900021bd/,0.0,
1781678375,1637,1634,1637/obj/lora/8c1f6461900021bd/water_temp_max,22.0,
1781678375,1637,1634,1637/obj/lora/8c1f6461900021bd/ambient_temp,22.0,
1781678375,1637,1634,1637/obj/lora/8c1f6461900021bd/leak_status,2.0,
1781678375,1637,1634,1637/obj/lora/8c1f6461900021bd/battery,3576.0,
1781678375,1637,1634,1637/obj/lora/8c1f6461900021bd/total_volume,71806.0,
1781678375,1637,1634,1637/obj/lora/8c1f6461900021bd/payload,1.0,bece090300007e180100000000004ec20903c704481c02dee8535454
1781678375,1637,1634,1637/obj/lora/8c1f6461900021bd/bandwidth,125000.0,
1781678375,1637,1634,1637/obj/lora/8c1f6461900021bd/error_code,0.0,
1781678375,1637,1634,1637/obj/lora/8c1f6461900021bd/spreading_factor,7.0,
1781678593,1637,1634,1637/obj/lora/24e124725d489523/battery,39.0,
1781678593,1637,1634,1637/obj/lora/24e124725d489523/humidity,47.0,
1781678593,1637,1634,1637/obj/lora/24e124725d489523/,0.0,
1781678593,1637,1634,1637/obj/lora/24e124725d489523/gateway_rssi,-112.0,24e124fffef949f8
1781678593,1637,1634,1637/obj/lora/24e124725d489523/payload,85.0,0175270367cd0004685e
1781678593,1637,1634,1637/obj/lora/24e124725d489523/frame_counter,7506.0,
1781678593,1637,1634,1637/obj/lora/24e124725d489523/temperature,20.5,
1781678593,1637,1634,1637/obj/lora/24e124725d489523/gateway_snr,-1.7999999523162842,24e124fffef949f8
1781678593,1637,1634,1637/obj/lora/24e124725d489523/spreading_factor,7.0,
1781678593,1637,1634,1637/obj/lora/24e124725d489523/bandwidth,125000.0,
1781678746,1637,1634,1637/obj/lora/8c1f64619000227c/,0.0,
1781678746,1637,1634,1637/obj/lora/8c1f64619000227c/gateway_snr,1.0,24e124fffef949f8
1781678746,1637,1634,1637/obj/lora/8c1f64619000227c/leak_status,2.0,
1781678746,1637,1634,1637/obj/lora/8c1f64619000227c/battery_recovered,3664.0,
1781678746,1637,1634,1637/obj/lora/8c1f64619000227c/error_code,0.0,
1781678746,1637,1634,1637/obj/lora/8c1f64619000227c/ambient_temp,23.0,
1781678746,1637,1634,1637/obj/lora/8c1f64619000227c/water_temp_min,23.0,
1781678746,1637,1634,1637/obj/lora/8c1f64619000227c/total_volume,12937.0,
1781678746,1637,1634,1637/obj/lora/8c1f64619000227c/gateway_rssi,-111.0,24e124fffef949f8
1781678746,1637,1634,1637/obj/lora/8c1f64619000227c/battery,3576.0,
1781678746,1637,1634,1637/obj/lora/8c1f64619000227c/water_temp_max,23.0,
1781678746,1637,1634,1637/obj/lora/8c1f64619000227c/payload,1.0,90a50903000089320000e7ad0400b6970903aeff010102dee9565656
1781678746,1637,1634,1637/obj/lora/8c1f64619000227c/bandwidth,125000.0,
1781678746,1637,1634,1637/obj/lora/8c1f64619000227c/frame_counter,7521.0,
1781678746,1637,1634,1637/obj/lora/8c1f64619000227c/spreading_factor,7.0,
1781678776,1637,1634,1637/obj/lora/8c1f64619000171c/battery_recovered,3672.0,
1781678776,1637,1634,1637/obj/lora/8c1f64619000171c/gateway_snr,3.5,24e124fffef949f8
1781678776,1637,1634,1637/obj/lora/8c1f64619000171c/water_temp_max,25.5,
1781678776,1637,1634,1637/obj/lora/8c1f64619000171c/ambient_temp,24.5,
1781678776,1637,1634,1637/obj/lora/8c1f64619000171c/water_temp_min,24.0,
1781678776,1637,1634,1637/obj/lora/8c1f64619000171c/error_code,0.0,
1781678776,1637,1634,1637/obj/lora/8c1f64619000171c/gateway_rssi,-109.0,24e124fffef949f8
1781678776,1637,1634,1637/obj/lora/8c1f64619000171c/battery,3640.0,
1781678776,1637,1634,1637/obj/lora/8c1f64619000171c/bandwidth,125000.0,
1781678776,1637,1634,1637/obj/lora/8c1f64619000171c/frame_counter,3606.0,
1781678776,1637,1634,1637/obj/lora/8c1f64619000171c/total_volume,17945.0,
1781678776,1637,1634,1637/obj/lora/8c1f64619000171c/spreading_factor,7.0,
1781678776,1637,1634,1637/obj/lora/8c1f64619000171c/,0.0,
1781678776,1637,1634,1637/obj/lora/8c1f64619000171c/payload,1.0,79830d030000194600001200000079750d0336020f0202e6ea585b59
1781678776,1637,1634,1637/obj/lora/8c1f64619000171c/leak_status,2.0,
1781678777,1637,1634,1637/obj/lora/8c1f646190001c1f/total_volume,44066.0,
1781678777,1637,1634,1637/obj/lora/8c1f646190001c1f/water_temp_max,24.0,
1781678777,1637,1634,1637/obj/lora/8c1f646190001c1f/spreading_factor,7.0,
1781678777,1637,1634,1637/obj/lora/8c1f646190001c1f/,0.0,
1781678777,1637,1634,1637/obj/lora/8c1f646190001c1f/frame_counter,1939.0,
1781678777,1637,1634,1637/obj/lora/8c1f646190001c1f/error_code,0.0,
1781678777,1637,1634,1637/obj/lora/8c1f646190001c1f/gateway_rssi,-106.0,24e124fffef949f8
1781678777,1637,1634,1637/obj/lora/8c1f646190001c1f/payload,1.0,8dc80903000022ac000000000000000000000000000000e4ec575856
1781678777,1637,1634,1637/obj/lora/8c1f646190001c1f/battery_recovered,3688.0,
1781678777,1637,1634,1637/obj/lora/8c1f646190001c1f/bandwidth,125000.0,
1781678777,1637,1634,1637/obj/lora/8c1f646190001c1f/battery,3624.0,
1781678777,1637,1634,1637/obj/lora/8c1f646190001c1f/leak_status,0.0,
1781678777,1637,1634,1637/obj/lora/8c1f646190001c1f/ambient_temp,23.0,
1781678777,1637,1634,1637/obj/lora/8c1f646190001c1f/water_temp_min,23.5,
1781678777,1637,1634,1637/obj/lora/8c1f646190001c1f/gateway_snr,6.199999809265137,24e124fffef949f8
1781678875,1637,1634,1637/obj/lora/8c1f646190001fc1/total_volume,50573.0,
1781678875,1637,1634,1637/obj/lora/8c1f646190001fc1/payload,1.0,63ce090300008dc50000871c0a008bc00903e3081a0c02dee6545554
1781678875,1637,1634,1637/obj/lora/8c1f646190001fc1/water_temp_max,22.5,
1781678875,1637,1634,1637/obj/lora/8c1f646190001fc1/,0.0,
1781678875,1637,1634,1637/obj/lora/8c1f646190001fc1/water_temp_min,22.0,
1781678875,1637,1634,1637/obj/lora/8c1f646190001fc1/gateway_snr,11.0,24e124fffef94d5c
1781678875,1637,1634,1637/obj/lora/8c1f646190001fc1/spreading_factor,7.0,
1781678875,1637,1634,1637/obj/lora/8c1f646190001fc1/gateway_rssi,-95.0,24e124fffef94d5c
1781678875,1637,1634,1637/obj/lora/8c1f646190001fc1/leak_status,2.0,
1781678875,1637,1634,1637/obj/lora/8c1f646190001fc1/ambient_temp,22.0,
1781678875,1637,1634,1637/obj/lora/8c1f646190001fc1/battery_recovered,3640.0,
1781678875,1637,1634,1637/obj/lora/8c1f646190001fc1/error_code,0.0,
1781678875,1637,1634,1637/obj/lora/8c1f646190001fc1/battery,3576.0,
1781678875,1637,1634,1637/obj/lora/8c1f646190001fc1/bandwidth,125000.0,
1781678875,1637,1634,1637/obj/lora/8c1f646190001fc1/frame_counter,6895.0,
1781678964,1637,1634,1637/obj/lora/8c1f646190001501/error_code,0.0,
1781678964,1637,1634,1637/obj/lora/8c1f646190001501/water_temp_min,22.0,
1781678964,1637,1634,1637/obj/lora/8c1f646190001501/leak_status,2.0,
1781678964,1637,1634,1637/obj/lora/8c1f646190001501/total_volume,21710.0,
1781678964,1637,1634,1637/obj/lora/8c1f646190001501/battery_recovered,3696.0,
1781678964,1637,1634,1637/obj/lora/8c1f646190001501/payload,1.0,d2cc0e030000ce540000028e0600f1be0e03f101af0402eaed545454
1781678964,1637,1634,1637/obj/lora/8c1f646190001501/bandwidth,125000.0,
1781678964,1637,1634,1637/obj/lora/8c1f646190001501/water_temp_max,22.0,
1781678964,1637,1634,1637/obj/lora/8c1f646190001501/battery,3672.0,
1781678964,1637,1634,1637/obj/lora/8c1f646190001501/,0.0,
1781678964,1637,1634,1637/obj/lora/8c1f646190001501/spreading_factor,7.0,
1781678964,1637,1634,1637/obj/lora/8c1f646190001501/gateway_rssi,-101.0,24e124fffef949f8
1781678964,1637,1634,1637/obj/lora/8c1f646190001501/gateway_snr,10.5,24e124fffef949f8
1781678964,1637,1634,1637/obj/lora/8c1f646190001501/ambient_temp,22.0,
1781678964,1637,1634,1637/obj/lora/8c1f646190001501/frame_counter,3294.0,
1781678969,1637,1634,1637/obj/lora/8c1f646190001bea/water_temp_max,22.5,
1781678969,1637,1634,1637/obj/lora/8c1f646190001bea/frame_counter,7692.0,
1781678969,1637,1634,1637/obj/lora/8c1f646190001bea/ambient_temp,22.0,
1781678969,1637,1634,1637/obj/lora/8c1f646190001bea/,0.0,
1781678969,1637,1634,1637/obj/lora/8c1f646190001bea/total_volume,34015.0,
1781678969,1637,1634,1637/obj/lora/8c1f646190001bea/error_code,0.0,
1781678969,1637,1634,1637/obj/lora/8c1f646190001bea/gateway_rssi,-107.0,24e124fffef94d5c
1781678969,1637,1634,1637/obj/lora/8c1f646190001bea/spreading_factor,7.0,
1781678969,1637,1634,1637/obj/lora/8c1f646190001bea/payload,1.0,3eb909030000df840000206c0c0040ab090328fe0a0202e0e8545554
1781678969,1637,1634,1637/obj/lora/8c1f646190001bea/gateway_snr,1.2000000476837158,24e124fffef94d5c
1781678969,1637,1634,1637/obj/lora/8c1f646190001bea/battery_recovered,3656.0,
1781678969,1637,1634,1637/obj/lora/8c1f646190001bea/bandwidth,125000.0,
1781678969,1637,1634,1637/obj/lora/8c1f646190001bea/battery,3592.0,
1781678969,1637,1634,1637/obj/lora/8c1f646190001bea/water_temp_min,22.0,
1781678969,1637,1634,1637/obj/lora/8c1f646190001bea/leak_status,2.0,
1781679193,1637,1634,1637/obj/lora/24e124725d489523/humidity,46.5,
1781679193,1637,1634,1637/obj/lora/24e124725d489523/gateway_rssi,-112.0,24e124fffef949f8
1781679193,1637,1634,1637/obj/lora/24e124725d489523/spreading_factor,7.0,
1781679193,1637,1634,1637/obj/lora/24e124725d489523/,0.0,
1781679193,1637,1634,1637/obj/lora/24e124725d489523/frame_counter,7507.0,
1781679193,1637,1634,1637/obj/lora/24e124725d489523/gateway_snr,-1.5,24e124fffef949f8
1781679193,1637,1634,1637/obj/lora/24e124725d489523/battery,39.0,
1781679193,1637,1634,1637/obj/lora/24e124725d489523/bandwidth,125000.0,
1781679193,1637,1634,1637/obj/lora/24e124725d489523/temperature,20.5,
1781679193,1637,1634,1637/obj/lora/24e124725d489523/payload,85.0,0175270367cd0004685d
1781679272,1637,1634,1637/obj/lora/8c1f6461900021e8/payload,1.0,22db0903000095b600007d6107001fcd09031b00ca0702e7eb5a5b57
1781679272,1637,1634,1637/obj/lora/8c1f6461900021e8/battery,3648.0,
1781679272,1637,1634,1637/obj/lora/8c1f6461900021e8/battery_recovered,3680.0,
1781679272,1637,1634,1637/obj/lora/8c1f6461900021e8/gateway_snr,3.0,24e124fffef949f8
1781679272,1637,1634,1637/obj/lora/8c1f6461900021e8/gateway_rssi,-109.0,24e124fffef949f8
1781679272,1637,1634,1637/obj/lora/8c1f6461900021e8/water_temp_max,25.5,
1781679272,1637,1634,1637/obj/lora/8c1f6461900021e8/ambient_temp,23.5,
1781679272,1637,1634,1637/obj/lora/8c1f6461900021e8/bandwidth,125000.0,
1781679272,1637,1634,1637/obj/lora/8c1f6461900021e8/spreading_factor,7.0,
1781679272,1637,1634,1637/obj/lora/8c1f6461900021e8/,0.0,
1781679272,1637,1634,1637/obj/lora/8c1f6461900021e8/leak_status,2.0,
1781679272,1637,1634,1637/obj/lora/8c1f6461900021e8/frame_counter,3453.0,
1781679272,1637,1634,1637/obj/lora/8c1f6461900021e8/error_code,0.0,
1781679272,1637,1634,1637/obj/lora/8c1f6461900021e8/water_temp_min,25.0,
1781679272,1637,1634,1637/obj/lora/8c1f6461900021e8/total_volume,46741.0,
1781679285,1637,1634,1637/obj/lora/8c1f646190001ebd/water_temp_min,23.0,
1781679285,1637,1634,1637/obj/lora/8c1f646190001ebd/gateway_rssi,-107.0,24e124fffef949f8
1781679285,1637,1634,1637/obj/lora/8c1f646190001ebd/bandwidth,125000.0,
1781679285,1637,1634,1637/obj/lora/8c1f646190001ebd/total_volume,27354.0,
1781679285,1637,1634,1637/obj/lora/8c1f646190001ebd/ambient_temp,22.5,
1781679285,1637,1634,1637/obj/lora/8c1f646190001ebd/spreading_factor,7.0,
1781679285,1637,1634,1637/obj/lora/8c1f646190001ebd/,0.0,
1781679285,1637,1634,1637/obj/lora/8c1f646190001ebd/error_code,0.0,
1781679285,1637,1634,1637/obj/lora/8c1f646190001ebd/battery,3616.0,
1781679285,1637,1634,1637/obj/lora/8c1f646190001ebd/gateway_snr,5.199999809265137,24e124fffef949f8
1781679285,1637,1634,1637/obj/lora/8c1f646190001ebd/water_temp_max,23.5,
1781679285,1637,1634,1637/obj/lora/8c1f646190001ebd/battery_recovered,3696.0,
1781679285,1637,1634,1637/obj/lora/8c1f646190001ebd/frame_counter,7924.0,
1781679285,1637,1634,1637/obj/lora/8c1f646190001ebd/leak_status,2.0,
1781679285,1637,1634,1637/obj/lora/8c1f646190001ebd/payload,1.0,01d209030000da6a00000000000027c40903bdfefb0b02e3ed565755
1781679355,1637,1634,1637/obj/lora/8c1f6461900021c5/gateway_rssi,-107.0,24e124fffef949f8
1781679355,1637,1634,1637/obj/lora/8c1f6461900021c5/battery_recovered,3664.0,
1781679355,1637,1634,1637/obj/lora/8c1f6461900021c5/leak_status,2.0,
1781679355,1637,1634,1637/obj/lora/8c1f6461900021c5/payload,1.0,64c709030000ce2f0000000000005fb9090379e2f20102e1e9485554
1781679355,1637,1634,1637/obj/lora/8c1f6461900021c5/,0.0,
1781679355,1637,1634,1637/obj/lora/8c1f6461900021c5/total_volume,12238.0,
1781679355,1637,1634,1637/obj/lora/8c1f6461900021c5/water_temp_min,16.0,
1781679355,1637,1634,1637/obj/lora/8c1f6461900021c5/gateway_snr,5.800000190734863,24e124fffef949f8
1781679355,1637,1634,1637/obj/lora/8c1f6461900021c5/error_code,0.0,
1781679355,1637,1634,1637/obj/lora/8c1f6461900021c5/water_temp_max,22.5,
1781679355,1637,1634,1637/obj/lora/8c1f6461900021c5/battery,3600.0,
1781679355,1637,1634,1637/obj/lora/8c1f6461900021c5/bandwidth,125000.0,
1781679355,1637,1634,1637/obj/lora/8c1f6461900021c5/frame_counter,6818.0,
1781679355,1637,1634,1637/obj/lora/8c1f6461900021c5/spreading_factor,7.0,
1781679355,1637,1634,1637/obj/lora/8c1f6461900021c5/ambient_temp,22.0,
1781679402,1637,1634,1637/obj/lora/8c1f646190001901/payload,1.0,22cc09030000df340000050000004ebe0903e001890202dfeb535453
1781679402,1637,1634,1637/obj/lora/8c1f646190001901/total_volume,13535.0,
1781679402,1637,1634,1637/obj/lora/8c1f646190001901/ambient_temp,21.5,
1781679402,1637,1634,1637/obj/lora/8c1f646190001901/gateway_snr,6.0,24e124fffef94d5c
1781679402,1637,1634,1637/obj/lora/8c1f646190001901/water_temp_max,22.0,
1781679402,1637,1634,1637/obj/lora/8c1f646190001901/battery,3584.0,
1781679402,1637,1634,1637/obj/lora/8c1f646190001901/error_code,0.0,
1781679402,1637,1634,1637/obj/lora/8c1f646190001901/frame_counter,7666.0,
1781679402,1637,1634,1637/obj/lora/8c1f646190001901/leak_status,2.0,
1781679402,1637,1634,1637/obj/lora/8c1f646190001901/water_temp_min,21.5,
1781679402,1637,1634,1637/obj/lora/8c1f646190001901/battery_recovered,3680.0,
1781679402,1637,1634,1637/obj/lora/8c1f646190001901/spreading_factor,7.0,
1781679402,1637,1634,1637/obj/lora/8c1f646190001901/,0.0,
1781679402,1637,1634,1637/obj/lora/8c1f646190001901/gateway_rssi,-103.0,24e124fffef94d5c
1781679402,1637,1634,1637/obj/lora/8c1f646190001901/bandwidth,125000.0,
1781679474,1637,1634,1637/obj/lora/8c1f646190001592/bandwidth,125000.0,
1781679474,1637,1634,1637/obj/lora/8c1f646190001592/battery_recovered,3672.0,
1781679474,1637,1634,1637/obj/lora/8c1f646190001592/gateway_rssi,-99.0,24e124fffef949f8
1781679474,1637,1634,1637/obj/lora/8c1f646190001592/water_temp_min,22.5,
1781679474,1637,1634,1637/obj/lora/8c1f646190001592/leak_status,2.0,
1781679474,1637,1634,1637/obj/lora/8c1f646190001592/water_temp_max,26.0,
1781679474,1637,1634,1637/obj/lora/8c1f646190001592/,0.0,
1781679474,1637,1634,1637/obj/lora/8c1f646190001592/spreading_factor,7.0,
1781679474,1637,1634,1637/obj/lora/8c1f646190001592/total_volume,33692.0,
1781679474,1637,1634,1637/obj/lora/8c1f646190001592/frame_counter,3625.0,
1781679474,1637,1634,1637/obj/lora/8c1f646190001592/ambient_temp,22.5,
1781679474,1637,1634,1637/obj/lora/8c1f646190001592/payload,1.0,6aab090300009c8300001dbc0b006f9d09034afd170302e3ea555c55
1781679474,1637,1634,1637/obj/lora/8c1f646190001592/gateway_snr,-2.200000047683716,24e124fffef949f8
1781679474,1637,1634,1637/obj/lora/8c1f646190001592/error_code,0.0,
1781679474,1637,1634,1637/obj/lora/8c1f646190001592/battery,3616.0,
1781679508,1637,1634,1637/obj/lora/8c1f646190001c9b/water_temp_min,41.5,
1781679508,1637,1634,1637/obj/lora/8c1f646190001c9b/payload,1.0,6ac6090300009cb60000fa930e0081b809036cff730702e0e97b7b5a
1781679508,1637,1634,1637/obj/lora/8c1f646190001c9b/gateway_snr,1.7999999523162842,24e124fffef94d5c
1781679508,1637,1634,1637/obj/lora/8c1f646190001c9b/water_temp_max,41.5,
1781679508,1637,1634,1637/obj/lora/8c1f646190001c9b/bandwidth,125000.0,
1781679508,1637,1634,1637/obj/lora/8c1f646190001c9b/ambient_temp,25.0,
1781679508,1637,1634,1637/obj/lora/8c1f646190001c9b/gateway_rssi,-104.0,24e124fffef94d5c
1781679508,1637,1634,1637/obj/lora/8c1f646190001c9b/error_code,0.0,
1781679508,1637,1634,1637/obj/lora/8c1f646190001c9b/,0.0,
1781679508,1637,1634,1637/obj/lora/8c1f646190001c9b/battery_recovered,3664.0,
1781679508,1637,1634,1637/obj/lora/8c1f646190001c9b/battery,3592.0,
1781679508,1637,1634,1637/obj/lora/8c1f646190001c9b/spreading_factor,7.0,
1781679508,1637,1634,1637/obj/lora/8c1f646190001c9b/total_volume,46748.0,
1781679508,1637,1634,1637/obj/lora/8c1f646190001c9b/leak_status,2.0,
1781679508,1637,1634,1637/obj/lora/8c1f646190001c9b/frame_counter,7510.0,
1781679537,1637,1634,1637/obj/lora/8c1f646190001947/leak_status,2.0,
1781679537,1637,1634,1637/obj/lora/8c1f646190001947/frame_counter,7368.0,
1781679537,1637,1634,1637/obj/lora/8c1f646190001947/water_temp_min,22.5,
1781679537,1637,1634,1637/obj/lora/8c1f646190001947/payload,1.0,dae5090300007495000000000000f5d7090361078f0702e0e7555554
1781679537,1637,1634,1637/obj/lora/8c1f646190001947/battery_recovered,3648.0,
1781679537,1637,1634,1637/obj/lora/8c1f646190001947/gateway_snr,4.0,24e124fffef94d5c
1781679537,1637,1634,1637/obj/lora/8c1f646190001947/bandwidth,125000.0,
1781679537,1637,1634,1637/obj/lora/8c1f646190001947/battery,3592.0,
1781679537,1637,1634,1637/obj/lora/8c1f646190001947/total_volume,38260.0,
1781679537,1637,1634,1637/obj/lora/8c1f646190001947/spreading_factor,7.0,
1781679537,1637,1634,1637/obj/lora/8c1f646190001947/,0.0,
1781679537,1637,1634,1637/obj/lora/8c1f646190001947/error_code,0.0,
1781679537,1637,1634,1637/obj/lora/8c1f646190001947/water_temp_max,22.5,
1781679537,1637,1634,1637/obj/lora/8c1f646190001947/ambient_temp,22.0,
1781679537,1637,1634,1637/obj/lora/8c1f646190001947/gateway_rssi,-104.0,24e124fffef94d5c
1781679563,1637,1634,1637/obj/lora/8c1f64619000177c/spreading_factor,7.0,
1781679563,1637,1634,1637/obj/lora/8c1f64619000177c/water_temp_max,21.5,
1781679563,1637,1634,1637/obj/lora/8c1f64619000177c/water_temp_min,21.5,
1781679563,1637,1634,1637/obj/lora/8c1f64619000177c/bandwidth,125000.0,
1781679563,1637,1634,1637/obj/lora/8c1f64619000177c/battery,3616.0,
1781679563,1637,1634,1637/obj/lora/8c1f64619000177c/payload,1.0,a5ac09030000a4e1000000000000000000000000000000e3eb535354
1781679563,1637,1634,1637/obj/lora/8c1f64619000177c/error_code,0.0,
1781679563,1637,1634,1637/obj/lora/8c1f64619000177c/frame_counter,6449.0,
1781679563,1637,1634,1637/obj/lora/8c1f64619000177c/battery_recovered,3680.0,
1781679563,1637,1634,1637/obj/lora/8c1f64619000177c/ambient_temp,22.0,
1781679563,1637,1634,1637/obj/lora/8c1f64619000177c/gateway_snr,9.199999809265137,24e124fffef949f8
1781679563,1637,1634,1637/obj/lora/8c1f64619000177c/,0.0,
1781679563,1637,1634,1637/obj/lora/8c1f64619000177c/leak_status,0.0,
1781679563,1637,1634,1637/obj/lora/8c1f64619000177c/total_volume,57764.0,
1781679563,1637,1634,1637/obj/lora/8c1f64619000177c/gateway_rssi,-100.0,24e124fffef949f8
1781679585,1637,1634,1637/obj/lora/8c1f646190001c1c/water_temp_max,22.5,
1781679585,1637,1634,1637/obj/lora/8c1f646190001c1c/battery,3616.0,
1781679585,1637,1634,1637/obj/lora/8c1f646190001c1c/bandwidth,125000.0,
1781679585,1637,1634,1637/obj/lora/8c1f646190001c1c/gateway_snr,2.200000047683716,24e124fffef949f8
1781679585,1637,1634,1637/obj/lora/8c1f646190001c1c/error_code,0.0,
1781679585,1637,1634,1637/obj/lora/8c1f646190001c1c/gateway_rssi,-110.0,24e124fffef949f8
1781679585,1637,1634,1637/obj/lora/8c1f646190001c1c/battery_recovered,3656.0,
1781679585,1637,1634,1637/obj/lora/8c1f646190001c1c/,0.0,
1781679585,1637,1634,1637/obj/lora/8c1f646190001c1c/payload,1.0,b4a50d030000359900004d0b0b00c6970d030901820802e3e8545555
1781679585,1637,1634,1637/obj/lora/8c1f646190001c1c/total_volume,39221.0,
1781679585,1637,1634,1637/obj/lora/8c1f646190001c1c/frame_counter,3671.0,
1781679585,1637,1634,1637/obj/lora/8c1f646190001c1c/ambient_temp,22.5,
1781679585,1637,1634,1637/obj/lora/8c1f646190001c1c/water_temp_min,22.0,
1781679585,1637,1634,1637/obj/lora/8c1f646190001c1c/spreading_factor,7.0,
1781679585,1637,1634,1637/obj/lora/8c1f646190001c1c/leak_status,2.0,
1781679675,1637,1634,1637/obj/lora/8c1f6461900021db/ambient_temp,21.0,
1781679675,1637,1634,1637/obj/lora/8c1f6461900021db/spreading_factor,7.0,
1781679675,1637,1634,1637/obj/lora/8c1f6461900021db/,0.0,
1781679675,1637,1634,1637/obj/lora/8c1f6461900021db/gateway_snr,1.2000000476837158,24e124fffef94d5c
1781679675,1637,1634,1637/obj/lora/8c1f6461900021db/leak_status,2.0,
1781679675,1637,1634,1637/obj/lora/8c1f6461900021db/error_code,0.0,
1781679675,1637,1634,1637/obj/lora/8c1f6461900021db/frame_counter,7760.0,
1781679675,1637,1634,1637/obj/lora/8c1f6461900021db/battery_recovered,3648.0,
1781679675,1637,1634,1637/obj/lora/8c1f6461900021db/bandwidth,125000.0,
1781679675,1637,1634,1637/obj/lora/8c1f6461900021db/water_temp_max,21.0,
1781679675,1637,1634,1637/obj/lora/8c1f6461900021db/water_temp_min,20.5,
1781679675,1637,1634,1637/obj/lora/8c1f6461900021db/gateway_rssi,-105.0,24e124fffef94d5c
1781679675,1637,1634,1637/obj/lora/8c1f6461900021db/battery,3584.0,
1781679675,1637,1634,1637/obj/lora/8c1f6461900021db/payload,1.0,e2a309030000d13a0000694f05000796090371ffe10002dfe7515252
1781679675,1637,1634,1637/obj/lora/8c1f6461900021db/total_volume,15057.0,
1781679772,1637,1634,1637/obj/lora/8c1f6461900020d1/,0.0,
1781679772,1637,1634,1637/obj/lora/8c1f6461900020d1/payload,1.0,83a80903000044350000e6fd0400b29a090356045d0102dee7565657
1781679772,1637,1634,1637/obj/lora/8c1f6461900020d1/error_code,0.0,
1781679772,1637,1634,1637/obj/lora/8c1f6461900020d1/water_temp_min,23.0,
1781679772,1637,1634,1637/obj/lora/8c1f6461900020d1/battery_recovered,3648.0,
1781679772,1637,1634,1637/obj/lora/8c1f6461900020d1/gateway_rssi,-105.0,24e124fffef949f8
1781679772,1637,1634,1637/obj/lora/8c1f6461900020d1/gateway_snr,7.199999809265137,24e124fffef949f8
1781679772,1637,1634,1637/obj/lora/8c1f6461900020d1/bandwidth,125000.0,
1781679772,1637,1634,1637/obj/lora/8c1f6461900020d1/battery,3576.0,
1781679772,1637,1634,1637/obj/lora/8c1f6461900020d1/leak_status,2.0,
1781679772,1637,1634,1637/obj/lora/8c1f6461900020d1/frame_counter,6348.0,
1781679772,1637,1634,1637/obj/lora/8c1f6461900020d1/ambient_temp,23.5,
1781679772,1637,1634,1637/obj/lora/8c1f6461900020d1/spreading_factor,7.0,
1781679772,1637,1634,1637/obj/lora/8c1f6461900020d1/total_volume,13636.0,
1781679772,1637,1634,1637/obj/lora/8c1f6461900020d1/water_temp_max,23.0,
1781679795,1637,1634,1637/obj/lora/24e124725d489523/temperature,20.5,
1781679795,1637,1634,1637/obj/lora/24e124725d489523/gateway_snr,-1.7999999523162842,24e124fffef949f8
1781679795,1637,1634,1637/obj/lora/24e124725d489523/frame_counter,7508.0,
1781679795,1637,1634,1637/obj/lora/24e124725d489523/bandwidth,125000.0,
1781679795,1637,1634,1637/obj/lora/24e124725d489523/payload,85.0,0175270367cd0004685d
1781679795,1637,1634,1637/obj/lora/24e124725d489523/,0.0,
1781679795,1637,1634,1637/obj/lora/24e124725d489523/humidity,46.5,
1781679795,1637,1634,1637/obj/lora/24e124725d489523/gateway_rssi,-111.0,24e124fffef949f8
1781679795,1637,1634,1637/obj/lora/24e124725d489523/spreading_factor,7.0,
1781679795,1637,1634,1637/obj/lora/24e124725d489523/battery,39.0,
1781679817,1637,1634,1637/obj/lora/8c1f6461900019cb/leak_status,2.0,
1781679817,1637,1634,1637/obj/lora/8c1f6461900019cb/error_code,0.0,
1781679817,1637,1634,1637/obj/lora/8c1f6461900019cb/water_temp_min,20.5,
1781679817,1637,1634,1637/obj/lora/8c1f6461900019cb/gateway_rssi,-104.0,24e124fffef94d5c
1781679817,1637,1634,1637/obj/lora/8c1f6461900019cb/spreading_factor,7.0,
1781679817,1637,1634,1637/obj/lora/8c1f6461900019cb/frame_counter,7816.0,
1781679817,1637,1634,1637/obj/lora/8c1f6461900019cb/payload,1.0,22a9090300003e29000000000000419b0903f3fef30402dfec515150
1781679817,1637,1634,1637/obj/lora/8c1f6461900019cb/gateway_snr,4.0,24e124fffef94d5c
1781679817,1637,1634,1637/obj/lora/8c1f6461900019cb/total_volume,10558.0,
1781679817,1637,1634,1637/obj/lora/8c1f6461900019cb/,0.0,
1781679817,1637,1634,1637/obj/lora/8c1f6461900019cb/battery_recovered,3688.0,
1781679817,1637,1634,1637/obj/lora/8c1f6461900019cb/battery,3584.0,
1781679817,1637,1634,1637/obj/lora/8c1f6461900019cb/bandwidth,125000.0,
1781679817,1637,1634,1637/obj/lora/8c1f6461900019cb/water_temp_max,20.5,
1781679817,1637,1634,1637/obj/lora/8c1f6461900019cb/ambient_temp,20.0,
1781679824,1637,1634,1637/obj/lora/8c1f64619000170a/ambient_temp,23.5,
1781679824,1637,1634,1637/obj/lora/8c1f64619000170a/total_volume,154798.0,
1781679824,1637,1634,1637/obj/lora/8c1f64619000170a/battery_recovered,3664.0,
1781679824,1637,1634,1637/obj/lora/8c1f64619000170a/gateway_snr,5.0,24e124fffef94d5c
1781679824,1637,1634,1637/obj/lora/8c1f64619000170a/,0.0,
1781679824,1637,1634,1637/obj/lora/8c1f64619000170a/frame_counter,6655.0,
1781679824,1637,1634,1637/obj/lora/8c1f64619000170a/error_code,0.0,
1781679824,1637,1634,1637/obj/lora/8c1f64619000170a/water_temp_max,23.5,
1781679824,1637,1634,1637/obj/lora/8c1f64619000170a/battery,3600.0,
1781679824,1637,1634,1637/obj/lora/8c1f64619000170a/bandwidth,125000.0,
1781679824,1637,1634,1637/obj/lora/8c1f64619000170a/water_temp_min,23.0,
1781679824,1637,1634,1637/obj/lora/8c1f64619000170a/leak_status,2.0,
1781679824,1637,1634,1637/obj/lora/8c1f64619000170a/payload,1.0,d5eb09030000ae5c02007c270600cddd0903221ea50f02e1e9565757
1781679824,1637,1634,1637/obj/lora/8c1f64619000170a/spreading_factor,7.0,
1781679824,1637,1634,1637/obj/lora/8c1f64619000170a/gateway_rssi,-104.0,24e124fffef94d5c
1781679881,1637,1634,1637/obj/lora/8c1f6461900021da/spreading_factor,7.0,
1781679881,1637,1634,1637/obj/lora/8c1f6461900021da/error_code,0.0,
1781679881,1637,1634,1637/obj/lora/8c1f6461900021da/frame_counter,7492.0,
1781679881,1637,1634,1637/obj/lora/8c1f6461900021da/payload,1.0,a589090300009e600000f7900800d27b0903d206070302e0e9555554
1781679881,1637,1634,1637/obj/lora/8c1f6461900021da/battery_recovered,3664.0,
1781679881,1637,1634,1637/obj/lora/8c1f6461900021da/battery,3592.0,
1781679881,1637,1634,1637/obj/lora/8c1f6461900021da/,0.0,
1781679881,1637,1634,1637/obj/lora/8c1f6461900021da/bandwidth,125000.0,
1781679881,1637,1634,1637/obj/lora/8c1f6461900021da/gateway_snr,6.199999809265137,24e124fffef94d5c
1781679881,1637,1634,1637/obj/lora/8c1f6461900021da/gateway_rssi,-102.0,24e124fffef94d5c
1781679881,1637,1634,1637/obj/lora/8c1f6461900021da/total_volume,24734.0,
1781679881,1637,1634,1637/obj/lora/8c1f6461900021da/water_temp_min,22.5,
1781679881,1637,1634,1637/obj/lora/8c1f6461900021da/leak_status,2.0,
1781679881,1637,1634,1637/obj/lora/8c1f6461900021da/ambient_temp,22.0,
1781679881,1637,1634,1637/obj/lora/8c1f6461900021da/water_temp_max,22.5,
1781679903,1637,1634,1637/obj/lora/8c1f646190001963/battery,3600.0,
1781679903,1637,1634,1637/obj/lora/8c1f646190001963/bandwidth,125000.0,
1781679903,1637,1634,1637/obj/lora/8c1f646190001963/water_temp_max,22.0,
1781679903,1637,1634,1637/obj/lora/8c1f646190001963/water_temp_min,21.5,
1781679903,1637,1634,1637/obj/lora/8c1f646190001963/leak_status,2.0,
1781679903,1637,1634,1637/obj/lora/8c1f646190001963/spreading_factor,7.0,
1781679903,1637,1634,1637/obj/lora/8c1f646190001963/battery_recovered,3680.0,
1781679903,1637,1634,1637/obj/lora/8c1f646190001963/gateway_snr,10.199999809265137,24e124fffef94d5c
1781679903,1637,1634,1637/obj/lora/8c1f646190001963/error_code,0.0,
1781679903,1637,1634,1637/obj/lora/8c1f646190001963/ambient_temp,22.0,
1781679903,1637,1634,1637/obj/lora/8c1f646190001963/frame_counter,7737.0,
1781679903,1637,1634,1637/obj/lora/8c1f646190001963/gateway_rssi,-97.0,24e124fffef94d5c
1781679903,1637,1634,1637/obj/lora/8c1f646190001963/payload,1.0,ece309030000bf3d000000000000ded50903b105cb0702e1eb535454
1781679903,1637,1634,1637/obj/lora/8c1f646190001963/,0.0,
1781679903,1637,1634,1637/obj/lora/8c1f646190001963/total_volume,15807.0,
1781679999,1637,1634,1637/obj/lora/8c1f646190001e41/water_temp_min,44.0,
1781679999,1637,1634,1637/obj/lora/8c1f646190001e41/battery,3656.0,
1781679999,1637,1634,1637/obj/lora/8c1f646190001e41/spreading_factor,7.0,
1781679999,1637,1634,1637/obj/lora/8c1f646190001e41/error_code,0.0,
1781679999,1637,1634,1637/obj/lora/8c1f646190001e41/frame_counter,3564.0,
1781679999,1637,1634,1637/obj/lora/8c1f646190001e41/leak_status,2.0,
1781679999,1637,1634,1637/obj/lora/8c1f646190001e41/total_volume,42481.0,
1781679999,1637,1634,1637/obj/lora/8c1f646190001e41/battery_recovered,3688.0,
1781679999,1637,1634,1637/obj/lora/8c1f646190001e41/ambient_temp,24.5,
1781679999,1637,1634,1637/obj/lora/8c1f646190001e41/gateway_rssi,-106.0,24e124fffef949f8
1781679999,1637,1634,1637/obj/lora/8c1f646190001e41/payload,1.0,19da09030000f1a500005c110f0041cc0903a9fe2c0202e8ec808159
1781679999,1637,1634,1637/obj/lora/8c1f646190001e41/bandwidth,125000.0,
1781679999,1637,1634,1637/obj/lora/8c1f646190001e41/water_temp_max,44.5,
1781679999,1637,1634,1637/obj/lora/8c1f646190001e41/gateway_snr,4.800000190734863,24e124fffef949f8
1781679999,1637,1634,1637/obj/lora/8c1f646190001e41/,0.0,
1781680053,1637,1634,1637/obj/lora/8c1f646190002120/error_code,0.0,
1781680053,1637,1634,1637/obj/lora/8c1f646190002120/total_volume,42375.0,
1781680053,1637,1634,1637/obj/lora/8c1f646190002120/spreading_factor,7.0,
1781680053,1637,1634,1637/obj/lora/8c1f646190002120/gateway_rssi,-102.0,24e124fffef949f8
1781680053,1637,1634,1637/obj/lora/8c1f646190002120/water_temp_min,22.0,
1781680053,1637,1634,1637/obj/lora/8c1f646190002120/ambient_temp,22.0,
1781680053,1637,1634,1637/obj/lora/8c1f646190002120/battery_recovered,3680.0,
1781680053,1637,1634,1637/obj/lora/8c1f646190002120/leak_status,2.0,
1781680053,1637,1634,1637/obj/lora/8c1f646190002120/payload,1.0,96c60903000087a50000f5e70d00c7b809038600960002e8eb545454
1781680053,1637,1634,1637/obj/lora/8c1f646190002120/gateway_snr,9.5,24e124fffef949f8
1781680053,1637,1634,1637/obj/lora/8c1f646190002120/bandwidth,125000.0,
1781680053,1637,1634,1637/obj/lora/8c1f646190002120/water_temp_max,22.0,
1781680053,1637,1634,1637/obj/lora/8c1f646190002120/,0.0,
1781680053,1637,1634,1637/obj/lora/8c1f646190002120/frame_counter,3621.0,
1781680053,1637,1634,1637/obj/lora/8c1f646190002120/battery,3656.0,
1781680086,1637,1634,1637/obj/lora/8c1f6461900015c1/water_temp_min,21.5,
1781680086,1637,1634,1637/obj/lora/8c1f6461900015c1/water_temp_max,22.0,
1781680086,1637,1634,1637/obj/lora/8c1f6461900015c1/spreading_factor,7.0,
1781680086,1637,1634,1637/obj/lora/8c1f6461900015c1/error_code,0.0,
1781680086,1637,1634,1637/obj/lora/8c1f6461900015c1/battery_recovered,3688.0,
1781680086,1637,1634,1637/obj/lora/8c1f6461900015c1/gateway_rssi,-94.0,24e124fffef94d5c
1781680086,1637,1634,1637/obj/lora/8c1f6461900015c1/battery,3592.0,
1781680086,1637,1634,1637/obj/lora/8c1f6461900015c1/payload,1.0,caa009030000454a000000000000fa9209039600620102e0ec535453
1781680086,1637,1634,1637/obj/lora/8c1f6461900015c1/gateway_snr,11.800000190734863,24e124fffef94d5c
1781680086,1637,1634,1637/obj/lora/8c1f6461900015c1/total_volume,19013.0,
1781680086,1637,1634,1637/obj/lora/8c1f6461900015c1/,0.0,
1781680086,1637,1634,1637/obj/lora/8c1f6461900015c1/ambient_temp,21.5,
1781680086,1637,1634,1637/obj/lora/8c1f6461900015c1/bandwidth,125000.0,
1781680086,1637,1634,1637/obj/lora/8c1f6461900015c1/frame_counter,7607.0,
1781680086,1637,1634,1637/obj/lora/8c1f6461900015c1/leak_status,2.0,
1781680184,1637,1634,1637/obj/lora/8c1f64619000228d/water_temp_min,22.0,
1781680184,1637,1634,1637/obj/lora/8c1f64619000228d/,0.0,
1781680184,1637,1634,1637/obj/lora/8c1f64619000228d/spreading_factor,7.0,
1781680184,1637,1634,1637/obj/lora/8c1f64619000228d/gateway_rssi,-98.0,24e124fffef94d5c
1781680184,1637,1634,1637/obj/lora/8c1f64619000228d/gateway_snr,9.5,24e124fffef94d5c
1781680184,1637,1634,1637/obj/lora/8c1f64619000228d/water_temp_max,22.5,
1781680184,1637,1634,1637/obj/lora/8c1f64619000228d/bandwidth,125000.0,
1781680184,1637,1634,1637/obj/lora/8c1f64619000228d/total_volume,18068.0,
1781680184,1637,1634,1637/obj/lora/8c1f64619000228d/battery_recovered,3648.0,
1781680184,1637,1634,1637/obj/lora/8c1f64619000228d/battery,3576.0,
1781680184,1637,1634,1637/obj/lora/8c1f64619000228d/payload,1.0,10940903000094460000000000000c860903ed04130b02dee7545554
1781680184,1637,1634,1637/obj/lora/8c1f64619000228d/ambient_temp,22.0,
1781680184,1637,1634,1637/obj/lora/8c1f64619000228d/leak_status,2.0,
1781680184,1637,1634,1637/obj/lora/8c1f64619000228d/frame_counter,6429.0,
1781680184,1637,1634,1637/obj/lora/8c1f64619000228d/error_code,0.0,
1781680186,1637,1634,1637/obj/lora/8c1f6461900014f5/ambient_temp,22.5,
1781680186,1637,1634,1637/obj/lora/8c1f6461900014f5/water_temp_max,22.0,
1781680186,1637,1634,1637/obj/lora/8c1f6461900014f5/spreading_factor,7.0,
1781680186,1637,1634,1637/obj/lora/8c1f6461900014f5/total_volume,22142.0,
1781680186,1637,1634,1637/obj/lora/8c1f6461900014f5/payload,1.0,b3a90d0300007e56000000000000dc9b0d035001760c02e5e9545455
1781680186,1637,1634,1637/obj/lora/8c1f6461900014f5/bandwidth,125000.0,
1781680186,1637,1634,1637/obj/lora/8c1f6461900014f5/frame_counter,3578.0,
1781680186,1637,1634,1637/obj/lora/8c1f6461900014f5/water_temp_min,22.0,
1781680186,1637,1634,1637/obj/lora/8c1f6461900014f5/,0.0,
1781680186,1637,1634,1637/obj/lora/8c1f6461900014f5/battery,3632.0,
1781680186,1637,1634,1637/obj/lora/8c1f6461900014f5/gateway_snr,7.800000190734863,24e124fffef949f8
1781680186,1637,1634,1637/obj/lora/8c1f6461900014f5/gateway_rssi,-104.0,24e124fffef949f8
1781680186,1637,1634,1637/obj/lora/8c1f6461900014f5/leak_status,2.0,
1781680186,1637,1634,1637/obj/lora/8c1f6461900014f5/battery_recovered,3664.0,
1781680186,1637,1634,1637/obj/lora/8c1f6461900014f5/error_code,0.0,
1781680280,1637,1634,1637/obj/lora/8c1f646190002222/water_temp_min,22.0,
1781680280,1637,1634,1637/obj/lora/8c1f646190002222/leak_status,2.0,
1781680280,1637,1634,1637/obj/lora/8c1f646190002222/payload,1.0,61980903000064780000080000007a8a09038302e40002e9ec545554
1781680280,1637,1634,1637/obj/lora/8c1f646190002222/spreading_factor,7.0,
1781680280,1637,1634,1637/obj/lora/8c1f646190002222/error_code,0.0,
1781680280,1637,1634,1637/obj/lora/8c1f646190002222/battery,3664.0,
1781680280,1637,1634,1637/obj/lora/8c1f646190002222/gateway_snr,3.200000047683716,24e124fffef949f8
1781680280,1637,1634,1637/obj/lora/8c1f646190002222/frame_counter,3640.0,
1781680280,1637,1634,1637/obj/lora/8c1f646190002222/total_volume,30820.0,
1781680280,1637,1634,1637/obj/lora/8c1f646190002222/battery_recovered,3688.0,
1781680280,1637,1634,1637/obj/lora/8c1f646190002222/gateway_rssi,-108.0,24e124fffef949f8
1781680280,1637,1634,1637/obj/lora/8c1f646190002222/bandwidth,125000.0,
1781680280,1637,1634,1637/obj/lora/8c1f646190002222/water_temp_max,22.5,
1781680280,1637,1634,1637/obj/lora/8c1f646190002222/ambient_temp,22.0,
1781680280,1637,1634,1637/obj/lora/8c1f646190002222/,0.0,
1781680299,1637,1634,1637/obj/lora/8c1f646190001b91/gateway_rssi,-100.0,24e124fffef94d5c
1781680299,1637,1634,1637/obj/lora/8c1f646190001b91/bandwidth,125000.0,
1781680299,1637,1634,1637/obj/lora/8c1f646190001b91/battery_recovered,3664.0,
1781680299,1637,1634,1637/obj/lora/8c1f646190001b91/total_volume,46881.0,
1781680299,1637,1634,1637/obj/lora/8c1f646190001b91/,0.0,
1781680299,1637,1634,1637/obj/lora/8c1f646190001b91/payload,1.0,52c70903000021b70000a2cb0e0059b909037301410302dde9545454
1781680299,1637,1634,1637/obj/lora/8c1f646190001b91/battery,3568.0,
1781680299,1637,1634,1637/obj/lora/8c1f646190001b91/leak_status,2.0,
1781680299,1637,1634,1637/obj/lora/8c1f646190001b91/gateway_snr,6.5,24e124fffef94d5c
1781680299,1637,1634,1637/obj/lora/8c1f646190001b91/error_code,0.0,
1781680299,1637,1634,1637/obj/lora/8c1f646190001b91/frame_counter,6539.0,
1781680299,1637,1634,1637/obj/lora/8c1f646190001b91/water_temp_min,22.0,
1781680299,1637,1634,1637/obj/lora/8c1f646190001b91/spreading_factor,7.0,
1781680299,1637,1634,1637/obj/lora/8c1f646190001b91/ambient_temp,22.0,
1781680299,1637,1634,1637/obj/lora/8c1f646190001b91/water_temp_max,22.0,
1781680335,1637,1634,1637/obj/lora/8c1f6461900019cf/spreading_factor,7.0,
1781680335,1637,1634,1637/obj/lora/8c1f6461900019cf/frame_counter,3554.0,
1781680335,1637,1634,1637/obj/lora/8c1f6461900019cf/bandwidth,125000.0,
1781680335,1637,1634,1637/obj/lora/8c1f6461900019cf/battery,3632.0,
1781680335,1637,1634,1637/obj/lora/8c1f6461900019cf/water_temp_min,22.0,
1781680335,1637,1634,1637/obj/lora/8c1f6461900019cf/error_code,0.0,
1781680335,1637,1634,1637/obj/lora/8c1f6461900019cf/battery_recovered,3656.0,
1781680335,1637,1634,1637/obj/lora/8c1f6461900019cf/payload,1.0,e1d109030000f90a010000000000000000000000000000e5e8545453
1781680335,1637,1634,1637/obj/lora/8c1f6461900019cf/ambient_temp,21.5,
1781680335,1637,1634,1637/obj/lora/8c1f6461900019cf/leak_status,0.0,
1781680335,1637,1634,1637/obj/lora/8c1f6461900019cf/water_temp_max,22.0,
1781680335,1637,1634,1637/obj/lora/8c1f6461900019cf/gateway_snr,10.0,24e124fffef949f8
1781680335,1637,1634,1637/obj/lora/8c1f6461900019cf/gateway_rssi,-101.0,24e124fffef949f8
1781680335,1637,1634,1637/obj/lora/8c1f6461900019cf/,0.0,
1781680335,1637,1634,1637/obj/lora/8c1f6461900019cf/total_volume,68345.0,
1781680359,1637,1634,1637/obj/lora/8c1f646190002206/error_code,0.0,
1781680359,1637,1634,1637/obj/lora/8c1f646190002206/gateway_snr,6.800000190734863,24e124fffef94d5c
1781680359,1637,1634,1637/obj/lora/8c1f646190002206/payload,1.0,69d40903000094130300c74f0f00000000000000000000e1ea545554
1781680359,1637,1634,1637/obj/lora/8c1f646190002206/battery_recovered,3672.0,
1781680359,1637,1634,1637/obj/lora/8c1f646190002206/frame_counter,7011.0,
1781680359,1637,1634,1637/obj/lora/8c1f646190002206/bandwidth,125000.0,
1781680359,1637,1634,1637/obj/lora/8c1f646190002206/gateway_rssi,-102.0,24e124fffef94d5c
1781680359,1637,1634,1637/obj/lora/8c1f646190002206/,0.0,
1781680359,1637,1634,1637/obj/lora/8c1f646190002206/total_volume,201620.0,
1781680359,1637,1634,1637/obj/lora/8c1f646190002206/water_temp_min,22.0,
1781680359,1637,1634,1637/obj/lora/8c1f646190002206/leak_status,0.0,
1781680359,1637,1634,1637/obj/lora/8c1f646190002206/spreading_factor,7.0,
1781680359,1637,1634,1637/obj/lora/8c1f646190002206/ambient_temp,22.0,
1781680359,1637,1634,1637/obj/lora/8c1f646190002206/water_temp_max,22.5,
1781680359,1637,1634,1637/obj/lora/8c1f646190002206/battery,3600.0,
1781680395,1637,1634,1637/obj/lora/24e124725d489523/frame_counter,7509.0,
1781680395,1637,1634,1637/obj/lora/24e124725d489523/temperature,20.5,
1781680395,1637,1634,1637/obj/lora/24e124725d489523/,0.0,
1781680395,1637,1634,1637/obj/lora/24e124725d489523/spreading_factor,7.0,
1781680395,1637,1634,1637/obj/lora/24e124725d489523/battery,39.0,
1781680395,1637,1634,1637/obj/lora/24e124725d489523/payload,85.0,0175270367cd0004685c
1781680395,1637,1634,1637/obj/lora/24e124725d489523/humidity,46.0,
1781680395,1637,1634,1637/obj/lora/24e124725d489523/gateway_rssi,-111.0,24e124fffef949f8
1781680395,1637,1634,1637/obj/lora/24e124725d489523/gateway_snr,0.0,24e124fffef949f8
1781680395,1637,1634,1637/obj/lora/24e124725d489523/bandwidth,125000.0,
1781680454,1637,1634,1637/obj/lora/8c1f646190001bf1/total_volume,33459.0,
1781680454,1637,1634,1637/obj/lora/8c1f646190001bf1/gateway_snr,5.800000190734863,24e124fffef94d5c
1781680454,1637,1634,1637/obj/lora/8c1f646190001bf1/error_code,0.0,
1781680454,1637,1634,1637/obj/lora/8c1f646190001bf1/spreading_factor,7.0,
1781680454,1637,1634,1637/obj/lora/8c1f646190001bf1/payload,1.0,41dd09030000b3820000cb8d0b0043cf0903f3020d0102e2eb586356
1781680454,1637,1634,1637/obj/lora/8c1f646190001bf1/gateway_rssi,-103.0,24e124fffef94d5c
1781680454,1637,1634,1637/obj/lora/8c1f646190001bf1/,0.0,
1781680454,1637,1634,1637/obj/lora/8c1f646190001bf1/water_temp_max,29.5,
1781680454,1637,1634,1637/obj/lora/8c1f646190001bf1/water_temp_min,24.0,
1781680454,1637,1634,1637/obj/lora/8c1f646190001bf1/frame_counter,6326.0,
1781680454,1637,1634,1637/obj/lora/8c1f646190001bf1/battery,3608.0,
1781680454,1637,1634,1637/obj/lora/8c1f646190001bf1/battery_recovered,3680.0,
1781680454,1637,1634,1637/obj/lora/8c1f646190001bf1/bandwidth,125000.0,
1781680454,1637,1634,1637/obj/lora/8c1f646190001bf1/leak_status,2.0,
1781680454,1637,1634,1637/obj/lora/8c1f646190001bf1/ambient_temp,23.0,
1781680462,1637,1634,1637/obj/lora/8c1f646190001dd8/battery,3616.0,
1781680462,1637,1634,1637/obj/lora/8c1f646190001dd8/water_temp_max,22.0,
1781680462,1637,1634,1637/obj/lora/8c1f646190001dd8/battery_recovered,3664.0,
1781680462,1637,1634,1637/obj/lora/8c1f646190001dd8/gateway_rssi,-111.0,24e124fffef949f8
1781680462,1637,1634,1637/obj/lora/8c1f646190001dd8/water_temp_min,22.0,
1781680462,1637,1634,1637/obj/lora/8c1f646190001dd8/,0.0,
1781680462,1637,1634,1637/obj/lora/8c1f646190001dd8/spreading_factor,7.0,
1781680462,1637,1634,1637/obj/lora/8c1f646190001dd8/payload,1.0,bbc309030000afda000008e01100c0b50903af02760202e3e9545454
1781680462,1637,1634,1637/obj/lora/8c1f646190001dd8/ambient_temp,22.0,
1781680462,1637,1634,1637/obj/lora/8c1f646190001dd8/gateway_snr,-1.5,24e124fffef949f8
1781680462,1637,1634,1637/obj/lora/8c1f646190001dd8/bandwidth,125000.0,
1781680462,1637,1634,1637/obj/lora/8c1f646190001dd8/frame_counter,3741.0,
1781680462,1637,1634,1637/obj/lora/8c1f646190001dd8/leak_status,2.0,
1781680462,1637,1634,1637/obj/lora/8c1f646190001dd8/total_volume,55983.0,
1781680462,1637,1634,1637/obj/lora/8c1f646190001dd8/error_code,0.0,
1781680472,1637,1634,1637/obj/lora/8c1f6461900021e0/gateway_snr,7.199999809265137,24e124fffef949f8
1781680472,1637,1634,1637/obj/lora/8c1f6461900021e0/bandwidth,125000.0,
1781680472,1637,1634,1637/obj/lora/8c1f6461900021e0/battery,3664.0,
1781680472,1637,1634,1637/obj/lora/8c1f6461900021e0/gateway_rssi,-104.0,24e124fffef949f8
1781680472,1637,1634,1637/obj/lora/8c1f6461900021e0/total_volume,77175.0,
1781680472,1637,1634,1637/obj/lora/8c1f6461900021e0/spreading_factor,7.0,
1781680472,1637,1634,1637/obj/lora/8c1f6461900021e0/ambient_temp,22.0,
1781680472,1637,1634,1637/obj/lora/8c1f6461900021e0/error_code,0.0,
1781680472,1637,1634,1637/obj/lora/8c1f6461900021e0/water_temp_min,22.0,
1781680472,1637,1634,1637/obj/lora/8c1f6461900021e0/payload,1.0,0aa409030000772d010000000000000000000000000000e9ed545554
1781680472,1637,1634,1637/obj/lora/8c1f6461900021e0/frame_counter,2245.0,
1781680472,1637,1634,1637/obj/lora/8c1f6461900021e0/leak_status,0.0,
1781680472,1637,1634,1637/obj/lora/8c1f6461900021e0/water_temp_max,22.5,
1781680472,1637,1634,1637/obj/lora/8c1f6461900021e0/battery_recovered,3696.0,
1781680472,1637,1634,1637/obj/lora/8c1f6461900021e0/,0.0,
1781680543,1637,1634,1637/obj/lora/8c1f646190001968/gateway_snr,5.800000190734863,24e124fffef949f8
1781680543,1637,1634,1637/obj/lora/8c1f646190001968/payload,1.0,46bc0903000051160100f729180092ae0903c1f4410102e8eb5c6d58
1781680543,1637,1634,1637/obj/lora/8c1f646190001968/water_temp_max,34.5,
1781680543,1637,1634,1637/obj/lora/8c1f646190001968/battery,3656.0,
1781680543,1637,1634,1637/obj/lora/8c1f646190001968/gateway_rssi,-105.0,24e124fffef949f8
1781680543,1637,1634,1637/obj/lora/8c1f646190001968/error_code,0.0,
1781680543,1637,1634,1637/obj/lora/8c1f646190001968/leak_status,2.0,
1781680543,1637,1634,1637/obj/lora/8c1f646190001968/frame_counter,3625.0,
1781680543,1637,1634,1637/obj/lora/8c1f646190001968/,0.0,
1781680543,1637,1634,1637/obj/lora/8c1f646190001968/battery_recovered,3680.0,
1781680543,1637,1634,1637/obj/lora/8c1f646190001968/bandwidth,125000.0,
1781680543,1637,1634,1637/obj/lora/8c1f646190001968/total_volume,71249.0,
1781680543,1637,1634,1637/obj/lora/8c1f646190001968/spreading_factor,7.0,
1781680543,1637,1634,1637/obj/lora/8c1f646190001968/ambient_temp,24.0,
1781680543,1637,1634,1637/obj/lora/8c1f646190001968/water_temp_min,26.0,
1781680619,1637,1634,1637/obj/lora/8c1f646190002291/leak_status,3.0,
1781680619,1637,1634,1637/obj/lora/8c1f646190002291/battery,3584.0,
1781680619,1637,1634,1637/obj/lora/8c1f646190002291/ambient_temp,21.0,
1781680619,1637,1634,1637/obj/lora/8c1f646190002291/bandwidth,125000.0,
1781680619,1637,1634,1637/obj/lora/8c1f646190002291/spreading_factor,7.0,
1781680619,1637,1634,1637/obj/lora/8c1f646190002291/frame_counter,6855.0,
1781680619,1637,1634,1637/obj/lora/8c1f646190002291/water_temp_max,21.0,
1781680619,1637,1634,1637/obj/lora/8c1f646190002291/error_code,0.0,
1781680619,1637,1634,1637/obj/lora/8c1f646190002291/gateway_snr,4.0,24e124fffef949f8
1781680619,1637,1634,1637/obj/lora/8c1f646190002291/,0.0,
1781680619,1637,1634,1637/obj/lora/8c1f646190002291/total_volume,398986.0,
1781680619,1637,1634,1637/obj/lora/8c1f646190002291/water_temp_min,21.0,
1781680619,1637,1634,1637/obj/lora/8c1f646190002291/gateway_rssi,-109.0,24e124fffef949f8
1781680619,1637,1634,1637/obj/lora/8c1f646190002291/payload,1.0,c8f1090300008a16060000000000861609035a02000003dfe9525252
1781680619,1637,1634,1637/obj/lora/8c1f646190002291/battery_recovered,3664.0,
1781680923,1637,1634,1637/obj/lora/8c1f646190001ec9/water_temp_max,21.5,
1781680923,1637,1634,1637/obj/lora/8c1f646190001ec9/battery_recovered,3664.0,
1781680923,1637,1634,1637/obj/lora/8c1f646190001ec9/frame_counter,6558.0,
1781680923,1637,1634,1637/obj/lora/8c1f646190001ec9/payload,1.0,26a409030000fc860000f75a0b00349609033e03a00202e1e9535352
1781680923,1637,1634,1637/obj/lora/8c1f646190001ec9/leak_status,2.0,
1781680923,1637,1634,1637/obj/lora/8c1f646190001ec9/spreading_factor,7.0,
1781680923,1637,1634,1637/obj/lora/8c1f646190001ec9/error_code,0.0,
1781680923,1637,1634,1637/obj/lora/8c1f646190001ec9/battery,3600.0,
1781680923,1637,1634,1637/obj/lora/8c1f646190001ec9/bandwidth,125000.0,
1781680923,1637,1634,1637/obj/lora/8c1f646190001ec9/ambient_temp,21.0,
1781680923,1637,1634,1637/obj/lora/8c1f646190001ec9/,0.0,
1781680923,1637,1634,1637/obj/lora/8c1f646190001ec9/gateway_snr,4.800000190734863,24e124fffef94d5c
1781680923,1637,1634,1637/obj/lora/8c1f646190001ec9/gateway_rssi,-104.0,24e124fffef94d5c
1781680923,1637,1634,1637/obj/lora/8c1f646190001ec9/water_temp_min,21.5,
1781680923,1637,1634,1637/obj/lora/8c1f646190001ec9/total_volume,34556.0,
1781680957,1637,1634,1637/obj/lora/8c1f6461900015ba/ambient_temp,21.0,
1781680957,1637,1634,1637/obj/lora/8c1f6461900015ba/bandwidth,125000.0,
1781680957,1637,1634,1637/obj/lora/8c1f6461900015ba/frame_counter,7263.0,
1781680957,1637,1634,1637/obj/lora/8c1f6461900015ba/spreading_factor,7.0,
1781680957,1637,1634,1637/obj/lora/8c1f6461900015ba/water_temp_max,21.5,
1781680957,1637,1634,1637/obj/lora/8c1f6461900015ba/leak_status,2.0,
1781680957,1637,1634,1637/obj/lora/8c1f6461900015ba/battery,3640.0,
1781680957,1637,1634,1637/obj/lora/8c1f6461900015ba/,0.0,
1781680957,1637,1634,1637/obj/lora/8c1f6461900015ba/gateway_rssi,-107.0,24e124fffef949f8
1781680957,1637,1634,1637/obj/lora/8c1f6461900015ba/water_temp_min,21.0,
1781680957,1637,1634,1637/obj/lora/8c1f6461900015ba/battery_recovered,3680.0,
1781680957,1637,1634,1637/obj/lora/8c1f6461900015ba/error_code,0.0,
1781680957,1637,1634,1637/obj/lora/8c1f6461900015ba/gateway_snr,6.0,24e124fffef949f8
1781680957,1637,1634,1637/obj/lora/8c1f6461900015ba/payload,1.0,feda09030000911b0000000000002ccd09034100710302e6eb525352
1781680957,1637,1634,1637/obj/lora/8c1f6461900015ba/total_volume,7057.0,
1781680993,1637,1634,1637/obj/lora/24e124725d489523/temperature,20.5,
1781680993,1637,1634,1637/obj/lora/24e124725d489523/frame_counter,7510.0,
1781680993,1637,1634,1637/obj/lora/24e124725d489523/payload,85.0,0175270367cd0004685c
1781680993,1637,1634,1637/obj/lora/24e124725d489523/humidity,46.0,
1781680993,1637,1634,1637/obj/lora/24e124725d489523/spreading_factor,7.0,
1781680993,1637,1634,1637/obj/lora/24e124725d489523/,0.0,
1781680993,1637,1634,1637/obj/lora/24e124725d489523/gateway_rssi,-112.0,24e124fffef949f8
1781680993,1637,1634,1637/obj/lora/24e124725d489523/battery,39.0,
1781680993,1637,1634,1637/obj/lora/24e124725d489523/bandwidth,125000.0,
1781680993,1637,1634,1637/obj/lora/24e124725d489523/gateway_snr,-2.200000047683716,24e124fffef949f8
1781681071,1637,1634,1637/obj/lora/8c1f6461900015ed/leak_status,2.0,
1781681071,1637,1634,1637/obj/lora/8c1f6461900015ed/battery_recovered,3680.0,
1781681071,1637,1634,1637/obj/lora/8c1f6461900015ed/ambient_temp,21.5,
1781681071,1637,1634,1637/obj/lora/8c1f6461900015ed/gateway_snr,10.800000190734863,24e124fffef94d5c
1781681071,1637,1634,1637/obj/lora/8c1f6461900015ed/water_temp_min,21.0,
1781681071,1637,1634,1637/obj/lora/8c1f6461900015ed/battery,3648.0,
1781681071,1637,1634,1637/obj/lora/8c1f6461900015ed/spreading_factor,7.0,
1781681071,1637,1634,1637/obj/lora/8c1f6461900015ed/gateway_rssi,-94.0,24e124fffef94d5c
1781681071,1637,1634,1637/obj/lora/8c1f6461900015ed/bandwidth,125000.0,
1781681071,1637,1634,1637/obj/lora/8c1f6461900015ed/total_volume,25835.0,
1781681071,1637,1634,1637/obj/lora/8c1f6461900015ed/error_code,0.0,
1781681071,1637,1634,1637/obj/lora/8c1f6461900015ed/frame_counter,6145.0,
1781681071,1637,1634,1637/obj/lora/8c1f6461900015ed/water_temp_max,21.5,
1781681071,1637,1634,1637/obj/lora/8c1f6461900015ed/,0.0,
1781681071,1637,1634,1637/obj/lora/8c1f6461900015ed/payload,1.0,95cf09030000eb6400000ea409008dc109030300bc0202e7eb525353
1781681109,1637,1634,1637/obj/lora/8c1f6461900018f5/water_temp_max,22.0,
1781681109,1637,1634,1637/obj/lora/8c1f6461900018f5/battery_recovered,3664.0,
1781681109,1637,1634,1637/obj/lora/8c1f6461900018f5/error_code,0.0,
1781681109,1637,1634,1637/obj/lora/8c1f6461900018f5/total_volume,51593.0,
1781681109,1637,1634,1637/obj/lora/8c1f6461900018f5/bandwidth,125000.0,
1781681109,1637,1634,1637/obj/lora/8c1f6461900018f5/frame_counter,7698.0,
1781681109,1637,1634,1637/obj/lora/8c1f6461900018f5/leak_status,2.0,
1781681109,1637,1634,1637/obj/lora/8c1f6461900018f5/ambient_temp,22.5,
1781681109,1637,1634,1637/obj/lora/8c1f6461900018f5/gateway_rssi,-103.0,24e124fffef949f8
1781681109,1637,1634,1637/obj/lora/8c1f6461900018f5/spreading_factor,7.0,
1781681109,1637,1634,1637/obj/lora/8c1f6461900018f5/battery,3600.0,
1781681109,1637,1634,1637/obj/lora/8c1f6461900018f5/payload,1.0,1db90903000089c90000c5d904004cab09030f00e21102e1e9545455
1781681109,1637,1634,1637/obj/lora/8c1f6461900018f5/water_temp_min,22.0,
1781681109,1637,1634,1637/obj/lora/8c1f6461900018f5/gateway_snr,6.5,24e124fffef949f8
1781681109,1637,1634,1637/obj/lora/8c1f6461900018f5/,0.0,
1781681177,1637,1634,1637/obj/lora/8c1f6461900019c7/water_temp_max,23.0,
1781681177,1637,1634,1637/obj/lora/8c1f6461900019c7/water_temp_min,22.5,
1781681177,1637,1634,1637/obj/lora/8c1f6461900019c7/battery_recovered,3648.0,
1781681177,1637,1634,1637/obj/lora/8c1f6461900019c7/payload,1.0,cea2090300008b57000052480800fc940903b9fdaf0202dde7555656
1781681177,1637,1634,1637/obj/lora/8c1f6461900019c7/gateway_snr,0.800000011920929,24e124fffef94d5c
1781681177,1637,1634,1637/obj/lora/8c1f6461900019c7/ambient_temp,23.0,
1781681177,1637,1634,1637/obj/lora/8c1f6461900019c7/total_volume,22411.0,
1781681177,1637,1634,1637/obj/lora/8c1f6461900019c7/battery,3568.0,
1781681177,1637,1634,1637/obj/lora/8c1f6461900019c7/,0.0,
1781681177,1637,1634,1637/obj/lora/8c1f6461900019c7/frame_counter,5926.0,
1781681177,1637,1634,1637/obj/lora/8c1f6461900019c7/leak_status,2.0,
1781681177,1637,1634,1637/obj/lora/8c1f6461900019c7/gateway_rssi,-106.0,24e124fffef94d5c
1781681177,1637,1634,1637/obj/lora/8c1f6461900019c7/error_code,0.0,
1781681177,1637,1634,1637/obj/lora/8c1f6461900019c7/bandwidth,125000.0,
1781681177,1637,1634,1637/obj/lora/8c1f6461900019c7/spreading_factor,7.0,
1781681210,1637,1634,1637/obj/lora/8c1f646190001baf/payload,1.0,13c90903000031d200001fa90500000000000000000000e0e8555755
1781681210,1637,1634,1637/obj/lora/8c1f646190001baf/gateway_rssi,-106.0,24e124fffef94d5c
1781681210,1637,1634,1637/obj/lora/8c1f646190001baf/frame_counter,6732.0,
1781681210,1637,1634,1637/obj/lora/8c1f646190001baf/ambient_temp,22.5,
1781681210,1637,1634,1637/obj/lora/8c1f646190001baf/battery_recovered,3656.0,
1781681210,1637,1634,1637/obj/lora/8c1f646190001baf/water_temp_min,22.5,
1781681210,1637,1634,1637/obj/lora/8c1f646190001baf/error_code,0.0,
1781681210,1637,1634,1637/obj/lora/8c1f646190001baf/total_volume,53809.0,
1781681210,1637,1634,1637/obj/lora/8c1f646190001baf/water_temp_max,23.5,
1781681210,1637,1634,1637/obj/lora/8c1f646190001baf/battery,3592.0,
1781681210,1637,1634,1637/obj/lora/8c1f646190001baf/leak_status,0.0,
1781681210,1637,1634,1637/obj/lora/8c1f646190001baf/bandwidth,125000.0,
1781681210,1637,1634,1637/obj/lora/8c1f646190001baf/gateway_snr,2.5,24e124fffef94d5c
1781681210,1637,1634,1637/obj/lora/8c1f646190001baf/,0.0,
1781681210,1637,1634,1637/obj/lora/8c1f646190001baf/spreading_factor,7.0,
1781681230,1637,1634,1637/obj/lora/8c1f646190001790/frame_counter,3636.0,
1781681230,1637,1634,1637/obj/lora/8c1f646190001790/battery_recovered,3696.0,
1781681230,1637,1634,1637/obj/lora/8c1f646190001790/bandwidth,125000.0,
1781681230,1637,1634,1637/obj/lora/8c1f646190001790/gateway_snr,2.5,24e124fffef949f8
1781681230,1637,1634,1637/obj/lora/8c1f646190001790/payload,1.0,bedb0903000049230000db340300dbcd09039d033e0202eaed525354
1781681230,1637,1634,1637/obj/lora/8c1f646190001790/error_code,0.0,
1781681230,1637,1634,1637/obj/lora/8c1f646190001790/battery,3672.0,
1781681230,1637,1634,1637/obj/lora/8c1f646190001790/total_volume,9033.0,
1781681230,1637,1634,1637/obj/lora/8c1f646190001790/leak_status,2.0,
1781681230,1637,1634,1637/obj/lora/8c1f646190001790/gateway_rssi,-110.0,24e124fffef949f8
1781681230,1637,1634,1637/obj/lora/8c1f646190001790/ambient_temp,22.0,
1781681230,1637,1634,1637/obj/lora/8c1f646190001790/,0.0,
1781681230,1637,1634,1637/obj/lora/8c1f646190001790/spreading_factor,7.0,
1781681230,1637,1634,1637/obj/lora/8c1f646190001790/water_temp_min,21.0,
1781681230,1637,1634,1637/obj/lora/8c1f646190001790/water_temp_max,21.5,
1781681240,1637,1634,1637/obj/lora/8c1f6461900021a9/frame_counter,7890.0,
1781681240,1637,1634,1637/obj/lora/8c1f6461900021a9/spreading_factor,7.0,
1781681240,1637,1634,1637/obj/lora/8c1f6461900021a9/water_temp_max,20.5,
1781681240,1637,1634,1637/obj/lora/8c1f6461900021a9/error_code,0.0,
1781681240,1637,1634,1637/obj/lora/8c1f6461900021a9/leak_status,2.0,
1781681240,1637,1634,1637/obj/lora/8c1f6461900021a9/ambient_temp,21.0,
1781681240,1637,1634,1637/obj/lora/8c1f6461900021a9/water_temp_min,20.5,
1781681240,1637,1634,1637/obj/lora/8c1f6461900021a9/payload,1.0,9cc80903000009cb0000f8f81100b2ba090352fca70302e2e9515152
1781681240,1637,1634,1637/obj/lora/8c1f6461900021a9/total_volume,51977.0,
1781681240,1637,1634,1637/obj/lora/8c1f6461900021a9/bandwidth,125000.0,
1781681240,1637,1634,1637/obj/lora/8c1f6461900021a9/battery,3608.0,
1781681240,1637,1634,1637/obj/lora/8c1f6461900021a9/gateway_snr,2.0,24e124fffef949f8
1781681240,1637,1634,1637/obj/lora/8c1f6461900021a9/battery_recovered,3664.0,
1781681240,1637,1634,1637/obj/lora/8c1f6461900021a9/gateway_rssi,-111.0,24e124fffef949f8
1781681240,1637,1634,1637/obj/lora/8c1f6461900021a9/,0.0,
1781681328,1637,1634,1637/obj/lora/8c1f646190002012/total_volume,21103.0,
1781681328,1637,1634,1637/obj/lora/8c1f646190002012/battery_recovered,3664.0,
1781681328,1637,1634,1637/obj/lora/8c1f646190002012/error_code,0.0,
1781681328,1637,1634,1637/obj/lora/8c1f646190002012/spreading_factor,7.0,
1781681328,1637,1634,1637/obj/lora/8c1f646190002012/water_temp_min,22.5,
1781681328,1637,1634,1637/obj/lora/8c1f646190002012/water_temp_max,22.5,
1781681328,1637,1634,1637/obj/lora/8c1f646190002012/gateway_rssi,-105.0,24e124fffef949f8
1781681328,1637,1634,1637/obj/lora/8c1f646190002012/bandwidth,125000.0,
1781681328,1637,1634,1637/obj/lora/8c1f646190002012/ambient_temp,22.5,
1781681328,1637,1634,1637/obj/lora/8c1f646190002012/leak_status,2.0,
1781681328,1637,1634,1637/obj/lora/8c1f646190002012/,0.0,
1781681328,1637,1634,1637/obj/lora/8c1f646190002012/frame_counter,2858.0,
1781681328,1637,1634,1637/obj/lora/8c1f646190002012/payload,1.0,51a7090300006f520000e1cd07007699090357fc160302e7e9555555
1781681328,1637,1634,1637/obj/lora/8c1f646190002012/gateway_snr,5.5,24e124fffef949f8
1781681328,1637,1634,1637/obj/lora/8c1f646190002012/battery,3648.0,
1781681527,1637,1634,1637/obj/lora/8c1f646190001af8/leak_status,2.0,
1781681527,1637,1634,1637/obj/lora/8c1f646190001af8/frame_counter,7619.0,
1781681527,1637,1634,1637/obj/lora/8c1f646190001af8/water_temp_min,21.5,
1781681527,1637,1634,1637/obj/lora/8c1f646190001af8/,0.0,
1781681527,1637,1634,1637/obj/lora/8c1f646190001af8/gateway_rssi,-104.0,24e124fffef94d5c
1781681527,1637,1634,1637/obj/lora/8c1f646190001af8/battery,3576.0,
1781681527,1637,1634,1637/obj/lora/8c1f646190001af8/payload,1.0,61a90903000070630000260000007b9b090381034d0302dee8535452
1781681527,1637,1634,1637/obj/lora/8c1f646190001af8/gateway_snr,4.0,24e124fffef94d5c
1781681527,1637,1634,1637/obj/lora/8c1f646190001af8/bandwidth,125000.0,
1781681527,1637,1634,1637/obj/lora/8c1f646190001af8/total_volume,25456.0,
1781681527,1637,1634,1637/obj/lora/8c1f646190001af8/error_code,0.0,
1781681527,1637,1634,1637/obj/lora/8c1f646190001af8/water_temp_max,22.0,
1781681527,1637,1634,1637/obj/lora/8c1f646190001af8/battery_recovered,3656.0,
1781681527,1637,1634,1637/obj/lora/8c1f646190001af8/spreading_factor,7.0,
1781681527,1637,1634,1637/obj/lora/8c1f646190001af8/ambient_temp,21.0,
1781681566,1637,1634,1637/obj/lora/8c1f6461900017e3/battery_recovered,3664.0,
1781681566,1637,1634,1637/obj/lora/8c1f6461900017e3/bandwidth,125000.0,
1781681566,1637,1634,1637/obj/lora/8c1f6461900017e3/spreading_factor,7.0,
1781681566,1637,1634,1637/obj/lora/8c1f6461900017e3/total_volume,68845.0,
1781681566,1637,1634,1637/obj/lora/8c1f6461900017e3/water_temp_max,28.5,
1781681566,1637,1634,1637/obj/lora/8c1f6461900017e3/ambient_temp,24.0,
1781681566,1637,1634,1637/obj/lora/8c1f6461900017e3/battery,3640.0,
1781681566,1637,1634,1637/obj/lora/8c1f6461900017e3/error_code,0.0,
1781681566,1637,1634,1637/obj/lora/8c1f6461900017e3/,0.0,
1781681566,1637,1634,1637/obj/lora/8c1f6461900017e3/frame_counter,3600.0,
1781681566,1637,1634,1637/obj/lora/8c1f6461900017e3/water_temp_min,26.5,
1781681566,1637,1634,1637/obj/lora/8c1f6461900017e3/leak_status,2.0,
1781681566,1637,1634,1637/obj/lora/8c1f6461900017e3/gateway_rssi,-107.0,24e124fffef949f8
1781681566,1637,1634,1637/obj/lora/8c1f6461900017e3/gateway_snr,6.0,24e124fffef949f8
1781681566,1637,1634,1637/obj/lora/8c1f6461900017e3/payload,1.0,4fd009030000ed0c0100e40100005dc60903f407b80b02e6e95d6158
1781681594,1637,1634,1637/obj/lora/24e124725d489523/battery,39.0,
1781681594,1637,1634,1637/obj/lora/24e124725d489523/frame_counter,7511.0,
1781681594,1637,1634,1637/obj/lora/8c1f6461900021c1/leak_status,0.0,
1781681594,1637,1634,1637/obj/lora/24e124725d489523/spreading_factor,7.0,
1781681594,1637,1634,1637/obj/lora/8c1f6461900021c1/,0.0,
1781681594,1637,1634,1637/obj/lora/24e124725d489523/,0.0,
1781681594,1637,1634,1637/obj/lora/8c1f6461900021c1/spreading_factor,7.0,
1781681594,1637,1634,1637/obj/lora/8c1f6461900021c1/water_temp_min,20.0,
1781681594,1637,1634,1637/obj/lora/8c1f6461900021c1/bandwidth,125000.0,
1781681594,1637,1634,1637/obj/lora/8c1f6461900021c1/payload,1.0,d2e10903000032c101001af30500000000000000000000e0e9505150
1781681594,1637,1634,1637/obj/lora/8c1f6461900021c1/water_temp_max,20.5,
1781681594,1637,1634,1637/obj/lora/8c1f6461900021c1/error_code,0.0,
1781681594,1637,1634,1637/obj/lora/24e124725d489523/payload,85.0,0175270367cd0004685c
1781681594,1637,1634,1637/obj/lora/8c1f6461900021c1/battery_recovered,3664.0,
1781681594,1637,1634,1637/obj/lora/24e124725d489523/humidity,46.0,
1781681594,1637,1634,1637/obj/lora/8c1f6461900021c1/frame_counter,7665.0,
1781681594,1637,1634,1637/obj/lora/8c1f6461900021c1/gateway_snr,2.0,24e124fffef94d5c
1781681594,1637,1634,1637/obj/lora/8c1f6461900021c1/gateway_rssi,-106.0,24e124fffef94d5c
1781681594,1637,1634,1637/obj/lora/8c1f6461900021c1/battery,3592.0,
1781681594,1637,1634,1637/obj/lora/24e124725d489523/gateway_rssi,-114.0,24e124fffef949f8
1781681594,1637,1634,1637/obj/lora/24e124725d489523/bandwidth,125000.0,
1781681594,1637,1634,1637/obj/lora/24e124725d489523/gateway_snr,-3.5,24e124fffef949f8
1781681594,1637,1634,1637/obj/lora/24e124725d489523/temperature,20.5,
1781681594,1637,1634,1637/obj/lora/8c1f6461900021c1/ambient_temp,20.0,
1781681594,1637,1634,1637/obj/lora/8c1f6461900021c1/total_volume,114994.0,
1781681660,1637,1634,1637/obj/lora/8c1f6461900021e2/bandwidth,125000.0,
1781681660,1637,1634,1637/obj/lora/8c1f6461900021e2/spreading_factor,7.0,
1781681660,1637,1634,1637/obj/lora/8c1f6461900021e2/battery_recovered,3672.0,
1781681660,1637,1634,1637/obj/lora/8c1f6461900021e2/payload,1.0,27e209030000dddd00003200000021d40903f205fa0c02e5ea495a55
1781681660,1637,1634,1637/obj/lora/8c1f6461900021e2/frame_counter,3643.0,
1781681660,1637,1634,1637/obj/lora/8c1f6461900021e2/gateway_snr,5.199999809265137,24e124fffef949f8
1781681660,1637,1634,1637/obj/lora/8c1f6461900021e2/gateway_rssi,-104.0,24e124fffef949f8
1781681660,1637,1634,1637/obj/lora/8c1f6461900021e2/battery,3632.0,
1781681660,1637,1634,1637/obj/lora/8c1f6461900021e2/error_code,0.0,
1781681660,1637,1634,1637/obj/lora/8c1f6461900021e2/water_temp_min,16.5,
1781681660,1637,1634,1637/obj/lora/8c1f6461900021e2/leak_status,2.0,
1781681660,1637,1634,1637/obj/lora/8c1f6461900021e2/,0.0,
1781681660,1637,1634,1637/obj/lora/8c1f6461900021e2/total_volume,56797.0,
1781681660,1637,1634,1637/obj/lora/8c1f6461900021e2/ambient_temp,22.5,
1781681660,1637,1634,1637/obj/lora/8c1f6461900021e2/water_temp_max,25.0,
1781681727,1637,1634,1637/obj/lora/8c1f6461900020a5/water_temp_min,22.5,
1781681727,1637,1634,1637/obj/lora/8c1f6461900020a5/ambient_temp,23.5,
1781681727,1637,1634,1637/obj/lora/8c1f6461900020a5/gateway_rssi,-100.0,24e124fffef94d5c
1781681727,1637,1634,1637/obj/lora/8c1f6461900020a5/leak_status,2.0,
1781681727,1637,1634,1637/obj/lora/8c1f6461900020a5/water_temp_max,24.0,
1781681727,1637,1634,1637/obj/lora/8c1f6461900020a5/spreading_factor,7.0,
1781681727,1637,1634,1637/obj/lora/8c1f6461900020a5/total_volume,15397.0,
1781681727,1637,1634,1637/obj/lora/8c1f6461900020a5/payload,1.0,14ec09030000253c00000000000017de090369fe5b0402e0e8555857
1781681727,1637,1634,1637/obj/lora/8c1f6461900020a5/frame_counter,7607.0,
1781681727,1637,1634,1637/obj/lora/8c1f6461900020a5/bandwidth,125000.0,
1781681727,1637,1634,1637/obj/lora/8c1f6461900020a5/,0.0,
1781681727,1637,1634,1637/obj/lora/8c1f6461900020a5/battery_recovered,3656.0,
1781681727,1637,1634,1637/obj/lora/8c1f6461900020a5/gateway_snr,7.199999809265137,24e124fffef94d5c
1781681727,1637,1634,1637/obj/lora/8c1f6461900020a5/error_code,0.0,
1781681727,1637,1634,1637/obj/lora/8c1f6461900020a5/battery,3592.0,
1781681790,1637,1634,1637/obj/lora/8c1f646190001ba9/gateway_snr,3.200000047683716,24e124fffef949f8
1781681790,1637,1634,1637/obj/lora/8c1f646190001ba9/leak_status,2.0,
1781681790,1637,1634,1637/obj/lora/8c1f646190001ba9/water_temp_min,22.0,
1781681790,1637,1634,1637/obj/lora/8c1f646190001ba9/water_temp_max,53.5,
1781681790,1637,1634,1637/obj/lora/8c1f646190001ba9/,0.0,
1781681790,1637,1634,1637/obj/lora/8c1f646190001ba9/spreading_factor,7.0,
1781681790,1637,1634,1637/obj/lora/8c1f646190001ba9/total_volume,31805.0,
1781681790,1637,1634,1637/obj/lora/8c1f646190001ba9/gateway_rssi,-107.0,24e124fffef949f8
1781681790,1637,1634,1637/obj/lora/8c1f646190001ba9/battery,3600.0,
1781681790,1637,1634,1637/obj/lora/8c1f646190001ba9/error_code,0.0,
1781681790,1637,1634,1637/obj/lora/8c1f646190001ba9/battery_recovered,3672.0,
1781681790,1637,1634,1637/obj/lora/8c1f646190001ba9/frame_counter,7076.0,
1781681790,1637,1634,1637/obj/lora/8c1f646190001ba9/bandwidth,125000.0,
1781681790,1637,1634,1637/obj/lora/8c1f646190001ba9/ambient_temp,24.5,
1781681790,1637,1634,1637/obj/lora/8c1f646190001ba9/payload,1.0,a6d3090300003d7c000081460b00a3c50903aa00480102e1ea549359
1781681811,1637,1634,1637/obj/lora/8c1f6461900018ba/payload,1.0,889b09030000ad1d000000000000938d0903c302820202e1ea525352
1781681811,1637,1634,1637/obj/lora/8c1f6461900018ba/,0.0,
1781681811,1637,1634,1637/obj/lora/8c1f6461900018ba/frame_counter,5754.0,
1781681811,1637,1634,1637/obj/lora/8c1f6461900018ba/battery_recovered,3672.0,
1781681811,1637,1634,1637/obj/lora/8c1f6461900018ba/battery,3600.0,
1781681811,1637,1634,1637/obj/lora/8c1f6461900018ba/gateway_rssi,-103.0,24e124fffef94d5c
1781681811,1637,1634,1637/obj/lora/8c1f6461900018ba/gateway_snr,4.800000190734863,24e124fffef94d5c
1781681811,1637,1634,1637/obj/lora/8c1f6461900018ba/water_temp_min,21.0,
1781681811,1637,1634,1637/obj/lora/8c1f6461900018ba/ambient_temp,21.0,
1781681811,1637,1634,1637/obj/lora/8c1f6461900018ba/error_code,0.0,
1781681811,1637,1634,1637/obj/lora/8c1f6461900018ba/spreading_factor,7.0,
1781681811,1637,1634,1637/obj/lora/8c1f6461900018ba/total_volume,7597.0,
1781681811,1637,1634,1637/obj/lora/8c1f6461900018ba/water_temp_max,21.5,
1781681811,1637,1634,1637/obj/lora/8c1f6461900018ba/leak_status,2.0,
1781681811,1637,1634,1637/obj/lora/8c1f6461900018ba/bandwidth,125000.0,
1781681876,1637,1634,1637/obj/lora/8c1f646190001fcb/battery,3624.0,
1781681876,1637,1634,1637/obj/lora/8c1f646190001fcb/water_temp_min,22.0,
1781681876,1637,1634,1637/obj/lora/8c1f646190001fcb/water_temp_max,22.5,
1781681876,1637,1634,1637/obj/lora/8c1f646190001fcb/payload,1.0,91880d030000705d000000000000a67a0d036401740602e4ed545555
1781681876,1637,1634,1637/obj/lora/8c1f646190001fcb/ambient_temp,22.5,
1781681876,1637,1634,1637/obj/lora/8c1f646190001fcb/,0.0,
1781681876,1637,1634,1637/obj/lora/8c1f646190001fcb/battery_recovered,3696.0,
1781681876,1637,1634,1637/obj/lora/8c1f646190001fcb/total_volume,23920.0,
1781681876,1637,1634,1637/obj/lora/8c1f646190001fcb/leak_status,2.0,
1781681876,1637,1634,1637/obj/lora/8c1f646190001fcb/spreading_factor,7.0,
1781681876,1637,1634,1637/obj/lora/8c1f646190001fcb/bandwidth,125000.0,
1781681876,1637,1634,1637/obj/lora/8c1f646190001fcb/gateway_rssi,-108.0,24e124fffef94d5c
1781681876,1637,1634,1637/obj/lora/8c1f646190001fcb/frame_counter,7390.0,
1781681876,1637,1634,1637/obj/lora/8c1f646190001fcb/error_code,0.0,
1781681876,1637,1634,1637/obj/lora/8c1f646190001fcb/gateway_snr,-1.2000000476837158,24e124fffef94d5c
1781681890,1637,1634,1637/obj/lora/8c1f646190002244/payload,1.0,3fa50903000017b9010003000000000000000000000000e2ea565655
1781681890,1637,1634,1637/obj/lora/8c1f646190002244/total_volume,112919.0,
1781681890,1637,1634,1637/obj/lora/8c1f646190002244/battery,3608.0,
1781681890,1637,1634,1637/obj/lora/8c1f646190002244/error_code,0.0,
1781681890,1637,1634,1637/obj/lora/8c1f646190002244/ambient_temp,22.5,
1781681890,1637,1634,1637/obj/lora/8c1f646190002244/gateway_snr,4.800000190734863,24e124fffef94d5c
1781681890,1637,1634,1637/obj/lora/8c1f646190002244/battery_recovered,3672.0,
1781681890,1637,1634,1637/obj/lora/8c1f646190002244/,0.0,
1781681890,1637,1634,1637/obj/lora/8c1f646190002244/water_temp_min,23.0,
1781681890,1637,1634,1637/obj/lora/8c1f646190002244/spreading_factor,7.0,
1781681890,1637,1634,1637/obj/lora/8c1f646190002244/water_temp_max,23.0,
1781681890,1637,1634,1637/obj/lora/8c1f646190002244/leak_status,0.0,
1781681890,1637,1634,1637/obj/lora/8c1f646190002244/bandwidth,125000.0,
1781681890,1637,1634,1637/obj/lora/8c1f646190002244/frame_counter,6479.0,
1781681890,1637,1634,1637/obj/lora/8c1f646190002244/gateway_rssi,-104.0,24e124fffef94d5c
1781681975,1637,1634,1637/obj/lora/8c1f6461900021bd/total_volume,71811.0,
1781681975,1637,1634,1637/obj/lora/8c1f6461900021bd/error_code,0.0,
1781681975,1637,1634,1637/obj/lora/8c1f6461900021bd/payload,1.0,cedc090300008318010000000000000000000000000000dfe8545454
1781681975,1637,1634,1637/obj/lora/8c1f6461900021bd/bandwidth,125000.0,
1781681975,1637,1634,1637/obj/lora/8c1f6461900021bd/leak_status,0.0,
1781681975,1637,1634,1637/obj/lora/8c1f6461900021bd/water_temp_min,22.0,
1781681975,1637,1634,1637/obj/lora/8c1f6461900021bd/battery,3584.0,
1781681975,1637,1634,1637/obj/lora/8c1f6461900021bd/frame_counter,6635.0,
1781681975,1637,1634,1637/obj/lora/8c1f6461900021bd/gateway_snr,-0.800000011920929,24e124fffef94d5c
1781681975,1637,1634,1637/obj/lora/8c1f6461900021bd/,0.0,
1781681975,1637,1634,1637/obj/lora/8c1f6461900021bd/ambient_temp,22.0,
1781681975,1637,1634,1637/obj/lora/8c1f6461900021bd/gateway_rssi,-106.0,24e124fffef94d5c
1781681975,1637,1634,1637/obj/lora/8c1f6461900021bd/water_temp_max,22.0,
1781681975,1637,1634,1637/obj/lora/8c1f6461900021bd/battery_recovered,3656.0,
1781681975,1637,1634,1637/obj/lora/8c1f6461900021bd/spreading_factor,7.0,
1781682191,1637,1634,1637/obj/lora/24e124725d489523/,0.0,
1781682191,1637,1634,1637/obj/lora/24e124725d489523/gateway_rssi,-112.0,24e124fffef949f8
1781682191,1637,1634,1637/obj/lora/24e124725d489523/frame_counter,7512.0,
1781682191,1637,1634,1637/obj/lora/24e124725d489523/battery,39.0,
1781682191,1637,1634,1637/obj/lora/24e124725d489523/temperature,20.6,
1781682191,1637,1634,1637/obj/lora/24e124725d489523/spreading_factor,7.0,
1781682191,1637,1634,1637/obj/lora/24e124725d489523/bandwidth,125000.0,
1781682191,1637,1634,1637/obj/lora/24e124725d489523/humidity,45.5,
1781682191,1637,1634,1637/obj/lora/24e124725d489523/gateway_snr,0.20000000298023224,24e124fffef949f8
1781682191,1637,1634,1637/obj/lora/24e124725d489523/payload,85.0,0175270367ce0004685b
1781682346,1637,1634,1637/obj/lora/8c1f64619000227c/spreading_factor,7.0,
1781682346,1637,1634,1637/obj/lora/8c1f64619000227c/total_volume,12937.0,
1781682346,1637,1634,1637/obj/lora/8c1f64619000227c/battery_recovered,3664.0,
1781682346,1637,1634,1637/obj/lora/8c1f64619000227c/battery,3576.0,
1781682346,1637,1634,1637/obj/lora/8c1f64619000227c/gateway_snr,-1.5,24e124fffef949f8
1781682346,1637,1634,1637/obj/lora/8c1f64619000227c/leak_status,2.0,
1781682346,1637,1634,1637/obj/lora/8c1f64619000227c/water_temp_max,23.0,
1781682346,1637,1634,1637/obj/lora/8c1f64619000227c/error_code,0.0,
1781682346,1637,1634,1637/obj/lora/8c1f64619000227c/bandwidth,125000.0,
1781682346,1637,1634,1637/obj/lora/8c1f64619000227c/gateway_rssi,-113.0,24e124fffef949f8
1781682346,1637,1634,1637/obj/lora/8c1f64619000227c/,0.0,
1781682346,1637,1634,1637/obj/lora/8c1f64619000227c/frame_counter,7522.0,
1781682346,1637,1634,1637/obj/lora/8c1f64619000227c/ambient_temp,23.0,
1781682346,1637,1634,1637/obj/lora/8c1f64619000227c/water_temp_min,23.0,
1781682346,1637,1634,1637/obj/lora/8c1f64619000227c/payload,1.0,a0b30903000089320000e7ad0400b7a5090314fff00002dee9565656
1781682376,1637,1634,1637/obj/lora/8c1f64619000171c/error_code,0.0,
1781682376,1637,1634,1637/obj/lora/8c1f64619000171c/water_temp_max,25.5,
1781682376,1637,1634,1637/obj/lora/8c1f64619000171c/battery,3648.0,
1781682376,1637,1634,1637/obj/lora/8c1f64619000171c/ambient_temp,24.0,
1781682376,1637,1634,1637/obj/lora/8c1f64619000171c/water_temp_min,24.5,
1781682376,1637,1634,1637/obj/lora/8c1f64619000171c/total_volume,17945.0,
1781682376,1637,1634,1637/obj/lora/8c1f64619000171c/,0.0,
1781682376,1637,1634,1637/obj/lora/8c1f64619000171c/gateway_rssi,-109.0,24e124fffef949f8
1781682376,1637,1634,1637/obj/lora/8c1f64619000171c/battery_recovered,3672.0,
1781682376,1637,1634,1637/obj/lora/8c1f64619000171c/frame_counter,3607.0,
1781682376,1637,1634,1637/obj/lora/8c1f64619000171c/leak_status,2.0,
1781682376,1637,1634,1637/obj/lora/8c1f64619000171c/payload,1.0,89910d0300001946000012000000ba830d0352fe0a0202e7ea595b58
1781682376,1637,1634,1637/obj/lora/8c1f64619000171c/gateway_snr,4.199999809265137,24e124fffef949f8
1781682376,1637,1634,1637/obj/lora/8c1f64619000171c/spreading_factor,7.0,
1781682376,1637,1634,1637/obj/lora/8c1f64619000171c/bandwidth,125000.0,
1781682377,1637,1634,1637/obj/lora/8c1f646190001c1f/battery,3632.0,
1781682377,1637,1634,1637/obj/lora/8c1f646190001c1f/ambient_temp,23.0,
1781682377,1637,1634,1637/obj/lora/8c1f646190001c1f/gateway_snr,5.800000190734863,24e124fffef949f8
1781682377,1637,1634,1637/obj/lora/8c1f646190001c1f/battery_recovered,3688.0,
1781682377,1637,1634,1637/obj/lora/8c1f646190001c1f/bandwidth,125000.0,
1781682377,1637,1634,1637/obj/lora/8c1f646190001c1f/water_temp_min,24.0,
1781682377,1637,1634,1637/obj/lora/8c1f646190001c1f/spreading_factor,7.0,
1781682377,1637,1634,1637/obj/lora/8c1f646190001c1f/payload,1.0,9dd60903000024ac00000000000037cf09032dfeb81402e5ec585856
1781682377,1637,1634,1637/obj/lora/8c1f646190001c1f/gateway_rssi,-107.0,24e124fffef949f8
1781682377,1637,1634,1637/obj/lora/8c1f646190001c1f/leak_status,2.0,
1781682377,1637,1634,1637/obj/lora/8c1f646190001c1f/error_code,0.0,
1781682377,1637,1634,1637/obj/lora/8c1f646190001c1f/frame_counter,1940.0,
1781682377,1637,1634,1637/obj/lora/8c1f646190001c1f/,0.0,
1781682377,1637,1634,1637/obj/lora/8c1f646190001c1f/water_temp_max,24.0,
1781682377,1637,1634,1637/obj/lora/8c1f646190001c1f/total_volume,44068.0,
1781682475,1637,1634,1637/obj/lora/8c1f646190001fc1/gateway_snr,11.0,24e124fffef94d5c
1781682475,1637,1634,1637/obj/lora/8c1f646190001fc1/frame_counter,6896.0,
1781682475,1637,1634,1637/obj/lora/8c1f646190001fc1/water_temp_min,22.0,
1781682475,1637,1634,1637/obj/lora/8c1f646190001fc1/,0.0,
1781682475,1637,1634,1637/obj/lora/8c1f646190001fc1/error_code,0.0,
1781682475,1637,1634,1637/obj/lora/8c1f646190001fc1/battery,3568.0,
1781682475,1637,1634,1637/obj/lora/8c1f646190001fc1/leak_status,2.0,
1781682475,1637,1634,1637/obj/lora/8c1f646190001fc1/total_volume,50575.0,
1781682475,1637,1634,1637/obj/lora/8c1f646190001fc1/gateway_rssi,-95.0,24e124fffef94d5c
1781682475,1637,1634,1637/obj/lora/8c1f646190001fc1/spreading_factor,7.0,
1781682475,1637,1634,1637/obj/lora/8c1f646190001fc1/water_temp_max,22.0,
1781682475,1637,1634,1637/obj/lora/8c1f646190001fc1/payload,1.0,73dc090300008fc50000871c0a008cce09030906220d02dde6545454
1781682475,1637,1634,1637/obj/lora/8c1f646190001fc1/ambient_temp,22.0,
1781682475,1637,1634,1637/obj/lora/8c1f646190001fc1/battery_recovered,3640.0,
1781682475,1637,1634,1637/obj/lora/8c1f646190001fc1/bandwidth,125000.0,
1781682564,1637,1634,1637/obj/lora/8c1f646190001501/bandwidth,125000.0,
1781682564,1637,1634,1637/obj/lora/8c1f646190001501/total_volume,21710.0,
1781682564,1637,1634,1637/obj/lora/8c1f646190001501/battery_recovered,3696.0,
1781682564,1637,1634,1637/obj/lora/8c1f646190001501/frame_counter,3295.0,
1781682564,1637,1634,1637/obj/lora/8c1f646190001501/error_code,0.0,
1781682564,1637,1634,1637/obj/lora/8c1f646190001501/water_temp_max,22.0,
1781682564,1637,1634,1637/obj/lora/8c1f646190001501/,0.0,
1781682564,1637,1634,1637/obj/lora/8c1f646190001501/gateway_snr,8.5,24e124fffef949f8
1781682564,1637,1634,1637/obj/lora/8c1f646190001501/leak_status,2.0,
1781682564,1637,1634,1637/obj/lora/8c1f646190001501/gateway_rssi,-101.0,24e124fffef949f8
1781682564,1637,1634,1637/obj/lora/8c1f646190001501/water_temp_min,22.0,
1781682564,1637,1634,1637/obj/lora/8c1f646190001501/battery,3680.0,
1781682564,1637,1634,1637/obj/lora/8c1f646190001501/payload,1.0,e2da0e030000ce540000028e0600f2cc0e038102700402ebed545454
1781682564,1637,1634,1637/obj/lora/8c1f646190001501/ambient_temp,22.0,
1781682564,1637,1634,1637/obj/lora/8c1f646190001501/spreading_factor,7.0,
1781682569,1637,1634,1637/obj/lora/8c1f646190001bea/frame_counter,7693.0,
1781682569,1637,1634,1637/obj/lora/8c1f646190001bea/gateway_snr,0.5,24e124fffef94d5c
1781682569,1637,1634,1637/obj/lora/8c1f646190001bea/battery_recovered,3656.0,
1781682569,1637,1634,1637/obj/lora/8c1f646190001bea/battery,3592.0,
1781682569,1637,1634,1637/obj/lora/8c1f646190001bea/bandwidth,125000.0,
1781682569,1637,1634,1637/obj/lora/8c1f646190001bea/leak_status,2.0,
1781682569,1637,1634,1637/obj/lora/8c1f646190001bea/error_code,0.0,
1781682569,1637,1634,1637/obj/lora/8c1f646190001bea/ambient_temp,22.0,
1781682569,1637,1634,1637/obj/lora/8c1f646190001bea/spreading_factor,7.0,
1781682569,1637,1634,1637/obj/lora/8c1f646190001bea/,0.0,
1781682569,1637,1634,1637/obj/lora/8c1f646190001bea/water_temp_max,22.5,
1781682569,1637,1634,1637/obj/lora/8c1f646190001bea/total_volume,34015.0,
1781682569,1637,1634,1637/obj/lora/8c1f646190001bea/gateway_rssi,-106.0,24e124fffef94d5c
1781682569,1637,1634,1637/obj/lora/8c1f646190001bea/payload,1.0,4ec709030000df840000206c0c0040b909035cfea80102e0e8545554
1781682569,1637,1634,1637/obj/lora/8c1f646190001bea/water_temp_min,22.0,
1781682704,1637,1634,1637/obj/lora/8c1f646190001833/error_code,0.0,
1781682704,1637,1634,1637/obj/lora/8c1f646190001833/spreading_factor,7.0,
1781682704,1637,1634,1637/obj/lora/8c1f646190001833/gateway_rssi,-106.0,24e124fffef94d5c
1781682704,1637,1634,1637/obj/lora/8c1f646190001833/leak_status,2.0,
1781682704,1637,1634,1637/obj/lora/8c1f646190001833/battery,3600.0,
1781682704,1637,1634,1637/obj/lora/8c1f646190001833/water_temp_max,22.0,
1781682704,1637,1634,1637/obj/lora/8c1f646190001833/bandwidth,125000.0,
1781682704,1637,1634,1637/obj/lora/8c1f646190001833/ambient_temp,22.0,
1781682704,1637,1634,1637/obj/lora/8c1f646190001833/payload,1.0,8d9f09030000262e000000000000b0910903dc03fb0002e1ea545454
1781682704,1637,1634,1637/obj/lora/8c1f646190001833/battery_recovered,3672.0,
1781682704,1637,1634,1637/obj/lora/8c1f646190001833/frame_counter,5852.0,
1781682704,1637,1634,1637/obj/lora/8c1f646190001833/,0.0,
1781682704,1637,1634,1637/obj/lora/8c1f646190001833/water_temp_min,22.0,
1781682704,1637,1634,1637/obj/lora/8c1f646190001833/gateway_snr,2.799999952316284,24e124fffef94d5c
1781682704,1637,1634,1637/obj/lora/8c1f646190001833/total_volume,11814.0,
1781682796,1637,1634,1637/obj/lora/24e124725d489523/,0.0,
1781682796,1637,1634,1637/obj/lora/24e124725d489523/bandwidth,125000.0,
1781682796,1637,1634,1637/obj/lora/24e124725d489523/gateway_rssi,-111.0,24e124fffef949f8
1781682796,1637,1634,1637/obj/lora/24e124725d489523/frame_counter,7513.0,
1781682796,1637,1634,1637/obj/lora/24e124725d489523/battery,39.0,
1781682796,1637,1634,1637/obj/lora/24e124725d489523/gateway_snr,1.0,24e124fffef949f8
1781682796,1637,1634,1637/obj/lora/24e124725d489523/humidity,45.5,
1781682796,1637,1634,1637/obj/lora/24e124725d489523/spreading_factor,7.0,
1781682796,1637,1634,1637/obj/lora/24e124725d489523/temperature,20.6,
1781682796,1637,1634,1637/obj/lora/24e124725d489523/payload,85.0,0175270367ce0004685b
1781682872,1637,1634,1637/obj/lora/8c1f6461900021e8/,0.0,
1781682872,1637,1634,1637/obj/lora/8c1f6461900021e8/water_temp_max,25.5,
1781682872,1637,1634,1637/obj/lora/8c1f6461900021e8/bandwidth,125000.0,
1781682872,1637,1634,1637/obj/lora/8c1f6461900021e8/water_temp_min,25.0,
1781682872,1637,1634,1637/obj/lora/8c1f6461900021e8/error_code,0.0,
1781682872,1637,1634,1637/obj/lora/8c1f6461900021e8/gateway_rssi,-109.0,24e124fffef949f8
1781682872,1637,1634,1637/obj/lora/8c1f6461900021e8/gateway_snr,2.200000047683716,24e124fffef949f8
1781682872,1637,1634,1637/obj/lora/8c1f6461900021e8/frame_counter,3454.0,
1781682872,1637,1634,1637/obj/lora/8c1f6461900021e8/spreading_factor,7.0,
1781682872,1637,1634,1637/obj/lora/8c1f6461900021e8/payload,1.0,32e90903000095b600007d61070060db09038eff950a02e7eb5a5b57
1781682872,1637,1634,1637/obj/lora/8c1f6461900021e8/total_volume,46741.0,
1781682872,1637,1634,1637/obj/lora/8c1f6461900021e8/leak_status,2.0,
1781682872,1637,1634,1637/obj/lora/8c1f6461900021e8/ambient_temp,23.5,
1781682872,1637,1634,1637/obj/lora/8c1f6461900021e8/battery_recovered,3680.0,
1781682872,1637,1634,1637/obj/lora/8c1f6461900021e8/battery,3648.0,
1781682884,1637,1634,1637/obj/lora/8c1f646190001ebd/,0.0,
1781682884,1637,1634,1637/obj/lora/8c1f646190001ebd/ambient_temp,22.5,
1781682884,1637,1634,1637/obj/lora/8c1f646190001ebd/bandwidth,125000.0,
1781682884,1637,1634,1637/obj/lora/8c1f646190001ebd/payload,1.0,11e009030000dc6a00000000000028d209037dff0d0b02e3ed575755
1781682884,1637,1634,1637/obj/lora/8c1f646190001ebd/leak_status,2.0,
1781682884,1637,1634,1637/obj/lora/8c1f646190001ebd/battery_recovered,3696.0,
1781682884,1637,1634,1637/obj/lora/8c1f646190001ebd/battery,3616.0,
1781682884,1637,1634,1637/obj/lora/8c1f646190001ebd/water_temp_max,23.5,
1781682884,1637,1634,1637/obj/lora/8c1f646190001ebd/frame_counter,7925.0,
1781682884,1637,1634,1637/obj/lora/8c1f646190001ebd/error_code,0.0,
1781682884,1637,1634,1637/obj/lora/8c1f646190001ebd/gateway_rssi,-105.0,24e124fffef949f8
1781682884,1637,1634,1637/obj/lora/8c1f646190001ebd/spreading_factor,7.0,
1781682884,1637,1634,1637/obj/lora/8c1f646190001ebd/gateway_snr,5.800000190734863,24e124fffef949f8
1781682884,1637,1634,1637/obj/lora/8c1f646190001ebd/total_volume,27356.0,
1781682884,1637,1634,1637/obj/lora/8c1f646190001ebd/water_temp_min,23.5,
1781682955,1637,1634,1637/obj/lora/8c1f6461900021c5/ambient_temp,22.0,
1781682955,1637,1634,1637/obj/lora/8c1f6461900021c5/gateway_snr,5.5,24e124fffef949f8
1781682955,1637,1634,1637/obj/lora/8c1f6461900021c5/,0.0,
1781682955,1637,1634,1637/obj/lora/8c1f6461900021c5/gateway_rssi,-107.0,24e124fffef949f8
1781682955,1637,1634,1637/obj/lora/8c1f6461900021c5/bandwidth,125000.0,
1781682955,1637,1634,1637/obj/lora/8c1f6461900021c5/error_code,0.0,
1781682955,1637,1634,1637/obj/lora/8c1f6461900021c5/total_volume,12238.0,
1781682955,1637,1634,1637/obj/lora/8c1f6461900021c5/frame_counter,6819.0,
1781682955,1637,1634,1637/obj/lora/8c1f6461900021c5/water_temp_min,17.0,
1781682955,1637,1634,1637/obj/lora/8c1f6461900021c5/battery,3600.0,
1781682955,1637,1634,1637/obj/lora/8c1f6461900021c5/payload,1.0,74d509030000ce2f000000000000c4ce090328e72a0202e1e94a5054
1781682955,1637,1634,1637/obj/lora/8c1f6461900021c5/water_temp_max,20.0,
1781682955,1637,1634,1637/obj/lora/8c1f6461900021c5/spreading_factor,7.0,
1781682955,1637,1634,1637/obj/lora/8c1f6461900021c5/leak_status,2.0,
1781682955,1637,1634,1637/obj/lora/8c1f6461900021c5/battery_recovered,3664.0,
1781683002,1637,1634,1637/obj/lora/8c1f646190001901/gateway_snr,3.799999952316284,24e124fffef94d5c
1781683002,1637,1634,1637/obj/lora/8c1f646190001901/spreading_factor,7.0,
1781683002,1637,1634,1637/obj/lora/8c1f646190001901/payload,1.0,32da09030000df340000050000004fcc0903de01250302dfeb535453
1781683002,1637,1634,1637/obj/lora/8c1f646190001901/leak_status,2.0,
1781683002,1637,1634,1637/obj/lora/8c1f646190001901/bandwidth,125000.0,
1781683002,1637,1634,1637/obj/lora/8c1f646190001901/error_code,0.0,
1781683002,1637,1634,1637/obj/lora/8c1f646190001901/battery_recovered,3680.0,
1781683002,1637,1634,1637/obj/lora/8c1f646190001901/total_volume,13535.0,
1781683002,1637,1634,1637/obj/lora/8c1f646190001901/gateway_rssi,-103.0,24e124fffef94d5c
1781683002,1637,1634,1637/obj/lora/8c1f646190001901/,0.0,
1781683002,1637,1634,1637/obj/lora/8c1f646190001901/frame_counter,7667.0,
1781683002,1637,1634,1637/obj/lora/8c1f646190001901/water_temp_max,22.0,
1781683002,1637,1634,1637/obj/lora/8c1f646190001901/battery,3584.0,
1781683002,1637,1634,1637/obj/lora/8c1f646190001901/ambient_temp,21.5,
1781683002,1637,1634,1637/obj/lora/8c1f646190001901/water_temp_min,21.5,
1781683074,1637,1634,1637/obj/lora/8c1f646190001592/spreading_factor,7.0,
1781683074,1637,1634,1637/obj/lora/8c1f646190001592/ambient_temp,22.0,
1781683074,1637,1634,1637/obj/lora/8c1f646190001592/water_temp_max,23.0,
1781683074,1637,1634,1637/obj/lora/8c1f646190001592/,0.0,
1781683074,1637,1634,1637/obj/lora/8c1f646190001592/leak_status,2.0,
1781683074,1637,1634,1637/obj/lora/8c1f646190001592/error_code,0.0,
1781683074,1637,1634,1637/obj/lora/8c1f646190001592/bandwidth,125000.0,
1781683074,1637,1634,1637/obj/lora/8c1f646190001592/battery_recovered,3672.0,
1781683074,1637,1634,1637/obj/lora/8c1f646190001592/water_temp_min,22.0,
1781683074,1637,1634,1637/obj/lora/8c1f646190001592/frame_counter,3626.0,
1781683074,1637,1634,1637/obj/lora/8c1f646190001592/battery,3608.0,
1781683074,1637,1634,1637/obj/lora/8c1f646190001592/gateway_snr,8.5,24e124fffef949f8
1781683074,1637,1634,1637/obj/lora/8c1f646190001592/gateway_rssi,-103.0,24e124fffef949f8
1781683074,1637,1634,1637/obj/lora/8c1f646190001592/payload,1.0,7ab9090300009c8300001dbc0b0070ab090357ffca0302e2ea545654
1781683074,1637,1634,1637/obj/lora/8c1f646190001592/total_volume,33692.0,
1781683107,1637,1634,1637/obj/lora/8c1f646190001c9b/error_code,0.0,
1781683107,1637,1634,1637/obj/lora/8c1f646190001c9b/payload,1.0,7ad4090300009db6000004940e0082c60903ad04280702e0e97b7b5a
1781683107,1637,1634,1637/obj/lora/8c1f646190001c9b/bandwidth,125000.0,
1781683107,1637,1634,1637/obj/lora/8c1f646190001c9b/frame_counter,7511.0,
1781683107,1637,1634,1637/obj/lora/8c1f646190001c9b/water_temp_min,41.5,
1781683107,1637,1634,1637/obj/lora/8c1f646190001c9b/spreading_factor,7.0,
1781683107,1637,1634,1637/obj/lora/8c1f646190001c9b/leak_status,2.0,
1781683107,1637,1634,1637/obj/lora/8c1f646190001c9b/total_volume,46749.0,
1781683107,1637,1634,1637/obj/lora/8c1f646190001c9b/battery_recovered,3664.0,
1781683107,1637,1634,1637/obj/lora/8c1f646190001c9b/ambient_temp,25.0,
1781683107,1637,1634,1637/obj/lora/8c1f646190001c9b/water_temp_max,41.5,
1781683107,1637,1634,1637/obj/lora/8c1f646190001c9b/gateway_rssi,-105.0,24e124fffef94d5c
1781683107,1637,1634,1637/obj/lora/8c1f646190001c9b/gateway_snr,3.5,24e124fffef94d5c
1781683107,1637,1634,1637/obj/lora/8c1f646190001c9b/,0.0,
1781683107,1637,1634,1637/obj/lora/8c1f646190001c9b/battery,3592.0,
1781683137,1637,1634,1637/obj/lora/8c1f646190001947/gateway_snr,3.799999952316284,24e124fffef94d5c
1781683137,1637,1634,1637/obj/lora/8c1f646190001947/gateway_rssi,-104.0,24e124fffef94d5c
1781683137,1637,1634,1637/obj/lora/8c1f646190001947/water_temp_min,22.5,
1781683137,1637,1634,1637/obj/lora/8c1f646190001947/bandwidth,125000.0,
1781683137,1637,1634,1637/obj/lora/8c1f646190001947/battery_recovered,3656.0,
1781683137,1637,1634,1637/obj/lora/8c1f646190001947/total_volume,38261.0,
1781683137,1637,1634,1637/obj/lora/8c1f646190001947/spreading_factor,7.0,
1781683137,1637,1634,1637/obj/lora/8c1f646190001947/error_code,0.0,
1781683137,1637,1634,1637/obj/lora/8c1f646190001947/,0.0,
1781683137,1637,1634,1637/obj/lora/8c1f646190001947/ambient_temp,22.0,
1781683137,1637,1634,1637/obj/lora/8c1f646190001947/leak_status,2.0,
1781683137,1637,1634,1637/obj/lora/8c1f646190001947/battery,3592.0,
1781683137,1637,1634,1637/obj/lora/8c1f646190001947/payload,1.0,eaf3090300007595000000000000f6e50903de05120a02e0e8555554
1781683137,1637,1634,1637/obj/lora/8c1f646190001947/water_temp_max,22.5,
1781683137,1637,1634,1637/obj/lora/8c1f646190001947/frame_counter,7369.0,
1781683163,1637,1634,1637/obj/lora/8c1f64619000177c/total_volume,57771.0,
1781683163,1637,1634,1637/obj/lora/8c1f64619000177c/water_temp_max,21.5,
1781683163,1637,1634,1637/obj/lora/8c1f64619000177c/ambient_temp,22.0,
1781683163,1637,1634,1637/obj/lora/8c1f64619000177c/gateway_rssi,-99.0,24e124fffef949f8
1781683163,1637,1634,1637/obj/lora/8c1f64619000177c/leak_status,0.0,
1781683163,1637,1634,1637/obj/lora/8c1f64619000177c/spreading_factor,7.0,
1781683163,1637,1634,1637/obj/lora/8c1f64619000177c/payload,1.0,b5ba09030000abe1000000000000000000000000000000e3eb535354
1781683163,1637,1634,1637/obj/lora/8c1f64619000177c/water_temp_min,21.5,
1781683163,1637,1634,1637/obj/lora/8c1f64619000177c/frame_counter,6450.0,
1781683163,1637,1634,1637/obj/lora/8c1f64619000177c/error_code,0.0,
1781683163,1637,1634,1637/obj/lora/8c1f64619000177c/battery_recovered,3680.0,
1781683163,1637,1634,1637/obj/lora/8c1f64619000177c/bandwidth,125000.0,
1781683163,1637,1634,1637/obj/lora/8c1f64619000177c/battery,3616.0,
1781683163,1637,1634,1637/obj/lora/8c1f64619000177c/,0.0,
1781683163,1637,1634,1637/obj/lora/8c1f64619000177c/gateway_snr,11.0,24e124fffef949f8
1781683185,1637,1634,1637/obj/lora/8c1f646190001c1c/spreading_factor,7.0,
1781683185,1637,1634,1637/obj/lora/8c1f646190001c1c/bandwidth,125000.0,
1781683185,1637,1634,1637/obj/lora/8c1f646190001c1c/battery,3624.0,
1781683185,1637,1634,1637/obj/lora/8c1f646190001c1c/battery_recovered,3656.0,
1781683185,1637,1634,1637/obj/lora/8c1f646190001c1c/total_volume,39222.0,
1781683185,1637,1634,1637/obj/lora/8c1f646190001c1c/gateway_rssi,-109.0,24e124fffef949f8
1781683185,1637,1634,1637/obj/lora/8c1f646190001c1c/water_temp_max,22.5,
1781683185,1637,1634,1637/obj/lora/8c1f646190001c1c/gateway_snr,3.0,24e124fffef949f8
1781683185,1637,1634,1637/obj/lora/8c1f646190001c1c/ambient_temp,22.5,
1781683185,1637,1634,1637/obj/lora/8c1f646190001c1c/leak_status,2.0,
1781683185,1637,1634,1637/obj/lora/8c1f646190001c1c/frame_counter,3672.0,
1781683185,1637,1634,1637/obj/lora/8c1f646190001c1c/,0.0,
1781683185,1637,1634,1637/obj/lora/8c1f646190001c1c/error_code,0.0,
1781683185,1637,1634,1637/obj/lora/8c1f646190001c1c/water_temp_min,22.5,
1781683185,1637,1634,1637/obj/lora/8c1f646190001c1c/payload,1.0,c4b30d030000369900004d0b0b00c7a50d037802030802e4e8555555
1781683275,1637,1634,1637/obj/lora/8c1f6461900021db/bandwidth,125000.0,
1781683275,1637,1634,1637/obj/lora/8c1f6461900021db/battery,3616.0,
1781683275,1637,1634,1637/obj/lora/8c1f6461900021db/battery_recovered,3648.0,
1781683275,1637,1634,1637/obj/lora/8c1f6461900021db/,0.0,
1781683275,1637,1634,1637/obj/lora/8c1f6461900021db/ambient_temp,21.5,
1781683275,1637,1634,1637/obj/lora/8c1f6461900021db/error_code,0.0,
1781683275,1637,1634,1637/obj/lora/8c1f6461900021db/gateway_snr,4.0,24e124fffef94d5c
1781683275,1637,1634,1637/obj/lora/8c1f6461900021db/leak_status,2.0,
1781683275,1637,1634,1637/obj/lora/8c1f6461900021db/frame_counter,7761.0,
1781683275,1637,1634,1637/obj/lora/8c1f6461900021db/total_volume,15057.0,
1781683275,1637,1634,1637/obj/lora/8c1f6461900021db/water_temp_max,21.0,
1781683275,1637,1634,1637/obj/lora/8c1f6461900021db/water_temp_min,20.5,
1781683275,1637,1634,1637/obj/lora/8c1f6461900021db/spreading_factor,7.0,
1781683275,1637,1634,1637/obj/lora/8c1f6461900021db/payload,1.0,f2b109030000d13a0000694f050008a409030201ff0002e3e7515253
1781683275,1637,1634,1637/obj/lora/8c1f6461900021db/gateway_rssi,-103.0,24e124fffef94d5c
1781683372,1637,1634,1637/obj/lora/8c1f6461900020d1/battery,3576.0,
1781683372,1637,1634,1637/obj/lora/8c1f6461900020d1/bandwidth,125000.0,
1781683372,1637,1634,1637/obj/lora/8c1f6461900020d1/,0.0,
1781683372,1637,1634,1637/obj/lora/8c1f6461900020d1/total_volume,13636.0,
1781683372,1637,1634,1637/obj/lora/8c1f6461900020d1/spreading_factor,7.0,
1781683372,1637,1634,1637/obj/lora/8c1f6461900020d1/ambient_temp,24.0,
1781683372,1637,1634,1637/obj/lora/8c1f6461900020d1/water_temp_max,23.0,
1781683372,1637,1634,1637/obj/lora/8c1f6461900020d1/payload,1.0,93b60903000044350000e6fd0400b3a80903aa04590102dee7565658
1781683372,1637,1634,1637/obj/lora/8c1f6461900020d1/battery_recovered,3648.0,
1781683372,1637,1634,1637/obj/lora/8c1f6461900020d1/error_code,0.0,
1781683372,1637,1634,1637/obj/lora/8c1f6461900020d1/gateway_rssi,-105.0,24e124fffef949f8
1781683372,1637,1634,1637/obj/lora/8c1f6461900020d1/gateway_snr,5.0,24e124fffef949f8
1781683372,1637,1634,1637/obj/lora/8c1f6461900020d1/leak_status,2.0,
1781683372,1637,1634,1637/obj/lora/8c1f6461900020d1/frame_counter,6349.0,
1781683372,1637,1634,1637/obj/lora/8c1f6461900020d1/water_temp_min,23.0,
1781683399,1637,1634,1637/obj/lora/8c1f646190001833/water_temp_max,22.0,
1781683399,1637,1634,1637/obj/lora/8c1f646190001833/frame_counter,5851.0,
1781683399,1637,1634,1637/obj/lora/8c1f646190001833/battery_recovered,3672.0,
1781683399,1637,1634,1637/obj/lora/8c1f646190001833/payload,1.0,7d9109030000262e0000000000006e8309033d07580102e1ea535454
1781683399,1637,1634,1637/obj/lora/8c1f646190001833/total_volume,11814.0,
1781683399,1637,1634,1637/obj/lora/8c1f646190001833/spreading_factor,7.0,
1781683399,1637,1634,1637/obj/lora/8c1f646190001833/leak_status,2.0,
1781683399,1637,1634,1637/obj/lora/8c1f646190001833/ambient_temp,22.0,
1781683399,1637,1634,1637/obj/lora/8c1f646190001833/battery,3600.0,
1781683399,1637,1634,1637/obj/lora/8c1f646190001833/gateway_rssi,-105.0,24e124fffef94d5c
1781683399,1637,1634,1637/obj/lora/8c1f646190001833/gateway_snr,1.2000000476837158,24e124fffef94d5c
1781683399,1637,1634,1637/obj/lora/8c1f646190001833/error_code,0.0,
1781683399,1637,1634,1637/obj/lora/8c1f646190001833/bandwidth,125000.0,
1781683399,1637,1634,1637/obj/lora/8c1f646190001833/,0.0,
1781683399,1637,1634,1637/obj/lora/8c1f646190001833/water_temp_min,21.5,
1781683417,1637,1634,1637/obj/lora/8c1f6461900019cb/error_code,0.0,
1781683417,1637,1634,1637/obj/lora/8c1f6461900019cb/battery,3600.0,
1781683417,1637,1634,1637/obj/lora/8c1f6461900019cb/gateway_rssi,-102.0,24e124fffef94d5c
1781683417,1637,1634,1637/obj/lora/8c1f6461900019cb/payload,1.0,32b7090300003e2900000000000042a90903c8ffcb0402e1ea515150
1781683417,1637,1634,1637/obj/lora/8c1f6461900019cb/water_temp_min,20.5,
1781683417,1637,1634,1637/obj/lora/8c1f6461900019cb/spreading_factor,7.0,
1781683417,1637,1634,1637/obj/lora/8c1f6461900019cb/frame_counter,7819.0,
1781683417,1637,1634,1637/obj/lora/8c1f6461900019cb/ambient_temp,20.0,
1781683417,1637,1634,1637/obj/lora/8c1f6461900019cb/water_temp_max,20.5,
1781683417,1637,1634,1637/obj/lora/8c1f6461900019cb/bandwidth,125000.0,
1781683417,1637,1634,1637/obj/lora/8c1f6461900019cb/leak_status,2.0,
1781683417,1637,1634,1637/obj/lora/8c1f6461900019cb/,0.0,
1781683417,1637,1634,1637/obj/lora/8c1f6461900019cb/total_volume,10558.0,
1781683417,1637,1634,1637/obj/lora/8c1f6461900019cb/gateway_snr,5.5,24e124fffef94d5c
1781683417,1637,1634,1637/obj/lora/8c1f6461900019cb/battery_recovered,3672.0,
1781683424,1637,1634,1637/obj/lora/8c1f64619000170a/total_volume,154809.0,
1781683424,1637,1634,1637/obj/lora/8c1f64619000170a/frame_counter,6656.0,
1781683424,1637,1634,1637/obj/lora/8c1f64619000170a/gateway_snr,5.0,24e124fffef94d5c
1781683424,1637,1634,1637/obj/lora/8c1f64619000170a/battery_recovered,3664.0,
1781683424,1637,1634,1637/obj/lora/8c1f64619000170a/gateway_rssi,-103.0,24e124fffef94d5c
1781683424,1637,1634,1637/obj/lora/8c1f64619000170a/spreading_factor,7.0,
1781683424,1637,1634,1637/obj/lora/8c1f64619000170a/bandwidth,125000.0,
1781683424,1637,1634,1637/obj/lora/8c1f64619000170a/battery,3600.0,
1781683424,1637,1634,1637/obj/lora/8c1f64619000170a/ambient_temp,24.0,
1781683424,1637,1634,1637/obj/lora/8c1f64619000170a/leak_status,2.0,
1781683424,1637,1634,1637/obj/lora/8c1f64619000170a/,0.0,
1781683424,1637,1634,1637/obj/lora/8c1f64619000170a/error_code,0.0,
1781683424,1637,1634,1637/obj/lora/8c1f64619000170a/payload,1.0,e5f909030000b95c02007c2706000eec09033524970e02e1e9575758
1781683424,1637,1634,1637/obj/lora/8c1f64619000170a/water_temp_max,23.5,
1781683424,1637,1634,1637/obj/lora/8c1f64619000170a/water_temp_min,23.5,
1781683481,1637,1634,1637/obj/lora/8c1f6461900021da/gateway_snr,6.800000190734863,24e124fffef94d5c
1781683481,1637,1634,1637/obj/lora/8c1f6461900021da/error_code,0.0,
1781683481,1637,1634,1637/obj/lora/8c1f6461900021da/water_temp_max,22.5,
1781683481,1637,1634,1637/obj/lora/8c1f6461900021da/frame_counter,7493.0,
1781683481,1637,1634,1637/obj/lora/8c1f6461900021da/water_temp_min,22.5,
1781683481,1637,1634,1637/obj/lora/8c1f6461900021da/spreading_factor,7.0,
1781683481,1637,1634,1637/obj/lora/8c1f6461900021da/bandwidth,125000.0,
1781683481,1637,1634,1637/obj/lora/8c1f6461900021da/battery_recovered,3680.0,
1781683481,1637,1634,1637/obj/lora/8c1f6461900021da/,0.0,
1781683481,1637,1634,1637/obj/lora/8c1f6461900021da/leak_status,2.0,
1781683481,1637,1634,1637/obj/lora/8c1f6461900021da/ambient_temp,22.0,
1781683481,1637,1634,1637/obj/lora/8c1f6461900021da/battery,3632.0,
1781683481,1637,1634,1637/obj/lora/8c1f6461900021da/total_volume,24734.0,
1781683481,1637,1634,1637/obj/lora/8c1f6461900021da/payload,1.0,b597090300009e600000f7900800d38909037c072f0302e5eb555554
1781683481,1637,1634,1637/obj/lora/8c1f6461900021da/gateway_rssi,-101.0,24e124fffef94d5c
1781683503,1637,1634,1637/obj/lora/8c1f646190001963/gateway_snr,10.199999809265137,24e124fffef94d5c
1781683503,1637,1634,1637/obj/lora/8c1f646190001963/water_temp_max,22.0,
1781683503,1637,1634,1637/obj/lora/8c1f646190001963/total_volume,15807.0,
1781683503,1637,1634,1637/obj/lora/8c1f646190001963/frame_counter,7738.0,
1781683503,1637,1634,1637/obj/lora/8c1f646190001963/gateway_rssi,-96.0,24e124fffef94d5c
1781683503,1637,1634,1637/obj/lora/8c1f646190001963/payload,1.0,fcf109030000bf3d00000000000020e409036d00cd0702e1eb545453
1781683503,1637,1634,1637/obj/lora/8c1f646190001963/leak_status,2.0,
1781683503,1637,1634,1637/obj/lora/8c1f646190001963/error_code,0.0,
1781683503,1637,1634,1637/obj/lora/8c1f646190001963/ambient_temp,21.5,
1781683503,1637,1634,1637/obj/lora/8c1f646190001963/,0.0,
1781683503,1637,1634,1637/obj/lora/8c1f646190001963/battery,3600.0,
1781683503,1637,1634,1637/obj/lora/8c1f646190001963/water_temp_min,22.0,
1781683503,1637,1634,1637/obj/lora/8c1f646190001963/spreading_factor,7.0,
1781683503,1637,1634,1637/obj/lora/8c1f646190001963/bandwidth,125000.0,
1781683503,1637,1634,1637/obj/lora/8c1f646190001963/battery_recovered,3680.0,
1781683599,1637,1634,1637/obj/lora/8c1f646190001e41/leak_status,2.0,
1781683599,1637,1634,1637/obj/lora/8c1f646190001e41/frame_counter,3565.0,
1781683599,1637,1634,1637/obj/lora/8c1f646190001e41/total_volume,42481.0,
1781683599,1637,1634,1637/obj/lora/8c1f646190001e41/gateway_rssi,-106.0,24e124fffef949f8
1781683599,1637,1634,1637/obj/lora/8c1f646190001e41/payload,1.0,29e809030000f1a500005c110f0042da090328fece0102ebec808159
1781683599,1637,1634,1637/obj/lora/8c1f646190001e41/battery,3680.0,
1781683599,1637,1634,1637/obj/lora/8c1f646190001e41/spreading_factor,7.0,
1781683599,1637,1634,1637/obj/lora/8c1f646190001e41/ambient_temp,24.5,
1781683599,1637,1634,1637/obj/lora/8c1f646190001e41/battery_recovered,3688.0,
1781683599,1637,1634,1637/obj/lora/8c1f646190001e41/,0.0,
1781683599,1637,1634,1637/obj/lora/8c1f646190001e41/error_code,0.0,
1781683599,1637,1634,1637/obj/lora/8c1f646190001e41/bandwidth,125000.0,
1781683599,1637,1634,1637/obj/lora/8c1f646190001e41/water_temp_max,44.5,
1781683599,1637,1634,1637/obj/lora/8c1f646190001e41/water_temp_min,44.0,
1781683599,1637,1634,1637/obj/lora/8c1f646190001e41/gateway_snr,6.199999809265137,24e124fffef949f8
1781683653,1637,1634,1637/obj/lora/8c1f646190002120/,0.0,
1781683653,1637,1634,1637/obj/lora/8c1f646190002120/payload,1.0,a6d40903000087a50000f5e70d00c8c609037301770002e8eb545454
1781683653,1637,1634,1637/obj/lora/8c1f646190002120/frame_counter,3622.0,
1781683653,1637,1634,1637/obj/lora/8c1f646190002120/spreading_factor,7.0,
1781683653,1637,1634,1637/obj/lora/8c1f646190002120/water_temp_min,22.0,
1781683653,1637,1634,1637/obj/lora/8c1f646190002120/total_volume,42375.0,
1781683653,1637,1634,1637/obj/lora/8c1f646190002120/water_temp_max,22.0,
1781683653,1637,1634,1637/obj/lora/8c1f646190002120/error_code,0.0,
1781683653,1637,1634,1637/obj/lora/8c1f646190002120/bandwidth,125000.0,
1781683653,1637,1634,1637/obj/lora/8c1f646190002120/battery,3656.0,
1781683653,1637,1634,1637/obj/lora/8c1f646190002120/gateway_snr,4.199999809265137,24e124fffef949f8
1781683653,1637,1634,1637/obj/lora/8c1f646190002120/gateway_rssi,-102.0,24e124fffef949f8
1781683653,1637,1634,1637/obj/lora/8c1f646190002120/ambient_temp,22.0,
1781683653,1637,1634,1637/obj/lora/8c1f646190002120/leak_status,2.0,
1781683653,1637,1634,1637/obj/lora/8c1f646190002120/battery_recovered,3680.0,
1781683686,1637,1634,1637/obj/lora/8c1f6461900015c1/total_volume,19013.0,
1781683686,1637,1634,1637/obj/lora/8c1f6461900015c1/gateway_snr,10.0,24e124fffef94d5c
1781683686,1637,1634,1637/obj/lora/8c1f6461900015c1/battery_recovered,3672.0,
1781683686,1637,1634,1637/obj/lora/8c1f6461900015c1/frame_counter,7610.0,
1781683686,1637,1634,1637/obj/lora/8c1f6461900015c1/bandwidth,125000.0,
1781683686,1637,1634,1637/obj/lora/8c1f6461900015c1/,0.0,
1781683686,1637,1634,1637/obj/lora/8c1f6461900015c1/error_code,0.0,
1781683686,1637,1634,1637/obj/lora/8c1f6461900015c1/gateway_rssi,-93.0,24e124fffef94d5c
1781683686,1637,1634,1637/obj/lora/8c1f6461900015c1/leak_status,2.0,
1781683686,1637,1634,1637/obj/lora/8c1f6461900015c1/battery,3608.0,
1781683686,1637,1634,1637/obj/lora/8c1f6461900015c1/water_temp_min,22.0,
1781683686,1637,1634,1637/obj/lora/8c1f6461900015c1/ambient_temp,22.0,
1781683686,1637,1634,1637/obj/lora/8c1f6461900015c1/payload,1.0,daae09030000454a000000000000fba009036dfd7e0102e2ea545454
1781683686,1637,1634,1637/obj/lora/8c1f6461900015c1/spreading_factor,7.0,
1781683686,1637,1634,1637/obj/lora/8c1f6461900015c1/water_temp_max,22.0,
1781683758,1637,1634,1637/obj/lora/8c1f646190001b0f/gateway_rssi,-108.0,24e124fffef94d5c
1781683758,1637,1634,1637/obj/lora/8c1f646190001b0f/error_code,0.0,
1781683758,1637,1634,1637/obj/lora/8c1f646190001b0f/payload,1.0,1fd109030000f2890000e6e30a0010c30903e301980102dfe7555553
1781683758,1637,1634,1637/obj/lora/8c1f646190001b0f/water_temp_max,22.5,
1781683758,1637,1634,1637/obj/lora/8c1f646190001b0f/gateway_snr,-3.799999952316284,24e124fffef94d5c
1781683758,1637,1634,1637/obj/lora/8c1f646190001b0f/,0.0,
1781683758,1637,1634,1637/obj/lora/8c1f646190001b0f/spreading_factor,7.0,
1781683758,1637,1634,1637/obj/lora/8c1f646190001b0f/water_temp_min,22.5,
1781683758,1637,1634,1637/obj/lora/8c1f646190001b0f/total_volume,35314.0,
1781683758,1637,1634,1637/obj/lora/8c1f646190001b0f/battery_recovered,3648.0,
1781683758,1637,1634,1637/obj/lora/8c1f646190001b0f/battery,3584.0,
1781683758,1637,1634,1637/obj/lora/8c1f646190001b0f/leak_status,2.0,
1781683758,1637,1634,1637/obj/lora/8c1f646190001b0f/bandwidth,125000.0,
1781683758,1637,1634,1637/obj/lora/8c1f646190001b0f/frame_counter,6527.0,
1781683758,1637,1634,1637/obj/lora/8c1f646190001b0f/ambient_temp,21.5,
1781683784,1637,1634,1637/obj/lora/8c1f64619000228d/,0.0,
1781683784,1637,1634,1637/obj/lora/8c1f64619000228d/battery_recovered,3648.0,
1781683784,1637,1634,1637/obj/lora/8c1f64619000228d/error_code,0.0,
1781683784,1637,1634,1637/obj/lora/8c1f64619000228d/gateway_snr,6.5,24e124fffef94d5c
1781683784,1637,1634,1637/obj/lora/8c1f64619000228d/total_volume,18070.0,
1781683784,1637,1634,1637/obj/lora/8c1f64619000228d/bandwidth,125000.0,
1781683784,1637,1634,1637/obj/lora/8c1f64619000228d/leak_status,2.0,
1781683784,1637,1634,1637/obj/lora/8c1f64619000228d/water_temp_max,22.5,
1781683784,1637,1634,1637/obj/lora/8c1f64619000228d/payload,1.0,20a20903000096460000000000004d940903fe06c10802dee7545554
1781683784,1637,1634,1637/obj/lora/8c1f64619000228d/gateway_rssi,-101.0,24e124fffef94d5c
1781683784,1637,1634,1637/obj/lora/8c1f64619000228d/battery,3576.0,
1781683784,1637,1634,1637/obj/lora/8c1f64619000228d/ambient_temp,22.0,
1781683784,1637,1634,1637/obj/lora/8c1f64619000228d/water_temp_min,22.0,
1781683784,1637,1634,1637/obj/lora/8c1f64619000228d/spreading_factor,7.0,
1781683784,1637,1634,1637/obj/lora/8c1f64619000228d/frame_counter,6430.0,
1781683786,1637,1634,1637/obj/lora/8c1f6461900014f5/water_temp_min,22.0,
1781683786,1637,1634,1637/obj/lora/8c1f6461900014f5/,0.0,
1781683786,1637,1634,1637/obj/lora/8c1f6461900014f5/ambient_temp,22.5,
1781683786,1637,1634,1637/obj/lora/8c1f6461900014f5/spreading_factor,7.0,
1781683786,1637,1634,1637/obj/lora/8c1f6461900014f5/gateway_rssi,-103.0,24e124fffef949f8
1781683786,1637,1634,1637/obj/lora/8c1f6461900014f5/frame_counter,3579.0,
1781683786,1637,1634,1637/obj/lora/8c1f6461900014f5/bandwidth,125000.0,
1781683786,1637,1634,1637/obj/lora/8c1f6461900014f5/payload,1.0,c3b70d0300007f56000000000000dda90d039300fe0b02e5e9545455
1781683786,1637,1634,1637/obj/lora/8c1f6461900014f5/total_volume,22143.0,
1781683786,1637,1634,1637/obj/lora/8c1f6461900014f5/battery_recovered,3664.0,
1781683786,1637,1634,1637/obj/lora/8c1f6461900014f5/error_code,0.0,
1781683786,1637,1634,1637/obj/lora/8c1f6461900014f5/water_temp_max,22.0,
1781683786,1637,1634,1637/obj/lora/8c1f6461900014f5/gateway_snr,8.5,24e124fffef949f8
1781683786,1637,1634,1637/obj/lora/8c1f6461900014f5/battery,3632.0,
1781683786,1637,1634,1637/obj/lora/8c1f6461900014f5/leak_status,2.0,
1781683880,1637,1634,1637/obj/lora/8c1f646190002222/total_volume,30820.0,
1781683880,1637,1634,1637/obj/lora/8c1f646190002222/payload,1.0,71a60903000064780000080000007b9809031202cf0002e9ec545554
1781683880,1637,1634,1637/obj/lora/8c1f646190002222/leak_status,2.0,
1781683880,1637,1634,1637/obj/lora/8c1f646190002222/bandwidth,125000.0,
1781683880,1637,1634,1637/obj/lora/8c1f646190002222/frame_counter,3641.0,
1781683880,1637,1634,1637/obj/lora/8c1f646190002222/error_code,0.0,
1781683880,1637,1634,1637/obj/lora/8c1f646190002222/battery_recovered,3688.0,
1781683880,1637,1634,1637/obj/lora/8c1f646190002222/gateway_rssi,-110.0,24e124fffef949f8
1781683880,1637,1634,1637/obj/lora/8c1f646190002222/gateway_snr,2.0,24e124fffef949f8
1781683880,1637,1634,1637/obj/lora/8c1f646190002222/water_temp_max,22.5,
1781683880,1637,1634,1637/obj/lora/8c1f646190002222/battery,3664.0,
1781683880,1637,1634,1637/obj/lora/8c1f646190002222/,0.0,
1781683880,1637,1634,1637/obj/lora/8c1f646190002222/spreading_factor,7.0,
1781683880,1637,1634,1637/obj/lora/8c1f646190002222/water_temp_min,22.0,
1781683880,1637,1634,1637/obj/lora/8c1f646190002222/ambient_temp,22.0,
1781683899,1637,1634,1637/obj/lora/8c1f646190001b91/water_temp_min,22.0,
1781683899,1637,1634,1637/obj/lora/8c1f646190001b91/payload,1.0,62d50903000021b70000a2cb0e005ac7090349002a0302dce9545454
1781683899,1637,1634,1637/obj/lora/8c1f646190001b91/water_temp_max,22.0,
1781683899,1637,1634,1637/obj/lora/8c1f646190001b91/frame_counter,6540.0,
1781683899,1637,1634,1637/obj/lora/8c1f646190001b91/gateway_snr,6.5,24e124fffef94d5c
1781683899,1637,1634,1637/obj/lora/8c1f646190001b91/battery_recovered,3664.0,
1781683899,1637,1634,1637/obj/lora/8c1f646190001b91/battery,3560.0,
1781683899,1637,1634,1637/obj/lora/8c1f646190001b91/bandwidth,125000.0,
1781683899,1637,1634,1637/obj/lora/8c1f646190001b91/ambient_temp,22.0,
1781683899,1637,1634,1637/obj/lora/8c1f646190001b91/gateway_rssi,-101.0,24e124fffef94d5c
1781683899,1637,1634,1637/obj/lora/8c1f646190001b91/spreading_factor,7.0,
1781683899,1637,1634,1637/obj/lora/8c1f646190001b91/error_code,0.0,
1781683899,1637,1634,1637/obj/lora/8c1f646190001b91/total_volume,46881.0,
1781683899,1637,1634,1637/obj/lora/8c1f646190001b91/leak_status,2.0,
1781683899,1637,1634,1637/obj/lora/8c1f646190001b91/,0.0,
1781683935,1637,1634,1637/obj/lora/8c1f6461900019cf/frame_counter,3555.0,
1781683935,1637,1634,1637/obj/lora/8c1f6461900019cf/spreading_factor,7.0,
1781683935,1637,1634,1637/obj/lora/8c1f6461900019cf/bandwidth,125000.0,
1781683935,1637,1634,1637/obj/lora/8c1f6461900019cf/battery,3632.0,
1781683935,1637,1634,1637/obj/lora/8c1f6461900019cf/ambient_temp,21.5,
1781683935,1637,1634,1637/obj/lora/8c1f6461900019cf/leak_status,0.0,
1781683935,1637,1634,1637/obj/lora/8c1f6461900019cf/water_temp_min,22.0,
1781683935,1637,1634,1637/obj/lora/8c1f6461900019cf/water_temp_max,22.0,
1781683935,1637,1634,1637/obj/lora/8c1f6461900019cf/error_code,0.0,
1781683935,1637,1634,1637/obj/lora/8c1f6461900019cf/total_volume,68350.0,
1781683935,1637,1634,1637/obj/lora/8c1f6461900019cf/payload,1.0,f1df09030000fe0a010000000000000000000000000000e5e8545453
1781683935,1637,1634,1637/obj/lora/8c1f6461900019cf/gateway_rssi,-101.0,24e124fffef949f8
1781683935,1637,1634,1637/obj/lora/8c1f6461900019cf/,0.0,
1781683935,1637,1634,1637/obj/lora/8c1f6461900019cf/gateway_snr,9.199999809265137,24e124fffef949f8
1781683935,1637,1634,1637/obj/lora/8c1f6461900019cf/battery_recovered,3656.0,
1781683958,1637,1634,1637/obj/lora/8c1f646190002206/payload,1.0,79e209030000a2130300c74f0f00000000000000000000e7eb555555
1781683958,1637,1634,1637/obj/lora/8c1f646190002206/ambient_temp,22.5,
1781683958,1637,1634,1637/obj/lora/8c1f646190002206/water_temp_min,22.5,
1781683958,1637,1634,1637/obj/lora/8c1f646190002206/gateway_snr,6.800000190734863,24e124fffef94d5c
1781683958,1637,1634,1637/obj/lora/8c1f646190002206/bandwidth,125000.0,
1781683958,1637,1634,1637/obj/lora/8c1f646190002206/gateway_rssi,-101.0,24e124fffef94d5c
1781683958,1637,1634,1637/obj/lora/8c1f646190002206/battery_recovered,3680.0,
1781683958,1637,1634,1637/obj/lora/8c1f646190002206/water_temp_max,22.5,
1781683958,1637,1634,1637/obj/lora/8c1f646190002206/spreading_factor,7.0,
1781683958,1637,1634,1637/obj/lora/8c1f646190002206/battery,3648.0,
1781683958,1637,1634,1637/obj/lora/8c1f646190002206/error_code,0.0,
1781683958,1637,1634,1637/obj/lora/8c1f646190002206/total_volume,201634.0,
1781683958,1637,1634,1637/obj/lora/8c1f646190002206/frame_counter,7012.0,
1781683958,1637,1634,1637/obj/lora/8c1f646190002206/leak_status,0.0,
1781683958,1637,1634,1637/obj/lora/8c1f646190002206/,0.0,
1781683991,1637,1634,1637/obj/lora/24e124725d489523/temperature,20.7,
1781683991,1637,1634,1637/obj/lora/24e124725d489523/gateway_snr,-3.200000047683716,24e124fffef949f8
1781683991,1637,1634,1637/obj/lora/24e124725d489523/,0.0,
1781683991,1637,1634,1637/obj/lora/24e124725d489523/spreading_factor,7.0,
1781683991,1637,1634,1637/obj/lora/24e124725d489523/payload,85.0,0175270367cf0004685a
1781683991,1637,1634,1637/obj/lora/24e124725d489523/bandwidth,125000.0,
1781683991,1637,1634,1637/obj/lora/24e124725d489523/frame_counter,7515.0,
1781683991,1637,1634,1637/obj/lora/24e124725d489523/humidity,45.0,
1781683991,1637,1634,1637/obj/lora/24e124725d489523/battery,39.0,
1781683991,1637,1634,1637/obj/lora/24e124725d489523/gateway_rssi,-112.0,24e124fffef949f8
1781684054,1637,1634,1637/obj/lora/8c1f646190001bf1/battery,3608.0,
1781684054,1637,1634,1637/obj/lora/8c1f646190001bf1/water_temp_max,24.0,
1781684054,1637,1634,1637/obj/lora/8c1f646190001bf1/leak_status,2.0,
1781684054,1637,1634,1637/obj/lora/8c1f646190001bf1/gateway_snr,6.199999809265137,24e124fffef94d5c
1781684054,1637,1634,1637/obj/lora/8c1f646190001bf1/,0.0,
1781684054,1637,1634,1637/obj/lora/8c1f646190001bf1/gateway_rssi,-102.0,24e124fffef94d5c
1781684054,1637,1634,1637/obj/lora/8c1f646190001bf1/bandwidth,125000.0,
1781684054,1637,1634,1637/obj/lora/8c1f646190001bf1/ambient_temp,22.5,
1781684054,1637,1634,1637/obj/lora/8c1f646190001bf1/water_temp_min,23.0,
1781684054,1637,1634,1637/obj/lora/8c1f646190001bf1/total_volume,33459.0,
1781684054,1637,1634,1637/obj/lora/8c1f646190001bf1/payload,1.0,51eb09030000b3820000cb8d0b0043dd0903ba02060102e2ea565855
1781684054,1637,1634,1637/obj/lora/8c1f646190001bf1/spreading_factor,7.0,
1781684054,1637,1634,1637/obj/lora/8c1f646190001bf1/error_code,0.0,
1781684054,1637,1634,1637/obj/lora/8c1f646190001bf1/battery_recovered,3672.0,
1781684054,1637,1634,1637/obj/lora/8c1f646190001bf1/frame_counter,6327.0,
1781684062,1637,1634,1637/obj/lora/8c1f646190001dd8/battery_recovered,3664.0,
1781684062,1637,1634,1637/obj/lora/8c1f646190001dd8/water_temp_max,22.0,
1781684062,1637,1634,1637/obj/lora/8c1f646190001dd8/bandwidth,125000.0,
1781684062,1637,1634,1637/obj/lora/8c1f646190001dd8/water_temp_min,22.0,
1781684062,1637,1634,1637/obj/lora/8c1f646190001dd8/spreading_factor,7.0,
1781684062,1637,1634,1637/obj/lora/8c1f646190001dd8/leak_status,2.0,
1781684062,1637,1634,1637/obj/lora/8c1f646190001dd8/payload,1.0,cbd109030000afda000008e01100c1c30903de020f0202e3e9545454
1781684062,1637,1634,1637/obj/lora/8c1f646190001dd8/error_code,0.0,
1781684062,1637,1634,1637/obj/lora/8c1f646190001dd8/ambient_temp,22.0,
1781684062,1637,1634,1637/obj/lora/8c1f646190001dd8/gateway_rssi,-111.0,24e124fffef949f8
1781684062,1637,1634,1637/obj/lora/8c1f646190001dd8/,0.0,
1781684062,1637,1634,1637/obj/lora/8c1f646190001dd8/battery,3616.0,
1781684062,1637,1634,1637/obj/lora/8c1f646190001dd8/total_volume,55983.0,
1781684062,1637,1634,1637/obj/lora/8c1f646190001dd8/frame_counter,3742.0,
1781684062,1637,1634,1637/obj/lora/8c1f646190001dd8/gateway_snr,-0.20000000298023224,24e124fffef949f8
1781684072,1637,1634,1637/obj/lora/8c1f6461900021e0/spreading_factor,7.0,
1781684072,1637,1634,1637/obj/lora/8c1f6461900021e0/,0.0,
1781684072,1637,1634,1637/obj/lora/8c1f6461900021e0/battery_recovered,3696.0,
1781684072,1637,1634,1637/obj/lora/8c1f6461900021e0/frame_counter,2246.0,
1781684072,1637,1634,1637/obj/lora/8c1f6461900021e0/payload,1.0,1ab2090300007b2d010000000000c9aa0903a0faa91c02e9ed545554
1781684072,1637,1634,1637/obj/lora/8c1f6461900021e0/gateway_rssi,-104.0,24e124fffef949f8
1781684072,1637,1634,1637/obj/lora/8c1f6461900021e0/gateway_snr,8.0,24e124fffef949f8
1781684072,1637,1634,1637/obj/lora/8c1f6461900021e0/battery,3664.0,
1781684072,1637,1634,1637/obj/lora/8c1f6461900021e0/water_temp_min,22.0,
1781684072,1637,1634,1637/obj/lora/8c1f6461900021e0/leak_status,2.0,
1781684072,1637,1634,1637/obj/lora/8c1f6461900021e0/bandwidth,125000.0,
1781684072,1637,1634,1637/obj/lora/8c1f6461900021e0/ambient_temp,22.0,
1781684072,1637,1634,1637/obj/lora/8c1f6461900021e0/water_temp_max,22.5,
1781684072,1637,1634,1637/obj/lora/8c1f6461900021e0/total_volume,77179.0,
1781684072,1637,1634,1637/obj/lora/8c1f6461900021e0/error_code,0.0,
1781684142,1637,1634,1637/obj/lora/8c1f646190001968/error_code,0.0,
1781684142,1637,1634,1637/obj/lora/8c1f646190001968/frame_counter,3626.0,
1781684142,1637,1634,1637/obj/lora/8c1f646190001968/battery_recovered,3680.0,
1781684142,1637,1634,1637/obj/lora/8c1f646190001968/gateway_rssi,-106.0,24e124fffef949f8
1781684142,1637,1634,1637/obj/lora/8c1f646190001968/water_temp_max,26.0,
1781684142,1637,1634,1637/obj/lora/8c1f646190001968/,0.0,
1781684142,1637,1634,1637/obj/lora/8c1f646190001968/bandwidth,125000.0,
1781684142,1637,1634,1637/obj/lora/8c1f646190001968/total_volume,71249.0,
1781684142,1637,1634,1637/obj/lora/8c1f646190001968/leak_status,2.0,
1781684142,1637,1634,1637/obj/lora/8c1f646190001968/spreading_factor,7.0,
1781684142,1637,1634,1637/obj/lora/8c1f646190001968/water_temp_min,24.0,
1781684142,1637,1634,1637/obj/lora/8c1f646190001968/gateway_snr,4.800000190734863,24e124fffef949f8
1781684142,1637,1634,1637/obj/lora/8c1f646190001968/battery,3656.0,
1781684142,1637,1634,1637/obj/lora/8c1f646190001968/ambient_temp,23.5,
1781684142,1637,1634,1637/obj/lora/8c1f646190001968/payload,1.0,56ca0903000051160100f729180053bc090363f1bd0102e8eb585c57
1781684376,1637,1634,1637/obj/lora/8c1f64619000160f/gateway_snr,5.0,24e124fffef949f8
1781684376,1637,1634,1637/obj/lora/8c1f64619000160f/leak_status,0.0,
1781684376,1637,1634,1637/obj/lora/8c1f64619000160f/water_temp_min,22.5,
1781684376,1637,1634,1637/obj/lora/8c1f64619000160f/frame_counter,3639.0,
1781684376,1637,1634,1637/obj/lora/8c1f64619000160f/total_volume,119926.0,
1781684376,1637,1634,1637/obj/lora/8c1f64619000160f/ambient_temp,22.5,
1781684376,1637,1634,1637/obj/lora/8c1f64619000160f/bandwidth,125000.0,
1781684376,1637,1634,1637/obj/lora/8c1f64619000160f/payload,1.0,94ba0d03000076d4010008000000000000000000000000e7ea555555
1781684376,1637,1634,1637/obj/lora/8c1f64619000160f/gateway_rssi,-108.0,24e124fffef949f8
1781684376,1637,1634,1637/obj/lora/8c1f64619000160f/water_temp_max,22.5,
1781684376,1637,1634,1637/obj/lora/8c1f64619000160f/,0.0,
1781684376,1637,1634,1637/obj/lora/8c1f64619000160f/error_code,0.0,
1781684376,1637,1634,1637/obj/lora/8c1f64619000160f/battery,3648.0,
1781684376,1637,1634,1637/obj/lora/8c1f64619000160f/battery_recovered,3672.0,
1781684376,1637,1634,1637/obj/lora/8c1f64619000160f/spreading_factor,7.0,
1781684522,1637,1634,1637/obj/lora/8c1f646190001ec9/spreading_factor,7.0,
1781684522,1637,1634,1637/obj/lora/8c1f646190001ec9/frame_counter,6559.0,
1781684522,1637,1634,1637/obj/lora/8c1f646190001ec9/gateway_rssi,-104.0,24e124fffef94d5c
1781684522,1637,1634,1637/obj/lora/8c1f646190001ec9/battery_recovered,3664.0,
1781684522,1637,1634,1637/obj/lora/8c1f646190001ec9/payload,1.0,36b209030000fc860000f75a0b0035a409030e02410202e1e9535353
1781684522,1637,1634,1637/obj/lora/8c1f646190001ec9/total_volume,34556.0,
1781684522,1637,1634,1637/obj/lora/8c1f646190001ec9/gateway_snr,5.199999809265137,24e124fffef94d5c
1781684522,1637,1634,1637/obj/lora/8c1f646190001ec9/ambient_temp,21.5,
1781684522,1637,1634,1637/obj/lora/8c1f646190001ec9/,0.0,
1781684522,1637,1634,1637/obj/lora/8c1f646190001ec9/water_temp_min,21.5,
1781684522,1637,1634,1637/obj/lora/8c1f646190001ec9/bandwidth,125000.0,
1781684522,1637,1634,1637/obj/lora/8c1f646190001ec9/water_temp_max,21.5,
1781684522,1637,1634,1637/obj/lora/8c1f646190001ec9/error_code,0.0,
1781684522,1637,1634,1637/obj/lora/8c1f646190001ec9/leak_status,2.0,
1781684522,1637,1634,1637/obj/lora/8c1f646190001ec9/battery,3600.0,
1781684557,1637,1634,1637/obj/lora/8c1f6461900015ba/leak_status,2.0,
1781684557,1637,1634,1637/obj/lora/8c1f6461900015ba/total_volume,7057.0,
1781684557,1637,1634,1637/obj/lora/8c1f6461900015ba/battery,3640.0,
1781684557,1637,1634,1637/obj/lora/8c1f6461900015ba/bandwidth,125000.0,
1781684557,1637,1634,1637/obj/lora/8c1f6461900015ba/frame_counter,7264.0,
1781684557,1637,1634,1637/obj/lora/8c1f6461900015ba/gateway_snr,5.5,24e124fffef949f8
1781684557,1637,1634,1637/obj/lora/8c1f6461900015ba/ambient_temp,21.5,
1781684557,1637,1634,1637/obj/lora/8c1f6461900015ba/water_temp_max,21.5,
1781684557,1637,1634,1637/obj/lora/8c1f6461900015ba/error_code,0.0,
1781684557,1637,1634,1637/obj/lora/8c1f6461900015ba/battery_recovered,3680.0,
1781684557,1637,1634,1637/obj/lora/8c1f6461900015ba/water_temp_min,21.5,
1781684557,1637,1634,1637/obj/lora/8c1f6461900015ba/payload,1.0,0ee909030000911b0000000000002ddb09038afec60302e6eb535353
1781684557,1637,1634,1637/obj/lora/8c1f6461900015ba/spreading_factor,7.0,
1781684557,1637,1634,1637/obj/lora/8c1f6461900015ba/,0.0,
1781684557,1637,1634,1637/obj/lora/8c1f6461900015ba/gateway_rssi,-108.0,24e124fffef949f8
1781684593,1637,1634,1637/obj/lora/24e124725d489523/temperature,20.8,
1781684593,1637,1634,1637/obj/lora/24e124725d489523/battery,39.0,
1781684593,1637,1634,1637/obj/lora/24e124725d489523/,0.0,
1781684593,1637,1634,1637/obj/lora/24e124725d489523/spreading_factor,7.0,
1781684593,1637,1634,1637/obj/lora/24e124725d489523/bandwidth,125000.0,
1781684593,1637,1634,1637/obj/lora/24e124725d489523/gateway_rssi,-108.0,24e124fffef949f8
1781684593,1637,1634,1637/obj/lora/24e124725d489523/frame_counter,7516.0,
1781684593,1637,1634,1637/obj/lora/24e124725d489523/gateway_snr,5.0,24e124fffef949f8
1781684593,1637,1634,1637/obj/lora/24e124725d489523/humidity,45.0,
1781684593,1637,1634,1637/obj/lora/24e124725d489523/payload,85.0,0175270367d00004685a
1781684671,1637,1634,1637/obj/lora/8c1f6461900015ed/gateway_snr,9.800000190734863,24e124fffef94d5c
1781684671,1637,1634,1637/obj/lora/8c1f6461900015ed/total_volume,25835.0,
1781684671,1637,1634,1637/obj/lora/8c1f6461900015ed/battery,3616.0,
1781684671,1637,1634,1637/obj/lora/8c1f6461900015ed/frame_counter,6146.0,
1781684671,1637,1634,1637/obj/lora/8c1f6461900015ed/ambient_temp,21.5,
1781684671,1637,1634,1637/obj/lora/8c1f6461900015ed/leak_status,2.0,
1781684671,1637,1634,1637/obj/lora/8c1f6461900015ed/error_code,0.0,
1781684671,1637,1634,1637/obj/lora/8c1f6461900015ed/spreading_factor,7.0,
1781684671,1637,1634,1637/obj/lora/8c1f6461900015ed/water_temp_max,21.5,
1781684671,1637,1634,1637/obj/lora/8c1f6461900015ed/water_temp_min,21.0,
1781684671,1637,1634,1637/obj/lora/8c1f6461900015ed/,0.0,
1781684671,1637,1634,1637/obj/lora/8c1f6461900015ed/gateway_rssi,-93.0,24e124fffef94d5c
1781684671,1637,1634,1637/obj/lora/8c1f6461900015ed/battery_recovered,3680.0,
1781684671,1637,1634,1637/obj/lora/8c1f6461900015ed/payload,1.0,a5dd09030000eb6400000ea40900cecf09035c01730202e3eb525353
1781684671,1637,1634,1637/obj/lora/8c1f6461900015ed/bandwidth,125000.0,
1781684709,1637,1634,1637/obj/lora/8c1f6461900018f5/gateway_rssi,-105.0,24e124fffef949f8
1781684709,1637,1634,1637/obj/lora/8c1f6461900018f5/leak_status,2.0,
1781684709,1637,1634,1637/obj/lora/8c1f6461900018f5/ambient_temp,22.5,
1781684709,1637,1634,1637/obj/lora/8c1f6461900018f5/spreading_factor,7.0,
1781684709,1637,1634,1637/obj/lora/8c1f6461900018f5/,0.0,
1781684709,1637,1634,1637/obj/lora/8c1f6461900018f5/water_temp_min,22.0,
1781684709,1637,1634,1637/obj/lora/8c1f6461900018f5/payload,1.0,2dc7090300008ac90000c5d9040042b9090307f84c1102e1e9545455
1781684709,1637,1634,1637/obj/lora/8c1f6461900018f5/gateway_snr,6.199999809265137,24e124fffef949f8
1781684709,1637,1634,1637/obj/lora/8c1f6461900018f5/battery_recovered,3664.0,
1781684709,1637,1634,1637/obj/lora/8c1f6461900018f5/error_code,0.0,
1781684709,1637,1634,1637/obj/lora/8c1f6461900018f5/total_volume,51594.0,
1781684709,1637,1634,1637/obj/lora/8c1f6461900018f5/water_temp_max,22.0,
1781684709,1637,1634,1637/obj/lora/8c1f6461900018f5/bandwidth,125000.0,
1781684709,1637,1634,1637/obj/lora/8c1f6461900018f5/frame_counter,7699.0,
1781684709,1637,1634,1637/obj/lora/8c1f6461900018f5/battery,3600.0,
1781684777,1637,1634,1637/obj/lora/8c1f6461900019c7/frame_counter,5927.0,
1781684777,1637,1634,1637/obj/lora/8c1f6461900019c7/,0.0,
1781684777,1637,1634,1637/obj/lora/8c1f6461900019c7/gateway_rssi,-107.0,24e124fffef94d5c
1781684777,1637,1634,1637/obj/lora/8c1f6461900019c7/leak_status,2.0,
1781684777,1637,1634,1637/obj/lora/8c1f6461900019c7/error_code,0.0,
1781684777,1637,1634,1637/obj/lora/8c1f6461900019c7/bandwidth,125000.0,
1781684777,1637,1634,1637/obj/lora/8c1f6461900019c7/battery_recovered,3648.0,
1781684777,1637,1634,1637/obj/lora/8c1f6461900019c7/total_volume,22411.0,
1781684777,1637,1634,1637/obj/lora/8c1f6461900019c7/payload,1.0,deb0090300008b57000052480800fda20903c4fe8b0202dde7555655
1781684777,1637,1634,1637/obj/lora/8c1f6461900019c7/water_temp_max,23.0,
1781684777,1637,1634,1637/obj/lora/8c1f6461900019c7/spreading_factor,7.0,
1781684777,1637,1634,1637/obj/lora/8c1f6461900019c7/ambient_temp,22.5,
1781684777,1637,1634,1637/obj/lora/8c1f6461900019c7/gateway_snr,2.0,24e124fffef94d5c
1781684777,1637,1634,1637/obj/lora/8c1f6461900019c7/battery,3568.0,
1781684777,1637,1634,1637/obj/lora/8c1f6461900019c7/water_temp_min,22.5,
1781684810,1637,1634,1637/obj/lora/8c1f646190001baf/water_temp_min,22.0,
1781684810,1637,1634,1637/obj/lora/8c1f646190001baf/leak_status,2.0,
1781684810,1637,1634,1637/obj/lora/8c1f646190001baf/,0.0,
1781684810,1637,1634,1637/obj/lora/8c1f646190001baf/ambient_temp,22.5,
1781684810,1637,1634,1637/obj/lora/8c1f646190001baf/spreading_factor,7.0,
1781684810,1637,1634,1637/obj/lora/8c1f646190001baf/bandwidth,125000.0,
1781684810,1637,1634,1637/obj/lora/8c1f646190001baf/total_volume,53812.0,
1781684810,1637,1634,1637/obj/lora/8c1f646190001baf/water_temp_max,22.5,
1781684810,1637,1634,1637/obj/lora/8c1f646190001baf/gateway_snr,0.0,24e124fffef94d5c
1781684810,1637,1634,1637/obj/lora/8c1f646190001baf/battery,3592.0,
1781684810,1637,1634,1637/obj/lora/8c1f646190001baf/frame_counter,6733.0,
1781684810,1637,1634,1637/obj/lora/8c1f646190001baf/error_code,0.0,
1781684810,1637,1634,1637/obj/lora/8c1f646190001baf/gateway_rssi,-108.0,24e124fffef94d5c
1781684810,1637,1634,1637/obj/lora/8c1f646190001baf/battery_recovered,3656.0,
1781684810,1637,1634,1637/obj/lora/8c1f646190001baf/payload,1.0,23d70903000034d200001fa90500a6c90903d8fea91202e0e8545555
1781684830,1637,1634,1637/obj/lora/8c1f646190001790/bandwidth,125000.0,
1781684830,1637,1634,1637/obj/lora/8c1f646190001790/gateway_rssi,-111.0,24e124fffef949f8
1781684830,1637,1634,1637/obj/lora/8c1f646190001790/battery_recovered,3696.0,
1781684830,1637,1634,1637/obj/lora/8c1f646190001790/frame_counter,3638.0,
1781684830,1637,1634,1637/obj/lora/8c1f646190001790/gateway_snr,2.200000047683716,24e124fffef949f8
1781684830,1637,1634,1637/obj/lora/8c1f646190001790/spreading_factor,7.0,
1781684830,1637,1634,1637/obj/lora/8c1f646190001790/,0.0,
1781684830,1637,1634,1637/obj/lora/8c1f646190001790/error_code,0.0,
1781684830,1637,1634,1637/obj/lora/8c1f646190001790/payload,1.0,cee90903000049230000db340300dcdb09037902b80202eaed535354
1781684830,1637,1634,1637/obj/lora/8c1f646190001790/ambient_temp,22.0,
1781684830,1637,1634,1637/obj/lora/8c1f646190001790/total_volume,9033.0,
1781684830,1637,1634,1637/obj/lora/8c1f646190001790/leak_status,2.0,
1781684830,1637,1634,1637/obj/lora/8c1f646190001790/water_temp_min,21.5,
1781684830,1637,1634,1637/obj/lora/8c1f646190001790/water_temp_max,21.5,
1781684830,1637,1634,1637/obj/lora/8c1f646190001790/battery,3672.0,
1781684840,1637,1634,1637/obj/lora/8c1f6461900021a9/frame_counter,7891.0,
1781684840,1637,1634,1637/obj/lora/8c1f6461900021a9/water_temp_max,20.5,
1781684840,1637,1634,1637/obj/lora/8c1f6461900021a9/battery,3608.0,
1781684840,1637,1634,1637/obj/lora/8c1f6461900021a9/spreading_factor,7.0,
1781684840,1637,1634,1637/obj/lora/8c1f6461900021a9/bandwidth,125000.0,
1781684840,1637,1634,1637/obj/lora/8c1f6461900021a9/gateway_rssi,-109.0,24e124fffef949f8
1781684840,1637,1634,1637/obj/lora/8c1f6461900021a9/leak_status,2.0,
1781684840,1637,1634,1637/obj/lora/8c1f6461900021a9/ambient_temp,21.0,
1781684840,1637,1634,1637/obj/lora/8c1f6461900021a9/gateway_snr,3.799999952316284,24e124fffef949f8
1781684840,1637,1634,1637/obj/lora/8c1f6461900021a9/payload,1.0,acd60903000009cb0000f8f81100b3c8090320ffaa0302e2e9515152
1781684840,1637,1634,1637/obj/lora/8c1f6461900021a9/total_volume,51977.0,
1781684840,1637,1634,1637/obj/lora/8c1f6461900021a9/,0.0,
1781684840,1637,1634,1637/obj/lora/8c1f6461900021a9/error_code,0.0,
1781684840,1637,1634,1637/obj/lora/8c1f6461900021a9/water_temp_min,20.5,
1781684840,1637,1634,1637/obj/lora/8c1f6461900021a9/battery_recovered,3664.0,
1781684928,1637,1634,1637/obj/lora/8c1f646190002012/error_code,0.0,
1781684928,1637,1634,1637/obj/lora/8c1f646190002012/ambient_temp,22.0,
1781684928,1637,1634,1637/obj/lora/8c1f646190002012/bandwidth,125000.0,
1781684928,1637,1634,1637/obj/lora/8c1f646190002012/gateway_snr,6.5,24e124fffef949f8
1781684928,1637,1634,1637/obj/lora/8c1f646190002012/battery_recovered,3664.0,
1781684928,1637,1634,1637/obj/lora/8c1f646190002012/spreading_factor,7.0,
1781684928,1637,1634,1637/obj/lora/8c1f646190002012/battery,3648.0,
1781684928,1637,1634,1637/obj/lora/8c1f646190002012/gateway_rssi,-105.0,24e124fffef949f8
1781684928,1637,1634,1637/obj/lora/8c1f646190002012/frame_counter,2859.0,
1781684928,1637,1634,1637/obj/lora/8c1f646190002012/payload,1.0,61b5090300006f520000e1cd070077a7090385fdbf0202e7e9555554
1781684928,1637,1634,1637/obj/lora/8c1f646190002012/,0.0,
1781684928,1637,1634,1637/obj/lora/8c1f646190002012/leak_status,2.0,
1781684928,1637,1634,1637/obj/lora/8c1f646190002012/water_temp_max,22.5,
1781684928,1637,1634,1637/obj/lora/8c1f646190002012/water_temp_min,22.5,
1781684928,1637,1634,1637/obj/lora/8c1f646190002012/total_volume,21103.0,
1781685108,1637,1634,1637/obj/lora/8c1f646190001d93/water_temp_min,29.0,
1781685108,1637,1634,1637/obj/lora/8c1f646190001d93/,0.0,
1781685108,1637,1634,1637/obj/lora/8c1f646190001d93/bandwidth,125000.0,
1781685108,1637,1634,1637/obj/lora/8c1f646190001d93/ambient_temp,27.5,
1781685108,1637,1634,1637/obj/lora/8c1f646190001d93/battery,3624.0,
1781685108,1637,1634,1637/obj/lora/8c1f646190001d93/payload,1.0,6ada090300008f1c0100f027000005ce0903fd08e51502e4ed62625f
1781685108,1637,1634,1637/obj/lora/8c1f646190001d93/water_temp_max,29.0,
1781685108,1637,1634,1637/obj/lora/8c1f646190001d93/total_volume,72847.0,
1781685108,1637,1634,1637/obj/lora/8c1f646190001d93/spreading_factor,7.0,
1781685108,1637,1634,1637/obj/lora/8c1f646190001d93/battery_recovered,3696.0,
1781685108,1637,1634,1637/obj/lora/8c1f646190001d93/leak_status,2.0,
1781685108,1637,1634,1637/obj/lora/8c1f646190001d93/gateway_snr,-3.5,24e124fffef94d5c
1781685108,1637,1634,1637/obj/lora/8c1f646190001d93/gateway_rssi,-109.0,24e124fffef94d5c
1781685108,1637,1634,1637/obj/lora/8c1f646190001d93/error_code,0.0,
1781685108,1637,1634,1637/obj/lora/8c1f646190001d93/frame_counter,5878.0,
1781685127,1637,1634,1637/obj/lora/8c1f646190001af8/ambient_temp,21.0,
1781685127,1637,1634,1637/obj/lora/8c1f646190001af8/water_temp_min,21.5,
1781685127,1637,1634,1637/obj/lora/8c1f646190001af8/,0.0,
1781685127,1637,1634,1637/obj/lora/8c1f646190001af8/gateway_snr,4.199999809265137,24e124fffef94d5c
1781685127,1637,1634,1637/obj/lora/8c1f646190001af8/bandwidth,125000.0,
1781685127,1637,1634,1637/obj/lora/8c1f646190001af8/leak_status,2.0,
1781685127,1637,1634,1637/obj/lora/8c1f646190001af8/spreading_factor,7.0,
1781685127,1637,1634,1637/obj/lora/8c1f646190001af8/error_code,0.0,
1781685127,1637,1634,1637/obj/lora/8c1f646190001af8/gateway_rssi,-103.0,24e124fffef94d5c
1781685127,1637,1634,1637/obj/lora/8c1f646190001af8/frame_counter,7620.0,
1781685127,1637,1634,1637/obj/lora/8c1f646190001af8/battery_recovered,3656.0,
1781685127,1637,1634,1637/obj/lora/8c1f646190001af8/battery,3576.0,
1781685127,1637,1634,1637/obj/lora/8c1f646190001af8/payload,1.0,71b70903000070630000260000007ca909032702930302dee8535952
1781685127,1637,1634,1637/obj/lora/8c1f646190001af8/water_temp_max,24.5,
1781685127,1637,1634,1637/obj/lora/8c1f646190001af8/total_volume,25456.0,
1781685166,1637,1634,1637/obj/lora/8c1f6461900017e3/gateway_snr,6.0,24e124fffef949f8
1781685166,1637,1634,1637/obj/lora/8c1f6461900017e3/spreading_factor,7.0,
1781685166,1637,1634,1637/obj/lora/8c1f6461900017e3/battery_recovered,3672.0,
1781685166,1637,1634,1637/obj/lora/8c1f6461900017e3/water_temp_max,29.5,
1781685166,1637,1634,1637/obj/lora/8c1f6461900017e3/ambient_temp,23.5,
1781685166,1637,1634,1637/obj/lora/8c1f6461900017e3/bandwidth,125000.0,
1781685166,1637,1634,1637/obj/lora/8c1f6461900017e3/,0.0,
1781685166,1637,1634,1637/obj/lora/8c1f6461900017e3/frame_counter,3601.0,
1781685166,1637,1634,1637/obj/lora/8c1f6461900017e3/error_code,0.0,
1781685166,1637,1634,1637/obj/lora/8c1f6461900017e3/water_temp_min,18.0,
1781685166,1637,1634,1637/obj/lora/8c1f6461900017e3/battery,3656.0,
1781685166,1637,1634,1637/obj/lora/8c1f6461900017e3/total_volume,68855.0,
1781685166,1637,1634,1637/obj/lora/8c1f6461900017e3/leak_status,0.0,
1781685166,1637,1634,1637/obj/lora/8c1f6461900017e3/gateway_rssi,-107.0,24e124fffef949f8
1781685166,1637,1634,1637/obj/lora/8c1f6461900017e3/payload,1.0,5fde09030000f70c0100e4010000000000000000000000e8ea4c6357
1781685192,1637,1634,1637/obj/lora/24e124725d489523/spreading_factor,7.0,
1781685192,1637,1634,1637/obj/lora/24e124725d489523/frame_counter,7517.0,
1781685192,1637,1634,1637/obj/lora/24e124725d489523/payload,85.0,0175270367cf0004685a
1781685192,1637,1634,1637/obj/lora/24e124725d489523/,0.0,
1781685192,1637,1634,1637/obj/lora/24e124725d489523/bandwidth,125000.0,
1781685192,1637,1634,1637/obj/lora/24e124725d489523/gateway_snr,1.0,24e124fffef949f8
1781685192,1637,1634,1637/obj/lora/24e124725d489523/humidity,45.0,
1781685192,1637,1634,1637/obj/lora/24e124725d489523/gateway_rssi,-109.0,24e124fffef949f8
1781685192,1637,1634,1637/obj/lora/24e124725d489523/temperature,20.7,
1781685192,1637,1634,1637/obj/lora/24e124725d489523/battery,39.0,
1781685194,1637,1634,1637/obj/lora/8c1f6461900021c1/water_temp_min,20.0,
1781685194,1637,1634,1637/obj/lora/8c1f6461900021c1/payload,1.0,e2ef0903000040c101001af30500000000000000000000e0e9505150
1781685194,1637,1634,1637/obj/lora/8c1f6461900021c1/battery_recovered,3664.0,
1781685194,1637,1634,1637/obj/lora/8c1f6461900021c1/water_temp_max,20.5,
1781685194,1637,1634,1637/obj/lora/8c1f6461900021c1/bandwidth,125000.0,
1781685194,1637,1634,1637/obj/lora/8c1f6461900021c1/gateway_rssi,-108.0,24e124fffef94d5c
1781685194,1637,1634,1637/obj/lora/8c1f6461900021c1/error_code,0.0,
1781685194,1637,1634,1637/obj/lora/8c1f6461900021c1/total_volume,115008.0,
1781685194,1637,1634,1637/obj/lora/8c1f6461900021c1/spreading_factor,7.0,
1781685194,1637,1634,1637/obj/lora/8c1f6461900021c1/battery,3592.0,
1781685194,1637,1634,1637/obj/lora/8c1f6461900021c1/ambient_temp,20.0,
1781685194,1637,1634,1637/obj/lora/8c1f6461900021c1/leak_status,0.0,
1781685194,1637,1634,1637/obj/lora/8c1f6461900021c1/frame_counter,7666.0,
1781685194,1637,1634,1637/obj/lora/8c1f6461900021c1/gateway_snr,-0.20000000298023224,24e124fffef94d5c
1781685194,1637,1634,1637/obj/lora/8c1f6461900021c1/,0.0,
1781685260,1637,1634,1637/obj/lora/8c1f6461900021e2/leak_status,2.0,
1781685260,1637,1634,1637/obj/lora/8c1f6461900021e2/battery,3624.0,
1781685260,1637,1634,1637/obj/lora/8c1f6461900021e2/payload,1.0,37f009030000dfdd0000320000003be209034d03281002e4ea515854
1781685260,1637,1634,1637/obj/lora/8c1f6461900021e2/frame_counter,3644.0,
1781685260,1637,1634,1637/obj/lora/8c1f6461900021e2/bandwidth,125000.0,
1781685260,1637,1634,1637/obj/lora/8c1f6461900021e2/gateway_snr,3.5,24e124fffef949f8
1781685260,1637,1634,1637/obj/lora/8c1f6461900021e2/,0.0,
1781685260,1637,1634,1637/obj/lora/8c1f6461900021e2/gateway_rssi,-103.0,24e124fffef949f8
1781685260,1637,1634,1637/obj/lora/8c1f6461900021e2/error_code,0.0,
1781685260,1637,1634,1637/obj/lora/8c1f6461900021e2/spreading_factor,7.0,
1781685260,1637,1634,1637/obj/lora/8c1f6461900021e2/total_volume,56799.0,
1781685260,1637,1634,1637/obj/lora/8c1f6461900021e2/battery_recovered,3672.0,
1781685260,1637,1634,1637/obj/lora/8c1f6461900021e2/ambient_temp,22.0,
1781685260,1637,1634,1637/obj/lora/8c1f6461900021e2/water_temp_max,24.0,
1781685260,1637,1634,1637/obj/lora/8c1f6461900021e2/water_temp_min,20.5,
1781685327,1637,1634,1637/obj/lora/8c1f6461900020a5/gateway_rssi,-100.0,24e124fffef94d5c
1781685327,1637,1634,1637/obj/lora/8c1f6461900020a5/bandwidth,125000.0,
1781685327,1637,1634,1637/obj/lora/8c1f6461900020a5/,0.0,
1781685327,1637,1634,1637/obj/lora/8c1f6461900020a5/gateway_snr,8.0,24e124fffef94d5c
1781685327,1637,1634,1637/obj/lora/8c1f6461900020a5/water_temp_max,22.5,
1781685327,1637,1634,1637/obj/lora/8c1f6461900020a5/battery_recovered,3656.0,
1781685327,1637,1634,1637/obj/lora/8c1f6461900020a5/leak_status,2.0,
1781685327,1637,1634,1637/obj/lora/8c1f6461900020a5/error_code,0.0,
1781685327,1637,1634,1637/obj/lora/8c1f6461900020a5/battery,3592.0,
1781685327,1637,1634,1637/obj/lora/8c1f6461900020a5/frame_counter,7608.0,
1781685327,1637,1634,1637/obj/lora/8c1f6461900020a5/total_volume,15397.0,
1781685327,1637,1634,1637/obj/lora/8c1f6461900020a5/payload,1.0,24fa09030000253c00000000000018ec0903bd013c0602e0e8545556
1781685327,1637,1634,1637/obj/lora/8c1f6461900020a5/spreading_factor,7.0,
1781685327,1637,1634,1637/obj/lora/8c1f6461900020a5/water_temp_min,22.0,
1781685327,1637,1634,1637/obj/lora/8c1f6461900020a5/ambient_temp,23.0,
1781685390,1637,1634,1637/obj/lora/8c1f646190001ba9/ambient_temp,23.5,
1781685390,1637,1634,1637/obj/lora/8c1f646190001ba9/battery_recovered,3672.0,
1781685390,1637,1634,1637/obj/lora/8c1f646190001ba9/battery,3608.0,
1781685390,1637,1634,1637/obj/lora/8c1f646190001ba9/error_code,0.0,
1781685390,1637,1634,1637/obj/lora/8c1f646190001ba9/water_temp_min,23.0,
1781685390,1637,1634,1637/obj/lora/8c1f646190001ba9/frame_counter,7077.0,
1781685390,1637,1634,1637/obj/lora/8c1f646190001ba9/leak_status,2.0,
1781685390,1637,1634,1637/obj/lora/8c1f646190001ba9/spreading_factor,7.0,
1781685390,1637,1634,1637/obj/lora/8c1f646190001ba9/payload,1.0,b6e1090300003d7c000081460b00c9d309032e01630202e2ea566157
1781685390,1637,1634,1637/obj/lora/8c1f646190001ba9/gateway_snr,0.0,24e124fffef949f8
1781685390,1637,1634,1637/obj/lora/8c1f646190001ba9/bandwidth,125000.0,
1781685390,1637,1634,1637/obj/lora/8c1f646190001ba9/water_temp_max,28.5,
1781685390,1637,1634,1637/obj/lora/8c1f646190001ba9/total_volume,31805.0,
1781685390,1637,1634,1637/obj/lora/8c1f646190001ba9/gateway_rssi,-107.0,24e124fffef949f8
1781685390,1637,1634,1637/obj/lora/8c1f646190001ba9/,0.0,
1781685411,1637,1634,1637/obj/lora/8c1f6461900018ba/gateway_rssi,-104.0,24e124fffef94d5c
1781685411,1637,1634,1637/obj/lora/8c1f6461900018ba/battery_recovered,3672.0,
1781685411,1637,1634,1637/obj/lora/8c1f6461900018ba/,0.0,
1781685411,1637,1634,1637/obj/lora/8c1f6461900018ba/water_temp_min,21.0,
1781685411,1637,1634,1637/obj/lora/8c1f6461900018ba/payload,1.0,98a909030000ad1d000000000000949b09039a01740202e0ea525352
1781685411,1637,1634,1637/obj/lora/8c1f6461900018ba/bandwidth,125000.0,
1781685411,1637,1634,1637/obj/lora/8c1f6461900018ba/leak_status,2.0,
1781685411,1637,1634,1637/obj/lora/8c1f6461900018ba/gateway_snr,4.0,24e124fffef94d5c
1781685411,1637,1634,1637/obj/lora/8c1f6461900018ba/frame_counter,5755.0,
1781685411,1637,1634,1637/obj/lora/8c1f6461900018ba/error_code,0.0,
1781685411,1637,1634,1637/obj/lora/8c1f6461900018ba/spreading_factor,7.0,
1781685411,1637,1634,1637/obj/lora/8c1f6461900018ba/total_volume,7597.0,
1781685411,1637,1634,1637/obj/lora/8c1f6461900018ba/battery,3592.0,
1781685411,1637,1634,1637/obj/lora/8c1f6461900018ba/water_temp_max,21.5,
1781685411,1637,1634,1637/obj/lora/8c1f6461900018ba/ambient_temp,21.0,
1781685476,1637,1634,1637/obj/lora/8c1f646190001fcb/water_temp_max,24.5,
1781685476,1637,1634,1637/obj/lora/8c1f646190001fcb/error_code,0.0,
1781685476,1637,1634,1637/obj/lora/8c1f646190001fcb/frame_counter,7391.0,
1781685476,1637,1634,1637/obj/lora/8c1f646190001fcb/gateway_rssi,-109.0,24e124fffef94d5c
1781685476,1637,1634,1637/obj/lora/8c1f646190001fcb/leak_status,2.0,
1781685476,1637,1634,1637/obj/lora/8c1f646190001fcb/water_temp_min,16.5,
1781685476,1637,1634,1637/obj/lora/8c1f646190001fcb/battery,3624.0,
1781685476,1637,1634,1637/obj/lora/8c1f646190001fcb/payload,1.0,a1960d030000725d000000000000a7880d033202550602e4ed495954
1781685476,1637,1634,1637/obj/lora/8c1f646190001fcb/bandwidth,125000.0,
1781685476,1637,1634,1637/obj/lora/8c1f646190001fcb/ambient_temp,22.0,
1781685476,1637,1634,1637/obj/lora/8c1f646190001fcb/spreading_factor,7.0,
1781685476,1637,1634,1637/obj/lora/8c1f646190001fcb/total_volume,23922.0,
1781685476,1637,1634,1637/obj/lora/8c1f646190001fcb/gateway_snr,-2.200000047683716,24e124fffef94d5c
1781685476,1637,1634,1637/obj/lora/8c1f646190001fcb/battery_recovered,3696.0,
1781685476,1637,1634,1637/obj/lora/8c1f646190001fcb/,0.0,
1781685490,1637,1634,1637/obj/lora/8c1f646190002244/bandwidth,125000.0,
1781685490,1637,1634,1637/obj/lora/8c1f646190002244/leak_status,0.0,
1781685490,1637,1634,1637/obj/lora/8c1f646190002244/spreading_factor,7.0,
1781685490,1637,1634,1637/obj/lora/8c1f646190002244/water_temp_max,23.0,
1781685490,1637,1634,1637/obj/lora/8c1f646190002244/water_temp_min,22.5,
1781685490,1637,1634,1637/obj/lora/8c1f646190002244/error_code,0.0,
1781685490,1637,1634,1637/obj/lora/8c1f646190002244/gateway_rssi,-104.0,24e124fffef94d5c
1781685490,1637,1634,1637/obj/lora/8c1f646190002244/payload,1.0,4fb30903000021b9010003000000000000000000000000e2eb555656
1781685490,1637,1634,1637/obj/lora/8c1f646190002244/battery_recovered,3680.0,
1781685490,1637,1634,1637/obj/lora/8c1f646190002244/,0.0,
1781685490,1637,1634,1637/obj/lora/8c1f646190002244/total_volume,112929.0,
1781685490,1637,1634,1637/obj/lora/8c1f646190002244/ambient_temp,23.0,
1781685490,1637,1634,1637/obj/lora/8c1f646190002244/frame_counter,6480.0,
1781685490,1637,1634,1637/obj/lora/8c1f646190002244/gateway_snr,3.5,24e124fffef94d5c
1781685490,1637,1634,1637/obj/lora/8c1f646190002244/battery,3608.0,
1781685575,1637,1634,1637/obj/lora/8c1f6461900021bd/total_volume,71816.0,
1781685575,1637,1634,1637/obj/lora/8c1f6461900021bd/payload,1.0,deea090300008818010000000000000000000000000000dfe8545454
1781685575,1637,1634,1637/obj/lora/8c1f6461900021bd/battery,3584.0,
1781685575,1637,1634,1637/obj/lora/8c1f6461900021bd/water_temp_min,22.0,
1781685575,1637,1634,1637/obj/lora/8c1f6461900021bd/gateway_snr,-0.20000000298023224,24e124fffef94d5c
1781685575,1637,1634,1637/obj/lora/8c1f6461900021bd/spreading_factor,7.0,
1781685575,1637,1634,1637/obj/lora/8c1f6461900021bd/,0.0,
1781685575,1637,1634,1637/obj/lora/8c1f6461900021bd/gateway_rssi,-108.0,24e124fffef94d5c
1781685575,1637,1634,1637/obj/lora/8c1f6461900021bd/error_code,0.0,
1781685575,1637,1634,1637/obj/lora/8c1f6461900021bd/bandwidth,125000.0,
1781685575,1637,1634,1637/obj/lora/8c1f6461900021bd/frame_counter,6636.0,
1781685575,1637,1634,1637/obj/lora/8c1f6461900021bd/battery_recovered,3656.0,
1781685575,1637,1634,1637/obj/lora/8c1f6461900021bd/water_temp_max,22.0,
1781685575,1637,1634,1637/obj/lora/8c1f6461900021bd/leak_status,0.0,
1781685575,1637,1634,1637/obj/lora/8c1f6461900021bd/ambient_temp,22.0,
1781685795,1637,1634,1637/obj/lora/24e124725d489523/spreading_factor,7.0,
1781685795,1637,1634,1637/obj/lora/24e124725d489523/payload,85.0,0175270367ce0004685a
1781685795,1637,1634,1637/obj/lora/24e124725d489523/battery,39.0,
1781685795,1637,1634,1637/obj/lora/24e124725d489523/frame_counter,7518.0,
1781685795,1637,1634,1637/obj/lora/24e124725d489523/,0.0,
1781685795,1637,1634,1637/obj/lora/24e124725d489523/bandwidth,125000.0,
1781685795,1637,1634,1637/obj/lora/24e124725d489523/gateway_rssi,-110.0,24e124fffef949f8
1781685795,1637,1634,1637/obj/lora/24e124725d489523/temperature,20.6,
1781685795,1637,1634,1637/obj/lora/24e124725d489523/humidity,45.0,
1781685795,1637,1634,1637/obj/lora/24e124725d489523/gateway_snr,2.0,24e124fffef949f8
1781685946,1637,1634,1637/obj/lora/8c1f64619000227c/leak_status,2.0,
1781685946,1637,1634,1637/obj/lora/8c1f64619000227c/payload,1.0,b0c10903000089320000e7ad0400b8b30903e4ffee0002dee9565657
1781685946,1637,1634,1637/obj/lora/8c1f64619000227c/error_code,0.0,
1781685946,1637,1634,1637/obj/lora/8c1f64619000227c/water_temp_min,23.0,
1781685946,1637,1634,1637/obj/lora/8c1f64619000227c/bandwidth,125000.0,
1781685946,1637,1634,1637/obj/lora/8c1f64619000227c/battery_recovered,3664.0,
1781685946,1637,1634,1637/obj/lora/8c1f64619000227c/,0.0,
1781685946,1637,1634,1637/obj/lora/8c1f64619000227c/ambient_temp,23.5,
1781685946,1637,1634,1637/obj/lora/8c1f64619000227c/water_temp_max,23.0,
1781685946,1637,1634,1637/obj/lora/8c1f64619000227c/gateway_snr,-0.20000000298023224,24e124fffef949f8
1781685946,1637,1634,1637/obj/lora/8c1f64619000227c/gateway_rssi,-112.0,24e124fffef949f8
1781685946,1637,1634,1637/obj/lora/8c1f64619000227c/frame_counter,7523.0,
1781685946,1637,1634,1637/obj/lora/8c1f64619000227c/battery,3576.0,
1781685946,1637,1634,1637/obj/lora/8c1f64619000227c/total_volume,12937.0,
1781685946,1637,1634,1637/obj/lora/8c1f64619000227c/spreading_factor,7.0,
1781685976,1637,1634,1637/obj/lora/8c1f64619000171c/battery_recovered,3672.0,
1781685976,1637,1634,1637/obj/lora/8c1f64619000171c/payload,1.0,999f0d0300001946000012000000bb910d031400e70102e7ea585957
1781685976,1637,1634,1637/obj/lora/8c1f64619000171c/gateway_snr,4.800000190734863,24e124fffef949f8
1781685976,1637,1634,1637/obj/lora/8c1f64619000171c/gateway_rssi,-108.0,24e124fffef949f8
1781685976,1637,1634,1637/obj/lora/8c1f64619000171c/leak_status,2.0,
1781685976,1637,1634,1637/obj/lora/8c1f64619000171c/total_volume,17945.0,
1781685976,1637,1634,1637/obj/lora/8c1f64619000171c/water_temp_max,24.5,
1781685976,1637,1634,1637/obj/lora/8c1f64619000171c/error_code,0.0,
1781685976,1637,1634,1637/obj/lora/8c1f64619000171c/spreading_factor,7.0,
1781685976,1637,1634,1637/obj/lora/8c1f64619000171c/bandwidth,125000.0,
1781685976,1637,1634,1637/obj/lora/8c1f64619000171c/,0.0,
1781685976,1637,1634,1637/obj/lora/8c1f64619000171c/frame_counter,3608.0,
1781685976,1637,1634,1637/obj/lora/8c1f64619000171c/battery,3648.0,
1781685976,1637,1634,1637/obj/lora/8c1f64619000171c/water_temp_min,24.0,
1781685976,1637,1634,1637/obj/lora/8c1f64619000171c/ambient_temp,23.5,
1781685977,1637,1634,1637/obj/lora/8c1f646190001c1f/frame_counter,1941.0,
1781685977,1637,1634,1637/obj/lora/8c1f646190001c1f/water_temp_min,24.0,
1781685977,1637,1634,1637/obj/lora/8c1f646190001c1f/,0.0,
1781685977,1637,1634,1637/obj/lora/8c1f646190001c1f/spreading_factor,7.0,
1781685977,1637,1634,1637/obj/lora/8c1f646190001c1f/gateway_snr,5.0,24e124fffef949f8
1781685977,1637,1634,1637/obj/lora/8c1f646190001c1f/battery_recovered,3688.0,
1781685977,1637,1634,1637/obj/lora/8c1f646190001c1f/error_code,0.0,
1781685977,1637,1634,1637/obj/lora/8c1f646190001c1f/leak_status,2.0,
1781685977,1637,1634,1637/obj/lora/8c1f646190001c1f/ambient_temp,23.0,
1781685977,1637,1634,1637/obj/lora/8c1f646190001c1f/payload,1.0,ade40903000026ac000000000000b8d6090387fcda1402e5ec585856
1781685977,1637,1634,1637/obj/lora/8c1f646190001c1f/total_volume,44070.0,
1781685977,1637,1634,1637/obj/lora/8c1f646190001c1f/battery,3632.0,
1781685977,1637,1634,1637/obj/lora/8c1f646190001c1f/water_temp_max,24.0,
1781685977,1637,1634,1637/obj/lora/8c1f646190001c1f/gateway_rssi,-105.0,24e124fffef949f8
1781685977,1637,1634,1637/obj/lora/8c1f646190001c1f/bandwidth,125000.0,
1781686074,1637,1634,1637/obj/lora/8c1f646190001fc1/gateway_rssi,-94.0,24e124fffef94d5c
1781686074,1637,1634,1637/obj/lora/8c1f646190001fc1/frame_counter,6897.0,
1781686074,1637,1634,1637/obj/lora/8c1f646190001fc1/leak_status,2.0,
1781686074,1637,1634,1637/obj/lora/8c1f646190001fc1/,0.0,
1781686074,1637,1634,1637/obj/lora/8c1f646190001fc1/bandwidth,125000.0,
1781686074,1637,1634,1637/obj/lora/8c1f646190001fc1/gateway_snr,9.5,24e124fffef94d5c
1781686074,1637,1634,1637/obj/lora/8c1f646190001fc1/spreading_factor,7.0,
1781686074,1637,1634,1637/obj/lora/8c1f646190001fc1/water_temp_max,26.5,
1781686074,1637,1634,1637/obj/lora/8c1f646190001fc1/battery_recovered,3640.0,
1781686074,1637,1634,1637/obj/lora/8c1f646190001fc1/total_volume,50577.0,
1781686074,1637,1634,1637/obj/lora/8c1f646190001fc1/water_temp_min,22.0,
1781686074,1637,1634,1637/obj/lora/8c1f646190001fc1/error_code,0.0,
1781686074,1637,1634,1637/obj/lora/8c1f646190001fc1/battery,3568.0,
1781686074,1637,1634,1637/obj/lora/8c1f646190001fc1/payload,1.0,83ea0903000091c50000871c0a008ddc0903edff750902dde6545d55
1781686074,1637,1634,1637/obj/lora/8c1f646190001fc1/ambient_temp,22.5,
1781686163,1637,1634,1637/obj/lora/8c1f646190001501/spreading_factor,7.0,
1781686163,1637,1634,1637/obj/lora/8c1f646190001501/leak_status,2.0,
1781686163,1637,1634,1637/obj/lora/8c1f646190001501/payload,1.0,f2e80e030000ce540000028e0600f3da0e03a801550402eaed545454
1781686163,1637,1634,1637/obj/lora/8c1f646190001501/gateway_rssi,-100.0,24e124fffef949f8
1781686163,1637,1634,1637/obj/lora/8c1f646190001501/,0.0,
1781686163,1637,1634,1637/obj/lora/8c1f646190001501/ambient_temp,22.0,
1781686163,1637,1634,1637/obj/lora/8c1f646190001501/water_temp_max,22.0,
1781686163,1637,1634,1637/obj/lora/8c1f646190001501/water_temp_min,22.0,
1781686163,1637,1634,1637/obj/lora/8c1f646190001501/battery_recovered,3696.0,
1781686163,1637,1634,1637/obj/lora/8c1f646190001501/total_volume,21710.0,
1781686163,1637,1634,1637/obj/lora/8c1f646190001501/battery,3672.0,
1781686163,1637,1634,1637/obj/lora/8c1f646190001501/bandwidth,125000.0,
1781686163,1637,1634,1637/obj/lora/8c1f646190001501/error_code,0.0,
1781686163,1637,1634,1637/obj/lora/8c1f646190001501/frame_counter,3296.0,
1781686163,1637,1634,1637/obj/lora/8c1f646190001501/gateway_snr,9.0,24e124fffef949f8
1781686169,1637,1634,1637/obj/lora/8c1f646190001bea/total_volume,34015.0,
1781686169,1637,1634,1637/obj/lora/8c1f646190001bea/water_temp_min,22.0,
1781686169,1637,1634,1637/obj/lora/8c1f646190001bea/gateway_snr,-4.0,24e124fffef94d5c
1781686169,1637,1634,1637/obj/lora/8c1f646190001bea/battery_recovered,3656.0,
1781686169,1637,1634,1637/obj/lora/8c1f646190001bea/water_temp_max,22.5,
1781686169,1637,1634,1637/obj/lora/8c1f646190001bea/battery,3632.0,
1781686169,1637,1634,1637/obj/lora/8c1f646190001bea/spreading_factor,7.0,
1781686169,1637,1634,1637/obj/lora/8c1f646190001bea/ambient_temp,22.0,
1781686169,1637,1634,1637/obj/lora/8c1f646190001bea/gateway_rssi,-110.0,24e124fffef94d5c
1781686169,1637,1634,1637/obj/lora/8c1f646190001bea/payload,1.0,5ed509030000df840000206c0c0082c7090314fec00102e5e8545554
1781686169,1637,1634,1637/obj/lora/8c1f646190001bea/leak_status,2.0,
1781686169,1637,1634,1637/obj/lora/8c1f646190001bea/frame_counter,7694.0,
1781686169,1637,1634,1637/obj/lora/8c1f646190001bea/error_code,0.0,
1781686169,1637,1634,1637/obj/lora/8c1f646190001bea/bandwidth,125000.0,
1781686169,1637,1634,1637/obj/lora/8c1f646190001bea/,0.0,
1781686304,1637,1634,1637/obj/lora/8c1f646190001833/battery,3600.0,
1781686304,1637,1634,1637/obj/lora/8c1f646190001833/gateway_rssi,-108.0,24e124fffef94d5c
1781686304,1637,1634,1637/obj/lora/8c1f646190001833/frame_counter,5853.0,
1781686304,1637,1634,1637/obj/lora/8c1f646190001833/water_temp_max,22.0,
1781686304,1637,1634,1637/obj/lora/8c1f646190001833/gateway_snr,-0.5,24e124fffef94d5c
1781686304,1637,1634,1637/obj/lora/8c1f646190001833/ambient_temp,22.0,
1781686304,1637,1634,1637/obj/lora/8c1f646190001833/payload,1.0,9dad09030000262e000000000000b19f0903fc045c0102e1ea535454
1781686304,1637,1634,1637/obj/lora/8c1f646190001833/water_temp_min,21.5,
1781686304,1637,1634,1637/obj/lora/8c1f646190001833/error_code,0.0,
1781686304,1637,1634,1637/obj/lora/8c1f646190001833/bandwidth,125000.0,
1781686304,1637,1634,1637/obj/lora/8c1f646190001833/battery_recovered,3672.0,
1781686304,1637,1634,1637/obj/lora/8c1f646190001833/leak_status,2.0,
1781686304,1637,1634,1637/obj/lora/8c1f646190001833/spreading_factor,7.0,
1781686304,1637,1634,1637/obj/lora/8c1f646190001833/total_volume,11814.0,
1781686304,1637,1634,1637/obj/lora/8c1f646190001833/,0.0,
1781686392,1637,1634,1637/obj/lora/24e124725d489523/battery,39.0,
1781686392,1637,1634,1637/obj/lora/24e124725d489523/payload,85.0,0175270367ce0004685a
1781686392,1637,1634,1637/obj/lora/24e124725d489523/frame_counter,7519.0,
1781686392,1637,1634,1637/obj/lora/24e124725d489523/gateway_rssi,-111.0,24e124fffef949f8
1781686392,1637,1634,1637/obj/lora/24e124725d489523/bandwidth,125000.0,
1781686392,1637,1634,1637/obj/lora/24e124725d489523/humidity,45.0,
1781686392,1637,1634,1637/obj/lora/24e124725d489523/,0.0,
1781686392,1637,1634,1637/obj/lora/24e124725d489523/gateway_snr,1.0,24e124fffef949f8
1781686392,1637,1634,1637/obj/lora/24e124725d489523/spreading_factor,7.0,
1781686392,1637,1634,1637/obj/lora/24e124725d489523/temperature,20.6,
1781686472,1637,1634,1637/obj/lora/8c1f6461900021e8/total_volume,46743.0,
1781686472,1637,1634,1637/obj/lora/8c1f6461900021e8/bandwidth,125000.0,
1781686472,1637,1634,1637/obj/lora/8c1f6461900021e8/frame_counter,3455.0,
1781686472,1637,1634,1637/obj/lora/8c1f6461900021e8/battery,3648.0,
1781686472,1637,1634,1637/obj/lora/8c1f6461900021e8/ambient_temp,23.5,
1781686472,1637,1634,1637/obj/lora/8c1f6461900021e8/spreading_factor,7.0,
1781686472,1637,1634,1637/obj/lora/8c1f6461900021e8/,0.0,
1781686472,1637,1634,1637/obj/lora/8c1f6461900021e8/water_temp_min,25.0,
1781686472,1637,1634,1637/obj/lora/8c1f6461900021e8/leak_status,2.0,
1781686472,1637,1634,1637/obj/lora/8c1f6461900021e8/gateway_snr,4.199999809265137,24e124fffef949f8
1781686472,1637,1634,1637/obj/lora/8c1f6461900021e8/payload,1.0,42f70903000097b600007d61070061e909035005710a02e7eb5a5b57
1781686472,1637,1634,1637/obj/lora/8c1f6461900021e8/battery_recovered,3680.0,
1781686472,1637,1634,1637/obj/lora/8c1f6461900021e8/error_code,0.0,
1781686472,1637,1634,1637/obj/lora/8c1f6461900021e8/gateway_rssi,-109.0,24e124fffef949f8
1781686472,1637,1634,1637/obj/lora/8c1f6461900021e8/water_temp_max,25.5,
1781686484,1637,1634,1637/obj/lora/8c1f646190001ebd/gateway_rssi,-106.0,24e124fffef949f8
1781686484,1637,1634,1637/obj/lora/8c1f646190001ebd/spreading_factor,7.0,
1781686484,1637,1634,1637/obj/lora/8c1f646190001ebd/gateway_snr,6.5,24e124fffef949f8
1781686484,1637,1634,1637/obj/lora/8c1f646190001ebd/error_code,0.0,
1781686484,1637,1634,1637/obj/lora/8c1f646190001ebd/battery_recovered,3696.0,
1781686484,1637,1634,1637/obj/lora/8c1f646190001ebd/frame_counter,7926.0,
1781686484,1637,1634,1637/obj/lora/8c1f646190001ebd/total_volume,27357.0,
1781686484,1637,1634,1637/obj/lora/8c1f646190001ebd/,0.0,
1781686484,1637,1634,1637/obj/lora/8c1f646190001ebd/water_temp_max,23.5,
1781686484,1637,1634,1637/obj/lora/8c1f646190001ebd/water_temp_min,23.0,
1781686484,1637,1634,1637/obj/lora/8c1f646190001ebd/bandwidth,125000.0,
1781686484,1637,1634,1637/obj/lora/8c1f646190001ebd/ambient_temp,22.5,
1781686484,1637,1634,1637/obj/lora/8c1f646190001ebd/battery,3616.0,
1781686484,1637,1634,1637/obj/lora/8c1f646190001ebd/leak_status,2.0,
1781686484,1637,1634,1637/obj/lora/8c1f646190001ebd/payload,1.0,21ee09030000dd6a00000000000029e00903ea01540d02e3ed565755
1781686555,1637,1634,1637/obj/lora/8c1f6461900021c5/gateway_snr,4.0,24e124fffef949f8
1781686555,1637,1634,1637/obj/lora/8c1f6461900021c5/total_volume,12238.0,
1781686555,1637,1634,1637/obj/lora/8c1f6461900021c5/water_temp_min,20.0,
1781686555,1637,1634,1637/obj/lora/8c1f6461900021c5/water_temp_max,21.5,
1781686555,1637,1634,1637/obj/lora/8c1f6461900021c5/ambient_temp,22.0,
1781686555,1637,1634,1637/obj/lora/8c1f6461900021c5/bandwidth,125000.0,
1781686555,1637,1634,1637/obj/lora/8c1f6461900021c5/spreading_factor,7.0,
1781686555,1637,1634,1637/obj/lora/8c1f6461900021c5/,0.0,
1781686555,1637,1634,1637/obj/lora/8c1f6461900021c5/battery,3600.0,
1781686555,1637,1634,1637/obj/lora/8c1f6461900021c5/error_code,0.0,
1781686555,1637,1634,1637/obj/lora/8c1f6461900021c5/frame_counter,6820.0,
1781686555,1637,1634,1637/obj/lora/8c1f6461900021c5/leak_status,2.0,
1781686555,1637,1634,1637/obj/lora/8c1f6461900021c5/gateway_rssi,-106.0,24e124fffef949f8
1781686555,1637,1634,1637/obj/lora/8c1f6461900021c5/payload,1.0,84e309030000ce2f00000000000085d5090383e43d0202e1e9505354
1781686555,1637,1634,1637/obj/lora/8c1f6461900021c5/battery_recovered,3664.0,
1781686602,1637,1634,1637/obj/lora/8c1f646190001901/frame_counter,7668.0,
1781686602,1637,1634,1637/obj/lora/8c1f646190001901/ambient_temp,21.5,
1781686602,1637,1634,1637/obj/lora/8c1f646190001901/,0.0,
1781686602,1637,1634,1637/obj/lora/8c1f646190001901/payload,1.0,42e809030000df3400000500000050da09038800550302dfeb535453
1781686602,1637,1634,1637/obj/lora/8c1f646190001901/bandwidth,125000.0,
1781686602,1637,1634,1637/obj/lora/8c1f646190001901/water_temp_min,21.5,
1781686602,1637,1634,1637/obj/lora/8c1f646190001901/spreading_factor,7.0,
1781686602,1637,1634,1637/obj/lora/8c1f646190001901/gateway_snr,2.5,24e124fffef94d5c
1781686602,1637,1634,1637/obj/lora/8c1f646190001901/battery,3584.0,
1781686602,1637,1634,1637/obj/lora/8c1f646190001901/error_code,0.0,
1781686602,1637,1634,1637/obj/lora/8c1f646190001901/total_volume,13535.0,
1781686602,1637,1634,1637/obj/lora/8c1f646190001901/water_temp_max,22.0,
1781686602,1637,1634,1637/obj/lora/8c1f646190001901/battery_recovered,3680.0,
1781686602,1637,1634,1637/obj/lora/8c1f646190001901/gateway_rssi,-105.0,24e124fffef94d5c
1781686602,1637,1634,1637/obj/lora/8c1f646190001901/leak_status,2.0,
1781686674,1637,1634,1637/obj/lora/8c1f646190001592/battery_recovered,3672.0,
1781686674,1637,1634,1637/obj/lora/8c1f646190001592/battery,3600.0,
1781686674,1637,1634,1637/obj/lora/8c1f646190001592/error_code,0.0,
1781686674,1637,1634,1637/obj/lora/8c1f646190001592/total_volume,33692.0,
1781686674,1637,1634,1637/obj/lora/8c1f646190001592/ambient_temp,21.5,
1781686674,1637,1634,1637/obj/lora/8c1f646190001592/frame_counter,3627.0,
1781686674,1637,1634,1637/obj/lora/8c1f646190001592/spreading_factor,7.0,
1781686674,1637,1634,1637/obj/lora/8c1f646190001592/,0.0,
1781686674,1637,1634,1637/obj/lora/8c1f646190001592/gateway_rssi,-104.0,24e124fffef949f8
1781686674,1637,1634,1637/obj/lora/8c1f646190001592/gateway_snr,8.5,24e124fffef949f8
1781686674,1637,1634,1637/obj/lora/8c1f646190001592/leak_status,2.0,
1781686674,1637,1634,1637/obj/lora/8c1f646190001592/payload,1.0,8ac7090300009c8300001dbc0b00b1b909031101ee0302e1ea535453
1781686674,1637,1634,1637/obj/lora/8c1f646190001592/bandwidth,125000.0,
1781686674,1637,1634,1637/obj/lora/8c1f646190001592/water_temp_max,22.0,
1781686674,1637,1634,1637/obj/lora/8c1f646190001592/water_temp_min,21.5,
1781686707,1637,1634,1637/obj/lora/8c1f646190001c9b/gateway_rssi,-105.0,24e124fffef94d5c
1781686707,1637,1634,1637/obj/lora/8c1f646190001c9b/total_volume,46749.0,
1781686707,1637,1634,1637/obj/lora/8c1f646190001c9b/water_temp_max,41.5,
1781686707,1637,1634,1637/obj/lora/8c1f646190001c9b/spreading_factor,7.0,
1781686707,1637,1634,1637/obj/lora/8c1f646190001c9b/leak_status,2.0,
1781686707,1637,1634,1637/obj/lora/8c1f646190001c9b/water_temp_min,41.5,
1781686707,1637,1634,1637/obj/lora/8c1f646190001c9b/,0.0,
1781686707,1637,1634,1637/obj/lora/8c1f646190001c9b/frame_counter,7512.0,
1781686707,1637,1634,1637/obj/lora/8c1f646190001c9b/battery_recovered,3664.0,
1781686707,1637,1634,1637/obj/lora/8c1f646190001c9b/ambient_temp,25.0,
1781686707,1637,1634,1637/obj/lora/8c1f646190001c9b/battery,3592.0,
1781686707,1637,1634,1637/obj/lora/8c1f646190001c9b/bandwidth,125000.0,
1781686707,1637,1634,1637/obj/lora/8c1f646190001c9b/gateway_snr,3.799999952316284,24e124fffef94d5c
1781686707,1637,1634,1637/obj/lora/8c1f646190001c9b/error_code,0.0,
1781686707,1637,1634,1637/obj/lora/8c1f646190001c9b/payload,1.0,8ae2090300009db6000007940e0083d409037cfe1f0702e0e97b7b5a
1781686736,1637,1634,1637/obj/lora/8c1f646190001947/error_code,0.0,
1781686736,1637,1634,1637/obj/lora/8c1f646190001947/bandwidth,125000.0,
1781686736,1637,1634,1637/obj/lora/8c1f646190001947/gateway_snr,4.199999809265137,24e124fffef94d5c
1781686736,1637,1634,1637/obj/lora/8c1f646190001947/frame_counter,7370.0,
1781686736,1637,1634,1637/obj/lora/8c1f646190001947/gateway_rssi,-104.0,24e124fffef94d5c
1781686736,1637,1634,1637/obj/lora/8c1f646190001947/spreading_factor,7.0,
1781686736,1637,1634,1637/obj/lora/8c1f646190001947/water_temp_min,22.5,
1781686736,1637,1634,1637/obj/lora/8c1f646190001947/water_temp_max,22.5,
1781686736,1637,1634,1637/obj/lora/8c1f646190001947/payload,1.0,fa010a0300007695000000000000f7f30903ac08760902e0e8555555
1781686736,1637,1634,1637/obj/lora/8c1f646190001947/total_volume,38262.0,
1781686736,1637,1634,1637/obj/lora/8c1f646190001947/battery,3592.0,
1781686736,1637,1634,1637/obj/lora/8c1f646190001947/battery_recovered,3656.0,
1781686736,1637,1634,1637/obj/lora/8c1f646190001947/leak_status,2.0,
1781686736,1637,1634,1637/obj/lora/8c1f646190001947/,0.0,
1781686736,1637,1634,1637/obj/lora/8c1f646190001947/ambient_temp,22.5,
1781686763,1637,1634,1637/obj/lora/8c1f64619000177c/bandwidth,125000.0,
1781686763,1637,1634,1637/obj/lora/8c1f64619000177c/frame_counter,6451.0,
1781686763,1637,1634,1637/obj/lora/8c1f64619000177c/battery_recovered,3680.0,
1781686763,1637,1634,1637/obj/lora/8c1f64619000177c/battery,3616.0,
1781686763,1637,1634,1637/obj/lora/8c1f64619000177c/ambient_temp,22.0,
1781686763,1637,1634,1637/obj/lora/8c1f64619000177c/water_temp_max,21.5,
1781686763,1637,1634,1637/obj/lora/8c1f64619000177c/gateway_rssi,-99.0,24e124fffef949f8
1781686763,1637,1634,1637/obj/lora/8c1f64619000177c/water_temp_min,21.5,
1781686763,1637,1634,1637/obj/lora/8c1f64619000177c/spreading_factor,7.0,
1781686763,1637,1634,1637/obj/lora/8c1f64619000177c/leak_status,0.0,
1781686763,1637,1634,1637/obj/lora/8c1f64619000177c/total_volume,57775.0,
1781686763,1637,1634,1637/obj/lora/8c1f64619000177c/payload,1.0,c5c809030000afe1000000000000000000000000000000e3eb535354
1781686763,1637,1634,1637/obj/lora/8c1f64619000177c/gateway_snr,9.0,24e124fffef949f8
1781686763,1637,1634,1637/obj/lora/8c1f64619000177c/,0.0,
1781686763,1637,1634,1637/obj/lora/8c1f64619000177c/error_code,0.0,
1781686785,1637,1634,1637/obj/lora/8c1f646190001c1c/bandwidth,125000.0,
1781686785,1637,1634,1637/obj/lora/8c1f646190001c1c/battery,3624.0,
1781686785,1637,1634,1637/obj/lora/8c1f646190001c1c/spreading_factor,7.0,
1781686785,1637,1634,1637/obj/lora/8c1f646190001c1c/water_temp_min,22.5,
1781686785,1637,1634,1637/obj/lora/8c1f646190001c1c/ambient_temp,22.5,
1781686785,1637,1634,1637/obj/lora/8c1f646190001c1c/battery_recovered,3656.0,
1781686785,1637,1634,1637/obj/lora/8c1f646190001c1c/water_temp_max,22.5,
1781686785,1637,1634,1637/obj/lora/8c1f646190001c1c/payload,1.0,d4c10d030000369900004d0b0b00c8b30d03dc03f30702e4e8555555
1781686785,1637,1634,1637/obj/lora/8c1f646190001c1c/frame_counter,3673.0,
1781686785,1637,1634,1637/obj/lora/8c1f646190001c1c/gateway_rssi,-110.0,24e124fffef949f8
1781686785,1637,1634,1637/obj/lora/8c1f646190001c1c/gateway_snr,1.2000000476837158,24e124fffef949f8
1781686785,1637,1634,1637/obj/lora/8c1f646190001c1c/total_volume,39222.0,
1781686785,1637,1634,1637/obj/lora/8c1f646190001c1c/,0.0,
1781686785,1637,1634,1637/obj/lora/8c1f646190001c1c/error_code,0.0,
1781686785,1637,1634,1637/obj/lora/8c1f646190001c1c/leak_status,2.0,
1781686875,1637,1634,1637/obj/lora/8c1f6461900021db/error_code,0.0,
1781686875,1637,1634,1637/obj/lora/8c1f6461900021db/leak_status,2.0,
1781686875,1637,1634,1637/obj/lora/8c1f6461900021db/ambient_temp,21.0,
1781686875,1637,1634,1637/obj/lora/8c1f6461900021db/battery_recovered,3664.0,
1781686875,1637,1634,1637/obj/lora/8c1f6461900021db/frame_counter,7762.0,
1781686875,1637,1634,1637/obj/lora/8c1f6461900021db/bandwidth,125000.0,
1781686875,1637,1634,1637/obj/lora/8c1f6461900021db/gateway_snr,3.200000047683716,24e124fffef94d5c
1781686875,1637,1634,1637/obj/lora/8c1f6461900021db/water_temp_min,20.5,
1781686875,1637,1634,1637/obj/lora/8c1f6461900021db/spreading_factor,7.0,
1781686875,1637,1634,1637/obj/lora/8c1f6461900021db/payload,1.0,02c009030000d13a0000694f050009b209037e00090102dee9515252
1781686875,1637,1634,1637/obj/lora/8c1f6461900021db/gateway_rssi,-105.0,24e124fffef94d5c
1781686875,1637,1634,1637/obj/lora/8c1f6461900021db/water_temp_max,21.0,
1781686875,1637,1634,1637/obj/lora/8c1f6461900021db/total_volume,15057.0,
1781686875,1637,1634,1637/obj/lora/8c1f6461900021db/,0.0,
1781686875,1637,1634,1637/obj/lora/8c1f6461900021db/battery,3576.0,
1781686971,1637,1634,1637/obj/lora/8c1f6461900020d1/gateway_snr,6.199999809265137,24e124fffef949f8
1781686971,1637,1634,1637/obj/lora/8c1f6461900020d1/frame_counter,6352.0,
1781686971,1637,1634,1637/obj/lora/8c1f6461900020d1/total_volume,13636.0,
1781686971,1637,1634,1637/obj/lora/8c1f6461900020d1/payload,1.0,a3c40903000044350000e6fd0400b4b609030d03580102dfe7565658
1781686971,1637,1634,1637/obj/lora/8c1f6461900020d1/spreading_factor,7.0,
1781686971,1637,1634,1637/obj/lora/8c1f6461900020d1/leak_status,2.0,
1781686971,1637,1634,1637/obj/lora/8c1f6461900020d1/battery_recovered,3648.0,
1781686971,1637,1634,1637/obj/lora/8c1f6461900020d1/water_temp_max,23.0,
1781686971,1637,1634,1637/obj/lora/8c1f6461900020d1/bandwidth,125000.0,
1781686971,1637,1634,1637/obj/lora/8c1f6461900020d1/battery,3584.0,
1781686971,1637,1634,1637/obj/lora/8c1f6461900020d1/ambient_temp,24.0,
1781686971,1637,1634,1637/obj/lora/8c1f6461900020d1/,0.0,
1781686971,1637,1634,1637/obj/lora/8c1f6461900020d1/water_temp_min,23.0,
1781686971,1637,1634,1637/obj/lora/8c1f6461900020d1/gateway_rssi,-105.0,24e124fffef949f8
1781686971,1637,1634,1637/obj/lora/8c1f6461900020d1/error_code,0.0,
1781686992,1637,1634,1637/obj/lora/24e124725d489523/payload,85.0,0175270367ce00046859
1781686992,1637,1634,1637/obj/lora/24e124725d489523/temperature,20.6,
1781686992,1637,1634,1637/obj/lora/24e124725d489523/frame_counter,7520.0,
1781686992,1637,1634,1637/obj/lora/24e124725d489523/,0.0,
1781686992,1637,1634,1637/obj/lora/24e124725d489523/gateway_rssi,-109.0,24e124fffef949f8
1781686992,1637,1634,1637/obj/lora/24e124725d489523/battery,39.0,
1781686992,1637,1634,1637/obj/lora/24e124725d489523/spreading_factor,7.0,
1781686992,1637,1634,1637/obj/lora/24e124725d489523/bandwidth,125000.0,
1781686992,1637,1634,1637/obj/lora/24e124725d489523/humidity,44.5,
1781686992,1637,1634,1637/obj/lora/24e124725d489523/gateway_snr,3.799999952316284,24e124fffef949f8
1781687017,1637,1634,1637/obj/lora/8c1f6461900019cb/leak_status,2.0,
1781687017,1637,1634,1637/obj/lora/8c1f6461900019cb/spreading_factor,7.0,
1781687017,1637,1634,1637/obj/lora/8c1f6461900019cb/frame_counter,7820.0,
1781687017,1637,1634,1637/obj/lora/8c1f6461900019cb/gateway_snr,0.20000000298023224,24e124fffef94d5c
1781687017,1637,1634,1637/obj/lora/8c1f6461900019cb/gateway_rssi,-107.0,24e124fffef94d5c
1781687017,1637,1634,1637/obj/lora/8c1f6461900019cb/,0.0,
1781687017,1637,1634,1637/obj/lora/8c1f6461900019cb/error_code,0.0,
1781687017,1637,1634,1637/obj/lora/8c1f6461900019cb/water_temp_max,20.5,
1781687017,1637,1634,1637/obj/lora/8c1f6461900019cb/total_volume,10558.0,
1781687017,1637,1634,1637/obj/lora/8c1f6461900019cb/bandwidth,125000.0,
1781687017,1637,1634,1637/obj/lora/8c1f6461900019cb/battery,3600.0,
1781687017,1637,1634,1637/obj/lora/8c1f6461900019cb/battery_recovered,3688.0,
1781687017,1637,1634,1637/obj/lora/8c1f6461900019cb/payload,1.0,42c5090300003e2900000000000043b7090313fc930402e1ec515150
1781687017,1637,1634,1637/obj/lora/8c1f6461900019cb/ambient_temp,20.0,
1781687017,1637,1634,1637/obj/lora/8c1f6461900019cb/water_temp_min,20.5,
1781687024,1637,1634,1637/obj/lora/8c1f64619000170a/payload,1.0,f5070a030000c35c02007c2706000ffa0903d21db00f02e0e9575757
1781687024,1637,1634,1637/obj/lora/8c1f64619000170a/battery_recovered,3664.0,
1781687024,1637,1634,1637/obj/lora/8c1f64619000170a/gateway_snr,5.0,24e124fffef94d5c
1781687024,1637,1634,1637/obj/lora/8c1f64619000170a/error_code,0.0,
1781687024,1637,1634,1637/obj/lora/8c1f64619000170a/gateway_rssi,-102.0,24e124fffef94d5c
1781687024,1637,1634,1637/obj/lora/8c1f64619000170a/leak_status,2.0,
1781687024,1637,1634,1637/obj/lora/8c1f64619000170a/,0.0,
1781687024,1637,1634,1637/obj/lora/8c1f64619000170a/water_temp_max,23.5,
1781687024,1637,1634,1637/obj/lora/8c1f64619000170a/water_temp_min,23.5,
1781687024,1637,1634,1637/obj/lora/8c1f64619000170a/ambient_temp,23.5,
1781687024,1637,1634,1637/obj/lora/8c1f64619000170a/bandwidth,125000.0,
1781687024,1637,1634,1637/obj/lora/8c1f64619000170a/battery,3592.0,
1781687024,1637,1634,1637/obj/lora/8c1f64619000170a/total_volume,154819.0,
1781687024,1637,1634,1637/obj/lora/8c1f64619000170a/frame_counter,6657.0,
1781687024,1637,1634,1637/obj/lora/8c1f64619000170a/spreading_factor,7.0,
1781687081,1637,1634,1637/obj/lora/8c1f6461900021da/error_code,0.0,
1781687081,1637,1634,1637/obj/lora/8c1f6461900021da/gateway_rssi,-103.0,24e124fffef94d5c
1781687081,1637,1634,1637/obj/lora/8c1f6461900021da/gateway_snr,4.800000190734863,24e124fffef94d5c
1781687081,1637,1634,1637/obj/lora/8c1f6461900021da/frame_counter,7494.0,
1781687081,1637,1634,1637/obj/lora/8c1f6461900021da/total_volume,24734.0,
1781687081,1637,1634,1637/obj/lora/8c1f6461900021da/water_temp_max,22.5,
1781687081,1637,1634,1637/obj/lora/8c1f6461900021da/water_temp_min,22.5,
1781687081,1637,1634,1637/obj/lora/8c1f6461900021da/leak_status,2.0,
1781687081,1637,1634,1637/obj/lora/8c1f6461900021da/,0.0,
1781687081,1637,1634,1637/obj/lora/8c1f6461900021da/battery_recovered,3664.0,
1781687081,1637,1634,1637/obj/lora/8c1f6461900021da/payload,1.0,c5a5090300009e600000f7900800d4970903c707520302e0e9555554
1781687081,1637,1634,1637/obj/lora/8c1f6461900021da/ambient_temp,22.0,
1781687081,1637,1634,1637/obj/lora/8c1f6461900021da/bandwidth,125000.0,
1781687081,1637,1634,1637/obj/lora/8c1f6461900021da/spreading_factor,7.0,
1781687081,1637,1634,1637/obj/lora/8c1f6461900021da/battery,3592.0,
1781687103,1637,1634,1637/obj/lora/8c1f646190001963/spreading_factor,7.0,
1781687103,1637,1634,1637/obj/lora/8c1f646190001963/payload,1.0,0c000a030000c03d00000000000021f20903a5045b0702e1eb545454
1781687103,1637,1634,1637/obj/lora/8c1f646190001963/ambient_temp,22.0,
1781687103,1637,1634,1637/obj/lora/8c1f646190001963/water_temp_max,22.0,
1781687103,1637,1634,1637/obj/lora/8c1f646190001963/error_code,0.0,
1781687103,1637,1634,1637/obj/lora/8c1f646190001963/leak_status,2.0,
1781687103,1637,1634,1637/obj/lora/8c1f646190001963/bandwidth,125000.0,
1781687103,1637,1634,1637/obj/lora/8c1f646190001963/water_temp_min,22.0,
1781687103,1637,1634,1637/obj/lora/8c1f646190001963/gateway_snr,10.5,24e124fffef94d5c
1781687103,1637,1634,1637/obj/lora/8c1f646190001963/gateway_rssi,-95.0,24e124fffef94d5c
1781687103,1637,1634,1637/obj/lora/8c1f646190001963/frame_counter,7739.0,
1781687103,1637,1634,1637/obj/lora/8c1f646190001963/battery_recovered,3680.0,
1781687103,1637,1634,1637/obj/lora/8c1f646190001963/total_volume,15808.0,
1781687103,1637,1634,1637/obj/lora/8c1f646190001963/battery,3600.0,
1781687103,1637,1634,1637/obj/lora/8c1f646190001963/,0.0,
1781687199,1637,1634,1637/obj/lora/8c1f646190001e41/gateway_rssi,-107.0,24e124fffef949f8
1781687199,1637,1634,1637/obj/lora/8c1f646190001e41/spreading_factor,7.0,
1781687199,1637,1634,1637/obj/lora/8c1f646190001e41/battery,3656.0,
1781687199,1637,1634,1637/obj/lora/8c1f646190001e41/water_temp_max,44.5,
1781687199,1637,1634,1637/obj/lora/8c1f646190001e41/ambient_temp,24.5,
1781687199,1637,1634,1637/obj/lora/8c1f646190001e41/payload,1.0,39f609030000f1a500005c110f0043e809036dfeaf0102e8ec808159
1781687199,1637,1634,1637/obj/lora/8c1f646190001e41/,0.0,
1781687199,1637,1634,1637/obj/lora/8c1f646190001e41/water_temp_min,44.0,
1781687199,1637,1634,1637/obj/lora/8c1f646190001e41/gateway_snr,5.5,24e124fffef949f8
1781687199,1637,1634,1637/obj/lora/8c1f646190001e41/error_code,0.0,
1781687199,1637,1634,1637/obj/lora/8c1f646190001e41/bandwidth,125000.0,
1781687199,1637,1634,1637/obj/lora/8c1f646190001e41/battery_recovered,3688.0,
1781687199,1637,1634,1637/obj/lora/8c1f646190001e41/frame_counter,3566.0,
1781687199,1637,1634,1637/obj/lora/8c1f646190001e41/leak_status,2.0,
1781687199,1637,1634,1637/obj/lora/8c1f646190001e41/total_volume,42481.0,
1781687253,1637,1634,1637/obj/lora/8c1f646190002120/spreading_factor,7.0,
1781687253,1637,1634,1637/obj/lora/8c1f646190002120/gateway_snr,8.800000190734863,24e124fffef949f8
1781687253,1637,1634,1637/obj/lora/8c1f646190002120/frame_counter,3623.0,
1781687253,1637,1634,1637/obj/lora/8c1f646190002120/battery_recovered,3680.0,
1781687253,1637,1634,1637/obj/lora/8c1f646190002120/ambient_temp,22.0,
1781687253,1637,1634,1637/obj/lora/8c1f646190002120/error_code,0.0,
1781687253,1637,1634,1637/obj/lora/8c1f646190002120/leak_status,2.0,
1781687253,1637,1634,1637/obj/lora/8c1f646190002120/bandwidth,125000.0,
1781687253,1637,1634,1637/obj/lora/8c1f646190002120/payload,1.0,b6e20903000087a50000f5e70d00c9d409038c00810002e8eb545554
1781687253,1637,1634,1637/obj/lora/8c1f646190002120/battery,3656.0,
1781687253,1637,1634,1637/obj/lora/8c1f646190002120/water_temp_max,22.5,
1781687253,1637,1634,1637/obj/lora/8c1f646190002120/total_volume,42375.0,
1781687253,1637,1634,1637/obj/lora/8c1f646190002120/gateway_rssi,-101.0,24e124fffef949f8
1781687253,1637,1634,1637/obj/lora/8c1f646190002120/,0.0,
1781687253,1637,1634,1637/obj/lora/8c1f646190002120/water_temp_min,22.0,
1781687285,1637,1634,1637/obj/lora/8c1f6461900015c1/gateway_snr,11.800000190734863,24e124fffef94d5c
1781687285,1637,1634,1637/obj/lora/8c1f6461900015c1/gateway_rssi,-95.0,24e124fffef94d5c
1781687285,1637,1634,1637/obj/lora/8c1f6461900015c1/total_volume,19013.0,
1781687285,1637,1634,1637/obj/lora/8c1f6461900015c1/battery_recovered,3688.0,
1781687285,1637,1634,1637/obj/lora/8c1f6461900015c1/frame_counter,7611.0,
1781687285,1637,1634,1637/obj/lora/8c1f6461900015c1/error_code,0.0,
1781687285,1637,1634,1637/obj/lora/8c1f6461900015c1/spreading_factor,7.0,
1781687285,1637,1634,1637/obj/lora/8c1f6461900015c1/,0.0,
1781687285,1637,1634,1637/obj/lora/8c1f6461900015c1/ambient_temp,22.0,
1781687285,1637,1634,1637/obj/lora/8c1f6461900015c1/payload,1.0,eabc09030000454a000000000000fcae09031400460102e0ec545554
1781687285,1637,1634,1637/obj/lora/8c1f6461900015c1/battery,3592.0,
1781687285,1637,1634,1637/obj/lora/8c1f6461900015c1/leak_status,2.0,
1781687285,1637,1634,1637/obj/lora/8c1f6461900015c1/bandwidth,125000.0,
1781687285,1637,1634,1637/obj/lora/8c1f6461900015c1/water_temp_min,22.0,
1781687285,1637,1634,1637/obj/lora/8c1f6461900015c1/water_temp_max,22.5,
1781687358,1637,1634,1637/obj/lora/8c1f646190001b0f/bandwidth,125000.0,
1781687358,1637,1634,1637/obj/lora/8c1f646190001b0f/battery,3584.0,
1781687358,1637,1634,1637/obj/lora/8c1f646190001b0f/,0.0,
1781687358,1637,1634,1637/obj/lora/8c1f646190001b0f/water_temp_min,22.0,
1781687358,1637,1634,1637/obj/lora/8c1f646190001b0f/ambient_temp,22.0,
1781687358,1637,1634,1637/obj/lora/8c1f646190001b0f/total_volume,35315.0,
1781687358,1637,1634,1637/obj/lora/8c1f646190001b0f/battery_recovered,3648.0,
1781687358,1637,1634,1637/obj/lora/8c1f646190001b0f/payload,1.0,2fdf09030000f3890000f6e30a0052d10903dc01920102dfe7548a54
1781687358,1637,1634,1637/obj/lora/8c1f646190001b0f/spreading_factor,7.0,
1781687358,1637,1634,1637/obj/lora/8c1f646190001b0f/gateway_rssi,-109.0,24e124fffef94d5c
1781687358,1637,1634,1637/obj/lora/8c1f646190001b0f/error_code,0.0,
1781687358,1637,1634,1637/obj/lora/8c1f646190001b0f/leak_status,2.0,
1781687358,1637,1634,1637/obj/lora/8c1f646190001b0f/water_temp_max,49.0,
1781687358,1637,1634,1637/obj/lora/8c1f646190001b0f/frame_counter,6528.0,
1781687358,1637,1634,1637/obj/lora/8c1f646190001b0f/gateway_snr,-3.5,24e124fffef94d5c
1781687384,1637,1634,1637/obj/lora/8c1f64619000228d/spreading_factor,7.0,
1781687384,1637,1634,1637/obj/lora/8c1f64619000228d/frame_counter,6431.0,
1781687384,1637,1634,1637/obj/lora/8c1f64619000228d/gateway_snr,8.0,24e124fffef94d5c
1781687384,1637,1634,1637/obj/lora/8c1f64619000228d/gateway_rssi,-100.0,24e124fffef94d5c
1781687384,1637,1634,1637/obj/lora/8c1f64619000228d/error_code,0.0,
1781687384,1637,1634,1637/obj/lora/8c1f64619000228d/ambient_temp,22.0,
1781687384,1637,1634,1637/obj/lora/8c1f64619000228d/battery,3576.0,
1781687384,1637,1634,1637/obj/lora/8c1f64619000228d/water_temp_min,22.0,
1781687384,1637,1634,1637/obj/lora/8c1f64619000228d/payload,1.0,30b00903000097460000000000004ea20903ca070b0a02dee7545554
1781687384,1637,1634,1637/obj/lora/8c1f64619000228d/battery_recovered,3648.0,
1781687384,1637,1634,1637/obj/lora/8c1f64619000228d/water_temp_max,22.5,
1781687384,1637,1634,1637/obj/lora/8c1f64619000228d/,0.0,
1781687384,1637,1634,1637/obj/lora/8c1f64619000228d/bandwidth,125000.0,
1781687384,1637,1634,1637/obj/lora/8c1f64619000228d/leak_status,2.0,
1781687384,1637,1634,1637/obj/lora/8c1f64619000228d/total_volume,18071.0,
1781687386,1637,1634,1637/obj/lora/8c1f6461900014f5/frame_counter,3580.0,
1781687386,1637,1634,1637/obj/lora/8c1f6461900014f5/gateway_rssi,-104.0,24e124fffef949f8
1781687386,1637,1634,1637/obj/lora/8c1f6461900014f5/,0.0,
1781687386,1637,1634,1637/obj/lora/8c1f6461900014f5/gateway_snr,8.199999809265137,24e124fffef949f8
1781687386,1637,1634,1637/obj/lora/8c1f6461900014f5/bandwidth,125000.0,
1781687386,1637,1634,1637/obj/lora/8c1f6461900014f5/payload,1.0,d3c50d0300008056000000000000deb70d03e8fed70b02e5e9545455
1781687386,1637,1634,1637/obj/lora/8c1f6461900014f5/spreading_factor,7.0,
1781687386,1637,1634,1637/obj/lora/8c1f6461900014f5/water_temp_min,22.0,
1781687386,1637,1634,1637/obj/lora/8c1f6461900014f5/battery,3632.0,
1781687386,1637,1634,1637/obj/lora/8c1f6461900014f5/water_temp_max,22.0,
1781687386,1637,1634,1637/obj/lora/8c1f6461900014f5/battery_recovered,3664.0,
1781687386,1637,1634,1637/obj/lora/8c1f6461900014f5/error_code,0.0,
1781687386,1637,1634,1637/obj/lora/8c1f6461900014f5/leak_status,2.0,
1781687386,1637,1634,1637/obj/lora/8c1f6461900014f5/total_volume,22144.0,
1781687386,1637,1634,1637/obj/lora/8c1f6461900014f5/ambient_temp,22.5,
1781687480,1637,1634,1637/obj/lora/8c1f646190002222/total_volume,30820.0,
1781687480,1637,1634,1637/obj/lora/8c1f646190002222/frame_counter,3642.0,
1781687480,1637,1634,1637/obj/lora/8c1f646190002222/gateway_rssi,-111.0,24e124fffef949f8
1781687480,1637,1634,1637/obj/lora/8c1f646190002222/leak_status,2.0,
1781687480,1637,1634,1637/obj/lora/8c1f646190002222/gateway_snr,2.0,24e124fffef949f8
1781687480,1637,1634,1637/obj/lora/8c1f646190002222/spreading_factor,7.0,
1781687480,1637,1634,1637/obj/lora/8c1f646190002222/payload,1.0,81b40903000064780000080000007ca609034f02aa0002e9ec545554
1781687480,1637,1634,1637/obj/lora/8c1f646190002222/water_temp_max,22.5,
1781687480,1637,1634,1637/obj/lora/8c1f646190002222/error_code,0.0,
1781687480,1637,1634,1637/obj/lora/8c1f646190002222/battery,3664.0,
1781687480,1637,1634,1637/obj/lora/8c1f646190002222/bandwidth,125000.0,
1781687480,1637,1634,1637/obj/lora/8c1f646190002222/ambient_temp,22.0,
1781687480,1637,1634,1637/obj/lora/8c1f646190002222/,0.0,
1781687480,1637,1634,1637/obj/lora/8c1f646190002222/water_temp_min,22.0,
1781687480,1637,1634,1637/obj/lora/8c1f646190002222/battery_recovered,3688.0,
1781687499,1637,1634,1637/obj/lora/8c1f646190001b91/water_temp_max,22.0,
1781687499,1637,1634,1637/obj/lora/8c1f646190001b91/water_temp_min,22.0,
1781687499,1637,1634,1637/obj/lora/8c1f646190001b91/payload,1.0,72e30903000021b70000a2cb0e009bd5090330ff880302dce8545453
1781687499,1637,1634,1637/obj/lora/8c1f646190001b91/frame_counter,6541.0,
1781687499,1637,1634,1637/obj/lora/8c1f646190001b91/battery_recovered,3656.0,
1781687499,1637,1634,1637/obj/lora/8c1f646190001b91/battery,3560.0,
1781687499,1637,1634,1637/obj/lora/8c1f646190001b91/bandwidth,125000.0,
1781687499,1637,1634,1637/obj/lora/8c1f646190001b91/ambient_temp,21.5,
1781687499,1637,1634,1637/obj/lora/8c1f646190001b91/,0.0,
1781687499,1637,1634,1637/obj/lora/8c1f646190001b91/error_code,0.0,
1781687499,1637,1634,1637/obj/lora/8c1f646190001b91/leak_status,2.0,
1781687499,1637,1634,1637/obj/lora/8c1f646190001b91/gateway_snr,4.0,24e124fffef94d5c
1781687499,1637,1634,1637/obj/lora/8c1f646190001b91/gateway_rssi,-104.0,24e124fffef94d5c
1781687499,1637,1634,1637/obj/lora/8c1f646190001b91/spreading_factor,7.0,
1781687499,1637,1634,1637/obj/lora/8c1f646190001b91/total_volume,46881.0,
1781687534,1637,1634,1637/obj/lora/8c1f6461900019cf/gateway_snr,10.0,24e124fffef949f8
1781687534,1637,1634,1637/obj/lora/8c1f6461900019cf/frame_counter,3556.0,
1781687534,1637,1634,1637/obj/lora/8c1f6461900019cf/battery_recovered,3656.0,
1781687534,1637,1634,1637/obj/lora/8c1f6461900019cf/total_volume,68354.0,
1781687534,1637,1634,1637/obj/lora/8c1f6461900019cf/error_code,0.0,
1781687534,1637,1634,1637/obj/lora/8c1f6461900019cf/water_temp_max,22.0,
1781687534,1637,1634,1637/obj/lora/8c1f6461900019cf/water_temp_min,22.0,
1781687534,1637,1634,1637/obj/lora/8c1f6461900019cf/leak_status,0.0,
1781687534,1637,1634,1637/obj/lora/8c1f6461900019cf/spreading_factor,7.0,
1781687534,1637,1634,1637/obj/lora/8c1f6461900019cf/bandwidth,125000.0,
1781687534,1637,1634,1637/obj/lora/8c1f6461900019cf/battery,3632.0,
1781687534,1637,1634,1637/obj/lora/8c1f6461900019cf/payload,1.0,01ee09030000020b010000000000000000000000000000e5e8545454
1781687534,1637,1634,1637/obj/lora/8c1f6461900019cf/gateway_rssi,-102.0,24e124fffef949f8
1781687534,1637,1634,1637/obj/lora/8c1f6461900019cf/,0.0,
1781687534,1637,1634,1637/obj/lora/8c1f6461900019cf/ambient_temp,22.0,
1781687558,1637,1634,1637/obj/lora/8c1f646190002206/frame_counter,7013.0,
1781687558,1637,1634,1637/obj/lora/8c1f646190002206/payload,1.0,89f009030000b0130300c74f0f00000000000000000000e1ea555555
1781687558,1637,1634,1637/obj/lora/8c1f646190002206/,0.0,
1781687558,1637,1634,1637/obj/lora/8c1f646190002206/water_temp_max,22.5,
1781687558,1637,1634,1637/obj/lora/8c1f646190002206/total_volume,201648.0,
1781687558,1637,1634,1637/obj/lora/8c1f646190002206/ambient_temp,22.5,
1781687558,1637,1634,1637/obj/lora/8c1f646190002206/bandwidth,125000.0,
1781687558,1637,1634,1637/obj/lora/8c1f646190002206/water_temp_min,22.5,
1781687558,1637,1634,1637/obj/lora/8c1f646190002206/battery,3600.0,
1781687558,1637,1634,1637/obj/lora/8c1f646190002206/spreading_factor,7.0,
1781687558,1637,1634,1637/obj/lora/8c1f646190002206/leak_status,0.0,
1781687558,1637,1634,1637/obj/lora/8c1f646190002206/battery_recovered,3672.0,
1781687558,1637,1634,1637/obj/lora/8c1f646190002206/gateway_snr,6.0,24e124fffef94d5c
1781687558,1637,1634,1637/obj/lora/8c1f646190002206/gateway_rssi,-102.0,24e124fffef94d5c
1781687558,1637,1634,1637/obj/lora/8c1f646190002206/error_code,0.0,
1781687593,1637,1634,1637/obj/lora/24e124725d489523/gateway_rssi,-111.0,24e124fffef949f8
1781687593,1637,1634,1637/obj/lora/24e124725d489523/battery,39.0,
1781687593,1637,1634,1637/obj/lora/24e124725d489523/humidity,45.0,
1781687593,1637,1634,1637/obj/lora/24e124725d489523/,0.0,
1781687593,1637,1634,1637/obj/lora/24e124725d489523/spreading_factor,7.0,
1781687593,1637,1634,1637/obj/lora/24e124725d489523/temperature,20.7,
1781687593,1637,1634,1637/obj/lora/24e124725d489523/frame_counter,7521.0,
1781687593,1637,1634,1637/obj/lora/24e124725d489523/gateway_snr,0.5,24e124fffef949f8
1781687593,1637,1634,1637/obj/lora/24e124725d489523/bandwidth,125000.0,
1781687593,1637,1634,1637/obj/lora/24e124725d489523/payload,85.0,0175270367cf0004685a
1781687654,1637,1634,1637/obj/lora/8c1f646190001bf1/water_temp_max,23.0,
1781687654,1637,1634,1637/obj/lora/8c1f646190001bf1/,0.0,
1781687654,1637,1634,1637/obj/lora/8c1f646190001bf1/ambient_temp,22.0,
1781687654,1637,1634,1637/obj/lora/8c1f646190001bf1/battery,3600.0,
1781687654,1637,1634,1637/obj/lora/8c1f646190001bf1/water_temp_min,22.5,
1781687654,1637,1634,1637/obj/lora/8c1f646190001bf1/gateway_rssi,-102.0,24e124fffef94d5c
1781687654,1637,1634,1637/obj/lora/8c1f646190001bf1/frame_counter,6328.0,
1781687654,1637,1634,1637/obj/lora/8c1f646190001bf1/error_code,0.0,
1781687654,1637,1634,1637/obj/lora/8c1f646190001bf1/total_volume,33459.0,
1781687654,1637,1634,1637/obj/lora/8c1f646190001bf1/spreading_factor,7.0,
1781687654,1637,1634,1637/obj/lora/8c1f646190001bf1/battery_recovered,3672.0,
1781687654,1637,1634,1637/obj/lora/8c1f646190001bf1/bandwidth,125000.0,
1781687654,1637,1634,1637/obj/lora/8c1f646190001bf1/gateway_snr,5.199999809265137,24e124fffef94d5c
1781687654,1637,1634,1637/obj/lora/8c1f646190001bf1/payload,1.0,61f909030000b3820000cb8d0b0085eb0903e6010b0102e1ea555654
1781687654,1637,1634,1637/obj/lora/8c1f646190001bf1/leak_status,2.0,
1781687662,1637,1634,1637/obj/lora/8c1f646190001dd8/spreading_factor,7.0,
1781687662,1637,1634,1637/obj/lora/8c1f646190001dd8/water_temp_min,22.0,
1781687662,1637,1634,1637/obj/lora/8c1f646190001dd8/,0.0,
1781687662,1637,1634,1637/obj/lora/8c1f646190001dd8/error_code,0.0,
1781687662,1637,1634,1637/obj/lora/8c1f646190001dd8/water_temp_max,22.0,
1781687662,1637,1634,1637/obj/lora/8c1f646190001dd8/battery_recovered,3664.0,
1781687662,1637,1634,1637/obj/lora/8c1f646190001dd8/battery,3624.0,
1781687662,1637,1634,1637/obj/lora/8c1f646190001dd8/bandwidth,125000.0,
1781687662,1637,1634,1637/obj/lora/8c1f646190001dd8/ambient_temp,22.0,
1781687662,1637,1634,1637/obj/lora/8c1f646190001dd8/total_volume,55983.0,
1781687662,1637,1634,1637/obj/lora/8c1f646190001dd8/gateway_snr,1.0,24e124fffef949f8
1781687662,1637,1634,1637/obj/lora/8c1f646190001dd8/payload,1.0,dbdf09030000afda000008e0110002d20903b702fb0102e4e9545454
1781687662,1637,1634,1637/obj/lora/8c1f646190001dd8/leak_status,2.0,
1781687662,1637,1634,1637/obj/lora/8c1f646190001dd8/gateway_rssi,-111.0,24e124fffef949f8
1781687662,1637,1634,1637/obj/lora/8c1f646190001dd8/frame_counter,3743.0,
1781687671,1637,1634,1637/obj/lora/8c1f6461900021e0/gateway_snr,7.5,24e124fffef949f8
1781687671,1637,1634,1637/obj/lora/8c1f6461900021e0/gateway_rssi,-104.0,24e124fffef949f8
1781687671,1637,1634,1637/obj/lora/8c1f6461900021e0/battery,3664.0,
1781687671,1637,1634,1637/obj/lora/8c1f6461900021e0/water_temp_min,22.5,
1781687671,1637,1634,1637/obj/lora/8c1f6461900021e0/water_temp_max,22.5,
1781687671,1637,1634,1637/obj/lora/8c1f6461900021e0/payload,1.0,2ac0090300007f2d010000000000000000000000000000e9ed555554
1781687671,1637,1634,1637/obj/lora/8c1f6461900021e0/frame_counter,2247.0,
1781687671,1637,1634,1637/obj/lora/8c1f6461900021e0/error_code,0.0,
1781687671,1637,1634,1637/obj/lora/8c1f6461900021e0/battery_recovered,3696.0,
1781687671,1637,1634,1637/obj/lora/8c1f6461900021e0/leak_status,0.0,
1781687671,1637,1634,1637/obj/lora/8c1f6461900021e0/,0.0,
1781687671,1637,1634,1637/obj/lora/8c1f6461900021e0/spreading_factor,7.0,
1781687671,1637,1634,1637/obj/lora/8c1f6461900021e0/bandwidth,125000.0,
1781687671,1637,1634,1637/obj/lora/8c1f6461900021e0/total_volume,77183.0,
1781687671,1637,1634,1637/obj/lora/8c1f6461900021e0/ambient_temp,22.0,
1781687742,1637,1634,1637/obj/lora/8c1f646190001968/frame_counter,3627.0,
1781687742,1637,1634,1637/obj/lora/8c1f646190001968/error_code,0.0,
1781687742,1637,1634,1637/obj/lora/8c1f646190001968/payload,1.0,66d80903000051160100f729180094ca090324f11c0202e8eb575857
1781687742,1637,1634,1637/obj/lora/8c1f646190001968/water_temp_max,24.0,
1781687742,1637,1634,1637/obj/lora/8c1f646190001968/,0.0,
1781687742,1637,1634,1637/obj/lora/8c1f646190001968/water_temp_min,23.5,
1781687742,1637,1634,1637/obj/lora/8c1f646190001968/spreading_factor,7.0,
1781687742,1637,1634,1637/obj/lora/8c1f646190001968/leak_status,2.0,
1781687742,1637,1634,1637/obj/lora/8c1f646190001968/total_volume,71249.0,
1781687742,1637,1634,1637/obj/lora/8c1f646190001968/gateway_snr,6.199999809265137,24e124fffef949f8
1781687742,1637,1634,1637/obj/lora/8c1f646190001968/battery_recovered,3680.0,
1781687742,1637,1634,1637/obj/lora/8c1f646190001968/gateway_rssi,-106.0,24e124fffef949f8
1781687742,1637,1634,1637/obj/lora/8c1f646190001968/battery,3656.0,
1781687742,1637,1634,1637/obj/lora/8c1f646190001968/ambient_temp,23.5,
1781687742,1637,1634,1637/obj/lora/8c1f646190001968/bandwidth,125000.0,
1781687819,1637,1634,1637/obj/lora/8c1f646190002291/ambient_temp,21.0,
1781687819,1637,1634,1637/obj/lora/8c1f646190002291/battery,3584.0,
1781687819,1637,1634,1637/obj/lora/8c1f646190002291/water_temp_min,21.0,
1781687819,1637,1634,1637/obj/lora/8c1f646190002291/total_volume,399075.0,
1781687819,1637,1634,1637/obj/lora/8c1f646190002291/bandwidth,125000.0,
1781687819,1637,1634,1637/obj/lora/8c1f646190002291/water_temp_max,21.0,
1781687819,1637,1634,1637/obj/lora/8c1f646190002291/gateway_rssi,-109.0,24e124fffef949f8
1781687819,1637,1634,1637/obj/lora/8c1f646190002291/spreading_factor,7.0,
1781687819,1637,1634,1637/obj/lora/8c1f646190002291/frame_counter,6857.0,
1781687819,1637,1634,1637/obj/lora/8c1f646190002291/,0.0,
1781687819,1637,1634,1637/obj/lora/8c1f646190002291/payload,1.0,e80d0a030000e316060000000000861609035a02000003dfe9525252
1781687819,1637,1634,1637/obj/lora/8c1f646190002291/gateway_snr,2.0,24e124fffef949f8
1781687819,1637,1634,1637/obj/lora/8c1f646190002291/error_code,0.0,
1781687819,1637,1634,1637/obj/lora/8c1f646190002291/battery_recovered,3664.0,
1781687819,1637,1634,1637/obj/lora/8c1f646190002291/leak_status,3.0,
1781687976,1637,1634,1637/obj/lora/8c1f64619000160f/ambient_temp,22.5,
1781687976,1637,1634,1637/obj/lora/8c1f64619000160f/water_temp_max,22.5,
1781687976,1637,1634,1637/obj/lora/8c1f64619000160f/total_volume,119932.0,
1781687976,1637,1634,1637/obj/lora/8c1f64619000160f/spreading_factor,7.0,
1781687976,1637,1634,1637/obj/lora/8c1f64619000160f/frame_counter,3642.0,
1781687976,1637,1634,1637/obj/lora/8c1f64619000160f/error_code,0.0,
1781687976,1637,1634,1637/obj/lora/8c1f64619000160f/battery_recovered,3672.0,
1781687976,1637,1634,1637/obj/lora/8c1f64619000160f/,0.0,
1781687976,1637,1634,1637/obj/lora/8c1f64619000160f/gateway_rssi,-109.0,24e124fffef949f8
1781687976,1637,1634,1637/obj/lora/8c1f64619000160f/gateway_snr,3.0,24e124fffef949f8
1781687976,1637,1634,1637/obj/lora/8c1f64619000160f/bandwidth,125000.0,
1781687976,1637,1634,1637/obj/lora/8c1f64619000160f/battery,3648.0,
1781687976,1637,1634,1637/obj/lora/8c1f64619000160f/payload,1.0,a4c80d0300007cd4010008000000000000000000000000e7ea555555
1781687976,1637,1634,1637/obj/lora/8c1f64619000160f/leak_status,0.0,
1781687976,1637,1634,1637/obj/lora/8c1f64619000160f/water_temp_min,22.5,
1781688122,1637,1634,1637/obj/lora/8c1f646190001ec9/water_temp_min,21.5,
1781688122,1637,1634,1637/obj/lora/8c1f646190001ec9/gateway_rssi,-103.0,24e124fffef94d5c
1781688122,1637,1634,1637/obj/lora/8c1f646190001ec9/gateway_snr,5.199999809265137,24e124fffef94d5c
1781688122,1637,1634,1637/obj/lora/8c1f646190001ec9/leak_status,2.0,
1781688122,1637,1634,1637/obj/lora/8c1f646190001ec9/payload,1.0,46c009030000fc860000f75a0b0076b209039203d20202e1e9535452
1781688122,1637,1634,1637/obj/lora/8c1f646190001ec9/spreading_factor,7.0,
1781688122,1637,1634,1637/obj/lora/8c1f646190001ec9/total_volume,34556.0,
1781688122,1637,1634,1637/obj/lora/8c1f646190001ec9/water_temp_max,22.0,
1781688122,1637,1634,1637/obj/lora/8c1f646190001ec9/frame_counter,6560.0,
1781688122,1637,1634,1637/obj/lora/8c1f646190001ec9/error_code,0.0,
1781688122,1637,1634,1637/obj/lora/8c1f646190001ec9/,0.0,
1781688122,1637,1634,1637/obj/lora/8c1f646190001ec9/ambient_temp,21.0,
1781688122,1637,1634,1637/obj/lora/8c1f646190001ec9/bandwidth,125000.0,
1781688122,1637,1634,1637/obj/lora/8c1f646190001ec9/battery,3600.0,
1781688122,1637,1634,1637/obj/lora/8c1f646190001ec9/battery_recovered,3664.0,
1781688157,1637,1634,1637/obj/lora/8c1f6461900015ba/water_temp_max,21.5,
1781688157,1637,1634,1637/obj/lora/8c1f6461900015ba/ambient_temp,21.5,
1781688157,1637,1634,1637/obj/lora/8c1f6461900015ba/bandwidth,125000.0,
1781688157,1637,1634,1637/obj/lora/8c1f6461900015ba/,0.0,
1781688157,1637,1634,1637/obj/lora/8c1f6461900015ba/water_temp_min,21.5,
1781688157,1637,1634,1637/obj/lora/8c1f6461900015ba/gateway_snr,4.800000190734863,24e124fffef949f8
1781688157,1637,1634,1637/obj/lora/8c1f6461900015ba/battery,3640.0,
1781688157,1637,1634,1637/obj/lora/8c1f6461900015ba/total_volume,7057.0,
1781688157,1637,1634,1637/obj/lora/8c1f6461900015ba/leak_status,2.0,
1781688157,1637,1634,1637/obj/lora/8c1f6461900015ba/frame_counter,7265.0,
1781688157,1637,1634,1637/obj/lora/8c1f6461900015ba/battery_recovered,3680.0,
1781688157,1637,1634,1637/obj/lora/8c1f6461900015ba/gateway_rssi,-108.0,24e124fffef949f8
1781688157,1637,1634,1637/obj/lora/8c1f6461900015ba/error_code,0.0,
1781688157,1637,1634,1637/obj/lora/8c1f6461900015ba/spreading_factor,7.0,
1781688157,1637,1634,1637/obj/lora/8c1f6461900015ba/payload,1.0,1ef709030000911b0000000000002ee90903c0fdff0202e6eb535353
1781688194,1637,1634,1637/obj/lora/24e124725d489523/,0.0,
1781688194,1637,1634,1637/obj/lora/24e124725d489523/frame_counter,7522.0,
1781688194,1637,1634,1637/obj/lora/24e124725d489523/gateway_snr,-1.2000000476837158,24e124fffef949f8
1781688194,1637,1634,1637/obj/lora/24e124725d489523/temperature,20.8,
1781688194,1637,1634,1637/obj/lora/24e124725d489523/battery,39.0,
1781688194,1637,1634,1637/obj/lora/24e124725d489523/spreading_factor,7.0,
1781688194,1637,1634,1637/obj/lora/24e124725d489523/humidity,44.5,
1781688194,1637,1634,1637/obj/lora/24e124725d489523/payload,85.0,0175270367d000046859
1781688194,1637,1634,1637/obj/lora/24e124725d489523/bandwidth,125000.0,
1781688194,1637,1634,1637/obj/lora/24e124725d489523/gateway_rssi,-113.0,24e124fffef949f8
1781688271,1637,1634,1637/obj/lora/8c1f6461900015ed/total_volume,25835.0,
1781688271,1637,1634,1637/obj/lora/8c1f6461900015ed/spreading_factor,7.0,
1781688271,1637,1634,1637/obj/lora/8c1f6461900015ed/water_temp_min,21.0,
1781688271,1637,1634,1637/obj/lora/8c1f6461900015ed/battery_recovered,3680.0,
1781688271,1637,1634,1637/obj/lora/8c1f6461900015ed/payload,1.0,b5eb09030000eb6400000ea40900cfdd0903fd016e0202e3eb525353
1781688271,1637,1634,1637/obj/lora/8c1f6461900015ed/battery,3616.0,
1781688271,1637,1634,1637/obj/lora/8c1f6461900015ed/,0.0,
1781688271,1637,1634,1637/obj/lora/8c1f6461900015ed/water_temp_max,21.5,
1781688271,1637,1634,1637/obj/lora/8c1f6461900015ed/leak_status,2.0,
1781688271,1637,1634,1637/obj/lora/8c1f6461900015ed/gateway_rssi,-95.0,24e124fffef94d5c
1781688271,1637,1634,1637/obj/lora/8c1f6461900015ed/error_code,0.0,
1781688271,1637,1634,1637/obj/lora/8c1f6461900015ed/bandwidth,125000.0,
1781688271,1637,1634,1637/obj/lora/8c1f6461900015ed/frame_counter,6147.0,
1781688271,1637,1634,1637/obj/lora/8c1f6461900015ed/gateway_snr,10.800000190734863,24e124fffef94d5c
1781688271,1637,1634,1637/obj/lora/8c1f6461900015ed/ambient_temp,21.5,
1781688308,1637,1634,1637/obj/lora/8c1f6461900018f5/total_volume,51595.0,
1781688308,1637,1634,1637/obj/lora/8c1f6461900018f5/gateway_rssi,-105.0,24e124fffef949f8
1781688308,1637,1634,1637/obj/lora/8c1f6461900018f5/payload,1.0,3dd5090300008bc90000c5d9040043c7090328fbbb0c02e2e9545455
1781688308,1637,1634,1637/obj/lora/8c1f6461900018f5/water_temp_min,22.0,
1781688308,1637,1634,1637/obj/lora/8c1f6461900018f5/spreading_factor,7.0,
1781688308,1637,1634,1637/obj/lora/8c1f6461900018f5/battery_recovered,3664.0,
1781688308,1637,1634,1637/obj/lora/8c1f6461900018f5/leak_status,2.0,
1781688308,1637,1634,1637/obj/lora/8c1f6461900018f5/error_code,0.0,
1781688308,1637,1634,1637/obj/lora/8c1f6461900018f5/water_temp_max,22.0,
1781688308,1637,1634,1637/obj/lora/8c1f6461900018f5/gateway_snr,7.5,24e124fffef949f8
1781688308,1637,1634,1637/obj/lora/8c1f6461900018f5/frame_counter,7701.0,
1781688308,1637,1634,1637/obj/lora/8c1f6461900018f5/bandwidth,125000.0,
1781688308,1637,1634,1637/obj/lora/8c1f6461900018f5/ambient_temp,22.5,
1781688308,1637,1634,1637/obj/lora/8c1f6461900018f5/,0.0,
1781688308,1637,1634,1637/obj/lora/8c1f6461900018f5/battery,3608.0,
1781688377,1637,1634,1637/obj/lora/8c1f6461900019c7/frame_counter,5929.0,
1781688377,1637,1634,1637/obj/lora/8c1f6461900019c7/gateway_snr,5.199999809265137,24e124fffef94d5c
1781688377,1637,1634,1637/obj/lora/8c1f6461900019c7/gateway_rssi,-104.0,24e124fffef94d5c
1781688377,1637,1634,1637/obj/lora/8c1f6461900019c7/battery_recovered,3648.0,
1781688377,1637,1634,1637/obj/lora/8c1f6461900019c7/error_code,0.0,
1781688377,1637,1634,1637/obj/lora/8c1f6461900019c7/bandwidth,125000.0,
1781688377,1637,1634,1637/obj/lora/8c1f6461900019c7/,0.0,
1781688377,1637,1634,1637/obj/lora/8c1f6461900019c7/ambient_temp,22.5,
1781688377,1637,1634,1637/obj/lora/8c1f6461900019c7/payload,1.0,eebe090300008b57000052480800feb00903d3fe850202e3e7555655
1781688377,1637,1634,1637/obj/lora/8c1f6461900019c7/battery,3616.0,
1781688377,1637,1634,1637/obj/lora/8c1f6461900019c7/leak_status,2.0,
1781688377,1637,1634,1637/obj/lora/8c1f6461900019c7/water_temp_min,22.5,
1781688377,1637,1634,1637/obj/lora/8c1f6461900019c7/water_temp_max,23.0,
1781688377,1637,1634,1637/obj/lora/8c1f6461900019c7/spreading_factor,7.0,
1781688377,1637,1634,1637/obj/lora/8c1f6461900019c7/total_volume,22411.0,
1781688410,1637,1634,1637/obj/lora/8c1f646190001baf/gateway_rssi,-106.0,24e124fffef94d5c
1781688410,1637,1634,1637/obj/lora/8c1f646190001baf/total_volume,53813.0,
1781688410,1637,1634,1637/obj/lora/8c1f646190001baf/battery_recovered,3656.0,
1781688410,1637,1634,1637/obj/lora/8c1f646190001baf/water_temp_min,22.0,
1781688410,1637,1634,1637/obj/lora/8c1f646190001baf/water_temp_max,22.5,
1781688410,1637,1634,1637/obj/lora/8c1f646190001baf/leak_status,2.0,
1781688410,1637,1634,1637/obj/lora/8c1f646190001baf/payload,1.0,33e50903000035d200001fa9050027d70903f1f97e1202e0e8545555
1781688410,1637,1634,1637/obj/lora/8c1f646190001baf/spreading_factor,7.0,
1781688410,1637,1634,1637/obj/lora/8c1f646190001baf/gateway_snr,1.7999999523162842,24e124fffef94d5c
1781688410,1637,1634,1637/obj/lora/8c1f646190001baf/battery,3592.0,
1781688410,1637,1634,1637/obj/lora/8c1f646190001baf/frame_counter,6736.0,
1781688410,1637,1634,1637/obj/lora/8c1f646190001baf/ambient_temp,22.5,
1781688410,1637,1634,1637/obj/lora/8c1f646190001baf/,0.0,
1781688410,1637,1634,1637/obj/lora/8c1f646190001baf/error_code,0.0,
1781688410,1637,1634,1637/obj/lora/8c1f646190001baf/bandwidth,125000.0,
1781688430,1637,1634,1637/obj/lora/8c1f646190001790/payload,1.0,def70903000049230000db340300dde909037903be0202eaed535354
1781688430,1637,1634,1637/obj/lora/8c1f646190001790/spreading_factor,7.0,
1781688430,1637,1634,1637/obj/lora/8c1f646190001790/frame_counter,3639.0,
1781688430,1637,1634,1637/obj/lora/8c1f646190001790/battery_recovered,3696.0,
1781688430,1637,1634,1637/obj/lora/8c1f646190001790/gateway_snr,1.0,24e124fffef949f8
1781688430,1637,1634,1637/obj/lora/8c1f646190001790/battery,3672.0,
1781688430,1637,1634,1637/obj/lora/8c1f646190001790/bandwidth,125000.0,
1781688430,1637,1634,1637/obj/lora/8c1f646190001790/,0.0,
1781688430,1637,1634,1637/obj/lora/8c1f646190001790/water_temp_min,21.5,
1781688430,1637,1634,1637/obj/lora/8c1f646190001790/water_temp_max,21.5,
1781688430,1637,1634,1637/obj/lora/8c1f646190001790/ambient_temp,22.0,
1781688430,1637,1634,1637/obj/lora/8c1f646190001790/total_volume,9033.0,
1781688430,1637,1634,1637/obj/lora/8c1f646190001790/leak_status,2.0,
1781688430,1637,1634,1637/obj/lora/8c1f646190001790/gateway_rssi,-110.0,24e124fffef949f8
1781688430,1637,1634,1637/obj/lora/8c1f646190001790/error_code,0.0,
1781688440,1637,1634,1637/obj/lora/8c1f6461900021a9/gateway_rssi,-107.0,24e124fffef949f8
1781688440,1637,1634,1637/obj/lora/8c1f6461900021a9/water_temp_max,21.0,
1781688440,1637,1634,1637/obj/lora/8c1f6461900021a9/gateway_snr,0.20000000298023224,24e124fffef949f8
1781688440,1637,1634,1637/obj/lora/8c1f6461900021a9/battery,3608.0,
1781688440,1637,1634,1637/obj/lora/8c1f6461900021a9/error_code,0.0,
1781688440,1637,1634,1637/obj/lora/8c1f6461900021a9/total_volume,51977.0,
1781688440,1637,1634,1637/obj/lora/8c1f6461900021a9/water_temp_min,20.5,
1781688440,1637,1634,1637/obj/lora/8c1f6461900021a9/spreading_factor,7.0,
1781688440,1637,1634,1637/obj/lora/8c1f6461900021a9/battery_recovered,3664.0,
1781688440,1637,1634,1637/obj/lora/8c1f6461900021a9/leak_status,2.0,
1781688440,1637,1634,1637/obj/lora/8c1f6461900021a9/payload,1.0,bce40903000009cb0000f8f81100b4d609035bfa020402e2e9515252
1781688440,1637,1634,1637/obj/lora/8c1f6461900021a9/ambient_temp,21.0,
1781688440,1637,1634,1637/obj/lora/8c1f6461900021a9/,0.0,
1781688440,1637,1634,1637/obj/lora/8c1f6461900021a9/frame_counter,7892.0,
1781688440,1637,1634,1637/obj/lora/8c1f6461900021a9/bandwidth,125000.0,
1781688528,1637,1634,1637/obj/lora/8c1f646190002012/spreading_factor,7.0,
1781688528,1637,1634,1637/obj/lora/8c1f646190002012/payload,1.0,71c3090300006f520000e1cd070078b50903dffb0e0302e7e9555554
1781688528,1637,1634,1637/obj/lora/8c1f646190002012/gateway_snr,6.5,24e124fffef949f8
1781688528,1637,1634,1637/obj/lora/8c1f646190002012/gateway_rssi,-105.0,24e124fffef949f8
1781688528,1637,1634,1637/obj/lora/8c1f646190002012/ambient_temp,22.0,
1781688528,1637,1634,1637/obj/lora/8c1f646190002012/,0.0,
1781688528,1637,1634,1637/obj/lora/8c1f646190002012/battery_recovered,3664.0,
1781688528,1637,1634,1637/obj/lora/8c1f646190002012/total_volume,21103.0,
1781688528,1637,1634,1637/obj/lora/8c1f646190002012/water_temp_max,22.5,
1781688528,1637,1634,1637/obj/lora/8c1f646190002012/battery,3648.0,
1781688528,1637,1634,1637/obj/lora/8c1f646190002012/water_temp_min,22.5,
1781688528,1637,1634,1637/obj/lora/8c1f646190002012/leak_status,2.0,
1781688528,1637,1634,1637/obj/lora/8c1f646190002012/error_code,0.0,
1781688528,1637,1634,1637/obj/lora/8c1f646190002012/bandwidth,125000.0,
1781688528,1637,1634,1637/obj/lora/8c1f646190002012/frame_counter,2860.0,
1781688727,1637,1634,1637/obj/lora/8c1f646190001af8/spreading_factor,7.0,
1781688727,1637,1634,1637/obj/lora/8c1f646190001af8/payload,1.0,81c50903000071630000260000007db709037aff220202dee8565d53
1781688727,1637,1634,1637/obj/lora/8c1f646190001af8/frame_counter,7621.0,
1781688727,1637,1634,1637/obj/lora/8c1f646190001af8/error_code,0.0,
1781688727,1637,1634,1637/obj/lora/8c1f646190001af8/water_temp_max,26.5,
1781688727,1637,1634,1637/obj/lora/8c1f646190001af8/,0.0,
1781688727,1637,1634,1637/obj/lora/8c1f646190001af8/ambient_temp,21.5,
1781688727,1637,1634,1637/obj/lora/8c1f646190001af8/total_volume,25457.0,
1781688727,1637,1634,1637/obj/lora/8c1f646190001af8/battery_recovered,3656.0,
1781688727,1637,1634,1637/obj/lora/8c1f646190001af8/bandwidth,125000.0,
1781688727,1637,1634,1637/obj/lora/8c1f646190001af8/battery,3576.0,
1781688727,1637,1634,1637/obj/lora/8c1f646190001af8/leak_status,2.0,
1781688727,1637,1634,1637/obj/lora/8c1f646190001af8/water_temp_min,23.0,
1781688727,1637,1634,1637/obj/lora/8c1f646190001af8/gateway_rssi,-103.0,24e124fffef94d5c
1781688727,1637,1634,1637/obj/lora/8c1f646190001af8/gateway_snr,4.199999809265137,24e124fffef94d5c
1781688766,1637,1634,1637/obj/lora/8c1f6461900017e3/water_temp_min,23.5,
1781688766,1637,1634,1637/obj/lora/8c1f6461900017e3/water_temp_max,26.0,
1781688766,1637,1634,1637/obj/lora/8c1f6461900017e3/frame_counter,3602.0,
1781688766,1637,1634,1637/obj/lora/8c1f6461900017e3/gateway_snr,1.5,24e124fffef949f8
1781688766,1637,1634,1637/obj/lora/8c1f6461900017e3/ambient_temp,23.5,
1781688766,1637,1634,1637/obj/lora/8c1f6461900017e3/,0.0,
1781688766,1637,1634,1637/obj/lora/8c1f6461900017e3/battery_recovered,3664.0,
1781688766,1637,1634,1637/obj/lora/8c1f6461900017e3/battery,3640.0,
1781688766,1637,1634,1637/obj/lora/8c1f6461900017e3/payload,1.0,6fec09030000fa0c0100e4010000c0e009033602ac1102e6e9575c57
1781688766,1637,1634,1637/obj/lora/8c1f6461900017e3/spreading_factor,7.0,
1781688766,1637,1634,1637/obj/lora/8c1f6461900017e3/total_volume,68858.0,
1781688766,1637,1634,1637/obj/lora/8c1f6461900017e3/error_code,0.0,
1781688766,1637,1634,1637/obj/lora/8c1f6461900017e3/gateway_rssi,-106.0,24e124fffef949f8
1781688766,1637,1634,1637/obj/lora/8c1f6461900017e3/leak_status,2.0,
1781688766,1637,1634,1637/obj/lora/8c1f6461900017e3/bandwidth,125000.0,
1781688792,1637,1634,1637/obj/lora/24e124725d489523/gateway_snr,1.2000000476837158,24e124fffef949f8
1781688792,1637,1634,1637/obj/lora/24e124725d489523/bandwidth,125000.0,
1781688792,1637,1634,1637/obj/lora/24e124725d489523/spreading_factor,7.0,
1781688792,1637,1634,1637/obj/lora/24e124725d489523/temperature,20.7,
1781688792,1637,1634,1637/obj/lora/24e124725d489523/,0.0,
1781688792,1637,1634,1637/obj/lora/24e124725d489523/humidity,45.0,
1781688792,1637,1634,1637/obj/lora/24e124725d489523/battery,39.0,
1781688792,1637,1634,1637/obj/lora/24e124725d489523/gateway_rssi,-110.0,24e124fffef949f8
1781688792,1637,1634,1637/obj/lora/24e124725d489523/payload,85.0,0175270367cf0004685a
1781688792,1637,1634,1637/obj/lora/24e124725d489523/frame_counter,7523.0,
1781688794,1637,1634,1637/obj/lora/8c1f6461900021c1/bandwidth,125000.0,
1781688794,1637,1634,1637/obj/lora/8c1f6461900021c1/battery_recovered,3664.0,
1781688794,1637,1634,1637/obj/lora/8c1f6461900021c1/error_code,0.0,
1781688794,1637,1634,1637/obj/lora/8c1f6461900021c1/total_volume,115019.0,
1781688794,1637,1634,1637/obj/lora/8c1f6461900021c1/battery,3592.0,
1781688794,1637,1634,1637/obj/lora/8c1f6461900021c1/frame_counter,7667.0,
1781688794,1637,1634,1637/obj/lora/8c1f6461900021c1/gateway_snr,0.800000011920929,24e124fffef94d5c
1781688794,1637,1634,1637/obj/lora/8c1f6461900021c1/,0.0,
1781688794,1637,1634,1637/obj/lora/8c1f6461900021c1/ambient_temp,20.5,
1781688794,1637,1634,1637/obj/lora/8c1f6461900021c1/leak_status,0.0,
1781688794,1637,1634,1637/obj/lora/8c1f6461900021c1/payload,1.0,f2fd090300004bc101001af30500000000000000000000e0e9505151
1781688794,1637,1634,1637/obj/lora/8c1f6461900021c1/water_temp_min,20.0,
1781688794,1637,1634,1637/obj/lora/8c1f6461900021c1/water_temp_max,20.5,
1781688794,1637,1634,1637/obj/lora/8c1f6461900021c1/spreading_factor,7.0,
1781688794,1637,1634,1637/obj/lora/8c1f6461900021c1/gateway_rssi,-106.0,24e124fffef94d5c
1781688860,1637,1634,1637/obj/lora/8c1f6461900021e2/leak_status,2.0,
1781688860,1637,1634,1637/obj/lora/8c1f6461900021e2/gateway_snr,7.199999809265137,24e124fffef949f8
1781688860,1637,1634,1637/obj/lora/8c1f6461900021e2/ambient_temp,21.5,
1781688860,1637,1634,1637/obj/lora/8c1f6461900021e2/total_volume,56805.0,
1781688860,1637,1634,1637/obj/lora/8c1f6461900021e2/,0.0,
1781688860,1637,1634,1637/obj/lora/8c1f6461900021e2/bandwidth,125000.0,
1781688860,1637,1634,1637/obj/lora/8c1f6461900021e2/battery,3624.0,
1781688860,1637,1634,1637/obj/lora/8c1f6461900021e2/payload,1.0,47fe09030000e5dd0000320000003cf00903db05280e02e4ea495153
1781688860,1637,1634,1637/obj/lora/8c1f6461900021e2/water_temp_max,20.5,
1781688860,1637,1634,1637/obj/lora/8c1f6461900021e2/water_temp_min,16.5,
1781688860,1637,1634,1637/obj/lora/8c1f6461900021e2/frame_counter,3645.0,
1781688860,1637,1634,1637/obj/lora/8c1f6461900021e2/spreading_factor,7.0,
1781688860,1637,1634,1637/obj/lora/8c1f6461900021e2/battery_recovered,3672.0,
1781688860,1637,1634,1637/obj/lora/8c1f6461900021e2/gateway_rssi,-105.0,24e124fffef949f8
1781688860,1637,1634,1637/obj/lora/8c1f6461900021e2/error_code,0.0,
1781688990,1637,1634,1637/obj/lora/8c1f646190001ba9/battery_recovered,3672.0,
1781688990,1637,1634,1637/obj/lora/8c1f646190001ba9/,0.0,
1781688990,1637,1634,1637/obj/lora/8c1f646190001ba9/ambient_temp,22.5,
1781688990,1637,1634,1637/obj/lora/8c1f646190001ba9/bandwidth,125000.0,
1781688990,1637,1634,1637/obj/lora/8c1f646190001ba9/battery,3608.0,
1781688990,1637,1634,1637/obj/lora/8c1f646190001ba9/error_code,0.0,
1781688990,1637,1634,1637/obj/lora/8c1f646190001ba9/water_temp_min,22.0,
1781688990,1637,1634,1637/obj/lora/8c1f646190001ba9/frame_counter,7078.0,
1781688990,1637,1634,1637/obj/lora/8c1f646190001ba9/gateway_snr,5.199999809265137,24e124fffef949f8
1781688990,1637,1634,1637/obj/lora/8c1f646190001ba9/gateway_rssi,-107.0,24e124fffef949f8
1781688990,1637,1634,1637/obj/lora/8c1f646190001ba9/water_temp_max,23.0,
1781688990,1637,1634,1637/obj/lora/8c1f646190001ba9/total_volume,31805.0,
1781688990,1637,1634,1637/obj/lora/8c1f646190001ba9/spreading_factor,7.0,
1781688990,1637,1634,1637/obj/lora/8c1f646190001ba9/payload,1.0,c6ef090300003d7c000081460b00cae109034901570202e2ea545655
1781688990,1637,1634,1637/obj/lora/8c1f646190001ba9/leak_status,2.0,
1781689011,1637,1634,1637/obj/lora/8c1f6461900018ba/frame_counter,5756.0,
1781689011,1637,1634,1637/obj/lora/8c1f6461900018ba/gateway_snr,4.800000190734863,24e124fffef94d5c
1781689011,1637,1634,1637/obj/lora/8c1f6461900018ba/gateway_rssi,-103.0,24e124fffef94d5c
1781689011,1637,1634,1637/obj/lora/8c1f6461900018ba/bandwidth,125000.0,
1781689011,1637,1634,1637/obj/lora/8c1f6461900018ba/leak_status,2.0,
1781689011,1637,1634,1637/obj/lora/8c1f6461900018ba/payload,1.0,a8b709030000ad1d000000000000d5a909033003be0202dfea525352
1781689011,1637,1634,1637/obj/lora/8c1f6461900018ba/spreading_factor,7.0,
1781689011,1637,1634,1637/obj/lora/8c1f6461900018ba/total_volume,7597.0,
1781689011,1637,1634,1637/obj/lora/8c1f6461900018ba/error_code,0.0,
1781689011,1637,1634,1637/obj/lora/8c1f6461900018ba/battery,3584.0,
1781689011,1637,1634,1637/obj/lora/8c1f6461900018ba/,0.0,
1781689011,1637,1634,1637/obj/lora/8c1f6461900018ba/battery_recovered,3672.0,
1781689011,1637,1634,1637/obj/lora/8c1f6461900018ba/ambient_temp,21.0,
1781689011,1637,1634,1637/obj/lora/8c1f6461900018ba/water_temp_max,21.5,
1781689011,1637,1634,1637/obj/lora/8c1f6461900018ba/water_temp_min,21.0,
1781689075,1637,1634,1637/obj/lora/8c1f646190001fcb/ambient_temp,22.0,
1781689075,1637,1634,1637/obj/lora/8c1f646190001fcb/error_code,0.0,
1781689075,1637,1634,1637/obj/lora/8c1f646190001fcb/spreading_factor,7.0,
1781689075,1637,1634,1637/obj/lora/8c1f646190001fcb/water_temp_min,16.5,
1781689075,1637,1634,1637/obj/lora/8c1f646190001fcb/gateway_snr,-0.20000000298023224,24e124fffef94d5c
1781689075,1637,1634,1637/obj/lora/8c1f646190001fcb/leak_status,0.0,
1781689075,1637,1634,1637/obj/lora/8c1f646190001fcb/payload,1.0,b1a40d030000745d000000000000000000000000000000eaed495454
1781689075,1637,1634,1637/obj/lora/8c1f646190001fcb/battery,3672.0,
1781689075,1637,1634,1637/obj/lora/8c1f646190001fcb/battery_recovered,3696.0,
1781689075,1637,1634,1637/obj/lora/8c1f646190001fcb/gateway_rssi,-107.0,24e124fffef94d5c
1781689075,1637,1634,1637/obj/lora/8c1f646190001fcb/frame_counter,7392.0,
1781689075,1637,1634,1637/obj/lora/8c1f646190001fcb/,0.0,
1781689075,1637,1634,1637/obj/lora/8c1f646190001fcb/bandwidth,125000.0,
1781689075,1637,1634,1637/obj/lora/8c1f646190001fcb/total_volume,23924.0,
1781689075,1637,1634,1637/obj/lora/8c1f646190001fcb/water_temp_max,22.0,
1781689090,1637,1634,1637/obj/lora/8c1f646190002244/error_code,0.0,
1781689090,1637,1634,1637/obj/lora/8c1f646190002244/frame_counter,6481.0,
1781689090,1637,1634,1637/obj/lora/8c1f646190002244/leak_status,0.0,
1781689090,1637,1634,1637/obj/lora/8c1f646190002244/payload,1.0,5fc10903000028b9010003000000000000000000000000e2eb555656
1781689090,1637,1634,1637/obj/lora/8c1f646190002244/spreading_factor,7.0,
1781689090,1637,1634,1637/obj/lora/8c1f646190002244/water_temp_min,22.5,
1781689090,1637,1634,1637/obj/lora/8c1f646190002244/water_temp_max,23.0,
1781689090,1637,1634,1637/obj/lora/8c1f646190002244/gateway_snr,4.199999809265137,24e124fffef94d5c
1781689090,1637,1634,1637/obj/lora/8c1f646190002244/,0.0,
1781689090,1637,1634,1637/obj/lora/8c1f646190002244/ambient_temp,23.0,
1781689090,1637,1634,1637/obj/lora/8c1f646190002244/battery,3608.0,
1781689090,1637,1634,1637/obj/lora/8c1f646190002244/bandwidth,125000.0,
1781689090,1637,1634,1637/obj/lora/8c1f646190002244/gateway_rssi,-104.0,24e124fffef94d5c
1781689090,1637,1634,1637/obj/lora/8c1f646190002244/total_volume,112936.0,
1781689090,1637,1634,1637/obj/lora/8c1f646190002244/battery_recovered,3680.0,
1781689175,1637,1634,1637/obj/lora/8c1f6461900021bd/gateway_snr,1.7999999523162842,24e124fffef94d5c
1781689175,1637,1634,1637/obj/lora/8c1f6461900021bd/payload,1.0,eef8090300008d18010000000000000000000000000000dee8545454
1781689175,1637,1634,1637/obj/lora/8c1f6461900021bd/battery,3576.0,
1781689175,1637,1634,1637/obj/lora/8c1f6461900021bd/battery_recovered,3656.0,
1781689175,1637,1634,1637/obj/lora/8c1f6461900021bd/spreading_factor,7.0,
1781689175,1637,1634,1637/obj/lora/8c1f6461900021bd/water_temp_min,22.0,
1781689175,1637,1634,1637/obj/lora/8c1f6461900021bd/gateway_rssi,-106.0,24e124fffef94d5c
1781689175,1637,1634,1637/obj/lora/8c1f6461900021bd/water_temp_max,22.0,
1781689175,1637,1634,1637/obj/lora/8c1f6461900021bd/bandwidth,125000.0,
1781689175,1637,1634,1637/obj/lora/8c1f6461900021bd/error_code,0.0,
1781689175,1637,1634,1637/obj/lora/8c1f6461900021bd/frame_counter,6637.0,
1781689175,1637,1634,1637/obj/lora/8c1f6461900021bd/,0.0,
1781689175,1637,1634,1637/obj/lora/8c1f6461900021bd/ambient_temp,22.0,
1781689175,1637,1634,1637/obj/lora/8c1f6461900021bd/leak_status,0.0,
1781689175,1637,1634,1637/obj/lora/8c1f6461900021bd/total_volume,71821.0,
1781689391,1637,1634,1637/obj/lora/24e124725d489523/payload,85.0,0175270367cf00046859
1781689391,1637,1634,1637/obj/lora/24e124725d489523/bandwidth,125000.0,
1781689391,1637,1634,1637/obj/lora/24e124725d489523/gateway_snr,-1.2000000476837158,24e124fffef949f8
1781689391,1637,1634,1637/obj/lora/24e124725d489523/gateway_rssi,-111.0,24e124fffef949f8
1781689391,1637,1634,1637/obj/lora/24e124725d489523/,0.0,
1781689391,1637,1634,1637/obj/lora/24e124725d489523/frame_counter,7524.0,
1781689391,1637,1634,1637/obj/lora/24e124725d489523/battery,39.0,
1781689391,1637,1634,1637/obj/lora/24e124725d489523/temperature,20.7,
1781689391,1637,1634,1637/obj/lora/24e124725d489523/humidity,44.5,
1781689391,1637,1634,1637/obj/lora/24e124725d489523/spreading_factor,7.0,
1781689546,1637,1634,1637/obj/lora/8c1f64619000227c/,0.0,
1781689546,1637,1634,1637/obj/lora/8c1f64619000227c/ambient_temp,23.0,
1781689546,1637,1634,1637/obj/lora/8c1f64619000227c/battery_recovered,3664.0,
1781689546,1637,1634,1637/obj/lora/8c1f64619000227c/leak_status,2.0,
1781689546,1637,1634,1637/obj/lora/8c1f64619000227c/error_code,0.0,
1781689546,1637,1634,1637/obj/lora/8c1f64619000227c/water_temp_min,23.0,
1781689546,1637,1634,1637/obj/lora/8c1f64619000227c/total_volume,12937.0,
1781689546,1637,1634,1637/obj/lora/8c1f64619000227c/spreading_factor,7.0,
1781689546,1637,1634,1637/obj/lora/8c1f64619000227c/water_temp_max,23.0,
1781689546,1637,1634,1637/obj/lora/8c1f64619000227c/payload,1.0,c0cf0903000089320000e7ad0400b9c1090343ff010102dee9565656
1781689546,1637,1634,1637/obj/lora/8c1f64619000227c/bandwidth,125000.0,
1781689546,1637,1634,1637/obj/lora/8c1f64619000227c/gateway_snr,-2.200000047683716,24e124fffef949f8
1781689546,1637,1634,1637/obj/lora/8c1f64619000227c/frame_counter,7524.0,
1781689546,1637,1634,1637/obj/lora/8c1f64619000227c/gateway_rssi,-113.0,24e124fffef949f8
1781689546,1637,1634,1637/obj/lora/8c1f64619000227c/battery,3576.0,
1781689576,1637,1634,1637/obj/lora/8c1f64619000171c/gateway_rssi,-109.0,24e124fffef949f8
1781689576,1637,1634,1637/obj/lora/8c1f64619000171c/gateway_snr,4.5,24e124fffef949f8
1781689576,1637,1634,1637/obj/lora/8c1f64619000171c/leak_status,2.0,
1781689576,1637,1634,1637/obj/lora/8c1f64619000171c/payload,1.0,a9ad0d0300001946000012000000bc9f0d03be001d0202e8ea575857
1781689576,1637,1634,1637/obj/lora/8c1f64619000171c/frame_counter,3609.0,
1781689576,1637,1634,1637/obj/lora/8c1f64619000171c/water_temp_min,23.5,
1781689576,1637,1634,1637/obj/lora/8c1f64619000171c/water_temp_max,24.0,
1781689576,1637,1634,1637/obj/lora/8c1f64619000171c/error_code,0.0,
1781689576,1637,1634,1637/obj/lora/8c1f64619000171c/battery_recovered,3672.0,
1781689576,1637,1634,1637/obj/lora/8c1f64619000171c/,0.0,
1781689576,1637,1634,1637/obj/lora/8c1f64619000171c/ambient_temp,23.5,
1781689576,1637,1634,1637/obj/lora/8c1f64619000171c/bandwidth,125000.0,
1781689576,1637,1634,1637/obj/lora/8c1f64619000171c/battery,3656.0,
1781689576,1637,1634,1637/obj/lora/8c1f64619000171c/total_volume,17945.0,
1781689576,1637,1634,1637/obj/lora/8c1f64619000171c/spreading_factor,7.0,
1781689577,1637,1634,1637/obj/lora/8c1f646190001c1f/leak_status,2.0,
1781689577,1637,1634,1637/obj/lora/8c1f646190001c1f/water_temp_max,24.0,
1781689577,1637,1634,1637/obj/lora/8c1f646190001c1f/spreading_factor,7.0,
1781689577,1637,1634,1637/obj/lora/8c1f646190001c1f/ambient_temp,23.0,
1781689577,1637,1634,1637/obj/lora/8c1f646190001c1f/total_volume,44073.0,
1781689577,1637,1634,1637/obj/lora/8c1f646190001c1f/error_code,0.0,
1781689577,1637,1634,1637/obj/lora/8c1f646190001c1f/frame_counter,1942.0,
1781689577,1637,1634,1637/obj/lora/8c1f646190001c1f/payload,1.0,bdf20903000029ac000000000000b9e40903c7fdf31102e4ec585856
1781689577,1637,1634,1637/obj/lora/8c1f646190001c1f/bandwidth,125000.0,
1781689577,1637,1634,1637/obj/lora/8c1f646190001c1f/battery_recovered,3688.0,
1781689577,1637,1634,1637/obj/lora/8c1f646190001c1f/gateway_snr,5.800000190734863,24e124fffef949f8
1781689577,1637,1634,1637/obj/lora/8c1f646190001c1f/water_temp_min,24.0,
1781689577,1637,1634,1637/obj/lora/8c1f646190001c1f/battery,3624.0,
1781689577,1637,1634,1637/obj/lora/8c1f646190001c1f/gateway_rssi,-105.0,24e124fffef949f8
1781689577,1637,1634,1637/obj/lora/8c1f646190001c1f/,0.0,
1781689768,1637,1634,1637/obj/lora/8c1f646190001bea/battery,3592.0,
1781689768,1637,1634,1637/obj/lora/8c1f646190001bea/error_code,0.0,
1781689768,1637,1634,1637/obj/lora/8c1f646190001bea/frame_counter,7695.0,
1781689768,1637,1634,1637/obj/lora/8c1f646190001bea/spreading_factor,7.0,
1781689768,1637,1634,1637/obj/lora/8c1f646190001bea/battery_recovered,3656.0,
1781689768,1637,1634,1637/obj/lora/8c1f646190001bea/,0.0,
1781689768,1637,1634,1637/obj/lora/8c1f646190001bea/bandwidth,125000.0,
1781689768,1637,1634,1637/obj/lora/8c1f646190001bea/ambient_temp,22.5,
1781689768,1637,1634,1637/obj/lora/8c1f646190001bea/gateway_rssi,-105.0,24e124fffef94d5c
1781689768,1637,1634,1637/obj/lora/8c1f646190001bea/gateway_snr,3.5,24e124fffef94d5c
1781689768,1637,1634,1637/obj/lora/8c1f646190001bea/water_temp_max,22.5,
1781689768,1637,1634,1637/obj/lora/8c1f646190001bea/leak_status,2.0,
1781689768,1637,1634,1637/obj/lora/8c1f646190001bea/water_temp_min,22.0,
1781689768,1637,1634,1637/obj/lora/8c1f646190001bea/total_volume,34015.0,
1781689768,1637,1634,1637/obj/lora/8c1f646190001bea/payload,1.0,6ee309030000df840000206c0c0083d50903d3fe0d0202e0e8545555
1781689904,1637,1634,1637/obj/lora/8c1f646190001833/spreading_factor,7.0,
1781689904,1637,1634,1637/obj/lora/8c1f646190001833/battery_recovered,3672.0,
1781689904,1637,1634,1637/obj/lora/8c1f646190001833/error_code,0.0,
1781689904,1637,1634,1637/obj/lora/8c1f646190001833/bandwidth,125000.0,
1781689904,1637,1634,1637/obj/lora/8c1f646190001833/payload,1.0,adbb09030000262e000000000000b2ad09032e06450102e0ea545454
1781689904,1637,1634,1637/obj/lora/8c1f646190001833/water_temp_max,22.0,
1781689904,1637,1634,1637/obj/lora/8c1f646190001833/total_volume,11814.0,
1781689904,1637,1634,1637/obj/lora/8c1f646190001833/gateway_rssi,-105.0,24e124fffef94d5c
1781689904,1637,1634,1637/obj/lora/8c1f646190001833/,0.0,
1781689904,1637,1634,1637/obj/lora/8c1f646190001833/battery,3592.0,
1781689904,1637,1634,1637/obj/lora/8c1f646190001833/gateway_snr,3.5,24e124fffef94d5c
1781689904,1637,1634,1637/obj/lora/8c1f646190001833/ambient_temp,22.0,
1781689904,1637,1634,1637/obj/lora/8c1f646190001833/water_temp_min,22.0,
1781689904,1637,1634,1637/obj/lora/8c1f646190001833/frame_counter,5854.0,
1781689904,1637,1634,1637/obj/lora/8c1f646190001833/leak_status,2.0,
1781690072,1637,1634,1637/obj/lora/8c1f6461900021e8/,0.0,
1781690072,1637,1634,1637/obj/lora/8c1f6461900021e8/water_temp_min,25.0,
1781690072,1637,1634,1637/obj/lora/8c1f6461900021e8/water_temp_max,25.5,
1781690072,1637,1634,1637/obj/lora/8c1f6461900021e8/ambient_temp,23.5,
1781690072,1637,1634,1637/obj/lora/8c1f6461900021e8/total_volume,46744.0,
1781690072,1637,1634,1637/obj/lora/8c1f6461900021e8/gateway_snr,2.5,24e124fffef949f8
1781690072,1637,1634,1637/obj/lora/8c1f6461900021e8/payload,1.0,52050a03000098b600007d61070062f70903a806ea0902e7ea5a5b57
1781690072,1637,1634,1637/obj/lora/8c1f6461900021e8/battery,3648.0,
1781690072,1637,1634,1637/obj/lora/8c1f6461900021e8/frame_counter,3456.0,
1781690072,1637,1634,1637/obj/lora/8c1f6461900021e8/spreading_factor,7.0,
1781690072,1637,1634,1637/obj/lora/8c1f6461900021e8/battery_recovered,3672.0,
1781690072,1637,1634,1637/obj/lora/8c1f6461900021e8/leak_status,2.0,
1781690072,1637,1634,1637/obj/lora/8c1f6461900021e8/gateway_rssi,-108.0,24e124fffef949f8
1781690072,1637,1634,1637/obj/lora/8c1f6461900021e8/bandwidth,125000.0,
1781690072,1637,1634,1637/obj/lora/8c1f6461900021e8/error_code,0.0,
1781690084,1637,1634,1637/obj/lora/8c1f646190001ebd/leak_status,2.0,
1781690084,1637,1634,1637/obj/lora/8c1f646190001ebd/gateway_snr,6.0,24e124fffef949f8
1781690084,1637,1634,1637/obj/lora/8c1f646190001ebd/error_code,0.0,
1781690084,1637,1634,1637/obj/lora/8c1f646190001ebd/water_temp_max,23.5,
1781690084,1637,1634,1637/obj/lora/8c1f646190001ebd/battery_recovered,3696.0,
1781690084,1637,1634,1637/obj/lora/8c1f646190001ebd/gateway_rssi,-106.0,24e124fffef949f8
1781690084,1637,1634,1637/obj/lora/8c1f646190001ebd/spreading_factor,7.0,
1781690084,1637,1634,1637/obj/lora/8c1f646190001ebd/bandwidth,125000.0,
1781690084,1637,1634,1637/obj/lora/8c1f646190001ebd/ambient_temp,22.5,
1781690084,1637,1634,1637/obj/lora/8c1f646190001ebd/total_volume,27358.0,
1781690084,1637,1634,1637/obj/lora/8c1f646190001ebd/payload,1.0,31fc09030000de6a0000000000002aee090397fd3d0a02e3ed565755
1781690084,1637,1634,1637/obj/lora/8c1f646190001ebd/,0.0,
1781690084,1637,1634,1637/obj/lora/8c1f646190001ebd/frame_counter,7927.0,
1781690084,1637,1634,1637/obj/lora/8c1f646190001ebd/battery,3616.0,
1781690084,1637,1634,1637/obj/lora/8c1f646190001ebd/water_temp_min,23.0,
1781690155,1637,1634,1637/obj/lora/8c1f6461900021c5/water_temp_min,21.5,
1781690155,1637,1634,1637/obj/lora/8c1f6461900021c5/leak_status,2.0,
1781690155,1637,1634,1637/obj/lora/8c1f6461900021c5/bandwidth,125000.0,
1781690155,1637,1634,1637/obj/lora/8c1f6461900021c5/battery,3600.0,
1781690155,1637,1634,1637/obj/lora/8c1f6461900021c5/ambient_temp,22.0,
1781690155,1637,1634,1637/obj/lora/8c1f6461900021c5/water_temp_max,22.0,
1781690155,1637,1634,1637/obj/lora/8c1f6461900021c5/total_volume,12238.0,
1781690155,1637,1634,1637/obj/lora/8c1f6461900021c5/gateway_rssi,-107.0,24e124fffef949f8
1781690155,1637,1634,1637/obj/lora/8c1f6461900021c5/frame_counter,6821.0,
1781690155,1637,1634,1637/obj/lora/8c1f6461900021c5/error_code,0.0,
1781690155,1637,1634,1637/obj/lora/8c1f6461900021c5/payload,1.0,94f109030000ce2f00000000000085e30903f7e4da0102e1e9535454
1781690155,1637,1634,1637/obj/lora/8c1f6461900021c5/spreading_factor,7.0,
1781690155,1637,1634,1637/obj/lora/8c1f6461900021c5/gateway_snr,4.0,24e124fffef949f8
1781690155,1637,1634,1637/obj/lora/8c1f6461900021c5/,0.0,
1781690155,1637,1634,1637/obj/lora/8c1f6461900021c5/battery_recovered,3664.0,
1781690202,1637,1634,1637/obj/lora/8c1f646190001901/payload,1.0,52f609030000df3400000500000051e80903d601d20202dfeb535453
1781690202,1637,1634,1637/obj/lora/8c1f646190001901/gateway_snr,3.0,24e124fffef94d5c
1781690202,1637,1634,1637/obj/lora/8c1f646190001901/frame_counter,7670.0,
1781690202,1637,1634,1637/obj/lora/8c1f646190001901/spreading_factor,7.0,
1781690202,1637,1634,1637/obj/lora/8c1f646190001901/total_volume,13535.0,
1781690202,1637,1634,1637/obj/lora/8c1f646190001901/battery_recovered,3680.0,
1781690202,1637,1634,1637/obj/lora/8c1f646190001901/gateway_rssi,-105.0,24e124fffef94d5c
1781690202,1637,1634,1637/obj/lora/8c1f646190001901/battery,3584.0,
1781690202,1637,1634,1637/obj/lora/8c1f646190001901/error_code,0.0,
1781690202,1637,1634,1637/obj/lora/8c1f646190001901/ambient_temp,21.5,
1781690202,1637,1634,1637/obj/lora/8c1f646190001901/,0.0,
1781690202,1637,1634,1637/obj/lora/8c1f646190001901/water_temp_max,22.0,
1781690202,1637,1634,1637/obj/lora/8c1f646190001901/water_temp_min,21.5,
1781690202,1637,1634,1637/obj/lora/8c1f646190001901/bandwidth,125000.0,
1781690202,1637,1634,1637/obj/lora/8c1f646190001901/leak_status,2.0,
1781690274,1637,1634,1637/obj/lora/8c1f646190001592/,0.0,
1781690274,1637,1634,1637/obj/lora/8c1f646190001592/ambient_temp,21.0,
1781690274,1637,1634,1637/obj/lora/8c1f646190001592/battery_recovered,3664.0,
1781690274,1637,1634,1637/obj/lora/8c1f646190001592/error_code,0.0,
1781690274,1637,1634,1637/obj/lora/8c1f646190001592/battery,3648.0,
1781690274,1637,1634,1637/obj/lora/8c1f646190001592/bandwidth,125000.0,
1781690274,1637,1634,1637/obj/lora/8c1f646190001592/water_temp_max,47.0,
1781690274,1637,1634,1637/obj/lora/8c1f646190001592/frame_counter,3628.0,
1781690274,1637,1634,1637/obj/lora/8c1f646190001592/gateway_snr,7.800000190734863,24e124fffef949f8
1781690274,1637,1634,1637/obj/lora/8c1f646190001592/spreading_factor,7.0,
1781690274,1637,1634,1637/obj/lora/8c1f646190001592/gateway_rssi,-104.0,24e124fffef949f8
1781690274,1637,1634,1637/obj/lora/8c1f646190001592/leak_status,2.0,
1781690274,1637,1634,1637/obj/lora/8c1f646190001592/total_volume,33692.0,
1781690274,1637,1634,1637/obj/lora/8c1f646190001592/water_temp_min,21.0,
1781690274,1637,1634,1637/obj/lora/8c1f646190001592/payload,1.0,9ad5090300009c83000024bc0b00b2c70903db00420402e7e9528652
1781690307,1637,1634,1637/obj/lora/8c1f646190001c9b/spreading_factor,7.0,
1781690307,1637,1634,1637/obj/lora/8c1f646190001c9b/gateway_snr,3.799999952316284,24e124fffef94d5c
1781690307,1637,1634,1637/obj/lora/8c1f646190001c9b/water_temp_max,42.0,
1781690307,1637,1634,1637/obj/lora/8c1f646190001c9b/water_temp_min,41.5,
1781690307,1637,1634,1637/obj/lora/8c1f646190001c9b/leak_status,2.0,
1781690307,1637,1634,1637/obj/lora/8c1f646190001c9b/total_volume,46750.0,
1781690307,1637,1634,1637/obj/lora/8c1f646190001c9b/battery_recovered,3664.0,
1781690307,1637,1634,1637/obj/lora/8c1f646190001c9b/ambient_temp,25.0,
1781690307,1637,1634,1637/obj/lora/8c1f646190001c9b/gateway_rssi,-104.0,24e124fffef94d5c
1781690307,1637,1634,1637/obj/lora/8c1f646190001c9b/error_code,0.0,
1781690307,1637,1634,1637/obj/lora/8c1f646190001c9b/,0.0,
1781690307,1637,1634,1637/obj/lora/8c1f646190001c9b/battery,3592.0,
1781690307,1637,1634,1637/obj/lora/8c1f646190001c9b/bandwidth,125000.0,
1781690307,1637,1634,1637/obj/lora/8c1f646190001c9b/frame_counter,7513.0,
1781690307,1637,1634,1637/obj/lora/8c1f646190001c9b/payload,1.0,9af0090300009eb600000e940e00c4e209034b03530702e0e97b7c5a
1781690336,1637,1634,1637/obj/lora/8c1f646190001947/error_code,0.0,
1781690336,1637,1634,1637/obj/lora/8c1f646190001947/water_temp_max,23.0,
1781690336,1637,1634,1637/obj/lora/8c1f646190001947/spreading_factor,7.0,
1781690336,1637,1634,1637/obj/lora/8c1f646190001947/total_volume,38264.0,
1781690336,1637,1634,1637/obj/lora/8c1f646190001947/gateway_snr,3.5,24e124fffef94d5c
1781690336,1637,1634,1637/obj/lora/8c1f646190001947/leak_status,2.0,
1781690336,1637,1634,1637/obj/lora/8c1f646190001947/,0.0,
1781690336,1637,1634,1637/obj/lora/8c1f646190001947/water_temp_min,22.5,
1781690336,1637,1634,1637/obj/lora/8c1f646190001947/gateway_rssi,-104.0,24e124fffef94d5c
1781690336,1637,1634,1637/obj/lora/8c1f646190001947/frame_counter,7371.0,
1781690336,1637,1634,1637/obj/lora/8c1f646190001947/payload,1.0,0a100a030000789500000000000038020a038003eb0a02dfe8555655
1781690336,1637,1634,1637/obj/lora/8c1f646190001947/bandwidth,125000.0,
1781690336,1637,1634,1637/obj/lora/8c1f646190001947/battery_recovered,3656.0,
1781690336,1637,1634,1637/obj/lora/8c1f646190001947/battery,3584.0,
1781690336,1637,1634,1637/obj/lora/8c1f646190001947/ambient_temp,22.5,
1781690363,1637,1634,1637/obj/lora/8c1f64619000177c/leak_status,0.0,
1781690363,1637,1634,1637/obj/lora/8c1f64619000177c/water_temp_max,21.5,
1781690363,1637,1634,1637/obj/lora/8c1f64619000177c/payload,1.0,d5d609030000b6e1000000000000000000000000000000e3eb535354
1781690363,1637,1634,1637/obj/lora/8c1f64619000177c/bandwidth,125000.0,
1781690363,1637,1634,1637/obj/lora/8c1f64619000177c/ambient_temp,22.0,
1781690363,1637,1634,1637/obj/lora/8c1f64619000177c/error_code,0.0,
1781690363,1637,1634,1637/obj/lora/8c1f64619000177c/battery_recovered,3680.0,
1781690363,1637,1634,1637/obj/lora/8c1f64619000177c/battery,3616.0,
1781690363,1637,1634,1637/obj/lora/8c1f64619000177c/,0.0,
1781690363,1637,1634,1637/obj/lora/8c1f64619000177c/spreading_factor,7.0,
1781690363,1637,1634,1637/obj/lora/8c1f64619000177c/water_temp_min,21.5,
1781690363,1637,1634,1637/obj/lora/8c1f64619000177c/gateway_rssi,-99.0,24e124fffef949f8
1781690363,1637,1634,1637/obj/lora/8c1f64619000177c/total_volume,57782.0,
1781690363,1637,1634,1637/obj/lora/8c1f64619000177c/gateway_snr,10.0,24e124fffef949f8
1781690363,1637,1634,1637/obj/lora/8c1f64619000177c/frame_counter,6452.0,
1781690384,1637,1634,1637/obj/lora/8c1f646190001c1c/frame_counter,3674.0,
1781690384,1637,1634,1637/obj/lora/8c1f646190001c1c/spreading_factor,7.0,
1781690384,1637,1634,1637/obj/lora/8c1f646190001c1c/error_code,0.0,
1781690384,1637,1634,1637/obj/lora/8c1f646190001c1c/battery,3616.0,
1781690384,1637,1634,1637/obj/lora/8c1f646190001c1c/bandwidth,125000.0,
1781690384,1637,1634,1637/obj/lora/8c1f646190001c1c/ambient_temp,22.5,
1781690384,1637,1634,1637/obj/lora/8c1f646190001c1c/leak_status,2.0,
1781690384,1637,1634,1637/obj/lora/8c1f646190001c1c/gateway_snr,2.0,24e124fffef949f8
1781690384,1637,1634,1637/obj/lora/8c1f646190001c1c/gateway_rssi,-110.0,24e124fffef949f8
1781690384,1637,1634,1637/obj/lora/8c1f646190001c1c/,0.0,
1781690384,1637,1634,1637/obj/lora/8c1f646190001c1c/total_volume,39223.0,
1781690384,1637,1634,1637/obj/lora/8c1f646190001c1c/water_temp_max,22.5,
1781690384,1637,1634,1637/obj/lora/8c1f646190001c1c/water_temp_min,22.5,
1781690384,1637,1634,1637/obj/lora/8c1f646190001c1c/battery_recovered,3656.0,
1781690384,1637,1634,1637/obj/lora/8c1f646190001c1c/payload,1.0,e4cf0d030000379900004d0b0b0009c20d031c01070902e3e8555555
1781690475,1637,1634,1637/obj/lora/8c1f6461900021db/gateway_rssi,-106.0,24e124fffef94d5c
1781690475,1637,1634,1637/obj/lora/8c1f6461900021db/payload,1.0,12ce09030000d13a0000694f05000ac009036a01fe0002dee9515252
1781690475,1637,1634,1637/obj/lora/8c1f6461900021db/water_temp_max,21.0,
1781690475,1637,1634,1637/obj/lora/8c1f6461900021db/battery,3576.0,
1781690475,1637,1634,1637/obj/lora/8c1f6461900021db/water_temp_min,20.5,
1781690475,1637,1634,1637/obj/lora/8c1f6461900021db/spreading_factor,7.0,
1781690475,1637,1634,1637/obj/lora/8c1f6461900021db/error_code,0.0,
1781690475,1637,1634,1637/obj/lora/8c1f6461900021db/,0.0,
1781690475,1637,1634,1637/obj/lora/8c1f6461900021db/frame_counter,7763.0,
1781690475,1637,1634,1637/obj/lora/8c1f6461900021db/ambient_temp,21.0,
1781690475,1637,1634,1637/obj/lora/8c1f6461900021db/total_volume,15057.0,
1781690475,1637,1634,1637/obj/lora/8c1f6461900021db/leak_status,2.0,
1781690475,1637,1634,1637/obj/lora/8c1f6461900021db/battery_recovered,3664.0,
1781690475,1637,1634,1637/obj/lora/8c1f6461900021db/gateway_snr,2.799999952316284,24e124fffef94d5c
1781690475,1637,1634,1637/obj/lora/8c1f6461900021db/bandwidth,125000.0,
1781690571,1637,1634,1637/obj/lora/8c1f6461900020d1/gateway_snr,6.0,24e124fffef949f8
1781690571,1637,1634,1637/obj/lora/8c1f6461900020d1/leak_status,2.0,
1781690571,1637,1634,1637/obj/lora/8c1f6461900020d1/water_temp_min,23.0,
1781690571,1637,1634,1637/obj/lora/8c1f6461900020d1/gateway_rssi,-106.0,24e124fffef949f8
1781690571,1637,1634,1637/obj/lora/8c1f6461900020d1/error_code,0.0,
1781690571,1637,1634,1637/obj/lora/8c1f6461900020d1/total_volume,13636.0,
1781690571,1637,1634,1637/obj/lora/8c1f6461900020d1/battery_recovered,3648.0,
1781690571,1637,1634,1637/obj/lora/8c1f6461900020d1/,0.0,
1781690571,1637,1634,1637/obj/lora/8c1f6461900020d1/battery,3576.0,
1781690571,1637,1634,1637/obj/lora/8c1f6461900020d1/bandwidth,125000.0,
1781690571,1637,1634,1637/obj/lora/8c1f6461900020d1/ambient_temp,24.0,
1781690571,1637,1634,1637/obj/lora/8c1f6461900020d1/water_temp_max,23.0,
1781690571,1637,1634,1637/obj/lora/8c1f6461900020d1/spreading_factor,7.0,
1781690571,1637,1634,1637/obj/lora/8c1f6461900020d1/payload,1.0,b3d20903000044350000e6fd0400b5c409035702350102dee7565658
1781690571,1637,1634,1637/obj/lora/8c1f6461900020d1/frame_counter,6353.0,
1781690591,1637,1634,1637/obj/lora/24e124725d489523/spreading_factor,7.0,
1781690591,1637,1634,1637/obj/lora/24e124725d489523/bandwidth,125000.0,
1781690591,1637,1634,1637/obj/lora/24e124725d489523/payload,85.0,0175270367cf00046859
1781690591,1637,1634,1637/obj/lora/24e124725d489523/battery,39.0,
1781690591,1637,1634,1637/obj/lora/24e124725d489523/temperature,20.7,
1781690591,1637,1634,1637/obj/lora/24e124725d489523/,0.0,
1781690591,1637,1634,1637/obj/lora/24e124725d489523/humidity,44.5,
1781690591,1637,1634,1637/obj/lora/24e124725d489523/gateway_rssi,-112.0,24e124fffef949f8
1781690591,1637,1634,1637/obj/lora/24e124725d489523/frame_counter,7526.0,
1781690591,1637,1634,1637/obj/lora/24e124725d489523/gateway_snr,-1.2000000476837158,24e124fffef949f8
1781690617,1637,1634,1637/obj/lora/8c1f6461900019cb/bandwidth,125000.0,
1781690617,1637,1634,1637/obj/lora/8c1f6461900019cb/error_code,0.0,
1781690617,1637,1634,1637/obj/lora/8c1f6461900019cb/,0.0,
1781690617,1637,1634,1637/obj/lora/8c1f6461900019cb/battery,3592.0,
1781690617,1637,1634,1637/obj/lora/8c1f6461900019cb/ambient_temp,20.0,
1781690617,1637,1634,1637/obj/lora/8c1f6461900019cb/gateway_snr,-0.20000000298023224,24e124fffef94d5c
1781690617,1637,1634,1637/obj/lora/8c1f6461900019cb/water_temp_min,20.5,
1781690617,1637,1634,1637/obj/lora/8c1f6461900019cb/spreading_factor,7.0,
1781690617,1637,1634,1637/obj/lora/8c1f6461900019cb/frame_counter,7821.0,
1781690617,1637,1634,1637/obj/lora/8c1f6461900019cb/leak_status,2.0,
1781690617,1637,1634,1637/obj/lora/8c1f6461900019cb/total_volume,10558.0,
1781690617,1637,1634,1637/obj/lora/8c1f6461900019cb/water_temp_max,21.0,
1781690617,1637,1634,1637/obj/lora/8c1f6461900019cb/gateway_rssi,-108.0,24e124fffef94d5c
1781690617,1637,1634,1637/obj/lora/8c1f6461900019cb/payload,1.0,52d3090300003e2900000000000043c50903f400a60402e0ec515250
1781690617,1637,1634,1637/obj/lora/8c1f6461900019cb/battery_recovered,3688.0,
1781690624,1637,1634,1637/obj/lora/8c1f64619000170a/spreading_factor,7.0,
1781690624,1637,1634,1637/obj/lora/8c1f64619000170a/bandwidth,125000.0,
1781690624,1637,1634,1637/obj/lora/8c1f64619000170a/battery_recovered,3664.0,
1781690624,1637,1634,1637/obj/lora/8c1f64619000170a/ambient_temp,23.5,
1781690624,1637,1634,1637/obj/lora/8c1f64619000170a/,0.0,
1781690624,1637,1634,1637/obj/lora/8c1f64619000170a/water_temp_min,23.5,
1781690624,1637,1634,1637/obj/lora/8c1f64619000170a/water_temp_max,23.5,
1781690624,1637,1634,1637/obj/lora/8c1f64619000170a/gateway_snr,5.0,24e124fffef94d5c
1781690624,1637,1634,1637/obj/lora/8c1f64619000170a/gateway_rssi,-103.0,24e124fffef94d5c
1781690624,1637,1634,1637/obj/lora/8c1f64619000170a/leak_status,2.0,
1781690624,1637,1634,1637/obj/lora/8c1f64619000170a/payload,1.0,05160a030000cb5c02007c270600630b0a03b71bc40d02e1e9575757
1781690624,1637,1634,1637/obj/lora/8c1f64619000170a/battery,3600.0,
1781690624,1637,1634,1637/obj/lora/8c1f64619000170a/frame_counter,6659.0,
1781690624,1637,1634,1637/obj/lora/8c1f64619000170a/error_code,0.0,
1781690624,1637,1634,1637/obj/lora/8c1f64619000170a/total_volume,154827.0,
1781690681,1637,1634,1637/obj/lora/8c1f6461900021da/error_code,0.0,
1781690681,1637,1634,1637/obj/lora/8c1f6461900021da/battery_recovered,3664.0,
1781690681,1637,1634,1637/obj/lora/8c1f6461900021da/frame_counter,7495.0,
1781690681,1637,1634,1637/obj/lora/8c1f6461900021da/,0.0,
1781690681,1637,1634,1637/obj/lora/8c1f6461900021da/bandwidth,125000.0,
1781690681,1637,1634,1637/obj/lora/8c1f6461900021da/battery,3592.0,
1781690681,1637,1634,1637/obj/lora/8c1f6461900021da/leak_status,2.0,
1781690681,1637,1634,1637/obj/lora/8c1f6461900021da/payload,1.0,d5b3090300009e600000f7900800d5a509037805480302e0e9555554
1781690681,1637,1634,1637/obj/lora/8c1f6461900021da/water_temp_min,22.5,
1781690681,1637,1634,1637/obj/lora/8c1f6461900021da/water_temp_max,22.5,
1781690681,1637,1634,1637/obj/lora/8c1f6461900021da/gateway_snr,5.800000190734863,24e124fffef94d5c
1781690681,1637,1634,1637/obj/lora/8c1f6461900021da/gateway_rssi,-101.0,24e124fffef94d5c
1781690681,1637,1634,1637/obj/lora/8c1f6461900021da/ambient_temp,22.0,
1781690681,1637,1634,1637/obj/lora/8c1f6461900021da/total_volume,24734.0,
1781690681,1637,1634,1637/obj/lora/8c1f6461900021da/spreading_factor,7.0,
1781690703,1637,1634,1637/obj/lora/8c1f646190001963/ambient_temp,22.0,
1781690703,1637,1634,1637/obj/lora/8c1f646190001963/battery_recovered,3680.0,
1781690703,1637,1634,1637/obj/lora/8c1f646190001963/gateway_rssi,-95.0,24e124fffef94d5c
1781690703,1637,1634,1637/obj/lora/8c1f646190001963/payload,1.0,1c0e0a030000c13d00000000000022000a03da02f40802e1eb545454
1781690703,1637,1634,1637/obj/lora/8c1f646190001963/leak_status,2.0,
1781690703,1637,1634,1637/obj/lora/8c1f646190001963/,0.0,
1781690703,1637,1634,1637/obj/lora/8c1f646190001963/battery,3600.0,
1781690703,1637,1634,1637/obj/lora/8c1f646190001963/bandwidth,125000.0,
1781690703,1637,1634,1637/obj/lora/8c1f646190001963/water_temp_max,22.0,
1781690703,1637,1634,1637/obj/lora/8c1f646190001963/error_code,0.0,
1781690703,1637,1634,1637/obj/lora/8c1f646190001963/frame_counter,7740.0,
1781690703,1637,1634,1637/obj/lora/8c1f646190001963/water_temp_min,22.0,
1781690703,1637,1634,1637/obj/lora/8c1f646190001963/total_volume,15809.0,
1781690703,1637,1634,1637/obj/lora/8c1f646190001963/spreading_factor,7.0,
1781690703,1637,1634,1637/obj/lora/8c1f646190001963/gateway_snr,10.199999809265137,24e124fffef94d5c
1781690799,1637,1634,1637/obj/lora/8c1f646190001e41/total_volume,42481.0,
1781690799,1637,1634,1637/obj/lora/8c1f646190001e41/water_temp_min,44.0,
1781690799,1637,1634,1637/obj/lora/8c1f646190001e41/ambient_temp,24.5,
1781690799,1637,1634,1637/obj/lora/8c1f646190001e41/,0.0,
1781690799,1637,1634,1637/obj/lora/8c1f646190001e41/gateway_snr,4.0,24e124fffef949f8
1781690799,1637,1634,1637/obj/lora/8c1f646190001e41/spreading_factor,7.0,
1781690799,1637,1634,1637/obj/lora/8c1f646190001e41/leak_status,2.0,
1781690799,1637,1634,1637/obj/lora/8c1f646190001e41/frame_counter,3567.0,
1781690799,1637,1634,1637/obj/lora/8c1f646190001e41/payload,1.0,49040a030000f1a500005c110f0044f609030afde40102e8ec808159
1781690799,1637,1634,1637/obj/lora/8c1f646190001e41/error_code,0.0,
1781690799,1637,1634,1637/obj/lora/8c1f646190001e41/water_temp_max,44.5,
1781690799,1637,1634,1637/obj/lora/8c1f646190001e41/battery,3656.0,
1781690799,1637,1634,1637/obj/lora/8c1f646190001e41/gateway_rssi,-107.0,24e124fffef949f8
1781690799,1637,1634,1637/obj/lora/8c1f646190001e41/battery_recovered,3688.0,
1781690799,1637,1634,1637/obj/lora/8c1f646190001e41/bandwidth,125000.0,
1781690853,1637,1634,1637/obj/lora/8c1f646190002120/gateway_rssi,-103.0,24e124fffef949f8
1781690853,1637,1634,1637/obj/lora/8c1f646190002120/total_volume,42375.0,
1781690853,1637,1634,1637/obj/lora/8c1f646190002120/water_temp_max,22.5,
1781690853,1637,1634,1637/obj/lora/8c1f646190002120/leak_status,2.0,
1781690853,1637,1634,1637/obj/lora/8c1f646190002120/payload,1.0,c6f00903000087a50000f5e70d00cae209039d00a40002e8eb545554
1781690853,1637,1634,1637/obj/lora/8c1f646190002120/bandwidth,125000.0,
1781690853,1637,1634,1637/obj/lora/8c1f646190002120/water_temp_min,22.0,
1781690853,1637,1634,1637/obj/lora/8c1f646190002120/battery,3656.0,
1781690853,1637,1634,1637/obj/lora/8c1f646190002120/error_code,0.0,
1781690853,1637,1634,1637/obj/lora/8c1f646190002120/,0.0,
1781690853,1637,1634,1637/obj/lora/8c1f646190002120/ambient_temp,22.0,
1781690853,1637,1634,1637/obj/lora/8c1f646190002120/gateway_snr,8.800000190734863,24e124fffef949f8
1781690853,1637,1634,1637/obj/lora/8c1f646190002120/battery_recovered,3680.0,
1781690853,1637,1634,1637/obj/lora/8c1f646190002120/frame_counter,3624.0,
1781690853,1637,1634,1637/obj/lora/8c1f646190002120/spreading_factor,7.0,
1781690885,1637,1634,1637/obj/lora/8c1f6461900015c1/,0.0,
1781690885,1637,1634,1637/obj/lora/8c1f6461900015c1/gateway_rssi,-94.0,24e124fffef94d5c
1781690885,1637,1634,1637/obj/lora/8c1f6461900015c1/battery,3592.0,
1781690885,1637,1634,1637/obj/lora/8c1f6461900015c1/gateway_snr,10.0,24e124fffef94d5c
1781690885,1637,1634,1637/obj/lora/8c1f6461900015c1/total_volume,19025.0,
1781690885,1637,1634,1637/obj/lora/8c1f6461900015c1/leak_status,2.0,
1781690885,1637,1634,1637/obj/lora/8c1f6461900015c1/battery_recovered,3688.0,
1781690885,1637,1634,1637/obj/lora/8c1f6461900015c1/error_code,0.0,
1781690885,1637,1634,1637/obj/lora/8c1f6461900015c1/water_temp_min,14.5,
1781690885,1637,1634,1637/obj/lora/8c1f6461900015c1/frame_counter,7612.0,
1781690885,1637,1634,1637/obj/lora/8c1f6461900015c1/payload,1.0,faca09030000514a000000000000fdbc0903abff480102e0ec455a55
1781690885,1637,1634,1637/obj/lora/8c1f6461900015c1/spreading_factor,7.0,
1781690885,1637,1634,1637/obj/lora/8c1f6461900015c1/bandwidth,125000.0,
1781690885,1637,1634,1637/obj/lora/8c1f6461900015c1/ambient_temp,22.5,
1781690885,1637,1634,1637/obj/lora/8c1f6461900015c1/water_temp_max,25.0,
1781690957,1637,1634,1637/obj/lora/8c1f646190001b0f/water_temp_max,50.5,
1781690957,1637,1634,1637/obj/lora/8c1f646190001b0f/error_code,0.0,
1781690957,1637,1634,1637/obj/lora/8c1f646190001b0f/payload,1.0,3fed09030000f789000032e40a00b4df0903ba01a10102e5e7598d55
1781690957,1637,1634,1637/obj/lora/8c1f646190001b0f/frame_counter,6529.0,
1781690957,1637,1634,1637/obj/lora/8c1f646190001b0f/water_temp_min,24.5,
1781690957,1637,1634,1637/obj/lora/8c1f646190001b0f/leak_status,2.0,
1781690957,1637,1634,1637/obj/lora/8c1f646190001b0f/total_volume,35319.0,
1781690957,1637,1634,1637/obj/lora/8c1f646190001b0f/gateway_snr,-1.0,24e124fffef94d5c
1781690957,1637,1634,1637/obj/lora/8c1f646190001b0f/battery_recovered,3648.0,
1781690957,1637,1634,1637/obj/lora/8c1f646190001b0f/battery,3632.0,
1781690957,1637,1634,1637/obj/lora/8c1f646190001b0f/bandwidth,125000.0,
1781690957,1637,1634,1637/obj/lora/8c1f646190001b0f/spreading_factor,7.0,
1781690957,1637,1634,1637/obj/lora/8c1f646190001b0f/gateway_rssi,-108.0,24e124fffef94d5c
1781690957,1637,1634,1637/obj/lora/8c1f646190001b0f/ambient_temp,22.5,
1781690957,1637,1634,1637/obj/lora/8c1f646190001b0f/,0.0,
1781690984,1637,1634,1637/obj/lora/8c1f64619000228d/battery,3576.0,
1781690984,1637,1634,1637/obj/lora/8c1f64619000228d/battery_recovered,3648.0,
1781690984,1637,1634,1637/obj/lora/8c1f64619000228d/frame_counter,6432.0,
1781690984,1637,1634,1637/obj/lora/8c1f64619000228d/total_volume,18073.0,
1781690984,1637,1634,1637/obj/lora/8c1f64619000228d/spreading_factor,7.0,
1781690984,1637,1634,1637/obj/lora/8c1f64619000228d/gateway_snr,7.0,24e124fffef94d5c
1781690984,1637,1634,1637/obj/lora/8c1f64619000228d/error_code,0.0,
1781690984,1637,1634,1637/obj/lora/8c1f64619000228d/bandwidth,125000.0,
1781690984,1637,1634,1637/obj/lora/8c1f64619000228d/,0.0,
1781690984,1637,1634,1637/obj/lora/8c1f64619000228d/water_temp_min,22.0,
1781690984,1637,1634,1637/obj/lora/8c1f64619000228d/ambient_temp,22.5,
1781690984,1637,1634,1637/obj/lora/8c1f64619000228d/leak_status,2.0,
1781690984,1637,1634,1637/obj/lora/8c1f64619000228d/water_temp_max,22.5,
1781690984,1637,1634,1637/obj/lora/8c1f64619000228d/gateway_rssi,-100.0,24e124fffef94d5c
1781690984,1637,1634,1637/obj/lora/8c1f64619000228d/payload,1.0,40be0903000099460000000000004fb0090388058e0902dee7545555
1781690986,1637,1634,1637/obj/lora/8c1f6461900014f5/total_volume,22145.0,
1781690986,1637,1634,1637/obj/lora/8c1f6461900014f5/battery_recovered,3664.0,
1781690986,1637,1634,1637/obj/lora/8c1f6461900014f5/error_code,0.0,
1781690986,1637,1634,1637/obj/lora/8c1f6461900014f5/water_temp_min,22.0,
1781690986,1637,1634,1637/obj/lora/8c1f6461900014f5/payload,1.0,e3d30d0300008156000000000000dfc50d03b703870a02e5e9545456
1781690986,1637,1634,1637/obj/lora/8c1f6461900014f5/water_temp_max,22.0,
1781690986,1637,1634,1637/obj/lora/8c1f6461900014f5/leak_status,2.0,
1781690986,1637,1634,1637/obj/lora/8c1f6461900014f5/gateway_rssi,-104.0,24e124fffef949f8
1781690986,1637,1634,1637/obj/lora/8c1f6461900014f5/gateway_snr,8.800000190734863,24e124fffef949f8
1781690986,1637,1634,1637/obj/lora/8c1f6461900014f5/,0.0,
1781690986,1637,1634,1637/obj/lora/8c1f6461900014f5/ambient_temp,23.0,
1781690986,1637,1634,1637/obj/lora/8c1f6461900014f5/battery,3632.0,
1781690986,1637,1634,1637/obj/lora/8c1f6461900014f5/bandwidth,125000.0,
1781690986,1637,1634,1637/obj/lora/8c1f6461900014f5/frame_counter,3581.0,
1781690986,1637,1634,1637/obj/lora/8c1f6461900014f5/spreading_factor,7.0,
1781691099,1637,1634,1637/obj/lora/8c1f646190001b91/spreading_factor,7.0,
1781691099,1637,1634,1637/obj/lora/8c1f646190001b91/payload,1.0,82f10903000021b70000a2cb0e009ce309031801160302dde8545454
1781691099,1637,1634,1637/obj/lora/8c1f646190001b91/water_temp_min,22.0,
1781691099,1637,1634,1637/obj/lora/8c1f646190001b91/gateway_snr,3.799999952316284,24e124fffef94d5c
1781691099,1637,1634,1637/obj/lora/8c1f646190001b91/gateway_rssi,-105.0,24e124fffef94d5c
1781691099,1637,1634,1637/obj/lora/8c1f646190001b91/frame_counter,6542.0,
1781691099,1637,1634,1637/obj/lora/8c1f646190001b91/,0.0,
1781691099,1637,1634,1637/obj/lora/8c1f646190001b91/ambient_temp,22.0,
1781691099,1637,1634,1637/obj/lora/8c1f646190001b91/bandwidth,125000.0,
1781691099,1637,1634,1637/obj/lora/8c1f646190001b91/battery,3568.0,
1781691099,1637,1634,1637/obj/lora/8c1f646190001b91/leak_status,2.0,
1781691099,1637,1634,1637/obj/lora/8c1f646190001b91/water_temp_max,22.0,
1781691099,1637,1634,1637/obj/lora/8c1f646190001b91/total_volume,46881.0,
1781691099,1637,1634,1637/obj/lora/8c1f646190001b91/error_code,0.0,
1781691099,1637,1634,1637/obj/lora/8c1f646190001b91/battery_recovered,3656.0,
1781691134,1637,1634,1637/obj/lora/8c1f6461900019cf/leak_status,0.0,
1781691134,1637,1634,1637/obj/lora/8c1f6461900019cf/gateway_snr,8.800000190734863,24e124fffef949f8
1781691134,1637,1634,1637/obj/lora/8c1f6461900019cf/ambient_temp,22.0,
1781691134,1637,1634,1637/obj/lora/8c1f6461900019cf/total_volume,68359.0,
1781691134,1637,1634,1637/obj/lora/8c1f6461900019cf/spreading_factor,7.0,
1781691134,1637,1634,1637/obj/lora/8c1f6461900019cf/,0.0,
1781691134,1637,1634,1637/obj/lora/8c1f6461900019cf/frame_counter,3557.0,
1781691134,1637,1634,1637/obj/lora/8c1f6461900019cf/battery,3632.0,
1781691134,1637,1634,1637/obj/lora/8c1f6461900019cf/battery_recovered,3656.0,
1781691134,1637,1634,1637/obj/lora/8c1f6461900019cf/error_code,0.0,
1781691134,1637,1634,1637/obj/lora/8c1f6461900019cf/bandwidth,125000.0,
1781691134,1637,1634,1637/obj/lora/8c1f6461900019cf/water_temp_min,22.0,
1781691134,1637,1634,1637/obj/lora/8c1f6461900019cf/water_temp_max,22.0,
1781691134,1637,1634,1637/obj/lora/8c1f6461900019cf/payload,1.0,11fc09030000070b010000000000000000000000000000e5e8545454
1781691134,1637,1634,1637/obj/lora/8c1f6461900019cf/gateway_rssi,-101.0,24e124fffef949f8
1781691158,1637,1634,1637/obj/lora/8c1f646190002206/water_temp_max,22.5,
1781691158,1637,1634,1637/obj/lora/8c1f646190002206/total_volume,201661.0,
1781691158,1637,1634,1637/obj/lora/8c1f646190002206/spreading_factor,7.0,
1781691158,1637,1634,1637/obj/lora/8c1f646190002206/gateway_snr,7.800000190734863,24e124fffef94d5c
1781691158,1637,1634,1637/obj/lora/8c1f646190002206/payload,1.0,99fe09030000bd130300c74f0f00000000000000000000e1ea555555
1781691158,1637,1634,1637/obj/lora/8c1f646190002206/leak_status,0.0,
1781691158,1637,1634,1637/obj/lora/8c1f646190002206/frame_counter,7014.0,
1781691158,1637,1634,1637/obj/lora/8c1f646190002206/gateway_rssi,-100.0,24e124fffef94d5c
1781691158,1637,1634,1637/obj/lora/8c1f646190002206/,0.0,
1781691158,1637,1634,1637/obj/lora/8c1f646190002206/ambient_temp,22.5,
1781691158,1637,1634,1637/obj/lora/8c1f646190002206/bandwidth,125000.0,
1781691158,1637,1634,1637/obj/lora/8c1f646190002206/battery,3600.0,
1781691158,1637,1634,1637/obj/lora/8c1f646190002206/battery_recovered,3672.0,
1781691158,1637,1634,1637/obj/lora/8c1f646190002206/error_code,0.0,
1781691158,1637,1634,1637/obj/lora/8c1f646190002206/water_temp_min,22.5,
1781691195,1637,1634,1637/obj/lora/24e124725d489523/battery,39.0,
1781691195,1637,1634,1637/obj/lora/24e124725d489523/frame_counter,7527.0,
1781691195,1637,1634,1637/obj/lora/24e124725d489523/payload,85.0,0175270367cf00046859
1781691195,1637,1634,1637/obj/lora/24e124725d489523/gateway_rssi,-114.0,24e124fffef949f8
1781691195,1637,1634,1637/obj/lora/24e124725d489523/gateway_snr,-4.800000190734863,24e124fffef949f8
1781691195,1637,1634,1637/obj/lora/24e124725d489523/,0.0,
1781691195,1637,1634,1637/obj/lora/24e124725d489523/temperature,20.7,
1781691195,1637,1634,1637/obj/lora/24e124725d489523/spreading_factor,7.0,
1781691195,1637,1634,1637/obj/lora/24e124725d489523/bandwidth,125000.0,
1781691195,1637,1634,1637/obj/lora/24e124725d489523/humidity,44.5,
1781691254,1637,1634,1637/obj/lora/8c1f646190001bf1/error_code,0.0,
1781691254,1637,1634,1637/obj/lora/8c1f646190001bf1/spreading_factor,7.0,
1781691254,1637,1634,1637/obj/lora/8c1f646190001bf1/ambient_temp,22.0,
1781691254,1637,1634,1637/obj/lora/8c1f646190001bf1/battery,3640.0,
1781691254,1637,1634,1637/obj/lora/8c1f646190001bf1/battery_recovered,3672.0,
1781691254,1637,1634,1637/obj/lora/8c1f646190001bf1/frame_counter,6329.0,
1781691254,1637,1634,1637/obj/lora/8c1f646190001bf1/gateway_snr,5.800000190734863,24e124fffef94d5c
1781691254,1637,1634,1637/obj/lora/8c1f646190001bf1/payload,1.0,71070a030000b3820000cb8d0b0086f90903d102de0002e6ea555554
1781691254,1637,1634,1637/obj/lora/8c1f646190001bf1/leak_status,2.0,
1781691254,1637,1634,1637/obj/lora/8c1f646190001bf1/bandwidth,125000.0,
1781691254,1637,1634,1637/obj/lora/8c1f646190001bf1/gateway_rssi,-101.0,24e124fffef94d5c
1781691254,1637,1634,1637/obj/lora/8c1f646190001bf1/,0.0,
1781691254,1637,1634,1637/obj/lora/8c1f646190001bf1/total_volume,33459.0,
1781691254,1637,1634,1637/obj/lora/8c1f646190001bf1/water_temp_max,22.5,
1781691254,1637,1634,1637/obj/lora/8c1f646190001bf1/water_temp_min,22.5,
1781691261,1637,1634,1637/obj/lora/8c1f646190001dd8/spreading_factor,7.0,
1781691261,1637,1634,1637/obj/lora/8c1f646190001dd8/total_volume,55983.0,
1781691261,1637,1634,1637/obj/lora/8c1f646190001dd8/water_temp_max,22.0,
1781691261,1637,1634,1637/obj/lora/8c1f646190001dd8/water_temp_min,22.0,
1781691261,1637,1634,1637/obj/lora/8c1f646190001dd8/,0.0,
1781691261,1637,1634,1637/obj/lora/8c1f646190001dd8/ambient_temp,22.0,
1781691261,1637,1634,1637/obj/lora/8c1f646190001dd8/bandwidth,125000.0,
1781691261,1637,1634,1637/obj/lora/8c1f646190001dd8/battery,3624.0,
1781691261,1637,1634,1637/obj/lora/8c1f646190001dd8/gateway_rssi,-110.0,24e124fffef949f8
1781691261,1637,1634,1637/obj/lora/8c1f646190001dd8/battery_recovered,3664.0,
1781691261,1637,1634,1637/obj/lora/8c1f646190001dd8/error_code,0.0,
1781691261,1637,1634,1637/obj/lora/8c1f646190001dd8/frame_counter,3744.0,
1781691261,1637,1634,1637/obj/lora/8c1f646190001dd8/leak_status,2.0,
1781691261,1637,1634,1637/obj/lora/8c1f646190001dd8/gateway_snr,-1.0,24e124fffef949f8
1781691261,1637,1634,1637/obj/lora/8c1f646190001dd8/payload,1.0,ebed09030000afda000008e0110003e0090355027b0202e4e9545454
1781691271,1637,1634,1637/obj/lora/8c1f6461900021e0/gateway_snr,7.0,24e124fffef949f8
1781691271,1637,1634,1637/obj/lora/8c1f6461900021e0/payload,1.0,3ace09030000832d010000000000000000000000000000e9ed555554
1781691271,1637,1634,1637/obj/lora/8c1f6461900021e0/spreading_factor,7.0,
1781691271,1637,1634,1637/obj/lora/8c1f6461900021e0/leak_status,0.0,
1781691271,1637,1634,1637/obj/lora/8c1f6461900021e0/ambient_temp,22.0,
1781691271,1637,1634,1637/obj/lora/8c1f6461900021e0/,0.0,
1781691271,1637,1634,1637/obj/lora/8c1f6461900021e0/water_temp_min,22.5,
1781691271,1637,1634,1637/obj/lora/8c1f6461900021e0/water_temp_max,22.5,
1781691271,1637,1634,1637/obj/lora/8c1f6461900021e0/total_volume,77187.0,
1781691271,1637,1634,1637/obj/lora/8c1f6461900021e0/battery,3664.0,
1781691271,1637,1634,1637/obj/lora/8c1f6461900021e0/bandwidth,125000.0,
1781691271,1637,1634,1637/obj/lora/8c1f6461900021e0/battery_recovered,3696.0,
1781691271,1637,1634,1637/obj/lora/8c1f6461900021e0/gateway_rssi,-104.0,24e124fffef949f8
1781691271,1637,1634,1637/obj/lora/8c1f6461900021e0/error_code,0.0,
1781691271,1637,1634,1637/obj/lora/8c1f6461900021e0/frame_counter,2248.0,
1781691342,1637,1634,1637/obj/lora/8c1f646190001968/water_temp_min,23.0,
1781691342,1637,1634,1637/obj/lora/8c1f646190001968/water_temp_max,23.5,
1781691342,1637,1634,1637/obj/lora/8c1f646190001968/spreading_factor,7.0,
1781691342,1637,1634,1637/obj/lora/8c1f646190001968/payload,1.0,76e60903000051160100f729180095d809035af1370202e8eb565756
1781691342,1637,1634,1637/obj/lora/8c1f646190001968/total_volume,71249.0,
1781691342,1637,1634,1637/obj/lora/8c1f646190001968/leak_status,2.0,
1781691342,1637,1634,1637/obj/lora/8c1f646190001968/gateway_snr,7.0,24e124fffef949f8
1781691342,1637,1634,1637/obj/lora/8c1f646190001968/gateway_rssi,-105.0,24e124fffef949f8
1781691342,1637,1634,1637/obj/lora/8c1f646190001968/frame_counter,3628.0,
1781691342,1637,1634,1637/obj/lora/8c1f646190001968/error_code,0.0,
1781691342,1637,1634,1637/obj/lora/8c1f646190001968/,0.0,
1781691342,1637,1634,1637/obj/lora/8c1f646190001968/bandwidth,125000.0,
1781691342,1637,1634,1637/obj/lora/8c1f646190001968/battery_recovered,3680.0,
1781691342,1637,1634,1637/obj/lora/8c1f646190001968/ambient_temp,23.0,
1781691342,1637,1634,1637/obj/lora/8c1f646190001968/battery,3656.0,
1781691419,1637,1634,1637/obj/lora/8c1f646190002291/gateway_snr,4.199999809265137,24e124fffef949f8
1781691419,1637,1634,1637/obj/lora/8c1f646190002291/ambient_temp,21.0,
1781691419,1637,1634,1637/obj/lora/8c1f646190002291/,0.0,
1781691419,1637,1634,1637/obj/lora/8c1f646190002291/spreading_factor,7.0,
1781691419,1637,1634,1637/obj/lora/8c1f646190002291/frame_counter,6862.0,
1781691419,1637,1634,1637/obj/lora/8c1f646190002291/gateway_rssi,-109.0,24e124fffef949f8
1781691419,1637,1634,1637/obj/lora/8c1f646190002291/leak_status,3.0,
1781691419,1637,1634,1637/obj/lora/8c1f646190002291/payload,1.0,f81b0a0300001017060000000000861609035a02000003e0e9525352
1781691419,1637,1634,1637/obj/lora/8c1f646190002291/battery_recovered,3664.0,
1781691419,1637,1634,1637/obj/lora/8c1f646190002291/battery,3592.0,
1781691419,1637,1634,1637/obj/lora/8c1f646190002291/total_volume,399120.0,
1781691419,1637,1634,1637/obj/lora/8c1f646190002291/error_code,0.0,
1781691419,1637,1634,1637/obj/lora/8c1f646190002291/water_temp_min,21.0,
1781691419,1637,1634,1637/obj/lora/8c1f646190002291/bandwidth,125000.0,
1781691419,1637,1634,1637/obj/lora/8c1f646190002291/water_temp_max,21.5,
1781691576,1637,1634,1637/obj/lora/8c1f64619000160f/bandwidth,125000.0,
1781691576,1637,1634,1637/obj/lora/8c1f64619000160f/ambient_temp,23.0,
1781691576,1637,1634,1637/obj/lora/8c1f64619000160f/,0.0,
1781691576,1637,1634,1637/obj/lora/8c1f64619000160f/battery,3648.0,
1781691576,1637,1634,1637/obj/lora/8c1f64619000160f/water_temp_max,22.5,
1781691576,1637,1634,1637/obj/lora/8c1f64619000160f/total_volume,119941.0,
1781691576,1637,1634,1637/obj/lora/8c1f64619000160f/water_temp_min,22.5,
1781691576,1637,1634,1637/obj/lora/8c1f64619000160f/gateway_rssi,-113.0,24e124fffef949f8
1781691576,1637,1634,1637/obj/lora/8c1f64619000160f/gateway_snr,-0.20000000298023224,24e124fffef949f8
1781691576,1637,1634,1637/obj/lora/8c1f64619000160f/leak_status,0.0,
1781691576,1637,1634,1637/obj/lora/8c1f64619000160f/frame_counter,3643.0,
1781691576,1637,1634,1637/obj/lora/8c1f64619000160f/error_code,0.0,
1781691576,1637,1634,1637/obj/lora/8c1f64619000160f/spreading_factor,7.0,
1781691576,1637,1634,1637/obj/lora/8c1f64619000160f/battery_recovered,3672.0,
1781691576,1637,1634,1637/obj/lora/8c1f64619000160f/payload,1.0,b4d60d03000085d4010008000000000000000000000000e7ea555556
1781691757,1637,1634,1637/obj/lora/8c1f6461900015ba/ambient_temp,21.0,
1781691757,1637,1634,1637/obj/lora/8c1f6461900015ba/battery,3640.0,
1781691757,1637,1634,1637/obj/lora/8c1f6461900015ba/bandwidth,125000.0,
1781691757,1637,1634,1637/obj/lora/8c1f6461900015ba/battery_recovered,3680.0,
1781691757,1637,1634,1637/obj/lora/8c1f6461900015ba/,0.0,
1781691757,1637,1634,1637/obj/lora/8c1f6461900015ba/water_temp_min,21.5,
1781691757,1637,1634,1637/obj/lora/8c1f6461900015ba/water_temp_max,21.5,
1781691757,1637,1634,1637/obj/lora/8c1f6461900015ba/leak_status,2.0,
1781691757,1637,1634,1637/obj/lora/8c1f6461900015ba/gateway_snr,4.5,24e124fffef949f8
1781691757,1637,1634,1637/obj/lora/8c1f6461900015ba/payload,1.0,2e050a030000911b0000000000002ff70903b6fea40302e6eb535352
1781691757,1637,1634,1637/obj/lora/8c1f6461900015ba/error_code,0.0,
1781691757,1637,1634,1637/obj/lora/8c1f6461900015ba/gateway_rssi,-107.0,24e124fffef949f8
1781691757,1637,1634,1637/obj/lora/8c1f6461900015ba/frame_counter,7266.0,
1781691757,1637,1634,1637/obj/lora/8c1f6461900015ba/total_volume,7057.0,
1781691757,1637,1634,1637/obj/lora/8c1f6461900015ba/spreading_factor,7.0,
1781691794,1637,1634,1637/obj/lora/24e124725d489523/humidity,44.5,
1781691794,1637,1634,1637/obj/lora/24e124725d489523/temperature,20.8,
1781691794,1637,1634,1637/obj/lora/24e124725d489523/battery,39.0,
1781691794,1637,1634,1637/obj/lora/24e124725d489523/payload,85.0,0175270367d000046859
1781691794,1637,1634,1637/obj/lora/24e124725d489523/spreading_factor,7.0,
1781691794,1637,1634,1637/obj/lora/24e124725d489523/bandwidth,125000.0,
1781691794,1637,1634,1637/obj/lora/24e124725d489523/frame_counter,7528.0,
1781691794,1637,1634,1637/obj/lora/24e124725d489523/gateway_rssi,-112.0,24e124fffef949f8
1781691794,1637,1634,1637/obj/lora/24e124725d489523/,0.0,
1781691794,1637,1634,1637/obj/lora/24e124725d489523/gateway_snr,-4.5,24e124fffef949f8
1781691810,1637,1634,1637/obj/lora/8c1f646190001743/payload,1.0,79fb09030000681f000000000000a6ed0903a102360202e5ec555656
1781691810,1637,1634,1637/obj/lora/8c1f646190001743/leak_status,2.0,
1781691810,1637,1634,1637/obj/lora/8c1f646190001743/gateway_snr,-3.5,24e124fffef949f8
1781691810,1637,1634,1637/obj/lora/8c1f646190001743/battery,3632.0,
1781691810,1637,1634,1637/obj/lora/8c1f646190001743/error_code,0.0,
1781691810,1637,1634,1637/obj/lora/8c1f646190001743/battery_recovered,3688.0,
1781691810,1637,1634,1637/obj/lora/8c1f646190001743/frame_counter,1988.0,
1781691810,1637,1634,1637/obj/lora/8c1f646190001743/gateway_rssi,-114.0,24e124fffef949f8
1781691810,1637,1634,1637/obj/lora/8c1f646190001743/bandwidth,125000.0,
1781691810,1637,1634,1637/obj/lora/8c1f646190001743/ambient_temp,23.0,
1781691810,1637,1634,1637/obj/lora/8c1f646190001743/,0.0,
1781691810,1637,1634,1637/obj/lora/8c1f646190001743/spreading_factor,7.0,
1781691810,1637,1634,1637/obj/lora/8c1f646190001743/water_temp_min,22.5,
1781691810,1637,1634,1637/obj/lora/8c1f646190001743/total_volume,8040.0,
1781691810,1637,1634,1637/obj/lora/8c1f646190001743/water_temp_max,23.0,
1781691871,1637,1634,1637/obj/lora/8c1f6461900015ed/leak_status,2.0,
1781691871,1637,1634,1637/obj/lora/8c1f6461900015ed/spreading_factor,7.0,
1781691871,1637,1634,1637/obj/lora/8c1f6461900015ed/payload,1.0,c5f909030000eb6400000ea40900d0eb0903da014d0202e3eb535353
1781691871,1637,1634,1637/obj/lora/8c1f6461900015ed/ambient_temp,21.5,
1781691871,1637,1634,1637/obj/lora/8c1f6461900015ed/,0.0,
1781691871,1637,1634,1637/obj/lora/8c1f6461900015ed/frame_counter,6148.0,
1781691871,1637,1634,1637/obj/lora/8c1f6461900015ed/error_code,0.0,
1781691871,1637,1634,1637/obj/lora/8c1f6461900015ed/gateway_rssi,-95.0,24e124fffef94d5c
1781691871,1637,1634,1637/obj/lora/8c1f6461900015ed/battery_recovered,3680.0,
1781691871,1637,1634,1637/obj/lora/8c1f6461900015ed/battery,3616.0,
1781691871,1637,1634,1637/obj/lora/8c1f6461900015ed/bandwidth,125000.0,
1781691871,1637,1634,1637/obj/lora/8c1f6461900015ed/gateway_snr,10.800000190734863,24e124fffef94d5c
1781691871,1637,1634,1637/obj/lora/8c1f6461900015ed/total_volume,25835.0,
1781691871,1637,1634,1637/obj/lora/8c1f6461900015ed/water_temp_max,21.5,
1781691871,1637,1634,1637/obj/lora/8c1f6461900015ed/water_temp_min,21.5,
1781691908,1637,1634,1637/obj/lora/8c1f6461900018f5/total_volume,51596.0,
1781691908,1637,1634,1637/obj/lora/8c1f6461900018f5/leak_status,2.0,
1781691908,1637,1634,1637/obj/lora/8c1f6461900018f5/water_temp_max,22.0,
1781691908,1637,1634,1637/obj/lora/8c1f6461900018f5/spreading_factor,7.0,
1781691908,1637,1634,1637/obj/lora/8c1f6461900018f5/payload,1.0,4de3090300008cc90000c5d9040044d5090327fded0d02e1e9545455
1781691908,1637,1634,1637/obj/lora/8c1f6461900018f5/,0.0,
1781691908,1637,1634,1637/obj/lora/8c1f6461900018f5/gateway_rssi,-104.0,24e124fffef949f8
1781691908,1637,1634,1637/obj/lora/8c1f6461900018f5/frame_counter,7702.0,
1781691908,1637,1634,1637/obj/lora/8c1f6461900018f5/gateway_snr,7.800000190734863,24e124fffef949f8
1781691908,1637,1634,1637/obj/lora/8c1f6461900018f5/error_code,0.0,
1781691908,1637,1634,1637/obj/lora/8c1f6461900018f5/battery_recovered,3664.0,
1781691908,1637,1634,1637/obj/lora/8c1f6461900018f5/battery,3600.0,
1781691908,1637,1634,1637/obj/lora/8c1f6461900018f5/bandwidth,125000.0,
1781691908,1637,1634,1637/obj/lora/8c1f6461900018f5/ambient_temp,22.5,
1781691908,1637,1634,1637/obj/lora/8c1f6461900018f5/water_temp_min,22.0,
1781691977,1637,1634,1637/obj/lora/8c1f6461900019c7/water_temp_max,23.0,
1781691977,1637,1634,1637/obj/lora/8c1f6461900019c7/ambient_temp,22.5,
1781691977,1637,1634,1637/obj/lora/8c1f6461900019c7/,0.0,
1781691977,1637,1634,1637/obj/lora/8c1f6461900019c7/error_code,0.0,
1781691977,1637,1634,1637/obj/lora/8c1f6461900019c7/battery_recovered,3648.0,
1781691977,1637,1634,1637/obj/lora/8c1f6461900019c7/battery,3568.0,
1781691977,1637,1634,1637/obj/lora/8c1f6461900019c7/bandwidth,125000.0,
1781691977,1637,1634,1637/obj/lora/8c1f6461900019c7/gateway_snr,2.5,24e124fffef94d5c
1781691977,1637,1634,1637/obj/lora/8c1f6461900019c7/gateway_rssi,-105.0,24e124fffef94d5c
1781691977,1637,1634,1637/obj/lora/8c1f6461900019c7/leak_status,2.0,
1781691977,1637,1634,1637/obj/lora/8c1f6461900019c7/frame_counter,5930.0,
1781691977,1637,1634,1637/obj/lora/8c1f6461900019c7/payload,1.0,fecc090300008b57000052480800ffbe090358fda80202dde7555655
1781691977,1637,1634,1637/obj/lora/8c1f6461900019c7/spreading_factor,7.0,
1781691977,1637,1634,1637/obj/lora/8c1f6461900019c7/total_volume,22411.0,
1781691977,1637,1634,1637/obj/lora/8c1f6461900019c7/water_temp_min,22.5,
1781692009,1637,1634,1637/obj/lora/8c1f646190001baf/leak_status,2.0,
1781692009,1637,1634,1637/obj/lora/8c1f646190001baf/bandwidth,125000.0,
1781692009,1637,1634,1637/obj/lora/8c1f646190001baf/,0.0,
1781692009,1637,1634,1637/obj/lora/8c1f646190001baf/gateway_rssi,-106.0,24e124fffef94d5c
1781692009,1637,1634,1637/obj/lora/8c1f646190001baf/frame_counter,6737.0,
1781692009,1637,1634,1637/obj/lora/8c1f646190001baf/error_code,0.0,
1781692009,1637,1634,1637/obj/lora/8c1f646190001baf/battery_recovered,3656.0,
1781692009,1637,1634,1637/obj/lora/8c1f646190001baf/battery,3592.0,
1781692009,1637,1634,1637/obj/lora/8c1f646190001baf/payload,1.0,43f30903000038d200001fa9050068e509034400921402e0e8545555
1781692009,1637,1634,1637/obj/lora/8c1f646190001baf/gateway_snr,2.200000047683716,24e124fffef94d5c
1781692009,1637,1634,1637/obj/lora/8c1f646190001baf/water_temp_min,22.0,
1781692009,1637,1634,1637/obj/lora/8c1f646190001baf/spreading_factor,7.0,
1781692009,1637,1634,1637/obj/lora/8c1f646190001baf/water_temp_max,22.5,
1781692009,1637,1634,1637/obj/lora/8c1f646190001baf/total_volume,53816.0,
1781692009,1637,1634,1637/obj/lora/8c1f646190001baf/ambient_temp,22.5,
1781692030,1637,1634,1637/obj/lora/8c1f646190001790/,0.0,
1781692030,1637,1634,1637/obj/lora/8c1f646190001790/payload,1.0,ee050a03000049230000db3403001ef809034a02310202eaed535354
1781692030,1637,1634,1637/obj/lora/8c1f646190001790/leak_status,2.0,
1781692030,1637,1634,1637/obj/lora/8c1f646190001790/ambient_temp,22.0,
1781692030,1637,1634,1637/obj/lora/8c1f646190001790/gateway_snr,2.799999952316284,24e124fffef949f8
1781692030,1637,1634,1637/obj/lora/8c1f646190001790/gateway_rssi,-110.0,24e124fffef949f8
1781692030,1637,1634,1637/obj/lora/8c1f646190001790/frame_counter,3640.0,
1781692030,1637,1634,1637/obj/lora/8c1f646190001790/error_code,0.0,
1781692030,1637,1634,1637/obj/lora/8c1f646190001790/battery_recovered,3696.0,
1781692030,1637,1634,1637/obj/lora/8c1f646190001790/spreading_factor,7.0,
1781692030,1637,1634,1637/obj/lora/8c1f646190001790/water_temp_max,21.5,
1781692030,1637,1634,1637/obj/lora/8c1f646190001790/battery,3672.0,
1781692030,1637,1634,1637/obj/lora/8c1f646190001790/total_volume,9033.0,
1781692030,1637,1634,1637/obj/lora/8c1f646190001790/water_temp_min,21.5,
1781692030,1637,1634,1637/obj/lora/8c1f646190001790/bandwidth,125000.0,
1781692040,1637,1634,1637/obj/lora/8c1f6461900021a9/,0.0,
1781692040,1637,1634,1637/obj/lora/8c1f6461900021a9/ambient_temp,21.0,
1781692040,1637,1634,1637/obj/lora/8c1f6461900021a9/total_volume,51977.0,
1781692040,1637,1634,1637/obj/lora/8c1f6461900021a9/spreading_factor,7.0,
1781692040,1637,1634,1637/obj/lora/8c1f6461900021a9/water_temp_max,21.0,
1781692040,1637,1634,1637/obj/lora/8c1f6461900021a9/bandwidth,125000.0,
1781692040,1637,1634,1637/obj/lora/8c1f6461900021a9/water_temp_min,20.5,
1781692040,1637,1634,1637/obj/lora/8c1f6461900021a9/battery_recovered,3664.0,
1781692040,1637,1634,1637/obj/lora/8c1f6461900021a9/battery,3608.0,
1781692040,1637,1634,1637/obj/lora/8c1f6461900021a9/error_code,0.0,
1781692040,1637,1634,1637/obj/lora/8c1f6461900021a9/leak_status,2.0,
1781692040,1637,1634,1637/obj/lora/8c1f6461900021a9/gateway_snr,3.0,24e124fffef949f8
1781692040,1637,1634,1637/obj/lora/8c1f6461900021a9/gateway_rssi,-108.0,24e124fffef949f8
1781692040,1637,1634,1637/obj/lora/8c1f6461900021a9/payload,1.0,ccf20903000009cb0000f8f81100f5e409031afe940402e2e9515252
1781692040,1637,1634,1637/obj/lora/8c1f6461900021a9/frame_counter,7893.0,
1781692128,1637,1634,1637/obj/lora/8c1f646190002012/ambient_temp,22.5,
1781692128,1637,1634,1637/obj/lora/8c1f646190002012/bandwidth,125000.0,
1781692128,1637,1634,1637/obj/lora/8c1f646190002012/,0.0,
1781692128,1637,1634,1637/obj/lora/8c1f646190002012/battery,3648.0,
1781692128,1637,1634,1637/obj/lora/8c1f646190002012/gateway_snr,7.199999809265137,24e124fffef949f8
1781692128,1637,1634,1637/obj/lora/8c1f646190002012/spreading_factor,7.0,
1781692128,1637,1634,1637/obj/lora/8c1f646190002012/water_temp_min,22.5,
1781692128,1637,1634,1637/obj/lora/8c1f646190002012/gateway_rssi,-105.0,24e124fffef949f8
1781692128,1637,1634,1637/obj/lora/8c1f646190002012/payload,1.0,81d1090300006f520000e1cd070079c309034cfbf60202e7e9555555
1781692128,1637,1634,1637/obj/lora/8c1f646190002012/water_temp_max,22.5,
1781692128,1637,1634,1637/obj/lora/8c1f646190002012/total_volume,21103.0,
1781692128,1637,1634,1637/obj/lora/8c1f646190002012/leak_status,2.0,
1781692128,1637,1634,1637/obj/lora/8c1f646190002012/frame_counter,2861.0,
1781692128,1637,1634,1637/obj/lora/8c1f646190002012/error_code,0.0,
1781692128,1637,1634,1637/obj/lora/8c1f646190002012/battery_recovered,3664.0,
1781692327,1637,1634,1637/obj/lora/8c1f646190001af8/bandwidth,125000.0,
1781692327,1637,1634,1637/obj/lora/8c1f646190001af8/ambient_temp,21.5,
1781692327,1637,1634,1637/obj/lora/8c1f646190001af8/,0.0,
1781692327,1637,1634,1637/obj/lora/8c1f646190001af8/battery,3584.0,
1781692327,1637,1634,1637/obj/lora/8c1f646190001af8/water_temp_max,23.5,
1781692327,1637,1634,1637/obj/lora/8c1f646190001af8/total_volume,25457.0,
1781692327,1637,1634,1637/obj/lora/8c1f646190001af8/water_temp_min,22.5,
1781692327,1637,1634,1637/obj/lora/8c1f646190001af8/gateway_rssi,-104.0,24e124fffef94d5c
1781692327,1637,1634,1637/obj/lora/8c1f646190001af8/gateway_snr,4.199999809265137,24e124fffef94d5c
1781692327,1637,1634,1637/obj/lora/8c1f646190001af8/leak_status,2.0,
1781692327,1637,1634,1637/obj/lora/8c1f646190001af8/payload,1.0,91d3090300007163000026000000a4c509032f00420202dfe8555753
1781692327,1637,1634,1637/obj/lora/8c1f646190001af8/spreading_factor,7.0,
1781692327,1637,1634,1637/obj/lora/8c1f646190001af8/error_code,0.0,
1781692327,1637,1634,1637/obj/lora/8c1f646190001af8/frame_counter,7622.0,
1781692327,1637,1634,1637/obj/lora/8c1f646190001af8/battery_recovered,3656.0,
1781692365,1637,1634,1637/obj/lora/8c1f6461900017e3/leak_status,2.0,
1781692365,1637,1634,1637/obj/lora/8c1f6461900017e3/gateway_snr,2.0,24e124fffef949f8
1781692365,1637,1634,1637/obj/lora/8c1f6461900017e3/gateway_rssi,-109.0,24e124fffef949f8
1781692365,1637,1634,1637/obj/lora/8c1f6461900017e3/water_temp_min,20.0,
1781692365,1637,1634,1637/obj/lora/8c1f6461900017e3/payload,1.0,7ffa09030000ff0c0100e401000081ec090352fc421102e6e9506158
1781692365,1637,1634,1637/obj/lora/8c1f6461900017e3/spreading_factor,7.0,
1781692365,1637,1634,1637/obj/lora/8c1f6461900017e3/error_code,0.0,
1781692365,1637,1634,1637/obj/lora/8c1f6461900017e3/frame_counter,3603.0,
1781692365,1637,1634,1637/obj/lora/8c1f6461900017e3/total_volume,68863.0,
1781692365,1637,1634,1637/obj/lora/8c1f6461900017e3/water_temp_max,28.5,
1781692365,1637,1634,1637/obj/lora/8c1f6461900017e3/battery_recovered,3664.0,
1781692365,1637,1634,1637/obj/lora/8c1f6461900017e3/battery,3640.0,
1781692365,1637,1634,1637/obj/lora/8c1f6461900017e3/,0.0,
1781692365,1637,1634,1637/obj/lora/8c1f6461900017e3/bandwidth,125000.0,
1781692365,1637,1634,1637/obj/lora/8c1f6461900017e3/ambient_temp,24.0,
1781692393,1637,1634,1637/obj/lora/8c1f6461900021c1/ambient_temp,20.0,
1781692393,1637,1634,1637/obj/lora/8c1f6461900021c1/total_volume,115030.0,
1781692393,1637,1634,1637/obj/lora/8c1f6461900021c1/water_temp_min,20.5,
1781692393,1637,1634,1637/obj/lora/8c1f6461900021c1/,0.0,
1781692393,1637,1634,1637/obj/lora/8c1f6461900021c1/spreading_factor,7.0,
1781692393,1637,1634,1637/obj/lora/8c1f6461900021c1/battery_recovered,3664.0,
1781692393,1637,1634,1637/obj/lora/8c1f6461900021c1/water_temp_max,20.5,
1781692393,1637,1634,1637/obj/lora/8c1f6461900021c1/gateway_snr,-1.5,24e124fffef94d5c
1781692393,1637,1634,1637/obj/lora/8c1f6461900021c1/frame_counter,7668.0,
1781692393,1637,1634,1637/obj/lora/8c1f6461900021c1/payload,1.0,020c0a03000056c101001af30500000000000000000000e0e9515150
1781692393,1637,1634,1637/obj/lora/8c1f6461900021c1/leak_status,0.0,
1781692393,1637,1634,1637/obj/lora/8c1f6461900021c1/gateway_rssi,-109.0,24e124fffef94d5c
1781692393,1637,1634,1637/obj/lora/8c1f6461900021c1/bandwidth,125000.0,
1781692393,1637,1634,1637/obj/lora/8c1f6461900021c1/battery,3592.0,
1781692393,1637,1634,1637/obj/lora/8c1f6461900021c1/error_code,0.0,
1781692395,1637,1634,1637/obj/lora/24e124725d489523/spreading_factor,7.0,
1781692395,1637,1634,1637/obj/lora/24e124725d489523/frame_counter,7529.0,
1781692395,1637,1634,1637/obj/lora/24e124725d489523/gateway_rssi,-114.0,24e124fffef949f8
1781692395,1637,1634,1637/obj/lora/24e124725d489523/gateway_snr,-3.200000047683716,24e124fffef949f8
1781692395,1637,1634,1637/obj/lora/24e124725d489523/payload,85.0,0175270367cf00046859
1781692395,1637,1634,1637/obj/lora/24e124725d489523/humidity,44.5,
1781692395,1637,1634,1637/obj/lora/24e124725d489523/battery,39.0,
1781692395,1637,1634,1637/obj/lora/24e124725d489523/bandwidth,125000.0,
1781692395,1637,1634,1637/obj/lora/24e124725d489523/,0.0,
1781692395,1637,1634,1637/obj/lora/24e124725d489523/temperature,20.7,
1781692460,1637,1634,1637/obj/lora/8c1f6461900021e2/bandwidth,125000.0,
1781692460,1637,1634,1637/obj/lora/8c1f6461900021e2/error_code,0.0,
1781692460,1637,1634,1637/obj/lora/8c1f6461900021e2/battery,3624.0,
1781692460,1637,1634,1637/obj/lora/8c1f6461900021e2/gateway_rssi,-105.0,24e124fffef949f8
1781692460,1637,1634,1637/obj/lora/8c1f6461900021e2/ambient_temp,24.0,
1781692460,1637,1634,1637/obj/lora/8c1f6461900021e2/water_temp_min,16.0,
1781692460,1637,1634,1637/obj/lora/8c1f6461900021e2/water_temp_max,23.0,
1781692460,1637,1634,1637/obj/lora/8c1f6461900021e2/,0.0,
1781692460,1637,1634,1637/obj/lora/8c1f6461900021e2/payload,1.0,570c0a030000f3dd0000320000007dfe090350057f0f02e4ea485658
1781692460,1637,1634,1637/obj/lora/8c1f6461900021e2/frame_counter,3646.0,
1781692460,1637,1634,1637/obj/lora/8c1f6461900021e2/battery_recovered,3672.0,
1781692460,1637,1634,1637/obj/lora/8c1f6461900021e2/total_volume,56819.0,
1781692460,1637,1634,1637/obj/lora/8c1f6461900021e2/leak_status,2.0,
1781692460,1637,1634,1637/obj/lora/8c1f6461900021e2/spreading_factor,7.0,
1781692460,1637,1634,1637/obj/lora/8c1f6461900021e2/gateway_snr,7.199999809265137,24e124fffef949f8
1781692527,1637,1634,1637/obj/lora/8c1f6461900020a5/frame_counter,7610.0,
1781692527,1637,1634,1637/obj/lora/8c1f6461900020a5/bandwidth,125000.0,
1781692527,1637,1634,1637/obj/lora/8c1f6461900020a5/battery_recovered,3656.0,
1781692527,1637,1634,1637/obj/lora/8c1f6461900020a5/battery,3624.0,
1781692527,1637,1634,1637/obj/lora/8c1f6461900020a5/error_code,0.0,
1781692527,1637,1634,1637/obj/lora/8c1f6461900020a5/payload,1.0,44160a030000253c0000000000005a080a0395fee70402e4e8535456
1781692527,1637,1634,1637/obj/lora/8c1f6461900020a5/spreading_factor,7.0,
1781692527,1637,1634,1637/obj/lora/8c1f6461900020a5/ambient_temp,23.0,
1781692527,1637,1634,1637/obj/lora/8c1f6461900020a5/water_temp_max,22.0,
1781692527,1637,1634,1637/obj/lora/8c1f6461900020a5/total_volume,15397.0,
1781692527,1637,1634,1637/obj/lora/8c1f6461900020a5/gateway_snr,5.199999809265137,24e124fffef94d5c
1781692527,1637,1634,1637/obj/lora/8c1f6461900020a5/leak_status,2.0,
1781692527,1637,1634,1637/obj/lora/8c1f6461900020a5/gateway_rssi,-100.0,24e124fffef94d5c
1781692527,1637,1634,1637/obj/lora/8c1f6461900020a5/,0.0,
1781692527,1637,1634,1637/obj/lora/8c1f6461900020a5/water_temp_min,21.5,
1781692590,1637,1634,1637/obj/lora/8c1f646190001ba9/total_volume,31805.0,
1781692590,1637,1634,1637/obj/lora/8c1f646190001ba9/water_temp_min,22.0,
1781692590,1637,1634,1637/obj/lora/8c1f646190001ba9/frame_counter,7079.0,
1781692590,1637,1634,1637/obj/lora/8c1f646190001ba9/battery,3600.0,
1781692590,1637,1634,1637/obj/lora/8c1f646190001ba9/spreading_factor,7.0,
1781692590,1637,1634,1637/obj/lora/8c1f646190001ba9/payload,1.0,d6fd090300003d7c000081460b00cbef09036601530202e1ea545455
1781692590,1637,1634,1637/obj/lora/8c1f646190001ba9/water_temp_max,22.0,
1781692590,1637,1634,1637/obj/lora/8c1f646190001ba9/battery_recovered,3672.0,
1781692590,1637,1634,1637/obj/lora/8c1f646190001ba9/leak_status,2.0,
1781692590,1637,1634,1637/obj/lora/8c1f646190001ba9/gateway_snr,5.5,24e124fffef949f8
1781692590,1637,1634,1637/obj/lora/8c1f646190001ba9/ambient_temp,22.5,
1781692590,1637,1634,1637/obj/lora/8c1f646190001ba9/bandwidth,125000.0,
1781692590,1637,1634,1637/obj/lora/8c1f646190001ba9/,0.0,
1781692590,1637,1634,1637/obj/lora/8c1f646190001ba9/gateway_rssi,-107.0,24e124fffef949f8
1781692590,1637,1634,1637/obj/lora/8c1f646190001ba9/error_code,0.0,
1781692611,1637,1634,1637/obj/lora/8c1f6461900018ba/water_temp_min,21.5,
1781692611,1637,1634,1637/obj/lora/8c1f6461900018ba/water_temp_max,21.5,
1781692611,1637,1634,1637/obj/lora/8c1f6461900018ba/total_volume,7597.0,
1781692611,1637,1634,1637/obj/lora/8c1f6461900018ba/leak_status,2.0,
1781692611,1637,1634,1637/obj/lora/8c1f6461900018ba/spreading_factor,7.0,
1781692611,1637,1634,1637/obj/lora/8c1f6461900018ba/battery,3584.0,
1781692611,1637,1634,1637/obj/lora/8c1f6461900018ba/battery_recovered,3672.0,
1781692611,1637,1634,1637/obj/lora/8c1f6461900018ba/error_code,0.0,
1781692611,1637,1634,1637/obj/lora/8c1f6461900018ba/ambient_temp,21.0,
1781692611,1637,1634,1637/obj/lora/8c1f6461900018ba/,0.0,
1781692611,1637,1634,1637/obj/lora/8c1f6461900018ba/bandwidth,125000.0,
1781692611,1637,1634,1637/obj/lora/8c1f6461900018ba/payload,1.0,b8c509030000ad1d000000000000d6b70903a1028c0202dfea535352
1781692611,1637,1634,1637/obj/lora/8c1f6461900018ba/frame_counter,5757.0,
1781692611,1637,1634,1637/obj/lora/8c1f6461900018ba/gateway_rssi,-104.0,24e124fffef94d5c
1781692611,1637,1634,1637/obj/lora/8c1f6461900018ba/gateway_snr,4.5,24e124fffef94d5c
1781692675,1637,1634,1637/obj/lora/8c1f646190001fcb/water_temp_max,23.5,
1781692675,1637,1634,1637/obj/lora/8c1f646190001fcb/error_code,0.0,
1781692675,1637,1634,1637/obj/lora/8c1f646190001fcb/frame_counter,7393.0,
1781692675,1637,1634,1637/obj/lora/8c1f646190001fcb/total_volume,23930.0,
1781692675,1637,1634,1637/obj/lora/8c1f646190001fcb/gateway_snr,-0.20000000298023224,24e124fffef94d5c
1781692675,1637,1634,1637/obj/lora/8c1f646190001fcb/leak_status,0.0,
1781692675,1637,1634,1637/obj/lora/8c1f646190001fcb/battery,3632.0,
1781692675,1637,1634,1637/obj/lora/8c1f646190001fcb/gateway_rssi,-108.0,24e124fffef94d5c
1781692675,1637,1634,1637/obj/lora/8c1f646190001fcb/bandwidth,125000.0,
1781692675,1637,1634,1637/obj/lora/8c1f646190001fcb/water_temp_min,15.5,
1781692675,1637,1634,1637/obj/lora/8c1f646190001fcb/spreading_factor,7.0,
1781692675,1637,1634,1637/obj/lora/8c1f646190001fcb/payload,1.0,c1b20d0300007a5d000000000000000000000000000000e5ed475756
1781692675,1637,1634,1637/obj/lora/8c1f646190001fcb/battery_recovered,3696.0,
1781692675,1637,1634,1637/obj/lora/8c1f646190001fcb/,0.0,
1781692675,1637,1634,1637/obj/lora/8c1f646190001fcb/ambient_temp,23.0,
1781692690,1637,1634,1637/obj/lora/8c1f646190002244/spreading_factor,7.0,
1781692690,1637,1634,1637/obj/lora/8c1f646190002244/bandwidth,125000.0,
1781692690,1637,1634,1637/obj/lora/8c1f646190002244/battery,3608.0,
1781692690,1637,1634,1637/obj/lora/8c1f646190002244/battery_recovered,3680.0,
1781692690,1637,1634,1637/obj/lora/8c1f646190002244/gateway_snr,4.0,24e124fffef94d5c
1781692690,1637,1634,1637/obj/lora/8c1f646190002244/error_code,0.0,
1781692690,1637,1634,1637/obj/lora/8c1f646190002244/frame_counter,6482.0,
1781692690,1637,1634,1637/obj/lora/8c1f646190002244/gateway_rssi,-105.0,24e124fffef94d5c
1781692690,1637,1634,1637/obj/lora/8c1f646190002244/water_temp_min,23.0,
1781692690,1637,1634,1637/obj/lora/8c1f646190002244/payload,1.0,6fcf090300002fb9010003000000000000000000000000e2eb565656
1781692690,1637,1634,1637/obj/lora/8c1f646190002244/leak_status,0.0,
1781692690,1637,1634,1637/obj/lora/8c1f646190002244/total_volume,112943.0,
1781692690,1637,1634,1637/obj/lora/8c1f646190002244/,0.0,
1781692690,1637,1634,1637/obj/lora/8c1f646190002244/water_temp_max,23.0,
1781692690,1637,1634,1637/obj/lora/8c1f646190002244/ambient_temp,23.0,
1781692775,1637,1634,1637/obj/lora/8c1f6461900021bd/,0.0,
1781692775,1637,1634,1637/obj/lora/8c1f6461900021bd/total_volume,71828.0,
1781692775,1637,1634,1637/obj/lora/8c1f6461900021bd/spreading_factor,7.0,
1781692775,1637,1634,1637/obj/lora/8c1f6461900021bd/payload,1.0,fe060a0300009418010000000000000000000000000000dee8545555
1781692775,1637,1634,1637/obj/lora/8c1f6461900021bd/leak_status,0.0,
1781692775,1637,1634,1637/obj/lora/8c1f6461900021bd/error_code,0.0,
1781692775,1637,1634,1637/obj/lora/8c1f6461900021bd/frame_counter,6638.0,
1781692775,1637,1634,1637/obj/lora/8c1f6461900021bd/gateway_rssi,-106.0,24e124fffef94d5c
1781692775,1637,1634,1637/obj/lora/8c1f6461900021bd/gateway_snr,1.5,24e124fffef94d5c
1781692775,1637,1634,1637/obj/lora/8c1f6461900021bd/water_temp_max,22.5,
1781692775,1637,1634,1637/obj/lora/8c1f6461900021bd/water_temp_min,22.0,
1781692775,1637,1634,1637/obj/lora/8c1f6461900021bd/bandwidth,125000.0,
1781692775,1637,1634,1637/obj/lora/8c1f6461900021bd/ambient_temp,22.5,
1781692775,1637,1634,1637/obj/lora/8c1f6461900021bd/battery,3576.0,
1781692775,1637,1634,1637/obj/lora/8c1f6461900021bd/battery_recovered,3656.0,
1781692995,1637,1634,1637/obj/lora/24e124725d489523/humidity,44.0,
1781692995,1637,1634,1637/obj/lora/24e124725d489523/frame_counter,7530.0,
1781692995,1637,1634,1637/obj/lora/24e124725d489523/payload,85.0,0175270367d000046858
1781692995,1637,1634,1637/obj/lora/24e124725d489523/battery,39.0,
1781692995,1637,1634,1637/obj/lora/24e124725d489523/temperature,20.8,
1781692995,1637,1634,1637/obj/lora/24e124725d489523/,0.0,
1781692995,1637,1634,1637/obj/lora/24e124725d489523/gateway_rssi,-111.0,24e124fffef949f8
1781692995,1637,1634,1637/obj/lora/24e124725d489523/gateway_snr,-1.0,24e124fffef949f8
1781692995,1637,1634,1637/obj/lora/24e124725d489523/spreading_factor,7.0,
1781692995,1637,1634,1637/obj/lora/24e124725d489523/bandwidth,125000.0,
1781693146,1637,1634,1637/obj/lora/8c1f64619000227c/gateway_rssi,-112.0,24e124fffef949f8
1781693146,1637,1634,1637/obj/lora/8c1f64619000227c/gateway_snr,-4.0,24e124fffef949f8
1781693146,1637,1634,1637/obj/lora/8c1f64619000227c/,0.0,
1781693146,1637,1634,1637/obj/lora/8c1f64619000227c/water_temp_min,23.0,
1781693146,1637,1634,1637/obj/lora/8c1f64619000227c/frame_counter,7525.0,
1781693146,1637,1634,1637/obj/lora/8c1f64619000227c/error_code,0.0,
1781693146,1637,1634,1637/obj/lora/8c1f64619000227c/battery_recovered,3664.0,
1781693146,1637,1634,1637/obj/lora/8c1f64619000227c/battery,3576.0,
1781693146,1637,1634,1637/obj/lora/8c1f64619000227c/total_volume,12937.0,
1781693146,1637,1634,1637/obj/lora/8c1f64619000227c/leak_status,2.0,
1781693146,1637,1634,1637/obj/lora/8c1f64619000227c/payload,1.0,d0dd0903000089320000e7ad0400facf090389fec50002dee9565656
1781693146,1637,1634,1637/obj/lora/8c1f64619000227c/water_temp_max,23.0,
1781693146,1637,1634,1637/obj/lora/8c1f64619000227c/ambient_temp,23.0,
1781693146,1637,1634,1637/obj/lora/8c1f64619000227c/spreading_factor,7.0,
1781693146,1637,1634,1637/obj/lora/8c1f64619000227c/bandwidth,125000.0,
1781693175,1637,1634,1637/obj/lora/8c1f64619000171c/leak_status,2.0,
1781693175,1637,1634,1637/obj/lora/8c1f64619000171c/gateway_snr,4.800000190734863,24e124fffef949f8
1781693175,1637,1634,1637/obj/lora/8c1f64619000171c/payload,1.0,b9bb0d0300001b46000012000000bdad0d0383013f0202e6ea4e5a56
1781693175,1637,1634,1637/obj/lora/8c1f64619000171c/bandwidth,125000.0,
1781693175,1637,1634,1637/obj/lora/8c1f64619000171c/ambient_temp,23.0,
1781693175,1637,1634,1637/obj/lora/8c1f64619000171c/battery_recovered,3672.0,
1781693175,1637,1634,1637/obj/lora/8c1f64619000171c/gateway_rssi,-108.0,24e124fffef949f8
1781693175,1637,1634,1637/obj/lora/8c1f64619000171c/frame_counter,3610.0,
1781693175,1637,1634,1637/obj/lora/8c1f64619000171c/error_code,0.0,
1781693175,1637,1634,1637/obj/lora/8c1f64619000171c/,0.0,
1781693175,1637,1634,1637/obj/lora/8c1f64619000171c/battery,3640.0,
1781693175,1637,1634,1637/obj/lora/8c1f64619000171c/water_temp_max,25.0,
1781693175,1637,1634,1637/obj/lora/8c1f64619000171c/water_temp_min,19.0,
1781693175,1637,1634,1637/obj/lora/8c1f64619000171c/spreading_factor,7.0,
1781693175,1637,1634,1637/obj/lora/8c1f64619000171c/total_volume,17947.0,
1781693176,1637,1634,1637/obj/lora/8c1f646190001c1f/leak_status,2.0,
1781693176,1637,1634,1637/obj/lora/8c1f646190001c1f/gateway_snr,5.800000190734863,24e124fffef949f8
1781693176,1637,1634,1637/obj/lora/8c1f646190001c1f/frame_counter,1943.0,
1781693176,1637,1634,1637/obj/lora/8c1f646190001c1f/gateway_rssi,-106.0,24e124fffef949f8
1781693176,1637,1634,1637/obj/lora/8c1f646190001c1f/error_code,0.0,
1781693176,1637,1634,1637/obj/lora/8c1f646190001c1f/battery_recovered,3688.0,
1781693176,1637,1634,1637/obj/lora/8c1f646190001c1f/bandwidth,125000.0,
1781693176,1637,1634,1637/obj/lora/8c1f646190001c1f/battery,3624.0,
1781693176,1637,1634,1637/obj/lora/8c1f646190001c1f/spreading_factor,7.0,
1781693176,1637,1634,1637/obj/lora/8c1f646190001c1f/payload,1.0,cd000a0300002bac000000000000ccf80903f9f6b61302e4ec585856
1781693176,1637,1634,1637/obj/lora/8c1f646190001c1f/ambient_temp,23.0,
1781693176,1637,1634,1637/obj/lora/8c1f646190001c1f/,0.0,
1781693176,1637,1634,1637/obj/lora/8c1f646190001c1f/water_temp_min,24.0,
1781693176,1637,1634,1637/obj/lora/8c1f646190001c1f/total_volume,44075.0,
1781693176,1637,1634,1637/obj/lora/8c1f646190001c1f/water_temp_max,24.0,
1781693222,1637,1634,1637/obj/lora/8c1f6461900020a5/,0.0,
1781693222,1637,1634,1637/obj/lora/8c1f6461900020a5/total_volume,15397.0,
1781693222,1637,1634,1637/obj/lora/8c1f6461900020a5/spreading_factor,7.0,
1781693222,1637,1634,1637/obj/lora/8c1f6461900020a5/battery,3584.0,
1781693222,1637,1634,1637/obj/lora/8c1f6461900020a5/frame_counter,7609.0,
1781693222,1637,1634,1637/obj/lora/8c1f6461900020a5/error_code,0.0,
1781693222,1637,1634,1637/obj/lora/8c1f6461900020a5/water_temp_min,21.5,
1781693222,1637,1634,1637/obj/lora/8c1f6461900020a5/battery_recovered,3656.0,
1781693222,1637,1634,1637/obj/lora/8c1f6461900020a5/ambient_temp,23.0,
1781693222,1637,1634,1637/obj/lora/8c1f6461900020a5/bandwidth,125000.0,
1781693222,1637,1634,1637/obj/lora/8c1f6461900020a5/gateway_rssi,-100.0,24e124fffef94d5c
1781693222,1637,1634,1637/obj/lora/8c1f6461900020a5/payload,1.0,34080a030000253c00000000000059fa0903c400f30402dfe8535456
1781693222,1637,1634,1637/obj/lora/8c1f6461900020a5/leak_status,2.0,
1781693222,1637,1634,1637/obj/lora/8c1f6461900020a5/gateway_snr,8.0,24e124fffef94d5c
1781693222,1637,1634,1637/obj/lora/8c1f6461900020a5/water_temp_max,22.0,
1781693274,1637,1634,1637/obj/lora/8c1f646190001fc1/error_code,0.0,
1781693274,1637,1634,1637/obj/lora/8c1f646190001fc1/payload,1.0,a3060a030000b2c50000321f0a00ae000a037c00930a02dee65d9457
1781693274,1637,1634,1637/obj/lora/8c1f646190001fc1/battery,3576.0,
1781693274,1637,1634,1637/obj/lora/8c1f646190001fc1/spreading_factor,7.0,
1781693274,1637,1634,1637/obj/lora/8c1f646190001fc1/water_temp_min,26.5,
1781693274,1637,1634,1637/obj/lora/8c1f646190001fc1/bandwidth,125000.0,
1781693274,1637,1634,1637/obj/lora/8c1f646190001fc1/battery_recovered,3640.0,
1781693274,1637,1634,1637/obj/lora/8c1f646190001fc1/gateway_rssi,-94.0,24e124fffef94d5c
1781693274,1637,1634,1637/obj/lora/8c1f646190001fc1/leak_status,2.0,
1781693274,1637,1634,1637/obj/lora/8c1f646190001fc1/,0.0,
1781693274,1637,1634,1637/obj/lora/8c1f646190001fc1/frame_counter,6901.0,
1781693274,1637,1634,1637/obj/lora/8c1f646190001fc1/gateway_snr,9.5,24e124fffef94d5c
1781693274,1637,1634,1637/obj/lora/8c1f646190001fc1/total_volume,50610.0,
1781693274,1637,1634,1637/obj/lora/8c1f646190001fc1/water_temp_max,54.0,
1781693274,1637,1634,1637/obj/lora/8c1f646190001fc1/ambient_temp,23.5,
1781693363,1637,1634,1637/obj/lora/8c1f646190001501/water_temp_min,22.0,
1781693363,1637,1634,1637/obj/lora/8c1f646190001501/spreading_factor,7.0,
1781693363,1637,1634,1637/obj/lora/8c1f646190001501/water_temp_max,22.0,
1781693363,1637,1634,1637/obj/lora/8c1f646190001501/total_volume,21710.0,
1781693363,1637,1634,1637/obj/lora/8c1f646190001501/gateway_snr,9.5,24e124fffef949f8
1781693363,1637,1634,1637/obj/lora/8c1f646190001501/bandwidth,125000.0,
1781693363,1637,1634,1637/obj/lora/8c1f646190001501/leak_status,2.0,
1781693363,1637,1634,1637/obj/lora/8c1f646190001501/error_code,0.0,
1781693363,1637,1634,1637/obj/lora/8c1f646190001501/battery_recovered,3696.0,
1781693363,1637,1634,1637/obj/lora/8c1f646190001501/,0.0,
1781693363,1637,1634,1637/obj/lora/8c1f646190001501/battery,3672.0,
1781693363,1637,1634,1637/obj/lora/8c1f646190001501/ambient_temp,22.0,
1781693363,1637,1634,1637/obj/lora/8c1f646190001501/payload,1.0,12050f030000ce540000028e060035f70e03e303590502eaed545454
1781693363,1637,1634,1637/obj/lora/8c1f646190001501/frame_counter,3298.0,
1781693363,1637,1634,1637/obj/lora/8c1f646190001501/gateway_rssi,-100.0,24e124fffef949f8
1781693368,1637,1634,1637/obj/lora/8c1f646190001bea/bandwidth,125000.0,
1781693368,1637,1634,1637/obj/lora/8c1f646190001bea/error_code,0.0,
1781693368,1637,1634,1637/obj/lora/8c1f646190001bea/frame_counter,7696.0,
1781693368,1637,1634,1637/obj/lora/8c1f646190001bea/gateway_rssi,-104.0,24e124fffef94d5c
1781693368,1637,1634,1637/obj/lora/8c1f646190001bea/gateway_snr,4.199999809265137,24e124fffef94d5c
1781693368,1637,1634,1637/obj/lora/8c1f646190001bea/leak_status,2.0,
1781693368,1637,1634,1637/obj/lora/8c1f646190001bea/payload,1.0,7ef109030000df840000206c0c0084e309038afe4c0202e0e8555555
1781693368,1637,1634,1637/obj/lora/8c1f646190001bea/battery,3592.0,
1781693368,1637,1634,1637/obj/lora/8c1f646190001bea/battery_recovered,3656.0,
1781693368,1637,1634,1637/obj/lora/8c1f646190001bea/,0.0,
1781693368,1637,1634,1637/obj/lora/8c1f646190001bea/spreading_factor,7.0,
1781693368,1637,1634,1637/obj/lora/8c1f646190001bea/total_volume,34015.0,
1781693368,1637,1634,1637/obj/lora/8c1f646190001bea/water_temp_max,22.5,
1781693368,1637,1634,1637/obj/lora/8c1f646190001bea/ambient_temp,22.5,
1781693368,1637,1634,1637/obj/lora/8c1f646190001bea/water_temp_min,22.5,
1781693504,1637,1634,1637/obj/lora/8c1f646190001833/,0.0,
1781693504,1637,1634,1637/obj/lora/8c1f646190001833/ambient_temp,22.5,
1781693504,1637,1634,1637/obj/lora/8c1f646190001833/bandwidth,125000.0,
1781693504,1637,1634,1637/obj/lora/8c1f646190001833/battery,3592.0,
1781693504,1637,1634,1637/obj/lora/8c1f646190001833/battery_recovered,3672.0,
1781693504,1637,1634,1637/obj/lora/8c1f646190001833/error_code,0.0,
1781693504,1637,1634,1637/obj/lora/8c1f646190001833/frame_counter,5855.0,
1781693504,1637,1634,1637/obj/lora/8c1f646190001833/gateway_rssi,-104.0,24e124fffef94d5c
1781693504,1637,1634,1637/obj/lora/8c1f646190001833/gateway_snr,4.0,24e124fffef94d5c
1781693504,1637,1634,1637/obj/lora/8c1f646190001833/total_volume,11814.0,
1781693504,1637,1634,1637/obj/lora/8c1f646190001833/water_temp_max,22.0,
1781693504,1637,1634,1637/obj/lora/8c1f646190001833/water_temp_min,22.0,
1781693504,1637,1634,1637/obj/lora/8c1f646190001833/spreading_factor,7.0,
1781693504,1637,1634,1637/obj/lora/8c1f646190001833/leak_status,2.0,
1781693504,1637,1634,1637/obj/lora/8c1f646190001833/payload,1.0,bdc909030000262e000000000000b3bb09030904900102e0ea545455
1781693591,1637,1634,1637/obj/lora/24e124725d489523/temperature,20.8,
1781693591,1637,1634,1637/obj/lora/24e124725d489523/spreading_factor,7.0,
1781693591,1637,1634,1637/obj/lora/24e124725d489523/frame_counter,7531.0,
1781693591,1637,1634,1637/obj/lora/24e124725d489523/,0.0,
1781693591,1637,1634,1637/obj/lora/24e124725d489523/battery,39.0,
1781693591,1637,1634,1637/obj/lora/24e124725d489523/humidity,44.0,
1781693591,1637,1634,1637/obj/lora/24e124725d489523/gateway_snr,-5.5,24e124fffef949f8
1781693591,1637,1634,1637/obj/lora/24e124725d489523/gateway_rssi,-113.0,24e124fffef949f8
1781693591,1637,1634,1637/obj/lora/24e124725d489523/payload,85.0,0175270367d000046858
1781693591,1637,1634,1637/obj/lora/24e124725d489523/bandwidth,125000.0,
1781693672,1637,1634,1637/obj/lora/8c1f6461900021e8/,0.0,
1781693672,1637,1634,1637/obj/lora/8c1f6461900021e8/ambient_temp,23.5,
1781693672,1637,1634,1637/obj/lora/8c1f6461900021e8/frame_counter,3457.0,
1781693672,1637,1634,1637/obj/lora/8c1f6461900021e8/error_code,0.0,
1781693672,1637,1634,1637/obj/lora/8c1f6461900021e8/battery_recovered,3672.0,
1781693672,1637,1634,1637/obj/lora/8c1f6461900021e8/battery,3664.0,
1781693672,1637,1634,1637/obj/lora/8c1f6461900021e8/bandwidth,125000.0,
1781693672,1637,1634,1637/obj/lora/8c1f6461900021e8/payload,1.0,62130a03000099b600007d61070063050a0310038d0802e9ea5a5b57
1781693672,1637,1634,1637/obj/lora/8c1f6461900021e8/spreading_factor,7.0,
1781693672,1637,1634,1637/obj/lora/8c1f6461900021e8/total_volume,46745.0,
1781693672,1637,1634,1637/obj/lora/8c1f6461900021e8/water_temp_max,25.5,
1781693672,1637,1634,1637/obj/lora/8c1f6461900021e8/water_temp_min,25.0,
1781693672,1637,1634,1637/obj/lora/8c1f6461900021e8/gateway_rssi,-109.0,24e124fffef949f8
1781693672,1637,1634,1637/obj/lora/8c1f6461900021e8/gateway_snr,4.199999809265137,24e124fffef949f8
1781693672,1637,1634,1637/obj/lora/8c1f6461900021e8/leak_status,2.0,
1781693684,1637,1634,1637/obj/lora/8c1f646190001ebd/battery,3616.0,
1781693684,1637,1634,1637/obj/lora/8c1f646190001ebd/battery_recovered,3696.0,
1781693684,1637,1634,1637/obj/lora/8c1f646190001ebd/error_code,0.0,
1781693684,1637,1634,1637/obj/lora/8c1f646190001ebd/frame_counter,7928.0,
1781693684,1637,1634,1637/obj/lora/8c1f646190001ebd/gateway_rssi,-105.0,24e124fffef949f8
1781693684,1637,1634,1637/obj/lora/8c1f646190001ebd/,0.0,
1781693684,1637,1634,1637/obj/lora/8c1f646190001ebd/ambient_temp,22.5,
1781693684,1637,1634,1637/obj/lora/8c1f646190001ebd/bandwidth,125000.0,
1781693684,1637,1634,1637/obj/lora/8c1f646190001ebd/leak_status,2.0,
1781693684,1637,1634,1637/obj/lora/8c1f646190001ebd/gateway_snr,7.0,24e124fffef949f8
1781693684,1637,1634,1637/obj/lora/8c1f646190001ebd/payload,1.0,410a0a030000df6a0000000000006bfc09037901ea0c02e3ed565755
1781693684,1637,1634,1637/obj/lora/8c1f646190001ebd/spreading_factor,7.0,
1781693684,1637,1634,1637/obj/lora/8c1f646190001ebd/water_temp_min,23.0,
1781693684,1637,1634,1637/obj/lora/8c1f646190001ebd/water_temp_max,23.5,
1781693684,1637,1634,1637/obj/lora/8c1f646190001ebd/total_volume,27359.0,
1781693755,1637,1634,1637/obj/lora/8c1f6461900021c5/gateway_snr,7.0,24e124fffef949f8
1781693755,1637,1634,1637/obj/lora/8c1f6461900021c5/battery,3600.0,
1781693755,1637,1634,1637/obj/lora/8c1f6461900021c5/bandwidth,125000.0,
1781693755,1637,1634,1637/obj/lora/8c1f6461900021c5/ambient_temp,22.0,
1781693755,1637,1634,1637/obj/lora/8c1f6461900021c5/,0.0,
1781693755,1637,1634,1637/obj/lora/8c1f6461900021c5/gateway_rssi,-105.0,24e124fffef949f8
1781693755,1637,1634,1637/obj/lora/8c1f6461900021c5/frame_counter,6822.0,
1781693755,1637,1634,1637/obj/lora/8c1f6461900021c5/error_code,0.0,
1781693755,1637,1634,1637/obj/lora/8c1f6461900021c5/battery_recovered,3664.0,
1781693755,1637,1634,1637/obj/lora/8c1f6461900021c5/total_volume,12246.0,
1781693755,1637,1634,1637/obj/lora/8c1f6461900021c5/water_temp_max,22.0,
1781693755,1637,1634,1637/obj/lora/8c1f6461900021c5/water_temp_min,18.0,
1781693755,1637,1634,1637/obj/lora/8c1f6461900021c5/spreading_factor,7.0,
1781693755,1637,1634,1637/obj/lora/8c1f6461900021c5/payload,1.0,a4ff09030000d62f000000000000c7f109032de20d0202e1e94c5454
1781693755,1637,1634,1637/obj/lora/8c1f6461900021c5/leak_status,2.0,
1781693802,1637,1634,1637/obj/lora/8c1f646190001901/ambient_temp,21.5,
1781693802,1637,1634,1637/obj/lora/8c1f646190001901/,0.0,
1781693802,1637,1634,1637/obj/lora/8c1f646190001901/error_code,0.0,
1781693802,1637,1634,1637/obj/lora/8c1f646190001901/frame_counter,7671.0,
1781693802,1637,1634,1637/obj/lora/8c1f646190001901/gateway_rssi,-105.0,24e124fffef94d5c
1781693802,1637,1634,1637/obj/lora/8c1f646190001901/gateway_snr,2.5,24e124fffef94d5c
1781693802,1637,1634,1637/obj/lora/8c1f646190001901/leak_status,2.0,
1781693802,1637,1634,1637/obj/lora/8c1f646190001901/bandwidth,125000.0,
1781693802,1637,1634,1637/obj/lora/8c1f646190001901/battery,3584.0,
1781693802,1637,1634,1637/obj/lora/8c1f646190001901/battery_recovered,3680.0,
1781693802,1637,1634,1637/obj/lora/8c1f646190001901/water_temp_max,24.0,
1781693802,1637,1634,1637/obj/lora/8c1f646190001901/water_temp_min,14.5,
1781693802,1637,1634,1637/obj/lora/8c1f646190001901/spreading_factor,7.0,
1781693802,1637,1634,1637/obj/lora/8c1f646190001901/total_volume,13540.0,
1781693802,1637,1634,1637/obj/lora/8c1f646190001901/payload,1.0,62040a030000e43400000500000092f60903cc018b0302dfeb455853
1781693874,1637,1634,1637/obj/lora/8c1f646190001592/bandwidth,125000.0,
1781693874,1637,1634,1637/obj/lora/8c1f646190001592/,0.0,
1781693874,1637,1634,1637/obj/lora/8c1f646190001592/ambient_temp,25.5,
1781693874,1637,1634,1637/obj/lora/8c1f646190001592/frame_counter,3630.0,
1781693874,1637,1634,1637/obj/lora/8c1f646190001592/gateway_rssi,-104.0,24e124fffef949f8
1781693874,1637,1634,1637/obj/lora/8c1f646190001592/gateway_snr,8.0,24e124fffef949f8
1781693874,1637,1634,1637/obj/lora/8c1f646190001592/leak_status,0.0,
1781693874,1637,1634,1637/obj/lora/8c1f646190001592/payload,1.0,aae309030000b9830000d2be0b00000000000000000000e1ea7d965b
1781693874,1637,1634,1637/obj/lora/8c1f646190001592/battery,3600.0,
1781693874,1637,1634,1637/obj/lora/8c1f646190001592/battery_recovered,3672.0,
1781693874,1637,1634,1637/obj/lora/8c1f646190001592/error_code,0.0,
1781693874,1637,1634,1637/obj/lora/8c1f646190001592/water_temp_min,42.5,
1781693874,1637,1634,1637/obj/lora/8c1f646190001592/spreading_factor,7.0,
1781693874,1637,1634,1637/obj/lora/8c1f646190001592/total_volume,33721.0,
1781693874,1637,1634,1637/obj/lora/8c1f646190001592/water_temp_max,55.0,
1781693907,1637,1634,1637/obj/lora/8c1f646190001c9b/battery,3600.0,
1781693907,1637,1634,1637/obj/lora/8c1f646190001c9b/,0.0,
1781693907,1637,1634,1637/obj/lora/8c1f646190001c9b/ambient_temp,25.0,
1781693907,1637,1634,1637/obj/lora/8c1f646190001c9b/bandwidth,125000.0,
1781693907,1637,1634,1637/obj/lora/8c1f646190001c9b/gateway_rssi,-105.0,24e124fffef94d5c
1781693907,1637,1634,1637/obj/lora/8c1f646190001c9b/gateway_snr,3.200000047683716,24e124fffef94d5c
1781693907,1637,1634,1637/obj/lora/8c1f646190001c9b/leak_status,2.0,
1781693907,1637,1634,1637/obj/lora/8c1f646190001c9b/payload,1.0,aafe090300009eb6000013940e00c5f009034201d00702e1e77b7b5a
1781693907,1637,1634,1637/obj/lora/8c1f646190001c9b/spreading_factor,7.0,
1781693907,1637,1634,1637/obj/lora/8c1f646190001c9b/battery_recovered,3648.0,
1781693907,1637,1634,1637/obj/lora/8c1f646190001c9b/error_code,0.0,
1781693907,1637,1634,1637/obj/lora/8c1f646190001c9b/frame_counter,7516.0,
1781693907,1637,1634,1637/obj/lora/8c1f646190001c9b/water_temp_max,41.5,
1781693907,1637,1634,1637/obj/lora/8c1f646190001c9b/total_volume,46750.0,
1781693907,1637,1634,1637/obj/lora/8c1f646190001c9b/water_temp_min,41.5,
1781693936,1637,1634,1637/obj/lora/8c1f646190001947/total_volume,38265.0,
1781693936,1637,1634,1637/obj/lora/8c1f646190001947/spreading_factor,7.0,
1781693936,1637,1634,1637/obj/lora/8c1f646190001947/gateway_snr,4.0,24e124fffef94d5c
1781693936,1637,1634,1637/obj/lora/8c1f646190001947/gateway_rssi,-104.0,24e124fffef94d5c
1781693936,1637,1634,1637/obj/lora/8c1f646190001947/payload,1.0,1a1e0a030000799500000000000039100a034503150a02e0e8555655
1781693936,1637,1634,1637/obj/lora/8c1f646190001947/leak_status,2.0,
1781693936,1637,1634,1637/obj/lora/8c1f646190001947/frame_counter,7372.0,
1781693936,1637,1634,1637/obj/lora/8c1f646190001947/error_code,0.0,
1781693936,1637,1634,1637/obj/lora/8c1f646190001947/battery_recovered,3656.0,
1781693936,1637,1634,1637/obj/lora/8c1f646190001947/battery,3592.0,
1781693936,1637,1634,1637/obj/lora/8c1f646190001947/bandwidth,125000.0,
1781693936,1637,1634,1637/obj/lora/8c1f646190001947/ambient_temp,22.5,
1781693936,1637,1634,1637/obj/lora/8c1f646190001947/,0.0,
1781693936,1637,1634,1637/obj/lora/8c1f646190001947/water_temp_min,22.5,
1781693936,1637,1634,1637/obj/lora/8c1f646190001947/water_temp_max,23.0,
1781693963,1637,1634,1637/obj/lora/8c1f64619000177c/ambient_temp,22.0,
1781693963,1637,1634,1637/obj/lora/8c1f64619000177c/battery_recovered,3680.0,
1781693963,1637,1634,1637/obj/lora/8c1f64619000177c/error_code,0.0,
1781693963,1637,1634,1637/obj/lora/8c1f64619000177c/bandwidth,125000.0,
1781693963,1637,1634,1637/obj/lora/8c1f64619000177c/battery,3616.0,
1781693963,1637,1634,1637/obj/lora/8c1f64619000177c/gateway_snr,9.0,24e124fffef949f8
1781693963,1637,1634,1637/obj/lora/8c1f64619000177c/leak_status,0.0,
1781693963,1637,1634,1637/obj/lora/8c1f64619000177c/payload,1.0,e5e409030000bde1000000000000000000000000000000e3eb535454
1781693963,1637,1634,1637/obj/lora/8c1f64619000177c/spreading_factor,7.0,
1781693963,1637,1634,1637/obj/lora/8c1f64619000177c/total_volume,57789.0,
1781693963,1637,1634,1637/obj/lora/8c1f64619000177c/water_temp_max,22.0,
1781693963,1637,1634,1637/obj/lora/8c1f64619000177c/frame_counter,6453.0,
1781693963,1637,1634,1637/obj/lora/8c1f64619000177c/gateway_rssi,-101.0,24e124fffef949f8
1781693963,1637,1634,1637/obj/lora/8c1f64619000177c/,0.0,
1781693963,1637,1634,1637/obj/lora/8c1f64619000177c/water_temp_min,21.5,
1781693969,1637,1634,1637/obj/lora/8c1f646190001fc1/bandwidth,125000.0,
1781693969,1637,1634,1637/obj/lora/8c1f646190001fc1/battery_recovered,3640.0,
1781693969,1637,1634,1637/obj/lora/8c1f646190001fc1/error_code,0.0,
1781693969,1637,1634,1637/obj/lora/8c1f646190001fc1/frame_counter,6898.0,
1781693969,1637,1634,1637/obj/lora/8c1f646190001fc1/battery,3576.0,
1781693969,1637,1634,1637/obj/lora/8c1f646190001fc1/gateway_snr,10.800000190734863,24e124fffef94d5c
1781693969,1637,1634,1637/obj/lora/8c1f646190001fc1/leak_status,2.0,
1781693969,1637,1634,1637/obj/lora/8c1f646190001fc1/payload,1.0,93f8090300009ec50000741d0a008eea090315040b0b02dee6579256
1781693969,1637,1634,1637/obj/lora/8c1f646190001fc1/spreading_factor,7.0,
1781693969,1637,1634,1637/obj/lora/8c1f646190001fc1/total_volume,50590.0,
1781693969,1637,1634,1637/obj/lora/8c1f646190001fc1/water_temp_max,53.0,
1781693969,1637,1634,1637/obj/lora/8c1f646190001fc1/water_temp_min,23.5,
1781693969,1637,1634,1637/obj/lora/8c1f646190001fc1/gateway_rssi,-96.0,24e124fffef94d5c
1781693969,1637,1634,1637/obj/lora/8c1f646190001fc1/,0.0,
1781693969,1637,1634,1637/obj/lora/8c1f646190001fc1/ambient_temp,23.0,
1781693984,1637,1634,1637/obj/lora/8c1f646190001c1c/battery,3624.0,
1781693984,1637,1634,1637/obj/lora/8c1f646190001c1c/battery_recovered,3656.0,
1781693984,1637,1634,1637/obj/lora/8c1f646190001c1c/error_code,0.0,
1781693984,1637,1634,1637/obj/lora/8c1f646190001c1c/frame_counter,3675.0,
1781693984,1637,1634,1637/obj/lora/8c1f646190001c1c/gateway_rssi,-112.0,24e124fffef949f8
1781693984,1637,1634,1637/obj/lora/8c1f646190001c1c/gateway_snr,0.5,24e124fffef949f8
1781693984,1637,1634,1637/obj/lora/8c1f646190001c1c/leak_status,2.0,
1781693984,1637,1634,1637/obj/lora/8c1f646190001c1c/payload,1.0,f4dd0d030000389900004d0b0b000ad00d0355ff1e0702e4e8555555
1781693984,1637,1634,1637/obj/lora/8c1f646190001c1c/spreading_factor,7.0,
1781693984,1637,1634,1637/obj/lora/8c1f646190001c1c/total_volume,39224.0,
1781693984,1637,1634,1637/obj/lora/8c1f646190001c1c/water_temp_max,22.5,
1781693984,1637,1634,1637/obj/lora/8c1f646190001c1c/water_temp_min,22.5,
1781693984,1637,1634,1637/obj/lora/8c1f646190001c1c/ambient_temp,22.5,
1781693984,1637,1634,1637/obj/lora/8c1f646190001c1c/,0.0,
1781693984,1637,1634,1637/obj/lora/8c1f646190001c1c/bandwidth,125000.0,
1781694074,1637,1634,1637/obj/lora/8c1f6461900021db/,0.0,
1781694074,1637,1634,1637/obj/lora/8c1f6461900021db/battery_recovered,3664.0,
1781694074,1637,1634,1637/obj/lora/8c1f6461900021db/error_code,0.0,
1781694074,1637,1634,1637/obj/lora/8c1f6461900021db/frame_counter,7764.0,
1781694074,1637,1634,1637/obj/lora/8c1f6461900021db/leak_status,2.0,
1781694074,1637,1634,1637/obj/lora/8c1f6461900021db/payload,1.0,22dc09030000d13a0000694f05004bce09036601dd0002dee9525253
1781694074,1637,1634,1637/obj/lora/8c1f6461900021db/gateway_rssi,-105.0,24e124fffef94d5c
1781694074,1637,1634,1637/obj/lora/8c1f6461900021db/gateway_snr,2.0,24e124fffef94d5c
1781694074,1637,1634,1637/obj/lora/8c1f6461900021db/spreading_factor,7.0,
1781694074,1637,1634,1637/obj/lora/8c1f6461900021db/total_volume,15057.0,
1781694074,1637,1634,1637/obj/lora/8c1f6461900021db/water_temp_max,21.0,
1781694074,1637,1634,1637/obj/lora/8c1f6461900021db/water_temp_min,21.0,
1781694074,1637,1634,1637/obj/lora/8c1f6461900021db/battery,3576.0,
1781694074,1637,1634,1637/obj/lora/8c1f6461900021db/bandwidth,125000.0,
1781694074,1637,1634,1637/obj/lora/8c1f6461900021db/ambient_temp,21.5,
1781694195,1637,1634,1637/obj/lora/24e124725d489523/battery,39.0,
1781694195,1637,1634,1637/obj/lora/24e124725d489523/bandwidth,125000.0,
1781694195,1637,1634,1637/obj/lora/24e124725d489523/gateway_rssi,-113.0,24e124fffef949f8
1781694195,1637,1634,1637/obj/lora/24e124725d489523/gateway_snr,-1.5,24e124fffef949f8
1781694195,1637,1634,1637/obj/lora/24e124725d489523/spreading_factor,7.0,
1781694195,1637,1634,1637/obj/lora/24e124725d489523/temperature,20.8,
1781694195,1637,1634,1637/obj/lora/24e124725d489523/,0.0,
1781694195,1637,1634,1637/obj/lora/24e124725d489523/frame_counter,7532.0,
1781694195,1637,1634,1637/obj/lora/24e124725d489523/humidity,44.0,
1781694195,1637,1634,1637/obj/lora/24e124725d489523/payload,85.0,0175270367d000046858
1781694217,1637,1634,1637/obj/lora/8c1f6461900019cb/battery,3592.0,
1781694217,1637,1634,1637/obj/lora/8c1f6461900019cb/battery_recovered,3688.0,
1781694217,1637,1634,1637/obj/lora/8c1f6461900019cb/error_code,0.0,
1781694217,1637,1634,1637/obj/lora/8c1f6461900019cb/frame_counter,7822.0,
1781694217,1637,1634,1637/obj/lora/8c1f6461900019cb/gateway_rssi,-107.0,24e124fffef94d5c
1781694217,1637,1634,1637/obj/lora/8c1f6461900019cb/,0.0,
1781694217,1637,1634,1637/obj/lora/8c1f6461900019cb/ambient_temp,20.5,
1781694217,1637,1634,1637/obj/lora/8c1f6461900019cb/bandwidth,125000.0,
1781694217,1637,1634,1637/obj/lora/8c1f6461900019cb/spreading_factor,7.0,
1781694217,1637,1634,1637/obj/lora/8c1f6461900019cb/total_volume,10558.0,
1781694217,1637,1634,1637/obj/lora/8c1f6461900019cb/water_temp_max,21.0,
1781694217,1637,1634,1637/obj/lora/8c1f6461900019cb/water_temp_min,20.5,
1781694217,1637,1634,1637/obj/lora/8c1f6461900019cb/leak_status,2.0,
1781694217,1637,1634,1637/obj/lora/8c1f6461900019cb/gateway_snr,1.2000000476837158,24e124fffef94d5c
1781694217,1637,1634,1637/obj/lora/8c1f6461900019cb/payload,1.0,62e1090300003e2900000000000085d3090328fe600402e0ec515251
1781694223,1637,1634,1637/obj/lora/8c1f64619000170a/water_temp_min,23.5,
1781694223,1637,1634,1637/obj/lora/8c1f64619000170a/frame_counter,6660.0,
1781694223,1637,1634,1637/obj/lora/8c1f64619000170a/water_temp_max,23.5,
1781694223,1637,1634,1637/obj/lora/8c1f64619000170a/leak_status,2.0,
1781694223,1637,1634,1637/obj/lora/8c1f64619000170a/battery_recovered,3672.0,
1781694223,1637,1634,1637/obj/lora/8c1f64619000170a/payload,1.0,15240a030000d45c02007c27060024160a037c1b310c02e6ea575758
1781694223,1637,1634,1637/obj/lora/8c1f64619000170a/spreading_factor,7.0,
1781694223,1637,1634,1637/obj/lora/8c1f64619000170a/gateway_rssi,-103.0,24e124fffef94d5c
1781694223,1637,1634,1637/obj/lora/8c1f64619000170a/gateway_snr,2.799999952316284,24e124fffef94d5c
1781694223,1637,1634,1637/obj/lora/8c1f64619000170a/error_code,0.0,
1781694223,1637,1634,1637/obj/lora/8c1f64619000170a/bandwidth,125000.0,
1781694223,1637,1634,1637/obj/lora/8c1f64619000170a/battery,3640.0,
1781694223,1637,1634,1637/obj/lora/8c1f64619000170a/total_volume,154836.0,
1781694223,1637,1634,1637/obj/lora/8c1f64619000170a/,0.0,
1781694223,1637,1634,1637/obj/lora/8c1f64619000170a/ambient_temp,24.0,
1781694281,1637,1634,1637/obj/lora/8c1f6461900021da/water_temp_max,22.5,
1781694281,1637,1634,1637/obj/lora/8c1f6461900021da/error_code,0.0,
1781694281,1637,1634,1637/obj/lora/8c1f6461900021da/battery,3584.0,
1781694281,1637,1634,1637/obj/lora/8c1f6461900021da/battery_recovered,3664.0,
1781694281,1637,1634,1637/obj/lora/8c1f6461900021da/frame_counter,7496.0,
1781694281,1637,1634,1637/obj/lora/8c1f6461900021da/gateway_rssi,-102.0,24e124fffef94d5c
1781694281,1637,1634,1637/obj/lora/8c1f6461900021da/gateway_snr,5.800000190734863,24e124fffef94d5c
1781694281,1637,1634,1637/obj/lora/8c1f6461900021da/leak_status,2.0,
1781694281,1637,1634,1637/obj/lora/8c1f6461900021da/water_temp_min,22.5,
1781694281,1637,1634,1637/obj/lora/8c1f6461900021da/total_volume,24734.0,
1781694281,1637,1634,1637/obj/lora/8c1f6461900021da/spreading_factor,7.0,
1781694281,1637,1634,1637/obj/lora/8c1f6461900021da/payload,1.0,e5c1090300009e600000f790080016b409037008f90202dfe9555554
1781694281,1637,1634,1637/obj/lora/8c1f6461900021da/ambient_temp,22.0,
1781694281,1637,1634,1637/obj/lora/8c1f6461900021da/,0.0,
1781694281,1637,1634,1637/obj/lora/8c1f6461900021da/bandwidth,125000.0,
1781694303,1637,1634,1637/obj/lora/8c1f646190001963/,0.0,
1781694303,1637,1634,1637/obj/lora/8c1f646190001963/water_temp_min,22.0,
1781694303,1637,1634,1637/obj/lora/8c1f646190001963/water_temp_max,22.0,
1781694303,1637,1634,1637/obj/lora/8c1f646190001963/total_volume,15809.0,
1781694303,1637,1634,1637/obj/lora/8c1f646190001963/spreading_factor,7.0,
1781694303,1637,1634,1637/obj/lora/8c1f646190001963/payload,1.0,2c1c0a030000c13d000000000000230e0a03d303440702e2eb545454
1781694303,1637,1634,1637/obj/lora/8c1f646190001963/gateway_rssi,-94.0,24e124fffef94d5c
1781694303,1637,1634,1637/obj/lora/8c1f646190001963/leak_status,2.0,
1781694303,1637,1634,1637/obj/lora/8c1f646190001963/gateway_snr,11.0,24e124fffef94d5c
1781694303,1637,1634,1637/obj/lora/8c1f646190001963/bandwidth,125000.0,
1781694303,1637,1634,1637/obj/lora/8c1f646190001963/ambient_temp,22.0,
1781694303,1637,1634,1637/obj/lora/8c1f646190001963/battery,3608.0,
1781694303,1637,1634,1637/obj/lora/8c1f646190001963/frame_counter,7742.0,
1781694303,1637,1634,1637/obj/lora/8c1f646190001963/error_code,0.0,
1781694303,1637,1634,1637/obj/lora/8c1f646190001963/battery_recovered,3680.0,
1781694398,1637,1634,1637/obj/lora/8c1f646190001e41/,0.0,
1781694398,1637,1634,1637/obj/lora/8c1f646190001e41/battery,3656.0,
1781694398,1637,1634,1637/obj/lora/8c1f646190001e41/water_temp_min,44.0,
1781694398,1637,1634,1637/obj/lora/8c1f646190001e41/water_temp_max,52.0,
1781694398,1637,1634,1637/obj/lora/8c1f646190001e41/total_volume,42485.0,
1781694398,1637,1634,1637/obj/lora/8c1f646190001e41/error_code,0.0,
1781694398,1637,1634,1637/obj/lora/8c1f646190001e41/gateway_rssi,-107.0,24e124fffef949f8
1781694398,1637,1634,1637/obj/lora/8c1f646190001e41/frame_counter,3568.0,
1781694398,1637,1634,1637/obj/lora/8c1f646190001e41/payload,1.0,59120a030000f5a50000b0110f0085040a03c5ff390202e8ec80905b
1781694398,1637,1634,1637/obj/lora/8c1f646190001e41/gateway_snr,5.0,24e124fffef949f8
1781694398,1637,1634,1637/obj/lora/8c1f646190001e41/leak_status,2.0,
1781694398,1637,1634,1637/obj/lora/8c1f646190001e41/bandwidth,125000.0,
1781694398,1637,1634,1637/obj/lora/8c1f646190001e41/ambient_temp,25.5,
1781694398,1637,1634,1637/obj/lora/8c1f646190001e41/spreading_factor,7.0,
1781694398,1637,1634,1637/obj/lora/8c1f646190001e41/battery_recovered,3688.0,
1781694453,1637,1634,1637/obj/lora/8c1f646190002120/battery_recovered,3680.0,
1781694453,1637,1634,1637/obj/lora/8c1f646190002120/error_code,0.0,
1781694453,1637,1634,1637/obj/lora/8c1f646190002120/ambient_temp,22.0,
1781694453,1637,1634,1637/obj/lora/8c1f646190002120/water_temp_max,22.5,
1781694453,1637,1634,1637/obj/lora/8c1f646190002120/water_temp_min,22.0,
1781694453,1637,1634,1637/obj/lora/8c1f646190002120/spreading_factor,7.0,
1781694453,1637,1634,1637/obj/lora/8c1f646190002120/total_volume,42375.0,
1781694453,1637,1634,1637/obj/lora/8c1f646190002120/gateway_snr,8.5,24e124fffef949f8
1781694453,1637,1634,1637/obj/lora/8c1f646190002120/gateway_rssi,-102.0,24e124fffef949f8
1781694453,1637,1634,1637/obj/lora/8c1f646190002120/frame_counter,3625.0,
1781694453,1637,1634,1637/obj/lora/8c1f646190002120/leak_status,2.0,
1781694453,1637,1634,1637/obj/lora/8c1f646190002120/payload,1.0,d6fe0903000087a50000f5e70d00cbf0090379008c0002e8eb545554
1781694453,1637,1634,1637/obj/lora/8c1f646190002120/bandwidth,125000.0,
1781694453,1637,1634,1637/obj/lora/8c1f646190002120/battery,3656.0,
1781694453,1637,1634,1637/obj/lora/8c1f646190002120/,0.0,
1781694485,1637,1634,1637/obj/lora/8c1f6461900015c1/water_temp_min,12.5,
1781694485,1637,1634,1637/obj/lora/8c1f6461900015c1/water_temp_max,22.0,
1781694485,1637,1634,1637/obj/lora/8c1f6461900015c1/total_volume,19040.0,
1781694485,1637,1634,1637/obj/lora/8c1f6461900015c1/spreading_factor,7.0,
1781694485,1637,1634,1637/obj/lora/8c1f6461900015c1/,0.0,
1781694485,1637,1634,1637/obj/lora/8c1f6461900015c1/ambient_temp,22.5,
1781694485,1637,1634,1637/obj/lora/8c1f6461900015c1/battery,3592.0,
1781694485,1637,1634,1637/obj/lora/8c1f6461900015c1/payload,1.0,0ad909030000604a00000000000058ce0903b4fe8f0102e0ec415455
1781694485,1637,1634,1637/obj/lora/8c1f6461900015c1/frame_counter,7613.0,
1781694485,1637,1634,1637/obj/lora/8c1f6461900015c1/bandwidth,125000.0,
1781694485,1637,1634,1637/obj/lora/8c1f6461900015c1/battery_recovered,3688.0,
1781694485,1637,1634,1637/obj/lora/8c1f6461900015c1/error_code,0.0,
1781694485,1637,1634,1637/obj/lora/8c1f6461900015c1/gateway_rssi,-94.0,24e124fffef94d5c
1781694485,1637,1634,1637/obj/lora/8c1f6461900015c1/gateway_snr,11.199999809265137,24e124fffef94d5c
1781694485,1637,1634,1637/obj/lora/8c1f6461900015c1/leak_status,2.0,
1781694557,1637,1634,1637/obj/lora/8c1f646190001b0f/water_temp_max,51.0,
1781694557,1637,1634,1637/obj/lora/8c1f646190001b0f/spreading_factor,7.0,
1781694557,1637,1634,1637/obj/lora/8c1f646190001b0f/total_volume,35321.0,
1781694557,1637,1634,1637/obj/lora/8c1f646190001b0f/payload,1.0,4ffb09030000f989000048e40a00ddf60903ae015d0102dfe7608e57
1781694557,1637,1634,1637/obj/lora/8c1f646190001b0f/leak_status,2.0,
1781694557,1637,1634,1637/obj/lora/8c1f646190001b0f/,0.0,
1781694557,1637,1634,1637/obj/lora/8c1f646190001b0f/ambient_temp,23.5,
1781694557,1637,1634,1637/obj/lora/8c1f646190001b0f/bandwidth,125000.0,
1781694557,1637,1634,1637/obj/lora/8c1f646190001b0f/battery,3584.0,
1781694557,1637,1634,1637/obj/lora/8c1f646190001b0f/battery_recovered,3648.0,
1781694557,1637,1634,1637/obj/lora/8c1f646190001b0f/error_code,0.0,
1781694557,1637,1634,1637/obj/lora/8c1f646190001b0f/frame_counter,6530.0,
1781694557,1637,1634,1637/obj/lora/8c1f646190001b0f/gateway_rssi,-110.0,24e124fffef94d5c
1781694557,1637,1634,1637/obj/lora/8c1f646190001b0f/gateway_snr,-8.0,24e124fffef94d5c
1781694557,1637,1634,1637/obj/lora/8c1f646190001b0f/water_temp_min,28.0,
1781694583,1637,1634,1637/obj/lora/8c1f64619000228d/battery,3576.0,
1781694583,1637,1634,1637/obj/lora/8c1f64619000228d/bandwidth,125000.0,
1781694583,1637,1634,1637/obj/lora/8c1f64619000228d/gateway_rssi,-101.0,24e124fffef94d5c
1781694583,1637,1634,1637/obj/lora/8c1f64619000228d/frame_counter,6433.0,
1781694583,1637,1634,1637/obj/lora/8c1f64619000228d/ambient_temp,22.5,
1781694583,1637,1634,1637/obj/lora/8c1f64619000228d/battery_recovered,3648.0,
1781694583,1637,1634,1637/obj/lora/8c1f64619000228d/gateway_snr,6.5,24e124fffef94d5c
1781694583,1637,1634,1637/obj/lora/8c1f64619000228d/leak_status,2.0,
1781694583,1637,1634,1637/obj/lora/8c1f64619000228d/water_temp_min,22.5,
1781694583,1637,1634,1637/obj/lora/8c1f64619000228d/,0.0,
1781694583,1637,1634,1637/obj/lora/8c1f64619000228d/water_temp_max,22.5,
1781694583,1637,1634,1637/obj/lora/8c1f64619000228d/total_volume,18074.0,
1781694583,1637,1634,1637/obj/lora/8c1f64619000228d/spreading_factor,7.0,
1781694583,1637,1634,1637/obj/lora/8c1f64619000228d/payload,1.0,50cc090300009a4600000000000050be09037c032b0a02dee7555555
1781694583,1637,1634,1637/obj/lora/8c1f64619000228d/error_code,0.0,
1781694586,1637,1634,1637/obj/lora/8c1f6461900014f5/frame_counter,3582.0,
1781694586,1637,1634,1637/obj/lora/8c1f6461900014f5/battery_recovered,3664.0,
1781694586,1637,1634,1637/obj/lora/8c1f6461900014f5/error_code,0.0,
1781694586,1637,1634,1637/obj/lora/8c1f6461900014f5/ambient_temp,23.0,
1781694586,1637,1634,1637/obj/lora/8c1f6461900014f5/bandwidth,125000.0,
1781694586,1637,1634,1637/obj/lora/8c1f6461900014f5/,0.0,
1781694586,1637,1634,1637/obj/lora/8c1f6461900014f5/gateway_rssi,-103.0,24e124fffef949f8
1781694586,1637,1634,1637/obj/lora/8c1f6461900014f5/battery,3632.0,
1781694586,1637,1634,1637/obj/lora/8c1f6461900014f5/total_volume,22147.0,
1781694586,1637,1634,1637/obj/lora/8c1f6461900014f5/water_temp_max,22.5,
1781694586,1637,1634,1637/obj/lora/8c1f6461900014f5/payload,1.0,f3e10d030000835600000000000020d40d03ba009d0c02e5e9545556
1781694586,1637,1634,1637/obj/lora/8c1f6461900014f5/leak_status,2.0,
1781694586,1637,1634,1637/obj/lora/8c1f6461900014f5/gateway_snr,7.199999809265137,24e124fffef949f8
1781694586,1637,1634,1637/obj/lora/8c1f6461900014f5/spreading_factor,7.0,
1781694586,1637,1634,1637/obj/lora/8c1f6461900014f5/water_temp_min,22.0,
